session_id,attack_type,message_count,payload_size,repeat_id,sent_count,accepted_count,rejected_count,timeout_count,attack_detected,detection_reason,recovery_requested,recovery_success,recovery_reason,server_reject_reason,memory_match_after_recovery,recovery_latency_ms,recovery_extra_messages,recovery_extra_bytes,ticket_verified,ticket_nonce,ticket_expired,ticket_replay_detected,ticket_reason,elapsed_seconds,final_server_last_seq,final_server_mem,experiment_id,run_id,git_commit,python_version,os_info,random_seed,command_line,experiment_type
ticket-recovery-expired_ticket-m200-p128-r1-1783177759401694,expired_ticket,200,128,1,100,100,0,0,True,expired_ticket attack at seq=100,True,False,no ticket in response,memory_ticket invalid: ticket expired,False,0.27,2,1176,False,,False,False,no ticket in response,0.01,100,99c4644cef32a272eb4129ad656f209918fbf1077c0432a2845a904904740a78,exp-1783177759379-d57a877a,5c2af30d4158,74076e1,3.11.15,Darwin 24.6.0,2147483648,run_real_ticket_recovery_experiment.py,real_ticket_recovery
ticket-recovery-expired_ticket-m200-p128-r2-1783177759530852,expired_ticket,200,128,2,100,100,0,0,True,expired_ticket attack at seq=100,True,False,no ticket in response,memory_ticket invalid: ticket expired,False,0.23,2,1180,False,,False,False,no ticket in response,0.02,100,1b7bd8bd266fe365cdf1ecf583aa1593d1a3136c3e1dc676994b86ee382188a1,exp-1783177759379-d57a877a,5c2af30d4158,74076e1,3.11.15,Darwin 24.6.0,2147483648,run_real_ticket_recovery_experiment.py,real_ticket_recovery
ticket-recovery-expired_ticket-m200-p128-r3-1783177759651495,expired_ticket,200,128,3,100,100,0,0,True,expired_ticket attack at seq=100,True,False,no ticket in response,memory_ticket invalid: ticket expired,False,0.22,2,1178,False,,False,False,no ticket in response,0.02,100,30f8f0b8439dc85653a4fd6718fe8054ce31c4afa861b819092ad906250f28c1,exp-1783177759379-d57a877a,5c2af30d4158,74076e1,3.11.15,Darwin 24.6.0,2147483648,run_real_ticket_recovery_experiment.py,real_ticket_recovery
ticket-recovery-expired_ticket-m200-p128-r4-1783177759772086,expired_ticket,200,128,4,100,100,0,0,True,expired_ticket attack at seq=100,True,False,no ticket in response,memory_ticket invalid: ticket expired,False,0.23,2,1177,False,,False,False,no ticket in response,0.02,100,a88fbbdbad13e114d50e5b7ccd3492cff30857c8906b6b5c92d11dcce4f6a812,exp-1783177759379-d57a877a,5c2af30d4158,74076e1,3.11.15,Darwin 24.6.0,2147483648,run_real_ticket_recovery_experiment.py,real_ticket_recovery
ticket-recovery-expired_ticket-m200-p128-r5-1783177759889516,expired_ticket,200,128,5,100,100,0,0,True,expired_ticket attack at seq=100,True,False,no ticket in response,memory_ticket invalid: ticket expired,False,0.29,2,1177,False,,False,False,no ticket in response,0.01,100,e81870549f7a520acf12bfc0afc00511235305eb4ffde11114384e7a3818615d,exp-1783177759379-d57a877a,5c2af30d4158,74076e1,3.11.15,Darwin 24.6.0,2147483648,run_real_ticket_recovery_experiment.py,real_ticket_recovery
ticket-recovery-expired_ticket-m200-p128-r6-1783177760009685,expired_ticket,200,128,6,100,100,0,0,True,expired_ticket attack at seq=100,True,False,no ticket in response,memory_ticket invalid: ticket expired,False,0.22,2,1179,False,,False,False,no ticket in response,0.02,100,65e202b780e41bdcf9a001c9908e2ff7fee25565296ffcdef39380417c52bab1,exp-1783177759379-d57a877a,5c2af30d4158,74076e1,3.11.15,Darwin 24.6.0,2147483648,run_real_ticket_recovery_experiment.py,real_ticket_recovery
ticket-recovery-expired_ticket-m200-p128-r7-1783177760129950,expired_ticket,200,128,7,100,100,0,0,True,expired_ticket attack at seq=100,True,False,no ticket in response,memory_ticket invalid: ticket expired,False,0.31,2,1177,False,,False,False,no ticket in response,0.02,100,d4fa3c2bafd049cf3aa2ae49b2e222dd6c723bf18a89bc5ee9af1a002c5fa40c,exp-1783177759379-d57a877a,5c2af30d4158,74076e1,3.11.15,Darwin 24.6.0,2147483648,run_real_ticket_recovery_experiment.py,real_ticket_recovery
ticket-recovery-expired_ticket-m200-p128-r8-1783177760252336,expired_ticket,200,128,8,100,100,0,0,True,expired_ticket attack at seq=100,True,False,no ticket in response,memory_ticket invalid: ticket expired,False,0.26,2,1178,False,,False,False,no ticket in response,0.02,100,1a0ffecb4b3b1e8d1ee0b603d3813b5c88d740496c59d39cde5932f1ca5df2d3,exp-1783177759379-d57a877a,5c2af30d4158,74076e1,3.11.15,Darwin 24.6.0,2147483648,run_real_ticket_recovery_experiment.py,real_ticket_recovery
ticket-recovery-expired_ticket-m200-p128-r9-1783177760373609,expired_ticket,200,128,9,100,100,0,0,True,expired_ticket attack at seq=100,True,False,no ticket in response,memory_ticket invalid: ticket expired,False,0.28,2,1176,False,,False,False,no ticket in response,0.02,100,86d5b9298307074e70fad937cac0eae3371126d38b7ebc9424122701c6a3db3f,exp-1783177759379-d57a877a,5c2af30d4158,74076e1,3.11.15,Darwin 24.6.0,2147483648,run_real_ticket_recovery_experiment.py,real_ticket_recovery
ticket-recovery-expired_ticket-m200-p128-r10-1783177760490851,expired_ticket,200,128,10,100,100,0,0,True,expired_ticket attack at seq=100,True,False,no ticket in response,memory_ticket invalid: ticket expired,False,0.27,2,1181,False,,False,False,no ticket in response,0.02,100,623b6f03f1fb2a4a4c9986458b6fd2dcddfa43be105ca47b12f555f516016485,exp-1783177759379-d57a877a,5c2af30d4158,74076e1,3.11.15,Darwin 24.6.0,2147483648,run_real_ticket_recovery_experiment.py,real_ticket_recovery
ticket-recovery-expired_ticket-m200-p128-r11-1783177760611916,expired_ticket,200,128,11,100,100,0,0,True,expired_ticket attack at seq=100,True,False,no ticket in response,memory_ticket invalid: ticket expired,False,0.21,2,1182,False,,False,False,no ticket in response,0.02,100,d15adc85111974a217a12ca73144e9af99ebf268b248f4ae6896b3a002368258,exp-1783177759379-d57a877a,5c2af30d4158,74076e1,3.11.15,Darwin 24.6.0,2147483648,run_real_ticket_recovery_experiment.py,real_ticket_recovery
ticket-recovery-expired_ticket-m200-p128-r12-1783177760732676,expired_ticket,200,128,12,100,100,0,0,True,expired_ticket attack at seq=100,True,False,no ticket in response,memory_ticket invalid: ticket expired,False,0.32,2,1180,False,,False,False,no ticket in response,0.02,100,74087d92582edf77902731efd9687f25a8601d0f9fb723094512c25ace473824,exp-1783177759379-d57a877a,5c2af30d4158,74076e1,3.11.15,Darwin 24.6.0,2147483648,run_real_ticket_recovery_experiment.py,real_ticket_recovery
ticket-recovery-expired_ticket-m200-p128-r13-1783177760853162,expired_ticket,200,128,13,100,100,0,0,True,expired_ticket attack at seq=100,True,False,no ticket in response,memory_ticket invalid: ticket expired,False,0.3,2,1181,False,,False,False,no ticket in response,0.02,100,8c2f58c72d9d9e437dac2bc2be04ec188ee99aad1febb10c7954997e652d6e1e,exp-1783177759379-d57a877a,5c2af30d4158,74076e1,3.11.15,Darwin 24.6.0,2147483648,run_real_ticket_recovery_experiment.py,real_ticket_recovery
ticket-recovery-expired_ticket-m200-p128-r14-1783177760973044,expired_ticket,200,128,14,100,100,0,0,True,expired_ticket attack at seq=100,True,False,no ticket in response,memory_ticket invalid: ticket expired,False,0.21,2,1181,False,,False,False,no ticket in response,0.01,100,75d640b85a4759c0d65d05bd2db0aa0ed013990326a58c51c97dbce034314fc0,exp-1783177759379-d57a877a,5c2af30d4158,74076e1,3.11.15,Darwin 24.6.0,2147483648,run_real_ticket_recovery_experiment.py,real_ticket_recovery
ticket-recovery-expired_ticket-m200-p128-r15-1783177761092156,expired_ticket,200,128,15,100,100,0,0,True,expired_ticket attack at seq=100,True,False,no ticket in response,memory_ticket invalid: ticket expired,False,4.26,2,1182,False,,False,False,no ticket in response,0.03,100,d7555ac84383c85fb46bcf5881bb68828369a487af2871665647ec6d079ec7d5,exp-1783177759379-d57a877a,5c2af30d4158,74076e1,3.11.15,Darwin 24.6.0,2147483648,run_real_ticket_recovery_experiment.py,real_ticket_recovery
ticket-recovery-expired_ticket-m200-p128-r16-1783177761221613,expired_ticket,200,128,16,100,100,0,0,True,expired_ticket attack at seq=100,True,False,no ticket in response,memory_ticket invalid: ticket expired,False,0.23,2,1181,False,,False,False,no ticket in response,0.02,100,468c663b126e1505119cd49f3a61eff932fa4dc1c57ccffc9ead7a7c9fbd4627,exp-1783177759379-d57a877a,5c2af30d4158,74076e1,3.11.15,Darwin 24.6.0,2147483648,run_real_ticket_recovery_experiment.py,real_ticket_recovery
ticket-recovery-expired_ticket-m200-p128-r17-1783177761339645,expired_ticket,200,128,17,100,100,0,0,True,expired_ticket attack at seq=100,True,False,no ticket in response,memory_ticket invalid: ticket expired,False,0.2,2,1181,False,,False,False,no ticket in response,0.01,100,1bcf0581c10f59b319f38619c6ff7439150aeb7f4ef52deae17321119de849fe,exp-1783177759379-d57a877a,5c2af30d4158,74076e1,3.11.15,Darwin 24.6.0,2147483648,run_real_ticket_recovery_experiment.py,real_ticket_recovery
ticket-recovery-expired_ticket-m200-p128-r18-1783177761456519,expired_ticket,200,128,18,100,100,0,0,True,expired_ticket attack at seq=100,True,False,no ticket in response,memory_ticket invalid: ticket expired,False,0.31,2,1181,False,,False,False,no ticket in response,0.02,100,bccba5eacb339734113bebad148963333b8970bd54cc949297f307ee252f5f7b,exp-1783177759379-d57a877a,5c2af30d4158,74076e1,3.11.15,Darwin 24.6.0,2147483648,run_real_ticket_recovery_experiment.py,real_ticket_recovery
ticket-recovery-expired_ticket-m200-p128-r19-1783177761578916,expired_ticket,200,128,19,100,100,0,0,True,expired_ticket attack at seq=100,True,False,no ticket in response,memory_ticket invalid: ticket expired,False,0.2,2,1182,False,,False,False,no ticket in response,0.02,100,b17b2e3767b9ebcea86be68b0d947024a846c2573d96567a5d2529911f91a91f,exp-1783177759379-d57a877a,5c2af30d4158,74076e1,3.11.15,Darwin 24.6.0,2147483648,run_real_ticket_recovery_experiment.py,real_ticket_recovery
ticket-recovery-expired_ticket-m200-p128-r20-1783177761699838,expired_ticket,200,128,20,100,100,0,0,True,expired_ticket attack at seq=100,True,False,no ticket in response,memory_ticket invalid: ticket expired,False,0.25,2,1181,False,,False,False,no ticket in response,0.02,100,39aa25602eb5663e00197fa9f82c961bbe6433c6ab108eb48e7ddc9003638aa8,exp-1783177759379-d57a877a,5c2af30d4158,74076e1,3.11.15,Darwin 24.6.0,2147483648,run_real_ticket_recovery_experiment.py,real_ticket_recovery
ticket-recovery-expired_ticket-m200-p128-r21-1783177761822704,expired_ticket,200,128,21,100,100,0,0,True,expired_ticket attack at seq=100,True,False,no ticket in response,memory_ticket invalid: ticket expired,False,0.22,2,1181,False,,False,False,no ticket in response,0.01,100,bc590e4855ea8ec06c5cbe161c5afd4714ea2f4d463d2112dcb0d8e7c124ec7e,exp-1783177759379-d57a877a,5c2af30d4158,74076e1,3.11.15,Darwin 24.6.0,2147483648,run_real_ticket_recovery_experiment.py,real_ticket_recovery
ticket-recovery-expired_ticket-m200-p128-r22-1783177761938289,expired_ticket,200,128,22,100,100,0,0,True,expired_ticket attack at seq=100,True,False,no ticket in response,memory_ticket invalid: ticket expired,False,0.2,2,1183,False,,False,False,no ticket in response,0.02,100,815f680b7b9c1786adbae50dcc1e25c65d63c12e126f06e90b71b7e8d35382c5,exp-1783177759379-d57a877a,5c2af30d4158,74076e1,3.11.15,Darwin 24.6.0,2147483648,run_real_ticket_recovery_experiment.py,real_ticket_recovery
ticket-recovery-expired_ticket-m200-p128-r23-1783177762059892,expired_ticket,200,128,23,100,100,0,0,True,expired_ticket attack at seq=100,True,False,no ticket in response,memory_ticket invalid: ticket expired,False,0.2,2,1182,False,,False,False,no ticket in response,0.02,100,01f089897542f8b3278912d6b3aad87f5ef2796d3b981cd0750264c42ce86ad6,exp-1783177759379-d57a877a,5c2af30d4158,74076e1,3.11.15,Darwin 24.6.0,2147483648,run_real_ticket_recovery_experiment.py,real_ticket_recovery
ticket-recovery-expired_ticket-m200-p128-r24-1783177762179639,expired_ticket,200,128,24,100,100,0,0,True,expired_ticket attack at seq=100,True,False,no ticket in response,memory_ticket invalid: ticket expired,False,0.2,2,1181,False,,False,False,no ticket in response,0.02,100,a2c6e42bf65453fbcc642d53495e93d62166fdd284ca0d7028fe7b14c6e1073b,exp-1783177759379-d57a877a,5c2af30d4158,74076e1,3.11.15,Darwin 24.6.0,2147483648,run_real_ticket_recovery_experiment.py,real_ticket_recovery
ticket-recovery-expired_ticket-m200-p128-r25-1783177762300429,expired_ticket,200,128,25,100,100,0,0,True,expired_ticket attack at seq=100,True,False,no ticket in response,memory_ticket invalid: ticket expired,False,0.2,2,1180,False,,False,False,no ticket in response,0.02,100,5ff3a793a850a0f73ef157b65d9ea8c69fb5a357a1613578ad3d63ee09c84d04,exp-1783177759379-d57a877a,5c2af30d4158,74076e1,3.11.15,Darwin 24.6.0,2147483648,run_real_ticket_recovery_experiment.py,real_ticket_recovery
ticket-recovery-expired_ticket-m200-p128-r26-1783177762419692,expired_ticket,200,128,26,100,100,0,0,True,expired_ticket attack at seq=100,True,False,no ticket in response,memory_ticket invalid: ticket expired,False,0.22,2,1183,False,,False,False,no ticket in response,0.02,100,ddae151765b638b25218244c3e3b422e6267478ccfb3d6acbcf00348ce245318,exp-1783177759379-d57a877a,5c2af30d4158,74076e1,3.11.15,Darwin 24.6.0,2147483648,run_real_ticket_recovery_experiment.py,real_ticket_recovery
ticket-recovery-expired_ticket-m200-p128-r27-1783177762538296,expired_ticket,200,128,27,100,100,0,0,True,expired_ticket attack at seq=100,True,False,no ticket in response,memory_ticket invalid: ticket expired,False,0.23,2,1181,False,,False,False,no ticket in response,0.02,100,95b2146411c7f13455f471b08d63dcf9a27210c5c6bcb7f615b852e1df7272b7,exp-1783177759379-d57a877a,5c2af30d4158,74076e1,3.11.15,Darwin 24.6.0,2147483648,run_real_ticket_recovery_experiment.py,real_ticket_recovery
ticket-recovery-expired_ticket-m200-p128-r28-1783177762659297,expired_ticket,200,128,28,100,100,0,0,True,expired_ticket attack at seq=100,True,False,no ticket in response,memory_ticket invalid: ticket expired,False,0.2,2,1181,False,,False,False,no ticket in response,0.02,100,1c03aeb4b57a58a5920a57ec19f34b2a9cec9cf873e1f54a9a92efeb04d97cda,exp-1783177759379-d57a877a,5c2af30d4158,74076e1,3.11.15,Darwin 24.6.0,2147483648,run_real_ticket_recovery_experiment.py,real_ticket_recovery
ticket-recovery-expired_ticket-m200-p128-r29-1783177762778246,expired_ticket,200,128,29,100,100,0,0,True,expired_ticket attack at seq=100,True,False,no ticket in response,memory_ticket invalid: ticket expired,False,0.26,2,1182,False,,False,False,no ticket in response,0.02,100,b933ea10f05cfc69a7df58fb357576e3ef8c8a7ad6cbe50c68d8d4de6cbefb76,exp-1783177759379-d57a877a,5c2af30d4158,74076e1,3.11.15,Darwin 24.6.0,2147483648,run_real_ticket_recovery_experiment.py,real_ticket_recovery
ticket-recovery-expired_ticket-m200-p128-r30-1783177762899174,expired_ticket,200,128,30,100,100,0,0,True,expired_ticket attack at seq=100,True,False,no ticket in response,memory_ticket invalid: ticket expired,False,0.25,2,1181,False,,False,False,no ticket in response,0.02,100,9872e60e2a4ebd290c2e3942999d062b96bb02f3f0167fe951f15eef8c1651c9,exp-1783177759379-d57a877a,5c2af30d4158,74076e1,3.11.15,Darwin 24.6.0,2147483648,run_real_ticket_recovery_experiment.py,real_ticket_recovery
ticket-recovery-replayed_ticket-m200-p128-r1-1783177763019994,replayed_ticket,200,128,1,100,100,0,0,True,replayed_ticket attack at seq=100,True,False,no ticket in response,memory_ticket invalid: ticket replay detected,False,0.19,2,1189,False,,False,False,no ticket in response,0.02,100,6eb470ea4c3b24a0a958a5fd728b33f3124b7ab167d8fdb9615470ef12f164ee,exp-1783177759379-d57a877a,5c2af30d4158,74076e1,3.11.15,Darwin 24.6.0,2147483648,run_real_ticket_recovery_experiment.py,real_ticket_recovery
ticket-recovery-replayed_ticket-m200-p128-r2-1783177763141294,replayed_ticket,200,128,2,100,100,0,0,True,replayed_ticket attack at seq=100,True,False,no ticket in response,memory_ticket invalid: ticket replay detected,False,0.16,2,1191,False,,False,False,no ticket in response,0.01,100,b69c3557254a1a7c699de40f3b62fe71191083d88a4b00fb7122819da31acbf3,exp-1783177759379-d57a877a,5c2af30d4158,74076e1,3.11.15,Darwin 24.6.0,2147483648,run_real_ticket_recovery_experiment.py,real_ticket_recovery
ticket-recovery-replayed_ticket-m200-p128-r3-1783177763258667,replayed_ticket,200,128,3,100,100,0,0,True,replayed_ticket attack at seq=100,True,False,no ticket in response,memory_ticket invalid: ticket replay detected,False,0.17,2,1190,False,,False,False,no ticket in response,0.02,100,c89260f9c1af55a88442b81a26b36d585e8a636fe3d81a39b9656b114ad2fc56,exp-1783177759379-d57a877a,5c2af30d4158,74076e1,3.11.15,Darwin 24.6.0,2147483648,run_real_ticket_recovery_experiment.py,real_ticket_recovery
ticket-recovery-replayed_ticket-m200-p128-r4-1783177763375873,replayed_ticket,200,128,4,100,100,0,0,True,replayed_ticket attack at seq=100,True,False,no ticket in response,memory_ticket invalid: ticket replay detected,False,0.18,2,1190,False,,False,False,no ticket in response,0.02,100,047bb853f41f51de7684f7edbef747ac5ac4b5ce51bcb618114861da0a95559f,exp-1783177759379-d57a877a,5c2af30d4158,74076e1,3.11.15,Darwin 24.6.0,2147483648,run_real_ticket_recovery_experiment.py,real_ticket_recovery
ticket-recovery-replayed_ticket-m200-p128-r5-1783177763496651,replayed_ticket,200,128,5,100,100,0,0,True,replayed_ticket attack at seq=100,True,False,no ticket in response,memory_ticket invalid: ticket replay detected,False,0.19,2,1190,False,,False,False,no ticket in response,0.02,100,73587742ccb37856750e4bb5bbe039672ffb5b71c415214e244bcb9fe5e880e1,exp-1783177759379-d57a877a,5c2af30d4158,74076e1,3.11.15,Darwin 24.6.0,2147483648,run_real_ticket_recovery_experiment.py,real_ticket_recovery
ticket-recovery-replayed_ticket-m200-p128-r6-1783177763618318,replayed_ticket,200,128,6,100,100,0,0,True,replayed_ticket attack at seq=100,True,False,no ticket in response,memory_ticket invalid: ticket replay detected,False,0.16,2,1189,False,,False,False,no ticket in response,0.02,100,180c5511f022ee63818dce3acf6aa162109cadaeb47f65e93281fc32bc1f81f1,exp-1783177759379-d57a877a,5c2af30d4158,74076e1,3.11.15,Darwin 24.6.0,2147483648,run_real_ticket_recovery_experiment.py,real_ticket_recovery
ticket-recovery-replayed_ticket-m200-p128-r7-1783177763736440,replayed_ticket,200,128,7,100,100,0,0,True,replayed_ticket attack at seq=100,True,False,no ticket in response,memory_ticket invalid: ticket replay detected,False,0.17,2,1190,False,,False,False,no ticket in response,0.02,100,5170d7f5ecc6bc895542dc61a431741cefae1dc9f58b1e09f201bb29a793c552,exp-1783177759379-d57a877a,5c2af30d4158,74076e1,3.11.15,Darwin 24.6.0,2147483648,run_real_ticket_recovery_experiment.py,real_ticket_recovery
ticket-recovery-replayed_ticket-m200-p128-r8-1783177763856562,replayed_ticket,200,128,8,100,100,0,0,True,replayed_ticket attack at seq=100,True,False,no ticket in response,memory_ticket invalid: ticket replay detected,False,0.2,2,1187,False,,False,False,no ticket in response,0.02,100,1f21582bcf8efe9a432385314e3039559bec5a08765270ba0fe934ebafe372bf,exp-1783177759379-d57a877a,5c2af30d4158,74076e1,3.11.15,Darwin 24.6.0,2147483648,run_real_ticket_recovery_experiment.py,real_ticket_recovery
ticket-recovery-replayed_ticket-m200-p128-r9-1783177763977664,replayed_ticket,200,128,9,100,100,0,0,True,replayed_ticket attack at seq=100,True,False,no ticket in response,memory_ticket invalid: ticket replay detected,False,0.18,2,1191,False,,False,False,no ticket in response,0.02,100,66403ab616107fabf85705109c31f4ddf115fb594bd62895822cd78071409256,exp-1783177759379-d57a877a,5c2af30d4158,74076e1,3.11.15,Darwin 24.6.0,2147483648,run_real_ticket_recovery_experiment.py,real_ticket_recovery
ticket-recovery-replayed_ticket-m200-p128-r10-1783177764098358,replayed_ticket,200,128,10,100,100,0,0,True,replayed_ticket attack at seq=100,True,False,no ticket in response,memory_ticket invalid: ticket replay detected,False,0.29,2,1193,False,,False,False,no ticket in response,0.02,100,775b88dbd7435e3ffe86affe34a629fb523abfa3e6184d79c7e6dc0c19309558,exp-1783177759379-d57a877a,5c2af30d4158,74076e1,3.11.15,Darwin 24.6.0,2147483648,run_real_ticket_recovery_experiment.py,real_ticket_recovery
ticket-recovery-replayed_ticket-m200-p128-r11-1783177764219240,replayed_ticket,200,128,11,100,100,0,0,True,replayed_ticket attack at seq=100,True,False,no ticket in response,memory_ticket invalid: ticket replay detected,False,0.15,2,1191,False,,False,False,no ticket in response,0.02,100,cc9e3c6019221cd62a70a1a91c3d51b3c432e706247d8c6af6179cb43f43a861,exp-1783177759379-d57a877a,5c2af30d4158,74076e1,3.11.15,Darwin 24.6.0,2147483648,run_real_ticket_recovery_experiment.py,real_ticket_recovery
ticket-recovery-replayed_ticket-m200-p128-r12-1783177764338331,replayed_ticket,200,128,12,100,100,0,0,True,replayed_ticket attack at seq=100,True,False,no ticket in response,memory_ticket invalid: ticket replay detected,False,0.22,2,1192,False,,False,False,no ticket in response,0.02,100,0a647f6bfc6464615c2360d3e75fca2982ad4f7089649200b829abbbb1dfca97,exp-1783177759379-d57a877a,5c2af30d4158,74076e1,3.11.15,Darwin 24.6.0,2147483648,run_real_ticket_recovery_experiment.py,real_ticket_recovery
ticket-recovery-replayed_ticket-m200-p128-r13-1783177764460272,replayed_ticket,200,128,13,100,100,0,0,True,replayed_ticket attack at seq=100,True,False,no ticket in response,memory_ticket invalid: ticket replay detected,False,0.15,2,1193,False,,False,False,no ticket in response,0.02,100,9eb003266717535d786f4d5a35e8b2671c2a8d2126f6bf03cb5f8f770acb8b6b,exp-1783177759379-d57a877a,5c2af30d4158,74076e1,3.11.15,Darwin 24.6.0,2147483648,run_real_ticket_recovery_experiment.py,real_ticket_recovery
ticket-recovery-replayed_ticket-m200-p128-r14-1783177764577662,replayed_ticket,200,128,14,100,100,0,0,True,replayed_ticket attack at seq=100,True,False,no ticket in response,memory_ticket invalid: ticket replay detected,False,0.2,2,1191,False,,False,False,no ticket in response,0.02,100,da216546894ecabd993152c166546edbf60e75d6bc31eec3b7d4f2ab9a1671e4,exp-1783177759379-d57a877a,5c2af30d4158,74076e1,3.11.15,Darwin 24.6.0,2147483648,run_real_ticket_recovery_experiment.py,real_ticket_recovery
ticket-recovery-replayed_ticket-m200-p128-r15-1783177764698334,replayed_ticket,200,128,15,100,100,0,0,True,replayed_ticket attack at seq=100,True,False,no ticket in response,memory_ticket invalid: ticket replay detected,False,0.2,2,1193,False,,False,False,no ticket in response,0.02,100,f260ecaed3cb7f9fb4e1966851ff9eea27cb289610bfe93707548b69658b6db5,exp-1783177759379-d57a877a,5c2af30d4158,74076e1,3.11.15,Darwin 24.6.0,2147483648,run_real_ticket_recovery_experiment.py,real_ticket_recovery
ticket-recovery-replayed_ticket-m200-p128-r16-1783177764820657,replayed_ticket,200,128,16,100,100,0,0,True,replayed_ticket attack at seq=100,True,False,no ticket in response,memory_ticket invalid: ticket replay detected,False,0.21,2,1194,False,,False,False,no ticket in response,0.02,100,1b945e5e3bc6f7f82ac525e9d08a27423f15e3ce69ae5540520da93131a189bc,exp-1783177759379-d57a877a,5c2af30d4158,74076e1,3.11.15,Darwin 24.6.0,2147483648,run_real_ticket_recovery_experiment.py,real_ticket_recovery
ticket-recovery-replayed_ticket-m200-p128-r17-1783177764938337,replayed_ticket,200,128,17,100,100,0,0,True,replayed_ticket attack at seq=100,True,False,no ticket in response,memory_ticket invalid: ticket replay detected,False,0.23,2,1192,False,,False,False,no ticket in response,0.02,100,f69d4e6cfe4d6362b8fd8794281ecdefc9ed66a82e54cbb114a7a05fbfc5ebef,exp-1783177759379-d57a877a,5c2af30d4158,74076e1,3.11.15,Darwin 24.6.0,2147483648,run_real_ticket_recovery_experiment.py,real_ticket_recovery
ticket-recovery-replayed_ticket-m200-p128-r18-1783177765059538,replayed_ticket,200,128,18,100,100,0,0,True,replayed_ticket attack at seq=100,True,False,no ticket in response,memory_ticket invalid: ticket replay detected,False,0.18,2,1194,False,,False,False,no ticket in response,0.02,100,cc18d5fff02ebb119c0a1faaacdd199195a9222ac29c535a5c0c05cf99266fd7,exp-1783177759379-d57a877a,5c2af30d4158,74076e1,3.11.15,Darwin 24.6.0,2147483648,run_real_ticket_recovery_experiment.py,real_ticket_recovery
ticket-recovery-replayed_ticket-m200-p128-r19-1783177765179960,replayed_ticket,200,128,19,100,100,0,0,True,replayed_ticket attack at seq=100,True,False,no ticket in response,memory_ticket invalid: ticket replay detected,False,0.16,2,1192,False,,False,False,no ticket in response,0.02,100,c66b658dfd8fd0a34f176918e61f2fa19426b9361ed79663ad6ebe3c799849b4,exp-1783177759379-d57a877a,5c2af30d4158,74076e1,3.11.15,Darwin 24.6.0,2147483648,run_real_ticket_recovery_experiment.py,real_ticket_recovery
ticket-recovery-replayed_ticket-m200-p128-r20-1783177765296732,replayed_ticket,200,128,20,100,100,0,0,True,replayed_ticket attack at seq=100,True,False,no ticket in response,memory_ticket invalid: ticket replay detected,False,0.15,2,1192,False,,False,False,no ticket in response,0.02,100,bea9fcb35c045ff0a4912bfc347becf88a6348f0aec79b36919d32037aaad720,exp-1783177759379-d57a877a,5c2af30d4158,74076e1,3.11.15,Darwin 24.6.0,2147483648,run_real_ticket_recovery_experiment.py,real_ticket_recovery
ticket-recovery-replayed_ticket-m200-p128-r21-1783177765414829,replayed_ticket,200,128,21,100,100,0,0,True,replayed_ticket attack at seq=100,True,False,no ticket in response,memory_ticket invalid: ticket replay detected,False,0.24,2,1192,False,,False,False,no ticket in response,0.02,100,968a0d6c1b9b40c2b0259e07ec7a4ec52af4756c0cd15d575a2e1faa3a1193cd,exp-1783177759379-d57a877a,5c2af30d4158,74076e1,3.11.15,Darwin 24.6.0,2147483648,run_real_ticket_recovery_experiment.py,real_ticket_recovery
ticket-recovery-replayed_ticket-m200-p128-r22-1783177765535799,replayed_ticket,200,128,22,100,100,0,0,True,replayed_ticket attack at seq=100,True,False,no ticket in response,memory_ticket invalid: ticket replay detected,False,0.2,2,1194,False,,False,False,no ticket in response,0.02,100,80888a4c560171229a903f138966987e039c3915e8eda27d9d2709aeb61184cd,exp-1783177759379-d57a877a,5c2af30d4158,74076e1,3.11.15,Darwin 24.6.0,2147483648,run_real_ticket_recovery_experiment.py,real_ticket_recovery
ticket-recovery-replayed_ticket-m200-p128-r23-1783177765654811,replayed_ticket,200,128,23,100,100,0,0,True,replayed_ticket attack at seq=100,True,False,no ticket in response,memory_ticket invalid: ticket replay detected,False,0.17,2,1192,False,,False,False,no ticket in response,0.02,100,914120193a9f3cca3b365b71bb87f1418fa8c8c47c089699faef599e4578afeb,exp-1783177759379-d57a877a,5c2af30d4158,74076e1,3.11.15,Darwin 24.6.0,2147483648,run_real_ticket_recovery_experiment.py,real_ticket_recovery
ticket-recovery-replayed_ticket-m200-p128-r24-1783177765773613,replayed_ticket,200,128,24,100,100,0,0,True,replayed_ticket attack at seq=100,True,False,no ticket in response,memory_ticket invalid: ticket replay detected,False,0.27,2,1191,False,,False,False,no ticket in response,0.02,100,8fceb5c1a3b9ad0105927a5f4176e0a730bbb1755d0a612d7cc8fca6eac3650a,exp-1783177759379-d57a877a,5c2af30d4158,74076e1,3.11.15,Darwin 24.6.0,2147483648,run_real_ticket_recovery_experiment.py,real_ticket_recovery
ticket-recovery-replayed_ticket-m200-p128-r25-1783177765894326,replayed_ticket,200,128,25,100,100,0,0,True,replayed_ticket attack at seq=100,True,False,no ticket in response,memory_ticket invalid: ticket replay detected,False,0.15,2,1193,False,,False,False,no ticket in response,0.02,100,ab9a66b2089c22b9a46c9e06e2fbc076851ee9110d6584e3301c758d51433e62,exp-1783177759379-d57a877a,5c2af30d4158,74076e1,3.11.15,Darwin 24.6.0,2147483648,run_real_ticket_recovery_experiment.py,real_ticket_recovery
ticket-recovery-replayed_ticket-m200-p128-r26-1783177766012966,replayed_ticket,200,128,26,100,100,0,0,True,replayed_ticket attack at seq=100,True,False,no ticket in response,memory_ticket invalid: ticket replay detected,False,0.16,2,1189,False,,False,False,no ticket in response,0.02,100,7cb1917dfb955ad7fd230d58abba2b9fff4e458138a00151ac8e911beb5017ea,exp-1783177759379-d57a877a,5c2af30d4158,74076e1,3.11.15,Darwin 24.6.0,2147483648,run_real_ticket_recovery_experiment.py,real_ticket_recovery
ticket-recovery-replayed_ticket-m200-p128-r27-1783177766130656,replayed_ticket,200,128,27,100,100,0,0,True,replayed_ticket attack at seq=100,True,False,no ticket in response,memory_ticket invalid: ticket replay detected,False,0.24,2,1193,False,,False,False,no ticket in response,0.02,100,6722250a30893154595dc231aaa0fda13621c4107d36357c34bdf94a58d2fcfc,exp-1783177759379-d57a877a,5c2af30d4158,74076e1,3.11.15,Darwin 24.6.0,2147483648,run_real_ticket_recovery_experiment.py,real_ticket_recovery
ticket-recovery-replayed_ticket-m200-p128-r28-1783177766252133,replayed_ticket,200,128,28,100,100,0,0,True,replayed_ticket attack at seq=100,True,False,no ticket in response,memory_ticket invalid: ticket replay detected,False,0.17,2,1192,False,,False,False,no ticket in response,0.02,100,974c0ee66d1b3b84343e54d191df1379b118fab8961eb11cfa9f4f44e64deff8,exp-1783177759379-d57a877a,5c2af30d4158,74076e1,3.11.15,Darwin 24.6.0,2147483648,run_real_ticket_recovery_experiment.py,real_ticket_recovery
ticket-recovery-replayed_ticket-m200-p128-r29-1783177766371971,replayed_ticket,200,128,29,100,100,0,0,True,replayed_ticket attack at seq=100,True,False,no ticket in response,memory_ticket invalid: ticket replay detected,False,0.23,2,1193,False,,False,False,no ticket in response,0.02,100,473cdac37b5b0d1604ed013b1fa17c3d79fd8f62d26c423fca9e78127a399a18,exp-1783177759379-d57a877a,5c2af30d4158,74076e1,3.11.15,Darwin 24.6.0,2147483648,run_real_ticket_recovery_experiment.py,real_ticket_recovery
ticket-recovery-replayed_ticket-m200-p128-r30-1783177766488236,replayed_ticket,200,128,30,100,100,0,0,True,replayed_ticket attack at seq=100,True,False,no ticket in response,memory_ticket invalid: ticket replay detected,False,0.16,2,1194,False,,False,False,no ticket in response,0.02,100,7206dd13e5ea2749541d7ff6e963a4b741538babe587a8ee826834831227e34e,exp-1783177759379-d57a877a,5c2af30d4158,74076e1,3.11.15,Darwin 24.6.0,2147483648,run_real_ticket_recovery_experiment.py,real_ticket_recovery
ticket-recovery-tampered_ticket-m200-p128-r1-1783177766605181,tampered_ticket,200,128,1,100,100,0,0,True,tampered_ticket attack at seq=100,True,False,no ticket in response,memory_ticket invalid: invalid ticket auth tag,False,0.22,2,1193,False,,False,False,no ticket in response,0.02,100,141be8ee1ed1e64c79d89385ef0152f18578eb9d34270935a5e96802aed3ce53,exp-1783177759379-d57a877a,5c2af30d4158,74076e1,3.11.15,Darwin 24.6.0,2147483648,run_real_ticket_recovery_experiment.py,real_ticket_recovery
ticket-recovery-tampered_ticket-m200-p128-r2-1783177766726724,tampered_ticket,200,128,2,100,100,0,0,True,tampered_ticket attack at seq=100,True,False,no ticket in response,memory_ticket invalid: invalid ticket auth tag,False,0.2,2,1193,False,,False,False,no ticket in response,0.02,100,adb56d9cf9a696e1cac8e5fb4d545bda50618ca7667b5f4cc56fcfbcf1b53b26,exp-1783177759379-d57a877a,5c2af30d4158,74076e1,3.11.15,Darwin 24.6.0,2147483648,run_real_ticket_recovery_experiment.py,real_ticket_recovery
ticket-recovery-tampered_ticket-m200-p128-r3-1783177766846528,tampered_ticket,200,128,3,100,100,0,0,True,tampered_ticket attack at seq=100,True,False,no ticket in response,memory_ticket invalid: invalid ticket auth tag,False,0.21,2,1194,False,,False,False,no ticket in response,0.02,100,471a1646cdfe9f179d83adb9196b6d802f790b4c88d4f912a179937c75fc829f,exp-1783177759379-d57a877a,5c2af30d4158,74076e1,3.11.15,Darwin 24.6.0,2147483648,run_real_ticket_recovery_experiment.py,real_ticket_recovery
ticket-recovery-tampered_ticket-m200-p128-r4-1783177766963006,tampered_ticket,200,128,4,100,100,0,0,True,tampered_ticket attack at seq=100,True,False,no ticket in response,memory_ticket invalid: invalid ticket auth tag,False,0.19,2,1193,False,,False,False,no ticket in response,0.02,100,46b884595474595ae9cd5168dd67736f447da68c5bfed7914e2496bbd68f4756,exp-1783177759379-d57a877a,5c2af30d4158,74076e1,3.11.15,Darwin 24.6.0,2147483648,run_real_ticket_recovery_experiment.py,real_ticket_recovery
ticket-recovery-tampered_ticket-m200-p128-r5-1783177767083889,tampered_ticket,200,128,5,100,100,0,0,True,tampered_ticket attack at seq=100,True,False,no ticket in response,memory_ticket invalid: invalid ticket auth tag,False,0.23,2,1193,False,,False,False,no ticket in response,0.02,100,a337987e884bd1ee9908132f476a6622a06ac4dd60cb7ce7f94e584c39943ff5,exp-1783177759379-d57a877a,5c2af30d4158,74076e1,3.11.15,Darwin 24.6.0,2147483648,run_real_ticket_recovery_experiment.py,real_ticket_recovery
ticket-recovery-tampered_ticket-m200-p128-r6-1783177767199957,tampered_ticket,200,128,6,100,100,0,0,True,tampered_ticket attack at seq=100,True,False,no ticket in response,memory_ticket invalid: invalid ticket auth tag,False,0.23,2,1195,False,,False,False,no ticket in response,0.02,100,b49dbb94dfa777d88e3e1bbe505f7983d718303acf5fbf5cc219dbc65179ee3b,exp-1783177759379-d57a877a,5c2af30d4158,74076e1,3.11.15,Darwin 24.6.0,2147483648,run_real_ticket_recovery_experiment.py,real_ticket_recovery
ticket-recovery-tampered_ticket-m200-p128-r7-1783177767320770,tampered_ticket,200,128,7,100,100,0,0,True,tampered_ticket attack at seq=100,True,False,no ticket in response,memory_ticket invalid: invalid ticket auth tag,False,0.19,2,1193,False,,False,False,no ticket in response,0.02,100,056f80e03e28f7461db3949a3cecbd721c670743abed40d45e4093bfe7f9146f,exp-1783177759379-d57a877a,5c2af30d4158,74076e1,3.11.15,Darwin 24.6.0,2147483648,run_real_ticket_recovery_experiment.py,real_ticket_recovery
ticket-recovery-tampered_ticket-m200-p128-r8-1783177767441799,tampered_ticket,200,128,8,100,100,0,0,True,tampered_ticket attack at seq=100,True,False,no ticket in response,memory_ticket invalid: invalid ticket auth tag,False,0.19,2,1194,False,,False,False,no ticket in response,0.02,100,dc82da3bd2c729145416fddb68d9410da0bd7db73db1a1c7edac827ef51e7db0,exp-1783177759379-d57a877a,5c2af30d4158,74076e1,3.11.15,Darwin 24.6.0,2147483648,run_real_ticket_recovery_experiment.py,real_ticket_recovery
ticket-recovery-tampered_ticket-m200-p128-r9-1783177767563336,tampered_ticket,200,128,9,100,100,0,0,True,tampered_ticket attack at seq=100,True,False,no ticket in response,memory_ticket invalid: invalid ticket auth tag,False,0.21,2,1192,False,,False,False,no ticket in response,0.02,100,46aab5efdd49123527874dda2769c845fcc53991173fe648d0b1759ae2cd2437,exp-1783177759379-d57a877a,5c2af30d4158,74076e1,3.11.15,Darwin 24.6.0,2147483648,run_real_ticket_recovery_experiment.py,real_ticket_recovery
ticket-recovery-tampered_ticket-m200-p128-r10-1783177767683281,tampered_ticket,200,128,10,100,100,0,0,True,tampered_ticket attack at seq=100,True,False,no ticket in response,memory_ticket invalid: invalid ticket auth tag,False,0.3,2,1198,False,,False,False,no ticket in response,0.02,100,e1aacb8997c5a66c1a6f9db3acd194fb39b792b90a4d1322d8be6ac444d9c403,exp-1783177759379-d57a877a,5c2af30d4158,74076e1,3.11.15,Darwin 24.6.0,2147483648,run_real_ticket_recovery_experiment.py,real_ticket_recovery
ticket-recovery-tampered_ticket-m200-p128-r11-1783177767800633,tampered_ticket,200,128,11,100,100,0,0,True,tampered_ticket attack at seq=100,True,False,no ticket in response,memory_ticket invalid: invalid ticket auth tag,False,0.21,2,1198,False,,False,False,no ticket in response,0.02,100,fb16e5704d34df36da128098181b2a7ba756d0a5ed80a09dd882801685ec69a0,exp-1783177759379-d57a877a,5c2af30d4158,74076e1,3.11.15,Darwin 24.6.0,2147483648,run_real_ticket_recovery_experiment.py,real_ticket_recovery
ticket-recovery-tampered_ticket-m200-p128-r12-1783177767921671,tampered_ticket,200,128,12,100,100,0,0,True,tampered_ticket attack at seq=100,True,False,no ticket in response,memory_ticket invalid: invalid ticket auth tag,False,0.24,2,1196,False,,False,False,no ticket in response,0.02,100,aabd87311c35e410596d7e1bde739c0b155af88403f2b1de173faddb35376d98,exp-1783177759379-d57a877a,5c2af30d4158,74076e1,3.11.15,Darwin 24.6.0,2147483648,run_real_ticket_recovery_experiment.py,real_ticket_recovery
ticket-recovery-tampered_ticket-m200-p128-r13-1783177768040661,tampered_ticket,200,128,13,100,100,0,0,True,tampered_ticket attack at seq=100,True,False,no ticket in response,memory_ticket invalid: invalid ticket auth tag,False,0.3,2,1198,False,,False,False,no ticket in response,0.01,100,b0e43a4af22517cdad09202e9dbf379feddf27b1a6d3505f949de660c6baf38c,exp-1783177759379-d57a877a,5c2af30d4158,74076e1,3.11.15,Darwin 24.6.0,2147483648,run_real_ticket_recovery_experiment.py,real_ticket_recovery
ticket-recovery-tampered_ticket-m200-p128-r14-1783177768160814,tampered_ticket,200,128,14,100,100,0,0,True,tampered_ticket attack at seq=100,True,False,no ticket in response,memory_ticket invalid: invalid ticket auth tag,False,0.2,2,1196,False,,False,False,no ticket in response,0.02,100,46467df8d78a736f20c30a2c87d25be19cae3738f88112c35be60a4c41a4f527,exp-1783177759379-d57a877a,5c2af30d4158,74076e1,3.11.15,Darwin 24.6.0,2147483648,run_real_ticket_recovery_experiment.py,real_ticket_recovery
ticket-recovery-tampered_ticket-m200-p128-r15-1783177768280732,tampered_ticket,200,128,15,100,100,0,0,True,tampered_ticket attack at seq=100,True,False,no ticket in response,memory_ticket invalid: invalid ticket auth tag,False,0.24,2,1197,False,,False,False,no ticket in response,0.02,100,d9b5cf2de5e768e97c9726c91da1ec20daaa5f3534561a077949db160316340f,exp-1783177759379-d57a877a,5c2af30d4158,74076e1,3.11.15,Darwin 24.6.0,2147483648,run_real_ticket_recovery_experiment.py,real_ticket_recovery
ticket-recovery-tampered_ticket-m200-p128-r16-1783177768397997,tampered_ticket,200,128,16,100,100,0,0,True,tampered_ticket attack at seq=100,True,False,no ticket in response,memory_ticket invalid: invalid ticket auth tag,False,0.25,2,1196,False,,False,False,no ticket in response,0.02,100,f97fae60f035fa6ba876f593f4b4a05eec0aa4819804a6b2384292d33e216204,exp-1783177759379-d57a877a,5c2af30d4158,74076e1,3.11.15,Darwin 24.6.0,2147483648,run_real_ticket_recovery_experiment.py,real_ticket_recovery
ticket-recovery-tampered_ticket-m200-p128-r17-1783177768519037,tampered_ticket,200,128,17,100,100,0,0,True,tampered_ticket attack at seq=100,True,False,no ticket in response,memory_ticket invalid: invalid ticket auth tag,False,0.26,2,1196,False,,False,False,no ticket in response,0.01,100,af87060df11695ff6f8503a934fc5aa765743a7ffbc62ad6856b3e848a7ee43c,exp-1783177759379-d57a877a,5c2af30d4158,74076e1,3.11.15,Darwin 24.6.0,2147483648,run_real_ticket_recovery_experiment.py,real_ticket_recovery
ticket-recovery-tampered_ticket-m200-p128-r18-1783177768634233,tampered_ticket,200,128,18,100,100,0,0,True,tampered_ticket attack at seq=100,True,False,no ticket in response,memory_ticket invalid: invalid ticket auth tag,False,0.25,2,1197,False,,False,False,no ticket in response,0.01,100,ba41e95004fdcc8ab4c23bbc4d3ee8c8377e9036129e0169356092b64f3e5d97,exp-1783177759379-d57a877a,5c2af30d4158,74076e1,3.11.15,Darwin 24.6.0,2147483648,run_real_ticket_recovery_experiment.py,real_ticket_recovery
ticket-recovery-tampered_ticket-m200-p128-r19-1783177768752736,tampered_ticket,200,128,19,100,100,0,0,True,tampered_ticket attack at seq=100,True,False,no ticket in response,memory_ticket invalid: invalid ticket auth tag,False,0.22,2,1198,False,,False,False,no ticket in response,0.02,100,4ea81fec4668606ddce51c915393e2497de02313615043d4d44ad9e387e45c0d,exp-1783177759379-d57a877a,5c2af30d4158,74076e1,3.11.15,Darwin 24.6.0,2147483648,run_real_ticket_recovery_experiment.py,real_ticket_recovery
ticket-recovery-tampered_ticket-m200-p128-r20-1783177768871620,tampered_ticket,200,128,20,100,100,0,0,True,tampered_ticket attack at seq=100,True,False,no ticket in response,memory_ticket invalid: invalid ticket auth tag,False,0.25,2,1196,False,,False,False,no ticket in response,0.02,100,e7970ff8e2c5879f21212e8ed02d5eb33afc135943689c02a4ff7533bd4e85a1,exp-1783177759379-d57a877a,5c2af30d4158,74076e1,3.11.15,Darwin 24.6.0,2147483648,run_real_ticket_recovery_experiment.py,real_ticket_recovery
ticket-recovery-tampered_ticket-m200-p128-r21-1783177768999045,tampered_ticket,200,128,21,100,100,0,0,True,tampered_ticket attack at seq=100,True,False,no ticket in response,memory_ticket invalid: invalid ticket auth tag,False,0.32,2,1196,False,,False,False,no ticket in response,0.02,100,a7e0f1c816c27e44e0f25a4cc361ce1257e40483458b546dd1a3fec63830f3a0,exp-1783177759379-d57a877a,5c2af30d4158,74076e1,3.11.15,Darwin 24.6.0,2147483648,run_real_ticket_recovery_experiment.py,real_ticket_recovery
ticket-recovery-tampered_ticket-m200-p128-r22-1783177769120786,tampered_ticket,200,128,22,100,100,0,0,True,tampered_ticket attack at seq=100,True,False,no ticket in response,memory_ticket invalid: invalid ticket auth tag,False,0.23,2,1197,False,,False,False,no ticket in response,0.01,100,7898eaa06bc892c0fb9db0064f9a832d6f3b65ea7552ae24e96f002d80e8a927,exp-1783177759379-d57a877a,5c2af30d4158,74076e1,3.11.15,Darwin 24.6.0,2147483648,run_real_ticket_recovery_experiment.py,real_ticket_recovery
ticket-recovery-tampered_ticket-m200-p128-r23-1783177769238394,tampered_ticket,200,128,23,100,100,0,0,True,tampered_ticket attack at seq=100,True,False,no ticket in response,memory_ticket invalid: invalid ticket auth tag,False,0.22,2,1195,False,,False,False,no ticket in response,0.02,100,3b9e3abf706725cc9421429a7cca59f85c648009f797a0396bac07600454cd88,exp-1783177759379-d57a877a,5c2af30d4158,74076e1,3.11.15,Darwin 24.6.0,2147483648,run_real_ticket_recovery_experiment.py,real_ticket_recovery
ticket-recovery-tampered_ticket-m200-p128-r24-1783177769355645,tampered_ticket,200,128,24,100,100,0,0,True,tampered_ticket attack at seq=100,True,False,no ticket in response,memory_ticket invalid: invalid ticket auth tag,False,0.21,2,1199,False,,False,False,no ticket in response,0.02,100,d585976be9eb1b86a61e39df3783e2753ca0a5cc6c7361b074a4f796a98d5c5d,exp-1783177759379-d57a877a,5c2af30d4158,74076e1,3.11.15,Darwin 24.6.0,2147483648,run_real_ticket_recovery_experiment.py,real_ticket_recovery
ticket-recovery-tampered_ticket-m200-p128-r25-1783177769471744,tampered_ticket,200,128,25,100,100,0,0,True,tampered_ticket attack at seq=100,True,False,no ticket in response,memory_ticket invalid: invalid ticket auth tag,False,0.26,2,1198,False,,False,False,no ticket in response,0.02,100,b9ef91219836a6da1ac1b651330a967eb340aa9aaeebd66bfe4c6bbea9696e3b,exp-1783177759379-d57a877a,5c2af30d4158,74076e1,3.11.15,Darwin 24.6.0,2147483648,run_real_ticket_recovery_experiment.py,real_ticket_recovery
ticket-recovery-tampered_ticket-m200-p128-r26-1783177769589588,tampered_ticket,200,128,26,100,100,0,0,True,tampered_ticket attack at seq=100,True,False,no ticket in response,memory_ticket invalid: invalid ticket auth tag,False,0.65,2,1198,False,,False,False,no ticket in response,0.02,100,47c2b00c685d3985e8429a774e6850dc222e2ecac723f4a406e55fa7370f39eb,exp-1783177759379-d57a877a,5c2af30d4158,74076e1,3.11.15,Darwin 24.6.0,2147483648,run_real_ticket_recovery_experiment.py,real_ticket_recovery
ticket-recovery-tampered_ticket-m200-p128-r27-1783177769707754,tampered_ticket,200,128,27,100,100,0,0,True,tampered_ticket attack at seq=100,True,False,no ticket in response,memory_ticket invalid: invalid ticket auth tag,False,0.21,2,1197,False,,False,False,no ticket in response,0.02,100,3adc150ebf98d7a8df393ed7576d0ed205e933ae4d955bd56468589cf3b01426,exp-1783177759379-d57a877a,5c2af30d4158,74076e1,3.11.15,Darwin 24.6.0,2147483648,run_real_ticket_recovery_experiment.py,real_ticket_recovery
ticket-recovery-tampered_ticket-m200-p128-r28-1783177769829105,tampered_ticket,200,128,28,100,100,0,0,True,tampered_ticket attack at seq=100,True,False,no ticket in response,memory_ticket invalid: invalid ticket auth tag,False,0.22,2,1199,False,,False,False,no ticket in response,0.02,100,8fbb91be702b71fb31892c94df41eb0a09f7ed8728ff15a1260f11ccc4b81bbd,exp-1783177759379-d57a877a,5c2af30d4158,74076e1,3.11.15,Darwin 24.6.0,2147483648,run_real_ticket_recovery_experiment.py,real_ticket_recovery
ticket-recovery-tampered_ticket-m200-p128-r29-1783177769946867,tampered_ticket,200,128,29,100,100,0,0,True,tampered_ticket attack at seq=100,True,False,no ticket in response,memory_ticket invalid: invalid ticket auth tag,False,0.27,2,1196,False,,False,False,no ticket in response,0.02,100,4ea7a24ce0f255ecce516250f008ae6a4ee23aad1335b7336f9b8f297e9d37af,exp-1783177759379-d57a877a,5c2af30d4158,74076e1,3.11.15,Darwin 24.6.0,2147483648,run_real_ticket_recovery_experiment.py,real_ticket_recovery
ticket-recovery-tampered_ticket-m200-p128-r30-1783177770063485,tampered_ticket,200,128,30,100,100,0,0,True,tampered_ticket attack at seq=100,True,False,no ticket in response,memory_ticket invalid: invalid ticket auth tag,False,0.4,2,1197,False,,False,False,no ticket in response,0.02,100,ede620f7695d8fee809b0f9ea7a2363ba0a79f57a583b3a523f76b2d0602374a,exp-1783177759379-d57a877a,5c2af30d4158,74076e1,3.11.15,Darwin 24.6.0,2147483648,run_real_ticket_recovery_experiment.py,real_ticket_recovery
ticket-recovery-rollback_ticket-m200-p128-r1-1783177770184963,rollback_ticket,200,128,1,100,100,0,0,True,rollback_ticket attack at seq=100,True,False,no ticket in response,memory_ticket invalid: checkpoint_seq exceeds last_seq,False,0.26,2,1198,False,,False,False,no ticket in response,0.02,100,aa3dd49741eb692bce08d7d74a173fe82072d211dcafb2ff68b3d78db3af1d7c,exp-1783177759379-d57a877a,5c2af30d4158,74076e1,3.11.15,Darwin 24.6.0,2147483648,run_real_ticket_recovery_experiment.py,real_ticket_recovery
ticket-recovery-rollback_ticket-m200-p128-r2-1783177770310053,rollback_ticket,200,128,2,100,100,0,0,True,rollback_ticket attack at seq=100,True,False,no ticket in response,memory_ticket invalid: checkpoint_seq exceeds last_seq,False,0.32,2,1196,False,,False,False,no ticket in response,0.03,100,342f67378551ce078039f22ac7edc25c90173db74a077ae6db040280586019f4,exp-1783177759379-d57a877a,5c2af30d4158,74076e1,3.11.15,Darwin 24.6.0,2147483648,run_real_ticket_recovery_experiment.py,real_ticket_recovery
ticket-recovery-rollback_ticket-m200-p128-r3-1783177770443646,rollback_ticket,200,128,3,100,100,0,0,True,rollback_ticket attack at seq=100,True,False,no ticket in response,memory_ticket invalid: checkpoint_seq exceeds last_seq,False,0.22,2,1196,False,,False,False,no ticket in response,0.02,100,fc06ada624021dfac7aadb350865b956a9163fe2dde3f601965107d44607f382,exp-1783177759379-d57a877a,5c2af30d4158,74076e1,3.11.15,Darwin 24.6.0,2147483648,run_real_ticket_recovery_experiment.py,real_ticket_recovery
ticket-recovery-rollback_ticket-m200-p128-r4-1783177770564107,rollback_ticket,200,128,4,100,100,0,0,True,rollback_ticket attack at seq=100,True,False,no ticket in response,memory_ticket invalid: checkpoint_seq exceeds last_seq,False,0.22,2,1197,False,,False,False,no ticket in response,0.02,100,0cae66b3487b0c443fc70ab27aa63115b76a3ae9a5f57e8b01ae68a8e3bb58ba,exp-1783177759379-d57a877a,5c2af30d4158,74076e1,3.11.15,Darwin 24.6.0,2147483648,run_real_ticket_recovery_experiment.py,real_ticket_recovery
ticket-recovery-rollback_ticket-m200-p128-r5-1783177770683705,rollback_ticket,200,128,5,100,100,0,0,True,rollback_ticket attack at seq=100,True,False,no ticket in response,memory_ticket invalid: checkpoint_seq exceeds last_seq,False,0.22,2,1197,False,,False,False,no ticket in response,0.02,100,f05721915b4a02dbd2b929627f80af02fc844c1a16341721ec70d087d60a8bcf,exp-1783177759379-d57a877a,5c2af30d4158,74076e1,3.11.15,Darwin 24.6.0,2147483648,run_real_ticket_recovery_experiment.py,real_ticket_recovery
ticket-recovery-rollback_ticket-m200-p128-r6-1783177770800074,rollback_ticket,200,128,6,100,100,0,0,True,rollback_ticket attack at seq=100,True,False,no ticket in response,memory_ticket invalid: checkpoint_seq exceeds last_seq,False,0.22,2,1197,False,,False,False,no ticket in response,0.02,100,9c158722b7a3215ec4f492f72ecfa569b4b6076ce80672613625cc48275d7eff,exp-1783177759379-d57a877a,5c2af30d4158,74076e1,3.11.15,Darwin 24.6.0,2147483648,run_real_ticket_recovery_experiment.py,real_ticket_recovery
ticket-recovery-rollback_ticket-m200-p128-r7-1783177770921887,rollback_ticket,200,128,7,100,100,0,0,True,rollback_ticket attack at seq=100,True,False,no ticket in response,memory_ticket invalid: checkpoint_seq exceeds last_seq,False,0.91,2,1197,False,,False,False,no ticket in response,0.04,100,adc7168321650481793d3b7be486d345e1cae912d97c507abf3d6bac99005fee,exp-1783177759379-d57a877a,5c2af30d4158,74076e1,3.11.15,Darwin 24.6.0,2147483648,run_real_ticket_recovery_experiment.py,real_ticket_recovery
ticket-recovery-rollback_ticket-m200-p128-r8-1783177771066439,rollback_ticket,200,128,8,100,100,0,0,True,rollback_ticket attack at seq=100,True,False,no ticket in response,memory_ticket invalid: checkpoint_seq exceeds last_seq,False,0.32,2,1196,False,,False,False,no ticket in response,0.02,100,0c63c21c55c9f4a7f71be3304c0b3a4286fb4930b755d6096fce72440b052ab1,exp-1783177759379-d57a877a,5c2af30d4158,74076e1,3.11.15,Darwin 24.6.0,2147483648,run_real_ticket_recovery_experiment.py,real_ticket_recovery
ticket-recovery-rollback_ticket-m200-p128-r9-1783177771189194,rollback_ticket,200,128,9,100,100,0,0,True,rollback_ticket attack at seq=100,True,False,no ticket in response,memory_ticket invalid: checkpoint_seq exceeds last_seq,False,0.37,2,1197,False,,False,False,no ticket in response,0.02,100,ef9b26ab886981118777e8fc30029eb34e3454764ccab2a871889b5ee032af21,exp-1783177759379-d57a877a,5c2af30d4158,74076e1,3.11.15,Darwin 24.6.0,2147483648,run_real_ticket_recovery_experiment.py,real_ticket_recovery
ticket-recovery-rollback_ticket-m200-p128-r10-1783177771310219,rollback_ticket,200,128,10,100,100,0,0,True,rollback_ticket attack at seq=100,True,False,no ticket in response,memory_ticket invalid: checkpoint_seq exceeds last_seq,False,0.22,2,1199,False,,False,False,no ticket in response,0.01,100,7d9e3adb968c893844ab52d605daad05f62a3730708165f47f9d7bfd3d450e5d,exp-1783177759379-d57a877a,5c2af30d4158,74076e1,3.11.15,Darwin 24.6.0,2147483648,run_real_ticket_recovery_experiment.py,real_ticket_recovery
ticket-recovery-rollback_ticket-m200-p128-r11-1783177771431716,rollback_ticket,200,128,11,100,100,0,0,True,rollback_ticket attack at seq=100,True,False,no ticket in response,memory_ticket invalid: checkpoint_seq exceeds last_seq,False,1.37,2,1199,False,,False,False,no ticket in response,0.2,100,d287725a1c9ee28e370350a5fd0c21e4c407b36a627ae2589642e87810a41f91,exp-1783177759379-d57a877a,5c2af30d4158,74076e1,3.11.15,Darwin 24.6.0,2147483648,run_real_ticket_recovery_experiment.py,real_ticket_recovery
ticket-recovery-rollback_ticket-m200-p128-r12-1783177771735316,rollback_ticket,200,128,12,100,100,0,0,True,rollback_ticket attack at seq=100,True,False,no ticket in response,memory_ticket invalid: checkpoint_seq exceeds last_seq,False,0.93,2,1201,False,,False,False,no ticket in response,0.05,100,50afe3f032e044e62d778add838379f133df948b0c0c5af9826416fd649e0030,exp-1783177759379-d57a877a,5c2af30d4158,74076e1,3.11.15,Darwin 24.6.0,2147483648,run_real_ticket_recovery_experiment.py,real_ticket_recovery
ticket-recovery-rollback_ticket-m200-p128-r13-1783177771884640,rollback_ticket,200,128,13,100,100,0,0,True,rollback_ticket attack at seq=100,True,False,no ticket in response,memory_ticket invalid: checkpoint_seq exceeds last_seq,False,0.31,2,1199,False,,False,False,no ticket in response,0.03,100,4b8d5c4fcda9dfb3a64160794b7a629a58b51686f440f85f051d3d2e4c157f24,exp-1783177759379-d57a877a,5c2af30d4158,74076e1,3.11.15,Darwin 24.6.0,2147483648,run_real_ticket_recovery_experiment.py,real_ticket_recovery
ticket-recovery-rollback_ticket-m200-p128-r14-1783177772023058,rollback_ticket,200,128,14,100,100,0,0,True,rollback_ticket attack at seq=100,True,False,no ticket in response,memory_ticket invalid: checkpoint_seq exceeds last_seq,False,0.29,2,1199,False,,False,False,no ticket in response,0.02,100,b1bd21725a4db438dfce62ec2c2b676e065138b99fb587dade710e70b4fe82f3,exp-1783177759379-d57a877a,5c2af30d4158,74076e1,3.11.15,Darwin 24.6.0,2147483648,run_real_ticket_recovery_experiment.py,real_ticket_recovery
ticket-recovery-rollback_ticket-m200-p128-r15-1783177772142245,rollback_ticket,200,128,15,100,100,0,0,True,rollback_ticket attack at seq=100,True,False,no ticket in response,memory_ticket invalid: checkpoint_seq exceeds last_seq,False,0.2,2,1197,False,,False,False,no ticket in response,0.02,100,a7c6845ef751f665ecd7804b3a42a5413bd0f78718e970aa86fc69d15a38aebe,exp-1783177759379-d57a877a,5c2af30d4158,74076e1,3.11.15,Darwin 24.6.0,2147483648,run_real_ticket_recovery_experiment.py,real_ticket_recovery
ticket-recovery-rollback_ticket-m200-p128-r16-1783177772261434,rollback_ticket,200,128,16,100,100,0,0,True,rollback_ticket attack at seq=100,True,False,no ticket in response,memory_ticket invalid: checkpoint_seq exceeds last_seq,False,0.21,2,1199,False,,False,False,no ticket in response,0.02,100,8cdfb50c3e3976ded28868decba052b37b9ccf4427c075644de454945a14c82c,exp-1783177759379-d57a877a,5c2af30d4158,74076e1,3.11.15,Darwin 24.6.0,2147483648,run_real_ticket_recovery_experiment.py,real_ticket_recovery
ticket-recovery-rollback_ticket-m200-p128-r17-1783177772378383,rollback_ticket,200,128,17,100,100,0,0,True,rollback_ticket attack at seq=100,True,False,no ticket in response,memory_ticket invalid: checkpoint_seq exceeds last_seq,False,0.27,2,1198,False,,False,False,no ticket in response,0.02,100,56c0e2b137fc1b84721adfc78c8fa2798c66bf066e68d50309fa05c6a72caf19,exp-1783177759379-d57a877a,5c2af30d4158,74076e1,3.11.15,Darwin 24.6.0,2147483648,run_real_ticket_recovery_experiment.py,real_ticket_recovery
ticket-recovery-rollback_ticket-m200-p128-r18-1783177772499878,rollback_ticket,200,128,18,100,100,0,0,True,rollback_ticket attack at seq=100,True,False,no ticket in response,memory_ticket invalid: checkpoint_seq exceeds last_seq,False,0.19,2,1199,False,,False,False,no ticket in response,0.01,100,d188a7ee99c5a5d869fc19d8fc020ae8b12b30926c86639b04d00eccf9a3afd7,exp-1783177759379-d57a877a,5c2af30d4158,74076e1,3.11.15,Darwin 24.6.0,2147483648,run_real_ticket_recovery_experiment.py,real_ticket_recovery
ticket-recovery-rollback_ticket-m200-p128-r19-1783177772615184,rollback_ticket,200,128,19,100,100,0,0,True,rollback_ticket attack at seq=100,True,False,no ticket in response,memory_ticket invalid: checkpoint_seq exceeds last_seq,False,0.18,2,1199,False,,False,False,no ticket in response,0.01,100,1b7d67d28bf563935d1293e18b19dca64e58d5005a422abc2f8818fdbe28e4a1,exp-1783177759379-d57a877a,5c2af30d4158,74076e1,3.11.15,Darwin 24.6.0,2147483648,run_real_ticket_recovery_experiment.py,real_ticket_recovery
ticket-recovery-rollback_ticket-m200-p128-r20-1783177772733487,rollback_ticket,200,128,20,100,100,0,0,True,rollback_ticket attack at seq=100,True,False,no ticket in response,memory_ticket invalid: checkpoint_seq exceeds last_seq,False,0.21,2,1200,False,,False,False,no ticket in response,0.02,100,ede420440c04cc6caef5ac6077427ef1448d535944ccc716447adabdf18ce8d1,exp-1783177759379-d57a877a,5c2af30d4158,74076e1,3.11.15,Darwin 24.6.0,2147483648,run_real_ticket_recovery_experiment.py,real_ticket_recovery
ticket-recovery-rollback_ticket-m200-p128-r21-1783177772854962,rollback_ticket,200,128,21,100,100,0,0,True,rollback_ticket attack at seq=100,True,False,no ticket in response,memory_ticket invalid: checkpoint_seq exceeds last_seq,False,0.25,2,1200,False,,False,False,no ticket in response,0.02,100,b38c6985374c06d60ddd0417e14d533212b14780b0dd4591324d74483b435096,exp-1783177759379-d57a877a,5c2af30d4158,74076e1,3.11.15,Darwin 24.6.0,2147483648,run_real_ticket_recovery_experiment.py,real_ticket_recovery
ticket-recovery-rollback_ticket-m200-p128-r22-1783177772976720,rollback_ticket,200,128,22,100,100,0,0,True,rollback_ticket attack at seq=100,True,False,no ticket in response,memory_ticket invalid: checkpoint_seq exceeds last_seq,False,0.32,2,1201,False,,False,False,no ticket in response,0.02,100,b844bb7ddd151eccf4ae7a3facbd242e19de1ef93291c75f636fcb3eef400e9d,exp-1783177759379-d57a877a,5c2af30d4158,74076e1,3.11.15,Darwin 24.6.0,2147483648,run_real_ticket_recovery_experiment.py,real_ticket_recovery
ticket-recovery-rollback_ticket-m200-p128-r23-1783177773094946,rollback_ticket,200,128,23,100,100,0,0,True,rollback_ticket attack at seq=100,True,False,no ticket in response,memory_ticket invalid: checkpoint_seq exceeds last_seq,False,0.18,2,1200,False,,False,False,no ticket in response,0.02,100,b637d0b2ee7000ad9d4b063468b3aabb4ee3d2d4d9453549c5a6243362394a49,exp-1783177759379-d57a877a,5c2af30d4158,74076e1,3.11.15,Darwin 24.6.0,2147483648,run_real_ticket_recovery_experiment.py,real_ticket_recovery
ticket-recovery-rollback_ticket-m200-p128-r24-1783177773216622,rollback_ticket,200,128,24,100,100,0,0,True,rollback_ticket attack at seq=100,True,False,no ticket in response,memory_ticket invalid: checkpoint_seq exceeds last_seq,False,0.24,2,1200,False,,False,False,no ticket in response,0.02,100,0188636b1dcb29192cc7a7c0da52c41cd355d9a362585d515872ad900d41e42c,exp-1783177759379-d57a877a,5c2af30d4158,74076e1,3.11.15,Darwin 24.6.0,2147483648,run_real_ticket_recovery_experiment.py,real_ticket_recovery
ticket-recovery-rollback_ticket-m200-p128-r25-1783177773338109,rollback_ticket,200,128,25,100,100,0,0,True,rollback_ticket attack at seq=100,True,False,no ticket in response,memory_ticket invalid: checkpoint_seq exceeds last_seq,False,0.22,2,1201,False,,False,False,no ticket in response,0.01,100,7a107d1998d55fc1d49edcf2dac4379fc7db17a36ebbc71fd79a287e1ea449b9,exp-1783177759379-d57a877a,5c2af30d4158,74076e1,3.11.15,Darwin 24.6.0,2147483648,run_real_ticket_recovery_experiment.py,real_ticket_recovery
ticket-recovery-rollback_ticket-m200-p128-r26-1783177773455101,rollback_ticket,200,128,26,100,100,0,0,True,rollback_ticket attack at seq=100,True,False,no ticket in response,memory_ticket invalid: checkpoint_seq exceeds last_seq,False,0.2,2,1201,False,,False,False,no ticket in response,0.02,100,25d468f4ee6a7bd61de86805c7524a30afc7b75b9262470efe881e6b82b62cf0,exp-1783177759379-d57a877a,5c2af30d4158,74076e1,3.11.15,Darwin 24.6.0,2147483648,run_real_ticket_recovery_experiment.py,real_ticket_recovery
ticket-recovery-rollback_ticket-m200-p128-r27-1783177773573371,rollback_ticket,200,128,27,100,100,0,0,True,rollback_ticket attack at seq=100,True,False,no ticket in response,memory_ticket invalid: checkpoint_seq exceeds last_seq,False,0.27,2,1200,False,,False,False,no ticket in response,0.02,100,37383bff293562d6ce7d33d6854bee6436750b6e54ec419ccc64aa5fb6a1520b,exp-1783177759379-d57a877a,5c2af30d4158,74076e1,3.11.15,Darwin 24.6.0,2147483648,run_real_ticket_recovery_experiment.py,real_ticket_recovery
ticket-recovery-rollback_ticket-m200-p128-r28-1783177773691597,rollback_ticket,200,128,28,100,100,0,0,True,rollback_ticket attack at seq=100,True,False,no ticket in response,memory_ticket invalid: checkpoint_seq exceeds last_seq,False,0.2,2,1199,False,,False,False,no ticket in response,0.02,100,fa3622f75dca3423a0e88af0dece71304c768d55ad616f5abc9c57d9b02d60e7,exp-1783177759379-d57a877a,5c2af30d4158,74076e1,3.11.15,Darwin 24.6.0,2147483648,run_real_ticket_recovery_experiment.py,real_ticket_recovery
ticket-recovery-rollback_ticket-m200-p128-r29-1783177773812101,rollback_ticket,200,128,29,100,100,0,0,True,rollback_ticket attack at seq=100,True,False,no ticket in response,memory_ticket invalid: checkpoint_seq exceeds last_seq,False,0.26,2,1200,False,,False,False,no ticket in response,0.02,100,74fa8b74a0d87e9c2e0564e92d1bfc0c85b119825ed8699d8a315a59487447c2,exp-1783177759379-d57a877a,5c2af30d4158,74076e1,3.11.15,Darwin 24.6.0,2147483648,run_real_ticket_recovery_experiment.py,real_ticket_recovery
ticket-recovery-rollback_ticket-m200-p128-r30-1783177773932603,rollback_ticket,200,128,30,100,100,0,0,True,rollback_ticket attack at seq=100,True,False,no ticket in response,memory_ticket invalid: checkpoint_seq exceeds last_seq,False,0.24,2,1201,False,,False,False,no ticket in response,0.01,100,c29d18c97b5076ca7ceea8d0023194bcba311e593056c31468b2508f50078848,exp-1783177759379-d57a877a,5c2af30d4158,74076e1,3.11.15,Darwin 24.6.0,2147483648,run_real_ticket_recovery_experiment.py,real_ticket_recovery
ticket-recovery-wrong_session_ticket-m200-p128-r1-1783177774052404,wrong_session_ticket,200,128,1,100,100,0,0,True,wrong_session_ticket attack at seq=100,True,False,no ticket in response,memory_ticket invalid: session_id mismatch,False,0.24,2,1156,False,,False,False,no ticket in response,0.02,100,abaacde7b56e1b7474d7300a218d78a0ec520424a614ea790810f2ca3f74aa46,exp-1783177759379-d57a877a,5c2af30d4158,74076e1,3.11.15,Darwin 24.6.0,2147483648,run_real_ticket_recovery_experiment.py,real_ticket_recovery
ticket-recovery-wrong_session_ticket-m200-p128-r2-1783177774171769,wrong_session_ticket,200,128,2,100,100,0,0,True,wrong_session_ticket attack at seq=100,True,False,no ticket in response,memory_ticket invalid: session_id mismatch,False,0.29,2,1155,False,,False,False,no ticket in response,0.02,100,070966155e8e1991f6e211cde2ca5bbc824e3742c714d3ee000b95ae654a14c2,exp-1783177759379-d57a877a,5c2af30d4158,74076e1,3.11.15,Darwin 24.6.0,2147483648,run_real_ticket_recovery_experiment.py,real_ticket_recovery
ticket-recovery-wrong_session_ticket-m200-p128-r3-1783177774291569,wrong_session_ticket,200,128,3,100,100,0,0,True,wrong_session_ticket attack at seq=100,True,False,no ticket in response,memory_ticket invalid: session_id mismatch,False,0.24,2,1156,False,,False,False,no ticket in response,0.02,100,ac560abf6df7f784e92484d56ae3771489293d574a03ae3058944ec3e31dc8b3,exp-1783177759379-d57a877a,5c2af30d4158,74076e1,3.11.15,Darwin 24.6.0,2147483648,run_real_ticket_recovery_experiment.py,real_ticket_recovery
ticket-recovery-wrong_session_ticket-m200-p128-r4-1783177774412181,wrong_session_ticket,200,128,4,100,100,0,0,True,wrong_session_ticket attack at seq=100,True,False,no ticket in response,memory_ticket invalid: session_id mismatch,False,0.22,2,1157,False,,False,False,no ticket in response,0.02,100,cf5a3ffedd5f73900581b1c9447ddf3cae95ca8ed82b12bdd5923eab320c484b,exp-1783177759379-d57a877a,5c2af30d4158,74076e1,3.11.15,Darwin 24.6.0,2147483648,run_real_ticket_recovery_experiment.py,real_ticket_recovery
ticket-recovery-wrong_session_ticket-m200-p128-r5-1783177774530106,wrong_session_ticket,200,128,5,100,100,0,0,True,wrong_session_ticket attack at seq=100,True,False,no ticket in response,memory_ticket invalid: session_id mismatch,False,0.26,2,1156,False,,False,False,no ticket in response,0.02,100,412afe4a324c8c37fd9e59f3651f9726e2f29705706a2a9fa12d289db98a26c5,exp-1783177759379-d57a877a,5c2af30d4158,74076e1,3.11.15,Darwin 24.6.0,2147483648,run_real_ticket_recovery_experiment.py,real_ticket_recovery
ticket-recovery-wrong_session_ticket-m200-p128-r6-1783177774646736,wrong_session_ticket,200,128,6,100,100,0,0,True,wrong_session_ticket attack at seq=100,True,False,no ticket in response,memory_ticket invalid: session_id mismatch,False,0.2,2,1158,False,,False,False,no ticket in response,0.02,100,2f55a4abeaac449ae2b4cf7fe28c4840bd13c9c873ca399915750f9effa9a2d8,exp-1783177759379-d57a877a,5c2af30d4158,74076e1,3.11.15,Darwin 24.6.0,2147483648,run_real_ticket_recovery_experiment.py,real_ticket_recovery
ticket-recovery-wrong_session_ticket-m200-p128-r7-1783177774764300,wrong_session_ticket,200,128,7,100,100,0,0,True,wrong_session_ticket attack at seq=100,True,False,no ticket in response,memory_ticket invalid: session_id mismatch,False,0.21,2,1156,False,,False,False,no ticket in response,0.01,100,5c6b7d9878b569c0cae8169fb57ef81d2a458e5e7286fad27849694b365658cc,exp-1783177759379-d57a877a,5c2af30d4158,74076e1,3.11.15,Darwin 24.6.0,2147483648,run_real_ticket_recovery_experiment.py,real_ticket_recovery
ticket-recovery-wrong_session_ticket-m200-p128-r8-1783177774880054,wrong_session_ticket,200,128,8,100,100,0,0,True,wrong_session_ticket attack at seq=100,True,False,no ticket in response,memory_ticket invalid: session_id mismatch,False,0.22,2,1154,False,,False,False,no ticket in response,0.01,100,296a72b4c63bb297fbe4e9a3b1acbf2b79ad591dc26d26d0091631a149580657,exp-1783177759379-d57a877a,5c2af30d4158,74076e1,3.11.15,Darwin 24.6.0,2147483648,run_real_ticket_recovery_experiment.py,real_ticket_recovery
ticket-recovery-wrong_session_ticket-m200-p128-r9-1783177774999985,wrong_session_ticket,200,128,9,100,100,0,0,True,wrong_session_ticket attack at seq=100,True,False,no ticket in response,memory_ticket invalid: session_id mismatch,False,0.22,2,1155,False,,False,False,no ticket in response,0.02,100,96b0325e7f0fa65e315009ccea3f1e023b85227b4e76ae73857fa0f6ea7cc890,exp-1783177759379-d57a877a,5c2af30d4158,74076e1,3.11.15,Darwin 24.6.0,2147483648,run_real_ticket_recovery_experiment.py,real_ticket_recovery
ticket-recovery-wrong_session_ticket-m200-p128-r10-1783177775121946,wrong_session_ticket,200,128,10,100,100,0,0,True,wrong_session_ticket attack at seq=100,True,False,no ticket in response,memory_ticket invalid: session_id mismatch,False,0.3,2,1160,False,,False,False,no ticket in response,0.02,100,6a8a770505e391f197dd7142c2e73aee3eaed21c89b21d9fa881d183fa0dccac,exp-1783177759379-d57a877a,5c2af30d4158,74076e1,3.11.15,Darwin 24.6.0,2147483648,run_real_ticket_recovery_experiment.py,real_ticket_recovery
ticket-recovery-wrong_session_ticket-m200-p128-r11-1783177775240764,wrong_session_ticket,200,128,11,100,100,0,0,True,wrong_session_ticket attack at seq=100,True,False,no ticket in response,memory_ticket invalid: session_id mismatch,False,0.21,2,1160,False,,False,False,no ticket in response,0.02,100,222cc5b07cd8f3bf8cf9d84a72a28ba7271ca996e2207a71f9fce9c05b1f8e28,exp-1783177759379-d57a877a,5c2af30d4158,74076e1,3.11.15,Darwin 24.6.0,2147483648,run_real_ticket_recovery_experiment.py,real_ticket_recovery
ticket-recovery-wrong_session_ticket-m200-p128-r12-1783177775362202,wrong_session_ticket,200,128,12,100,100,0,0,True,wrong_session_ticket attack at seq=100,True,False,no ticket in response,memory_ticket invalid: session_id mismatch,False,0.18,2,1158,False,,False,False,no ticket in response,0.02,100,aa7d44f1a7fb5959249d3cbf11cde1814629c6581fbabbadf71faff881b80282,exp-1783177759379-d57a877a,5c2af30d4158,74076e1,3.11.15,Darwin 24.6.0,2147483648,run_real_ticket_recovery_experiment.py,real_ticket_recovery
ticket-recovery-wrong_session_ticket-m200-p128-r13-1783177775480079,wrong_session_ticket,200,128,13,100,100,0,0,True,wrong_session_ticket attack at seq=100,True,False,no ticket in response,memory_ticket invalid: session_id mismatch,False,0.25,2,1160,False,,False,False,no ticket in response,0.02,100,e2a9ca802c40fe042fe5a971039b6a1299a3f09133c5083bdf0e67729afc9024,exp-1783177759379-d57a877a,5c2af30d4158,74076e1,3.11.15,Darwin 24.6.0,2147483648,run_real_ticket_recovery_experiment.py,real_ticket_recovery
ticket-recovery-wrong_session_ticket-m200-p128-r14-1783177775602035,wrong_session_ticket,200,128,14,100,100,0,0,True,wrong_session_ticket attack at seq=100,True,False,no ticket in response,memory_ticket invalid: session_id mismatch,False,0.19,2,1159,False,,False,False,no ticket in response,0.02,100,dc4c32d2b0071264437bce8dabb9a4182dea4a83b54604a107588bbc47206035,exp-1783177759379-d57a877a,5c2af30d4158,74076e1,3.11.15,Darwin 24.6.0,2147483648,run_real_ticket_recovery_experiment.py,real_ticket_recovery
ticket-recovery-wrong_session_ticket-m200-p128-r15-1783177775723632,wrong_session_ticket,200,128,15,100,100,0,0,True,wrong_session_ticket attack at seq=100,True,False,no ticket in response,memory_ticket invalid: session_id mismatch,False,0.23,2,1158,False,,False,False,no ticket in response,0.02,100,61c6ce6ce4088f2db8bab05cd1376d2277d126d62ff0d49c38b940f410064db9,exp-1783177759379-d57a877a,5c2af30d4158,74076e1,3.11.15,Darwin 24.6.0,2147483648,run_real_ticket_recovery_experiment.py,real_ticket_recovery
ticket-recovery-wrong_session_ticket-m200-p128-r16-1783177775841636,wrong_session_ticket,200,128,16,100,100,0,0,True,wrong_session_ticket attack at seq=100,True,False,no ticket in response,memory_ticket invalid: session_id mismatch,False,0.23,2,1158,False,,False,False,no ticket in response,0.02,100,e8e01caa2c4f7a830a4609b55d3b5696bbaf4882ef2ee7e363ac71eb96621913,exp-1783177759379-d57a877a,5c2af30d4158,74076e1,3.11.15,Darwin 24.6.0,2147483648,run_real_ticket_recovery_experiment.py,real_ticket_recovery
ticket-recovery-wrong_session_ticket-m200-p128-r17-1783177775963465,wrong_session_ticket,200,128,17,100,100,0,0,True,wrong_session_ticket attack at seq=100,True,False,no ticket in response,memory_ticket invalid: session_id mismatch,False,0.2,2,1160,False,,False,False,no ticket in response,0.02,100,88852be40f3f9caa45bec0e098748bbcc88d22449bfd1105617a3cdfe9a42e29,exp-1783177759379-d57a877a,5c2af30d4158,74076e1,3.11.15,Darwin 24.6.0,2147483648,run_real_ticket_recovery_experiment.py,real_ticket_recovery
ticket-recovery-wrong_session_ticket-m200-p128-r18-1783177776082392,wrong_session_ticket,200,128,18,100,100,0,0,True,wrong_session_ticket attack at seq=100,True,False,no ticket in response,memory_ticket invalid: session_id mismatch,False,0.26,2,1160,False,,False,False,no ticket in response,0.02,100,d56775199b5f64f5bcbe3038ddb7bcf8ced49a4e79b185800a7f94edf782e4c5,exp-1783177759379-d57a877a,5c2af30d4158,74076e1,3.11.15,Darwin 24.6.0,2147483648,run_real_ticket_recovery_experiment.py,real_ticket_recovery
ticket-recovery-wrong_session_ticket-m200-p128-r19-1783177776200971,wrong_session_ticket,200,128,19,100,100,0,0,True,wrong_session_ticket attack at seq=100,True,False,no ticket in response,memory_ticket invalid: session_id mismatch,False,0.26,2,1159,False,,False,False,no ticket in response,0.02,100,ebebbfd50d47a50adf873fcaaea7245f00add6f793c136c3d3b2ffbf67c2523a,exp-1783177759379-d57a877a,5c2af30d4158,74076e1,3.11.15,Darwin 24.6.0,2147483648,run_real_ticket_recovery_experiment.py,real_ticket_recovery
ticket-recovery-wrong_session_ticket-m200-p128-r20-1783177776323943,wrong_session_ticket,200,128,20,100,100,0,0,True,wrong_session_ticket attack at seq=100,True,False,no ticket in response,memory_ticket invalid: session_id mismatch,False,0.21,2,1159,False,,False,False,no ticket in response,0.02,100,7f74a41898dcf24b3760986b090be2a3ea5a87c9488c3e33b5a83dc82c075c54,exp-1783177759379-d57a877a,5c2af30d4158,74076e1,3.11.15,Darwin 24.6.0,2147483648,run_real_ticket_recovery_experiment.py,real_ticket_recovery
ticket-recovery-wrong_session_ticket-m200-p128-r21-1783177776443344,wrong_session_ticket,200,128,21,100,100,0,0,True,wrong_session_ticket attack at seq=100,True,False,no ticket in response,memory_ticket invalid: session_id mismatch,False,0.24,2,1159,False,,False,False,no ticket in response,0.02,100,37e7b4543b883a4c125524211779198f7f965d761fff05a9a214dbd6b24c92ea,exp-1783177759379-d57a877a,5c2af30d4158,74076e1,3.11.15,Darwin 24.6.0,2147483648,run_real_ticket_recovery_experiment.py,real_ticket_recovery
ticket-recovery-wrong_session_ticket-m200-p128-r22-1783177776566022,wrong_session_ticket,200,128,22,100,100,0,0,True,wrong_session_ticket attack at seq=100,True,False,no ticket in response,memory_ticket invalid: session_id mismatch,False,0.2,2,1158,False,,False,False,no ticket in response,0.02,100,2b1d4be69b5c35e81c51d0c7f77dc468388bb952138e5446680920ba1e1de141,exp-1783177759379-d57a877a,5c2af30d4158,74076e1,3.11.15,Darwin 24.6.0,2147483648,run_real_ticket_recovery_experiment.py,real_ticket_recovery
ticket-recovery-wrong_session_ticket-m200-p128-r23-1783177776686777,wrong_session_ticket,200,128,23,100,100,0,0,True,wrong_session_ticket attack at seq=100,True,False,no ticket in response,memory_ticket invalid: session_id mismatch,False,0.22,2,1159,False,,False,False,no ticket in response,0.02,100,c3fb04fd58653c2dac55c9109c03cee74a4bf9009411e1dbb4a65b901ac4a09c,exp-1783177759379-d57a877a,5c2af30d4158,74076e1,3.11.15,Darwin 24.6.0,2147483648,run_real_ticket_recovery_experiment.py,real_ticket_recovery
ticket-recovery-wrong_session_ticket-m200-p128-r24-1783177776805077,wrong_session_ticket,200,128,24,100,100,0,0,True,wrong_session_ticket attack at seq=100,True,False,no ticket in response,memory_ticket invalid: session_id mismatch,False,0.23,2,1157,False,,False,False,no ticket in response,0.02,100,d16ac17e88cd415fb560acb880881d45bbdb06ab82fcce9d0d77c5dfad6d0054,exp-1783177759379-d57a877a,5c2af30d4158,74076e1,3.11.15,Darwin 24.6.0,2147483648,run_real_ticket_recovery_experiment.py,real_ticket_recovery
ticket-recovery-wrong_session_ticket-m200-p128-r25-1783177776925445,wrong_session_ticket,200,128,25,100,100,0,0,True,wrong_session_ticket attack at seq=100,True,False,no ticket in response,memory_ticket invalid: session_id mismatch,False,0.2,2,1159,False,,False,False,no ticket in response,0.02,100,3b579a5181c233fe959358155d5024a72cead61bed935123327837dc71e269e6,exp-1783177759379-d57a877a,5c2af30d4158,74076e1,3.11.15,Darwin 24.6.0,2147483648,run_real_ticket_recovery_experiment.py,real_ticket_recovery
ticket-recovery-wrong_session_ticket-m200-p128-r26-1783177777043346,wrong_session_ticket,200,128,26,100,100,0,0,True,wrong_session_ticket attack at seq=100,True,False,no ticket in response,memory_ticket invalid: session_id mismatch,False,0.2,2,1160,False,,False,False,no ticket in response,0.02,100,e2fadd9d5c7540d4eafeb726b3a3509ed39bc60e4e2fb72ff275e82edd104508,exp-1783177759379-d57a877a,5c2af30d4158,74076e1,3.11.15,Darwin 24.6.0,2147483648,run_real_ticket_recovery_experiment.py,real_ticket_recovery
ticket-recovery-wrong_session_ticket-m200-p128-r27-1783177777163931,wrong_session_ticket,200,128,27,100,100,0,0,True,wrong_session_ticket attack at seq=100,True,False,no ticket in response,memory_ticket invalid: session_id mismatch,False,0.26,2,1161,False,,False,False,no ticket in response,0.02,100,a2c3ab74b925a46bdeeb8649bf63f79de4565009921f70acc530210bfb286024,exp-1783177759379-d57a877a,5c2af30d4158,74076e1,3.11.15,Darwin 24.6.0,2147483648,run_real_ticket_recovery_experiment.py,real_ticket_recovery
ticket-recovery-wrong_session_ticket-m200-p128-r28-1783177777286095,wrong_session_ticket,200,128,28,100,100,0,0,True,wrong_session_ticket attack at seq=100,True,False,no ticket in response,memory_ticket invalid: session_id mismatch,False,0.2,2,1159,False,,False,False,no ticket in response,0.02,100,81bef61ab71711bf03c43086de74a793a19936cb3d3cc5f7e4d07b2fbcbafb6c,exp-1783177759379-d57a877a,5c2af30d4158,74076e1,3.11.15,Darwin 24.6.0,2147483648,run_real_ticket_recovery_experiment.py,real_ticket_recovery
ticket-recovery-wrong_session_ticket-m200-p128-r29-1783177777406226,wrong_session_ticket,200,128,29,100,100,0,0,True,wrong_session_ticket attack at seq=100,True,False,no ticket in response,memory_ticket invalid: session_id mismatch,False,0.25,2,1158,False,,False,False,no ticket in response,0.02,100,b68e8eb89554dc8b3829d3d5a22914bd06e608bdfcab261edc3ac34cc1efda32,exp-1783177759379-d57a877a,5c2af30d4158,74076e1,3.11.15,Darwin 24.6.0,2147483648,run_real_ticket_recovery_experiment.py,real_ticket_recovery
ticket-recovery-wrong_session_ticket-m200-p128-r30-1783177777527624,wrong_session_ticket,200,128,30,100,100,0,0,True,wrong_session_ticket attack at seq=100,True,False,no ticket in response,memory_ticket invalid: session_id mismatch,False,0.21,2,1158,False,,False,False,no ticket in response,0.02,100,1e1922d801a6fe06bb247b9db2c04e16dab4cf9ca89bdf4dc5263db7730293c5,exp-1783177759379-d57a877a,5c2af30d4158,74076e1,3.11.15,Darwin 24.6.0,2147483648,run_real_ticket_recovery_experiment.py,real_ticket_recovery
ticket-recovery-expired_ticket-m500-p128-r1-1783177777647019,expired_ticket,500,128,1,150,150,0,0,True,expired_ticket attack at seq=150,True,False,no ticket in response,memory_ticket invalid: ticket expired,False,0.26,2,1177,False,,False,False,no ticket in response,0.02,150,d62259110bbe580ffa8934914a8e77cbfe923dd8e5a6c4f2d33a495ab247d81b,exp-1783177759379-d57a877a,5c2af30d4158,74076e1,3.11.15,Darwin 24.6.0,2147483648,run_real_ticket_recovery_experiment.py,real_ticket_recovery
ticket-recovery-expired_ticket-m500-p128-r2-1783177777773056,expired_ticket,500,128,2,150,150,0,0,True,expired_ticket attack at seq=150,True,False,no ticket in response,memory_ticket invalid: ticket expired,False,0.24,2,1178,False,,False,False,no ticket in response,0.02,150,a05a4a4331dd29e0abd6924f149f21653aaacc05d98857970d624fbfabaa3a23,exp-1783177759379-d57a877a,5c2af30d4158,74076e1,3.11.15,Darwin 24.6.0,2147483648,run_real_ticket_recovery_experiment.py,real_ticket_recovery
ticket-recovery-expired_ticket-m500-p128-r3-1783177777899477,expired_ticket,500,128,3,150,150,0,0,True,expired_ticket attack at seq=150,True,False,no ticket in response,memory_ticket invalid: ticket expired,False,0.22,2,1175,False,,False,False,no ticket in response,0.02,150,3a12ef5e6ca7fc9e3eb2ec4f6e1e148ca3eb6708d400ca7968fbe5ddbad53ac3,exp-1783177759379-d57a877a,5c2af30d4158,74076e1,3.11.15,Darwin 24.6.0,2147483648,run_real_ticket_recovery_experiment.py,real_ticket_recovery
ticket-recovery-expired_ticket-m500-p128-r4-1783177778029448,expired_ticket,500,128,4,150,150,0,0,True,expired_ticket attack at seq=150,True,False,no ticket in response,memory_ticket invalid: ticket expired,False,0.22,2,1178,False,,False,False,no ticket in response,0.02,150,aa00ef5cefbd14d15598dd3b14f3a8b6e37dadc2b151fe984a3c17728038dd02,exp-1783177759379-d57a877a,5c2af30d4158,74076e1,3.11.15,Darwin 24.6.0,2147483648,run_real_ticket_recovery_experiment.py,real_ticket_recovery
ticket-recovery-expired_ticket-m500-p128-r5-1783177778158530,expired_ticket,500,128,5,150,150,0,0,True,expired_ticket attack at seq=150,True,False,no ticket in response,memory_ticket invalid: ticket expired,False,0.29,2,1177,False,,False,False,no ticket in response,0.02,150,8ae8a78895f79578e3c88ec84440b462d1fd7fc7eba49820ae4b23c46e611dfe,exp-1783177759379-d57a877a,5c2af30d4158,74076e1,3.11.15,Darwin 24.6.0,2147483648,run_real_ticket_recovery_experiment.py,real_ticket_recovery
ticket-recovery-expired_ticket-m500-p128-r6-1783177778284308,expired_ticket,500,128,6,150,150,0,0,True,expired_ticket attack at seq=150,True,False,no ticket in response,memory_ticket invalid: ticket expired,False,0.19,2,1177,False,,False,False,no ticket in response,0.02,150,8adce3f0559a10d16942a773b65d2eddeb48a2364a237ae3d83809ff033229e8,exp-1783177759379-d57a877a,5c2af30d4158,74076e1,3.11.15,Darwin 24.6.0,2147483648,run_real_ticket_recovery_experiment.py,real_ticket_recovery
ticket-recovery-expired_ticket-m500-p128-r7-1783177778408577,expired_ticket,500,128,7,150,150,0,0,True,expired_ticket attack at seq=150,True,False,no ticket in response,memory_ticket invalid: ticket expired,False,0.28,2,1178,False,,False,False,no ticket in response,0.02,150,49aee55e91f76eb12a78b09cc8276e8dd11d0edeaa9fe1e13793ec0356bb6f92,exp-1783177759379-d57a877a,5c2af30d4158,74076e1,3.11.15,Darwin 24.6.0,2147483648,run_real_ticket_recovery_experiment.py,real_ticket_recovery
ticket-recovery-expired_ticket-m500-p128-r8-1783177778534550,expired_ticket,500,128,8,150,150,0,0,True,expired_ticket attack at seq=150,True,False,no ticket in response,memory_ticket invalid: ticket expired,False,0.24,2,1179,False,,False,False,no ticket in response,0.02,150,749f86bd5c4d0592bd8307c6520fc46a624c322d9cc5a2648b121801231983af,exp-1783177759379-d57a877a,5c2af30d4158,74076e1,3.11.15,Darwin 24.6.0,2147483648,run_real_ticket_recovery_experiment.py,real_ticket_recovery
ticket-recovery-expired_ticket-m500-p128-r9-1783177778662345,expired_ticket,500,128,9,150,150,0,0,True,expired_ticket attack at seq=150,True,False,no ticket in response,memory_ticket invalid: ticket expired,False,0.22,2,1179,False,,False,False,no ticket in response,0.02,150,a7acea167e1edb3dc01c0f0c6ad7eb49372a92a435d3f0c4d2b36374b4482e3d,exp-1783177759379-d57a877a,5c2af30d4158,74076e1,3.11.15,Darwin 24.6.0,2147483648,run_real_ticket_recovery_experiment.py,real_ticket_recovery
ticket-recovery-expired_ticket-m500-p128-r10-1783177778788514,expired_ticket,500,128,10,150,150,0,0,True,expired_ticket attack at seq=150,True,False,no ticket in response,memory_ticket invalid: ticket expired,False,0.24,2,1180,False,,False,False,no ticket in response,0.02,150,4a5f260a4e71d3ddb7f340250ff0daf7800910278c56ee828c7a89d4afd03a9a,exp-1783177759379-d57a877a,5c2af30d4158,74076e1,3.11.15,Darwin 24.6.0,2147483648,run_real_ticket_recovery_experiment.py,real_ticket_recovery
ticket-recovery-expired_ticket-m500-p128-r11-1783177778913694,expired_ticket,500,128,11,150,150,0,0,True,expired_ticket attack at seq=150,True,False,no ticket in response,memory_ticket invalid: ticket expired,False,0.22,2,1182,False,,False,False,no ticket in response,0.02,150,6a0ae6c70c2f4654a4eef9981be749f117cecc5d58bfe0e93f94ffa2d5fe9787,exp-1783177759379-d57a877a,5c2af30d4158,74076e1,3.11.15,Darwin 24.6.0,2147483648,run_real_ticket_recovery_experiment.py,real_ticket_recovery
ticket-recovery-expired_ticket-m500-p128-r12-1783177779038423,expired_ticket,500,128,12,150,150,0,0,True,expired_ticket attack at seq=150,True,False,no ticket in response,memory_ticket invalid: ticket expired,False,0.25,2,1181,False,,False,False,no ticket in response,0.02,150,87cb631299f2ae003ad117bc2b7702cc07de0b8db5c1d2c81b717bb62a181762,exp-1783177759379-d57a877a,5c2af30d4158,74076e1,3.11.15,Darwin 24.6.0,2147483648,run_real_ticket_recovery_experiment.py,real_ticket_recovery
ticket-recovery-expired_ticket-m500-p128-r13-1783177779163242,expired_ticket,500,128,13,150,150,0,0,True,expired_ticket attack at seq=150,True,False,no ticket in response,memory_ticket invalid: ticket expired,False,0.28,2,1180,False,,False,False,no ticket in response,0.03,150,77edd8ce5576be31a990dca84199067f0a9ef2670c6e6b6962cd40acea2f957e,exp-1783177759379-d57a877a,5c2af30d4158,74076e1,3.11.15,Darwin 24.6.0,2147483648,run_real_ticket_recovery_experiment.py,real_ticket_recovery
ticket-recovery-expired_ticket-m500-p128-r14-1783177779291861,expired_ticket,500,128,14,150,150,0,0,True,expired_ticket attack at seq=150,True,False,no ticket in response,memory_ticket invalid: ticket expired,False,0.27,2,1181,False,,False,False,no ticket in response,0.02,150,9d4441f4eaf145c5b0e5c241266178d61a0006c52e643636c25b850f36f1b16a,exp-1783177759379-d57a877a,5c2af30d4158,74076e1,3.11.15,Darwin 24.6.0,2147483648,run_real_ticket_recovery_experiment.py,real_ticket_recovery
ticket-recovery-expired_ticket-m500-p128-r15-1783177779421116,expired_ticket,500,128,15,150,150,0,0,True,expired_ticket attack at seq=150,True,False,no ticket in response,memory_ticket invalid: ticket expired,False,0.25,2,1180,False,,False,False,no ticket in response,0.02,150,5db33b62209d2b29f128f83e3796644d5470b93bfcd119c908742c649e664e6c,exp-1783177759379-d57a877a,5c2af30d4158,74076e1,3.11.15,Darwin 24.6.0,2147483648,run_real_ticket_recovery_experiment.py,real_ticket_recovery
ticket-recovery-expired_ticket-m500-p128-r16-1783177779545153,expired_ticket,500,128,16,150,150,0,0,True,expired_ticket attack at seq=150,True,False,no ticket in response,memory_ticket invalid: ticket expired,False,0.26,2,1181,False,,False,False,no ticket in response,0.02,150,6f036d35b6acf80885ffaa2e1347a516167f084a0713b8d93636c2f8b5f1998f,exp-1783177759379-d57a877a,5c2af30d4158,74076e1,3.11.15,Darwin 24.6.0,2147483648,run_real_ticket_recovery_experiment.py,real_ticket_recovery
ticket-recovery-expired_ticket-m500-p128-r17-1783177779670811,expired_ticket,500,128,17,150,150,0,0,True,expired_ticket attack at seq=150,True,False,no ticket in response,memory_ticket invalid: ticket expired,False,0.19,2,1182,False,,False,False,no ticket in response,0.02,150,9cbcd092031df6a191ad45b509f45201454edba2392f504630043a14b93a5bbe,exp-1783177759379-d57a877a,5c2af30d4158,74076e1,3.11.15,Darwin 24.6.0,2147483648,run_real_ticket_recovery_experiment.py,real_ticket_recovery
ticket-recovery-expired_ticket-m500-p128-r18-1783177779798128,expired_ticket,500,128,18,150,150,0,0,True,expired_ticket attack at seq=150,True,False,no ticket in response,memory_ticket invalid: ticket expired,False,0.19,2,1181,False,,False,False,no ticket in response,0.02,150,820e15514b0101f9f67b60d8a20fa68b93877fb85f054c2fca3f047a1b0d76db,exp-1783177759379-d57a877a,5c2af30d4158,74076e1,3.11.15,Darwin 24.6.0,2147483648,run_real_ticket_recovery_experiment.py,real_ticket_recovery
ticket-recovery-expired_ticket-m500-p128-r19-1783177779922113,expired_ticket,500,128,19,150,150,0,0,True,expired_ticket attack at seq=150,True,False,no ticket in response,memory_ticket invalid: ticket expired,False,0.21,2,1180,False,,False,False,no ticket in response,0.02,150,beeafc9d48772d609429c086c96c5bf00a756d0fc4339adcb0c1415cc857478b,exp-1783177759379-d57a877a,5c2af30d4158,74076e1,3.11.15,Darwin 24.6.0,2147483648,run_real_ticket_recovery_experiment.py,real_ticket_recovery
ticket-recovery-expired_ticket-m500-p128-r20-1783177780046560,expired_ticket,500,128,20,150,150,0,0,True,expired_ticket attack at seq=150,True,False,no ticket in response,memory_ticket invalid: ticket expired,False,0.2,2,1181,False,,False,False,no ticket in response,0.02,150,0bd613af95b0e26138c4fcf88797128fa3d123411b36ef37e4df3135c4edf35a,exp-1783177759379-d57a877a,5c2af30d4158,74076e1,3.11.15,Darwin 24.6.0,2147483648,run_real_ticket_recovery_experiment.py,real_ticket_recovery
ticket-recovery-expired_ticket-m500-p128-r21-1783177780173826,expired_ticket,500,128,21,150,150,0,0,True,expired_ticket attack at seq=150,True,False,no ticket in response,memory_ticket invalid: ticket expired,False,0.38,2,1181,False,,False,False,no ticket in response,0.02,150,4f3402225f147a8c3b04e5ef0ee1a2413540105427d2b6e7d4b3a347c52806e7,exp-1783177759379-d57a877a,5c2af30d4158,74076e1,3.11.15,Darwin 24.6.0,2147483648,run_real_ticket_recovery_experiment.py,real_ticket_recovery
ticket-recovery-expired_ticket-m500-p128-r22-1783177780295119,expired_ticket,500,128,22,150,150,0,0,True,expired_ticket attack at seq=150,True,False,no ticket in response,memory_ticket invalid: ticket expired,False,0.29,2,1180,False,,False,False,no ticket in response,0.02,150,a7221fe2561e501a4213245ada504e5e1cdd6d9fcecf384d8f8cd80793d6e060,exp-1783177759379-d57a877a,5c2af30d4158,74076e1,3.11.15,Darwin 24.6.0,2147483648,run_real_ticket_recovery_experiment.py,real_ticket_recovery
ticket-recovery-expired_ticket-m500-p128-r23-1783177780423119,expired_ticket,500,128,23,150,150,0,0,True,expired_ticket attack at seq=150,True,False,no ticket in response,memory_ticket invalid: ticket expired,False,0.26,2,1179,False,,False,False,no ticket in response,0.02,150,512eed717f90fee73ea295dafc474df1ca440f60791eb73bd6d91479ecebf6c2,exp-1783177759379-d57a877a,5c2af30d4158,74076e1,3.11.15,Darwin 24.6.0,2147483648,run_real_ticket_recovery_experiment.py,real_ticket_recovery
ticket-recovery-expired_ticket-m500-p128-r24-1783177780553088,expired_ticket,500,128,24,150,150,0,0,True,expired_ticket attack at seq=150,True,False,no ticket in response,memory_ticket invalid: ticket expired,False,0.25,2,1181,False,,False,False,no ticket in response,0.02,150,bd047cc9bfce28b884bc79736ff529aeb3efcdd183cbcd41256df3bd5feb01b4,exp-1783177759379-d57a877a,5c2af30d4158,74076e1,3.11.15,Darwin 24.6.0,2147483648,run_real_ticket_recovery_experiment.py,real_ticket_recovery
ticket-recovery-expired_ticket-m500-p128-r25-1783177780680202,expired_ticket,500,128,25,150,150,0,0,True,expired_ticket attack at seq=150,True,False,no ticket in response,memory_ticket invalid: ticket expired,False,0.24,2,1181,False,,False,False,no ticket in response,0.02,150,99c903c38e450a1ea16ce5f35ff7659ad5436241977178b6c4bf1bc42e03511d,exp-1783177759379-d57a877a,5c2af30d4158,74076e1,3.11.15,Darwin 24.6.0,2147483648,run_real_ticket_recovery_experiment.py,real_ticket_recovery
ticket-recovery-expired_ticket-m500-p128-r26-1783177780808869,expired_ticket,500,128,26,150,150,0,0,True,expired_ticket attack at seq=150,True,False,no ticket in response,memory_ticket invalid: ticket expired,False,0.23,2,1180,False,,False,False,no ticket in response,0.02,150,b56174c964ff4daa3b2ab64d429b510494a663cdae003e11ed35315cc5fea7f0,exp-1783177759379-d57a877a,5c2af30d4158,74076e1,3.11.15,Darwin 24.6.0,2147483648,run_real_ticket_recovery_experiment.py,real_ticket_recovery
ticket-recovery-expired_ticket-m500-p128-r27-1783177780937925,expired_ticket,500,128,27,150,150,0,0,True,expired_ticket attack at seq=150,True,False,no ticket in response,memory_ticket invalid: ticket expired,False,0.26,2,1181,False,,False,False,no ticket in response,0.02,150,75967ec72537dc2a992606765a13a6b11a4e366f3b0f19c4452fcb71b9fd9472,exp-1783177759379-d57a877a,5c2af30d4158,74076e1,3.11.15,Darwin 24.6.0,2147483648,run_real_ticket_recovery_experiment.py,real_ticket_recovery
ticket-recovery-expired_ticket-m500-p128-r28-1783177781063428,expired_ticket,500,128,28,150,150,0,0,True,expired_ticket attack at seq=150,True,False,no ticket in response,memory_ticket invalid: ticket expired,False,0.2,2,1182,False,,False,False,no ticket in response,0.02,150,baf1b21f86a45bb17e4e640e38404abd0be712c0b0f951b738a6113a7d7dba93,exp-1783177759379-d57a877a,5c2af30d4158,74076e1,3.11.15,Darwin 24.6.0,2147483648,run_real_ticket_recovery_experiment.py,real_ticket_recovery
ticket-recovery-expired_ticket-m500-p128-r29-1783177781186885,expired_ticket,500,128,29,150,150,0,0,True,expired_ticket attack at seq=150,True,False,no ticket in response,memory_ticket invalid: ticket expired,False,0.21,2,1181,False,,False,False,no ticket in response,0.02,150,66a7b50e4a4c41b74ae6ee6b855682b91e277a486a297bb8d91e3ff2f9f76799,exp-1783177759379-d57a877a,5c2af30d4158,74076e1,3.11.15,Darwin 24.6.0,2147483648,run_real_ticket_recovery_experiment.py,real_ticket_recovery
ticket-recovery-expired_ticket-m500-p128-r30-1783177781311853,expired_ticket,500,128,30,150,150,0,0,True,expired_ticket attack at seq=150,True,False,no ticket in response,memory_ticket invalid: ticket expired,False,0.23,2,1180,False,,False,False,no ticket in response,0.02,150,1b5d9dc7ec9f95d7894ba294cc692ec2cc28f055954eee5ef8d7158b064a29e6,exp-1783177759379-d57a877a,5c2af30d4158,74076e1,3.11.15,Darwin 24.6.0,2147483648,run_real_ticket_recovery_experiment.py,real_ticket_recovery
ticket-recovery-replayed_ticket-m500-p128-r1-1783177781438345,replayed_ticket,500,128,1,150,150,0,0,True,replayed_ticket attack at seq=150,True,False,no ticket in response,memory_ticket invalid: rollback detected: ticket last_seq is older than required,False,0.12,2,1225,False,,False,False,no ticket in response,0.03,150,4fbcf149a9394497a8bff9b76950ba2f9f78fd943c70be224215ebe1fcb10bb0,exp-1783177759379-d57a877a,5c2af30d4158,74076e1,3.11.15,Darwin 24.6.0,2147483648,run_real_ticket_recovery_experiment.py,real_ticket_recovery
ticket-recovery-replayed_ticket-m500-p128-r2-1783177781567604,replayed_ticket,500,128,2,150,150,0,0,True,replayed_ticket attack at seq=150,True,False,no ticket in response,memory_ticket invalid: rollback detected: ticket last_seq is older than required,False,0.19,2,1224,False,,False,False,no ticket in response,0.02,150,9a328d822a02492307cb44d0aab780942b2d5f5c2d9035acbc51512d9996a6ae,exp-1783177759379-d57a877a,5c2af30d4158,74076e1,3.11.15,Darwin 24.6.0,2147483648,run_real_ticket_recovery_experiment.py,real_ticket_recovery
ticket-recovery-replayed_ticket-m500-p128-r3-1783177781691715,replayed_ticket,500,128,3,150,150,0,0,True,replayed_ticket attack at seq=150,True,False,no ticket in response,memory_ticket invalid: rollback detected: ticket last_seq is older than required,False,0.14,2,1223,False,,False,False,no ticket in response,0.02,150,b6de75bcd90c9c06b13111002c3d5059a9328580916c79c9660397ff3fbeafe1,exp-1783177759379-d57a877a,5c2af30d4158,74076e1,3.11.15,Darwin 24.6.0,2147483648,run_real_ticket_recovery_experiment.py,real_ticket_recovery
ticket-recovery-replayed_ticket-m500-p128-r4-1783177781813552,replayed_ticket,500,128,4,150,150,0,0,True,replayed_ticket attack at seq=150,True,False,no ticket in response,memory_ticket invalid: rollback detected: ticket last_seq is older than required,False,0.15,2,1224,False,,False,False,no ticket in response,0.02,150,347983075eba700e996d4c02d8d1900f8123bcf419bd6e67684ebb26c554d645,exp-1783177759379-d57a877a,5c2af30d4158,74076e1,3.11.15,Darwin 24.6.0,2147483648,run_real_ticket_recovery_experiment.py,real_ticket_recovery
ticket-recovery-replayed_ticket-m500-p128-r5-1783177781937602,replayed_ticket,500,128,5,150,150,0,0,True,replayed_ticket attack at seq=150,True,False,no ticket in response,memory_ticket invalid: rollback detected: ticket last_seq is older than required,False,0.15,2,1225,False,,False,False,no ticket in response,0.02,150,d35214c10665084d4cd4b46b29246ea40db71353b27650edac10fb8ad2436ac8,exp-1783177759379-d57a877a,5c2af30d4158,74076e1,3.11.15,Darwin 24.6.0,2147483648,run_real_ticket_recovery_experiment.py,real_ticket_recovery
ticket-recovery-replayed_ticket-m500-p128-r6-1783177782063196,replayed_ticket,500,128,6,150,150,0,0,True,replayed_ticket attack at seq=150,True,False,no ticket in response,memory_ticket invalid: rollback detected: ticket last_seq is older than required,False,0.18,2,1224,False,,False,False,no ticket in response,0.02,150,2920faff2a524bffa2743f3dd831ac77f190ab84c24ec329b58157f62750e104,exp-1783177759379-d57a877a,5c2af30d4158,74076e1,3.11.15,Darwin 24.6.0,2147483648,run_real_ticket_recovery_experiment.py,real_ticket_recovery
ticket-recovery-replayed_ticket-m500-p128-r7-1783177782188479,replayed_ticket,500,128,7,150,150,0,0,True,replayed_ticket attack at seq=150,True,False,no ticket in response,memory_ticket invalid: rollback detected: ticket last_seq is older than required,False,0.16,2,1224,False,,False,False,no ticket in response,0.02,150,f7cc2d86392f7a13720683921370afca036e9fb691344727e0713ada4da414ef,exp-1783177759379-d57a877a,5c2af30d4158,74076e1,3.11.15,Darwin 24.6.0,2147483648,run_real_ticket_recovery_experiment.py,real_ticket_recovery
ticket-recovery-replayed_ticket-m500-p128-r8-1783177782312740,replayed_ticket,500,128,8,150,150,0,0,True,replayed_ticket attack at seq=150,True,False,no ticket in response,memory_ticket invalid: rollback detected: ticket last_seq is older than required,False,0.17,2,1225,False,,False,False,no ticket in response,0.02,150,eafdff009e9e5fd4924659128602426b221e182bd1a3b3bf04dcb4cdb27e7707,exp-1783177759379-d57a877a,5c2af30d4158,74076e1,3.11.15,Darwin 24.6.0,2147483648,run_real_ticket_recovery_experiment.py,real_ticket_recovery
ticket-recovery-replayed_ticket-m500-p128-r9-1783177782441752,replayed_ticket,500,128,9,150,150,0,0,True,replayed_ticket attack at seq=150,True,False,no ticket in response,memory_ticket invalid: rollback detected: ticket last_seq is older than required,False,0.17,2,1225,False,,False,False,no ticket in response,0.02,150,64313137a24b0bfb79a00d662aa666e91341254d7085b988cb65839551de11ac,exp-1783177759379-d57a877a,5c2af30d4158,74076e1,3.11.15,Darwin 24.6.0,2147483648,run_real_ticket_recovery_experiment.py,real_ticket_recovery
ticket-recovery-replayed_ticket-m500-p128-r10-1783177782570917,replayed_ticket,500,128,10,150,150,0,0,True,replayed_ticket attack at seq=150,True,False,no ticket in response,memory_ticket invalid: rollback detected: ticket last_seq is older than required,False,0.17,2,1227,False,,False,False,no ticket in response,0.02,150,d14a4434959d236c7c11ec1889f8f59053438ce23db13ffc4542c234d7b3a30d,exp-1783177759379-d57a877a,5c2af30d4158,74076e1,3.11.15,Darwin 24.6.0,2147483648,run_real_ticket_recovery_experiment.py,real_ticket_recovery
ticket-recovery-replayed_ticket-m500-p128-r11-1783177782697595,replayed_ticket,500,128,11,150,150,0,0,True,replayed_ticket attack at seq=150,True,False,no ticket in response,memory_ticket invalid: rollback detected: ticket last_seq is older than required,False,0.16,2,1226,False,,False,False,no ticket in response,0.02,150,b1eebb872e8bb89452934a856457f23e3e84e7b4ad2e30bda823a65229aa6887,exp-1783177759379-d57a877a,5c2af30d4158,74076e1,3.11.15,Darwin 24.6.0,2147483648,run_real_ticket_recovery_experiment.py,real_ticket_recovery
ticket-recovery-replayed_ticket-m500-p128-r12-1783177782825546,replayed_ticket,500,128,12,150,150,0,0,True,replayed_ticket attack at seq=150,True,False,no ticket in response,memory_ticket invalid: rollback detected: ticket last_seq is older than required,False,0.18,2,1229,False,,False,False,no ticket in response,0.02,150,b2c9b9ecdf89f4a99599663b0c6958da3c8a266e7ab7b285d226274b3647d82e,exp-1783177759379-d57a877a,5c2af30d4158,74076e1,3.11.15,Darwin 24.6.0,2147483648,run_real_ticket_recovery_experiment.py,real_ticket_recovery
ticket-recovery-replayed_ticket-m500-p128-r13-1783177782953981,replayed_ticket,500,128,13,150,150,0,0,True,replayed_ticket attack at seq=150,True,False,no ticket in response,memory_ticket invalid: rollback detected: ticket last_seq is older than required,False,0.16,2,1225,False,,False,False,no ticket in response,0.02,150,97b97dbe240d97d68d926f624386c8f55d02f9b9602e9929e143d633c208142f,exp-1783177759379-d57a877a,5c2af30d4158,74076e1,3.11.15,Darwin 24.6.0,2147483648,run_real_ticket_recovery_experiment.py,real_ticket_recovery
ticket-recovery-replayed_ticket-m500-p128-r14-1783177783078691,replayed_ticket,500,128,14,150,150,0,0,True,replayed_ticket attack at seq=150,True,False,no ticket in response,memory_ticket invalid: rollback detected: ticket last_seq is older than required,False,0.18,2,1227,False,,False,False,no ticket in response,0.02,150,327b8a8f0014397f99ff5272aaee7f67fd6822f92275fe1382f1dcd3dfbf3842,exp-1783177759379-d57a877a,5c2af30d4158,74076e1,3.11.15,Darwin 24.6.0,2147483648,run_real_ticket_recovery_experiment.py,real_ticket_recovery
ticket-recovery-replayed_ticket-m500-p128-r15-1783177783203746,replayed_ticket,500,128,15,150,150,0,0,True,replayed_ticket attack at seq=150,True,False,no ticket in response,memory_ticket invalid: rollback detected: ticket last_seq is older than required,False,0.17,2,1227,False,,False,False,no ticket in response,0.02,150,5bc9ac599196f60f72dea631244a573ccab3199367b3162384b55383c93cc55c,exp-1783177759379-d57a877a,5c2af30d4158,74076e1,3.11.15,Darwin 24.6.0,2147483648,run_real_ticket_recovery_experiment.py,real_ticket_recovery
ticket-recovery-replayed_ticket-m500-p128-r16-1783177783328479,replayed_ticket,500,128,16,150,150,0,0,True,replayed_ticket attack at seq=150,True,False,no ticket in response,memory_ticket invalid: rollback detected: ticket last_seq is older than required,False,0.22,2,1227,False,,False,False,no ticket in response,0.02,150,4e62de8ed128dea1e3dff624989945807258cb36cd91700f313c5534ed6a46ab,exp-1783177759379-d57a877a,5c2af30d4158,74076e1,3.11.15,Darwin 24.6.0,2147483648,run_real_ticket_recovery_experiment.py,real_ticket_recovery
ticket-recovery-replayed_ticket-m500-p128-r17-1783177783455168,replayed_ticket,500,128,17,150,150,0,0,True,replayed_ticket attack at seq=150,True,False,no ticket in response,memory_ticket invalid: rollback detected: ticket last_seq is older than required,False,0.14,2,1228,False,,False,False,no ticket in response,0.02,150,11d93844d1f79b91185dee37017ae476b903e20d7ee67c24d4631fc5822b65f3,exp-1783177759379-d57a877a,5c2af30d4158,74076e1,3.11.15,Darwin 24.6.0,2147483648,run_real_ticket_recovery_experiment.py,real_ticket_recovery
ticket-recovery-replayed_ticket-m500-p128-r18-1783177783580123,replayed_ticket,500,128,18,150,150,0,0,True,replayed_ticket attack at seq=150,True,False,no ticket in response,memory_ticket invalid: rollback detected: ticket last_seq is older than required,False,0.24,2,1228,False,,False,False,no ticket in response,0.03,150,8d12cd494bc62a2b03e7182d8580c8f100b144bf785205d33dc1ff6fa8ac2f68,exp-1783177759379-d57a877a,5c2af30d4158,74076e1,3.11.15,Darwin 24.6.0,2147483648,run_real_ticket_recovery_experiment.py,real_ticket_recovery
ticket-recovery-replayed_ticket-m500-p128-r19-1783177783708387,replayed_ticket,500,128,19,150,150,0,0,True,replayed_ticket attack at seq=150,True,False,no ticket in response,memory_ticket invalid: rollback detected: ticket last_seq is older than required,False,0.29,2,1226,False,,False,False,no ticket in response,0.02,150,87332aca658013193cd2e8084165ed9a910790e4f180d86b954a7346415ec4e0,exp-1783177759379-d57a877a,5c2af30d4158,74076e1,3.11.15,Darwin 24.6.0,2147483648,run_real_ticket_recovery_experiment.py,real_ticket_recovery
ticket-recovery-replayed_ticket-m500-p128-r20-1783177783835818,replayed_ticket,500,128,20,150,150,0,0,True,replayed_ticket attack at seq=150,True,False,no ticket in response,memory_ticket invalid: rollback detected: ticket last_seq is older than required,False,0.17,2,1228,False,,False,False,no ticket in response,0.02,150,26cac56e819722d761e385b75292175d77d84758120d08c8b0cdb78b6165afdc,exp-1783177759379-d57a877a,5c2af30d4158,74076e1,3.11.15,Darwin 24.6.0,2147483648,run_real_ticket_recovery_experiment.py,real_ticket_recovery
ticket-recovery-replayed_ticket-m500-p128-r21-1783177783963543,replayed_ticket,500,128,21,150,150,0,0,True,replayed_ticket attack at seq=150,True,False,no ticket in response,memory_ticket invalid: rollback detected: ticket last_seq is older than required,False,0.14,2,1229,False,,False,False,no ticket in response,0.02,150,3d431e5b0d68a91bb5e8bcee3478a369d15f8dafcfc032632de0738f216ed4f4,exp-1783177759379-d57a877a,5c2af30d4158,74076e1,3.11.15,Darwin 24.6.0,2147483648,run_real_ticket_recovery_experiment.py,real_ticket_recovery
ticket-recovery-replayed_ticket-m500-p128-r22-1783177784088060,replayed_ticket,500,128,22,150,150,0,0,True,replayed_ticket attack at seq=150,True,False,no ticket in response,memory_ticket invalid: rollback detected: ticket last_seq is older than required,False,0.15,2,1227,False,,False,False,no ticket in response,0.02,150,3f5000338191a6e2fece81908b892eb59796f6ef6a7fff90e9b583be74b9df6e,exp-1783177759379-d57a877a,5c2af30d4158,74076e1,3.11.15,Darwin 24.6.0,2147483648,run_real_ticket_recovery_experiment.py,real_ticket_recovery
ticket-recovery-replayed_ticket-m500-p128-r23-1783177784216571,replayed_ticket,500,128,23,150,150,0,0,True,replayed_ticket attack at seq=150,True,False,no ticket in response,memory_ticket invalid: rollback detected: ticket last_seq is older than required,False,0.22,2,1229,False,,False,False,no ticket in response,0.02,150,5e7a98c9ee5e3fcc712af15731c4ddb13ce48a61d30fc0cb5a8d3cbe0d1eef43,exp-1783177759379-d57a877a,5c2af30d4158,74076e1,3.11.15,Darwin 24.6.0,2147483648,run_real_ticket_recovery_experiment.py,real_ticket_recovery
ticket-recovery-replayed_ticket-m500-p128-r24-1783177784344069,replayed_ticket,500,128,24,150,150,0,0,True,replayed_ticket attack at seq=150,True,False,no ticket in response,memory_ticket invalid: rollback detected: ticket last_seq is older than required,False,0.2,2,1228,False,,False,False,no ticket in response,0.02,150,6e093d03e2e12abffcda2cf387de9c3aba2523186799298f1a0b692fc1d8e310,exp-1783177759379-d57a877a,5c2af30d4158,74076e1,3.11.15,Darwin 24.6.0,2147483648,run_real_ticket_recovery_experiment.py,real_ticket_recovery
ticket-recovery-replayed_ticket-m500-p128-r25-1783177784470613,replayed_ticket,500,128,25,150,150,0,0,True,replayed_ticket attack at seq=150,True,False,no ticket in response,memory_ticket invalid: rollback detected: ticket last_seq is older than required,False,0.21,2,1228,False,,False,False,no ticket in response,0.02,150,f2557a6251e8c83230da9dc2cd33dac6fecb224bc0865c4fac4d002a8ba860d0,exp-1783177759379-d57a877a,5c2af30d4158,74076e1,3.11.15,Darwin 24.6.0,2147483648,run_real_ticket_recovery_experiment.py,real_ticket_recovery
ticket-recovery-replayed_ticket-m500-p128-r26-1783177784599003,replayed_ticket,500,128,26,150,150,0,0,True,replayed_ticket attack at seq=150,True,False,no ticket in response,memory_ticket invalid: rollback detected: ticket last_seq is older than required,False,0.21,2,1227,False,,False,False,no ticket in response,0.05,150,183fb7162d4815c7279afe162741c748f374e70cdbc87c93af91e698b914ca27,exp-1783177759379-d57a877a,5c2af30d4158,74076e1,3.11.15,Darwin 24.6.0,2147483648,run_real_ticket_recovery_experiment.py,real_ticket_recovery
ticket-recovery-replayed_ticket-m500-p128-r27-1783177784750572,replayed_ticket,500,128,27,150,150,0,0,True,replayed_ticket attack at seq=150,True,False,no ticket in response,memory_ticket invalid: rollback detected: ticket last_seq is older than required,False,0.18,2,1228,False,,False,False,no ticket in response,0.02,150,8e7fd7865895a5e94d23ad53b5197f1481db0de959badccbde03c079b6fb2aef,exp-1783177759379-d57a877a,5c2af30d4158,74076e1,3.11.15,Darwin 24.6.0,2147483648,run_real_ticket_recovery_experiment.py,real_ticket_recovery
ticket-recovery-replayed_ticket-m500-p128-r28-1783177784878263,replayed_ticket,500,128,28,150,150,0,0,True,replayed_ticket attack at seq=150,True,False,no ticket in response,memory_ticket invalid: rollback detected: ticket last_seq is older than required,False,0.16,2,1227,False,,False,False,no ticket in response,0.02,150,87cdaf45dc5b56e76e012fdf349be6cce8bb1fb4dec6d1a014d8444a3a0db5b2,exp-1783177759379-d57a877a,5c2af30d4158,74076e1,3.11.15,Darwin 24.6.0,2147483648,run_real_ticket_recovery_experiment.py,real_ticket_recovery
ticket-recovery-replayed_ticket-m500-p128-r29-1783177785007015,replayed_ticket,500,128,29,150,150,0,0,True,replayed_ticket attack at seq=150,True,False,no ticket in response,memory_ticket invalid: rollback detected: ticket last_seq is older than required,False,0.17,2,1228,False,,False,False,no ticket in response,0.02,150,e3bcf85d69fd50d942c36bb911caa01b900ef54e4bbca3e72cfe014944773260,exp-1783177759379-d57a877a,5c2af30d4158,74076e1,3.11.15,Darwin 24.6.0,2147483648,run_real_ticket_recovery_experiment.py,real_ticket_recovery
ticket-recovery-replayed_ticket-m500-p128-r30-1783177785130393,replayed_ticket,500,128,30,150,150,0,0,True,replayed_ticket attack at seq=150,True,False,no ticket in response,memory_ticket invalid: rollback detected: ticket last_seq is older than required,False,0.16,2,1227,False,,False,False,no ticket in response,0.02,150,3f611cb2b79bccddbb04448752d21930f3ed1007c02a4b72ff58687b1bbe0751,exp-1783177759379-d57a877a,5c2af30d4158,74076e1,3.11.15,Darwin 24.6.0,2147483648,run_real_ticket_recovery_experiment.py,real_ticket_recovery
ticket-recovery-tampered_ticket-m500-p128-r1-1783177785254816,tampered_ticket,500,128,1,150,150,0,0,True,tampered_ticket attack at seq=150,True,False,no ticket in response,memory_ticket invalid: invalid ticket auth tag,False,0.26,2,1192,False,,False,False,no ticket in response,0.02,150,7d31911448b69da47aed5f3683749361075200e85c5882aea7125f759eb59d76,exp-1783177759379-d57a877a,5c2af30d4158,74076e1,3.11.15,Darwin 24.6.0,2147483648,run_real_ticket_recovery_experiment.py,real_ticket_recovery
ticket-recovery-tampered_ticket-m500-p128-r2-1783177785380889,tampered_ticket,500,128,2,150,150,0,0,True,tampered_ticket attack at seq=150,True,False,no ticket in response,memory_ticket invalid: invalid ticket auth tag,False,0.21,2,1193,False,,False,False,no ticket in response,0.02,150,abaeae0c60db5f1bcea00f6f73331fa572cdd5976246e0e8cdccce3a4b3cb32c,exp-1783177759379-d57a877a,5c2af30d4158,74076e1,3.11.15,Darwin 24.6.0,2147483648,run_real_ticket_recovery_experiment.py,real_ticket_recovery
ticket-recovery-tampered_ticket-m500-p128-r3-1783177785508869,tampered_ticket,500,128,3,150,150,0,0,True,tampered_ticket attack at seq=150,True,False,no ticket in response,memory_ticket invalid: invalid ticket auth tag,False,0.21,2,1194,False,,False,False,no ticket in response,0.02,150,7f5bde51305e514283516c689a5249705d81461cd4db540a0e2064668fbc5384,exp-1783177759379-d57a877a,5c2af30d4158,74076e1,3.11.15,Darwin 24.6.0,2147483648,run_real_ticket_recovery_experiment.py,real_ticket_recovery
ticket-recovery-tampered_ticket-m500-p128-r4-1783177785637439,tampered_ticket,500,128,4,150,150,0,0,True,tampered_ticket attack at seq=150,True,False,no ticket in response,memory_ticket invalid: invalid ticket auth tag,False,0.28,2,1195,False,,False,False,no ticket in response,0.02,150,36b9dcef47f23053ebb622e307ddce3f3865cb785c2fdbeec48090c56c14aa45,exp-1783177759379-d57a877a,5c2af30d4158,74076e1,3.11.15,Darwin 24.6.0,2147483648,run_real_ticket_recovery_experiment.py,real_ticket_recovery
ticket-recovery-tampered_ticket-m500-p128-r5-1783177785761887,tampered_ticket,500,128,5,150,150,0,0,True,tampered_ticket attack at seq=150,True,False,no ticket in response,memory_ticket invalid: invalid ticket auth tag,False,0.25,2,1193,False,,False,False,no ticket in response,0.02,150,06a784fe11b957dd3cc5deb9c77cda9fe00b4d7db7fdbb227ecf6e7a413e4496,exp-1783177759379-d57a877a,5c2af30d4158,74076e1,3.11.15,Darwin 24.6.0,2147483648,run_real_ticket_recovery_experiment.py,real_ticket_recovery
ticket-recovery-tampered_ticket-m500-p128-r6-1783177785889598,tampered_ticket,500,128,6,150,150,0,0,True,tampered_ticket attack at seq=150,True,False,no ticket in response,memory_ticket invalid: invalid ticket auth tag,False,0.19,2,1193,False,,False,False,no ticket in response,0.02,150,514be256f8400ce3a3656d9566a74a6c068a22e398e041a02c79e9c48ca7bf12,exp-1783177759379-d57a877a,5c2af30d4158,74076e1,3.11.15,Darwin 24.6.0,2147483648,run_real_ticket_recovery_experiment.py,real_ticket_recovery
ticket-recovery-tampered_ticket-m500-p128-r7-1783177786016847,tampered_ticket,500,128,7,150,150,0,0,True,tampered_ticket attack at seq=150,True,False,no ticket in response,memory_ticket invalid: invalid ticket auth tag,False,0.21,2,1194,False,,False,False,no ticket in response,0.02,150,09a9f37926a4d5ae8e49243291c01fd2bd99d32861c0f1b4a0f6c7ba1267674f,exp-1783177759379-d57a877a,5c2af30d4158,74076e1,3.11.15,Darwin 24.6.0,2147483648,run_real_ticket_recovery_experiment.py,real_ticket_recovery
ticket-recovery-tampered_ticket-m500-p128-r8-1783177786139621,tampered_ticket,500,128,8,150,150,0,0,True,tampered_ticket attack at seq=150,True,False,no ticket in response,memory_ticket invalid: invalid ticket auth tag,False,0.2,2,1195,False,,False,False,no ticket in response,0.02,150,7a2aca22de6b62db08f00fdf76edfa5f4d8cb2e9604e58d0df6be54ee59fcb34,exp-1783177759379-d57a877a,5c2af30d4158,74076e1,3.11.15,Darwin 24.6.0,2147483648,run_real_ticket_recovery_experiment.py,real_ticket_recovery
ticket-recovery-tampered_ticket-m500-p128-r9-1783177786267405,tampered_ticket,500,128,9,150,150,0,0,True,tampered_ticket attack at seq=150,True,False,no ticket in response,memory_ticket invalid: invalid ticket auth tag,False,0.22,2,1193,False,,False,False,no ticket in response,0.02,150,b6adcd3be89f2e4f680c5c59622f3ca58096f5d9bcb9277831e001d093b71c62,exp-1783177759379-d57a877a,5c2af30d4158,74076e1,3.11.15,Darwin 24.6.0,2147483648,run_real_ticket_recovery_experiment.py,real_ticket_recovery
ticket-recovery-tampered_ticket-m500-p128-r10-1783177786394949,tampered_ticket,500,128,10,150,150,0,0,True,tampered_ticket attack at seq=150,True,False,no ticket in response,memory_ticket invalid: invalid ticket auth tag,False,0.53,2,1196,False,,False,False,no ticket in response,0.04,150,e9e5721a91e8ff9517deaf7db7a1fb3334fcce0dd3fe87dd528390a0dfc31b98,exp-1783177759379-d57a877a,5c2af30d4158,74076e1,3.11.15,Darwin 24.6.0,2147483648,run_real_ticket_recovery_experiment.py,real_ticket_recovery
ticket-recovery-tampered_ticket-m500-p128-r11-1783177786535522,tampered_ticket,500,128,11,150,150,0,0,True,tampered_ticket attack at seq=150,True,False,no ticket in response,memory_ticket invalid: invalid ticket auth tag,False,0.61,2,1197,False,,False,False,no ticket in response,0.02,150,d576f05f30c7464dbce5d5599f4225a932a2e431b62cdf63b833733daa65e4c4,exp-1783177759379-d57a877a,5c2af30d4158,74076e1,3.11.15,Darwin 24.6.0,2147483648,run_real_ticket_recovery_experiment.py,real_ticket_recovery
ticket-recovery-tampered_ticket-m500-p128-r12-1783177786658635,tampered_ticket,500,128,12,150,150,0,0,True,tampered_ticket attack at seq=150,True,False,no ticket in response,memory_ticket invalid: invalid ticket auth tag,False,0.2,2,1195,False,,False,False,no ticket in response,0.02,150,00bf9a930d2e216b2697490012ddf6773720f0e4e050d65513ba4e4a6882b8dc,exp-1783177759379-d57a877a,5c2af30d4158,74076e1,3.11.15,Darwin 24.6.0,2147483648,run_real_ticket_recovery_experiment.py,real_ticket_recovery
ticket-recovery-tampered_ticket-m500-p128-r13-1783177786786425,tampered_ticket,500,128,13,150,150,0,0,True,tampered_ticket attack at seq=150,True,False,no ticket in response,memory_ticket invalid: invalid ticket auth tag,False,0.16,2,1196,False,,False,False,no ticket in response,0.02,150,59fc4bae23b60d149586cc47f2b89f705a1fb1b83151e28a39c2b811917965e2,exp-1783177759379-d57a877a,5c2af30d4158,74076e1,3.11.15,Darwin 24.6.0,2147483648,run_real_ticket_recovery_experiment.py,real_ticket_recovery
ticket-recovery-tampered_ticket-m500-p128-r14-1783177786905916,tampered_ticket,500,128,14,150,150,0,0,True,tampered_ticket attack at seq=150,True,False,no ticket in response,memory_ticket invalid: invalid ticket auth tag,False,0.54,2,1196,False,,False,False,no ticket in response,0.05,150,f052c516dcc9695058d17499c36922780660796b2d1e091a26de4dbe2391e6f1,exp-1783177759379-d57a877a,5c2af30d4158,74076e1,3.11.15,Darwin 24.6.0,2147483648,run_real_ticket_recovery_experiment.py,real_ticket_recovery
ticket-recovery-tampered_ticket-m500-p128-r15-1783177787056422,tampered_ticket,500,128,15,150,150,0,0,True,tampered_ticket attack at seq=150,True,False,no ticket in response,memory_ticket invalid: invalid ticket auth tag,False,0.57,2,1196,False,,False,False,no ticket in response,0.04,150,22bd83fc204213872978ae55a1974d075fd5e865bed919b6620a47cb56abc6c7,exp-1783177759379-d57a877a,5c2af30d4158,74076e1,3.11.15,Darwin 24.6.0,2147483648,run_real_ticket_recovery_experiment.py,real_ticket_recovery
ticket-recovery-tampered_ticket-m500-p128-r16-1783177787197978,tampered_ticket,500,128,16,150,150,0,0,True,tampered_ticket attack at seq=150,True,False,no ticket in response,memory_ticket invalid: invalid ticket auth tag,False,0.58,2,1197,False,,False,False,no ticket in response,0.03,150,4dc3847698c9efa9c09dccdd1697eaa37b2012f7ebe196a38452602756612d07,exp-1783177759379-d57a877a,5c2af30d4158,74076e1,3.11.15,Darwin 24.6.0,2147483648,run_real_ticket_recovery_experiment.py,real_ticket_recovery
ticket-recovery-tampered_ticket-m500-p128-r17-1783177787330310,tampered_ticket,500,128,17,150,150,0,0,True,tampered_ticket attack at seq=150,True,False,no ticket in response,memory_ticket invalid: invalid ticket auth tag,False,0.75,2,1196,False,,False,False,no ticket in response,0.04,150,7a3f33cf261771e877fdb3fb418a1b346b5487761b284c32613fe154d90521d9,exp-1783177759379-d57a877a,5c2af30d4158,74076e1,3.11.15,Darwin 24.6.0,2147483648,run_real_ticket_recovery_experiment.py,real_ticket_recovery
ticket-recovery-tampered_ticket-m500-p128-r18-1783177787473255,tampered_ticket,500,128,18,150,150,0,0,True,tampered_ticket attack at seq=150,True,False,no ticket in response,memory_ticket invalid: invalid ticket auth tag,False,0.28,2,1195,False,,False,False,no ticket in response,0.03,150,2eebb6a7b071699c0d866c2af1e03a301ed3453d539c56ff72f3af0c0f946244,exp-1783177759379-d57a877a,5c2af30d4158,74076e1,3.11.15,Darwin 24.6.0,2147483648,run_real_ticket_recovery_experiment.py,real_ticket_recovery
ticket-recovery-tampered_ticket-m500-p128-r19-1783177787604838,tampered_ticket,500,128,19,150,150,0,0,True,tampered_ticket attack at seq=150,True,False,no ticket in response,memory_ticket invalid: invalid ticket auth tag,False,0.21,2,1197,False,,False,False,no ticket in response,0.02,150,0b84c7fa24595c7949c3d4a03873dd16f1865d94da03f4436d5a851fbecc2628,exp-1783177759379-d57a877a,5c2af30d4158,74076e1,3.11.15,Darwin 24.6.0,2147483648,run_real_ticket_recovery_experiment.py,real_ticket_recovery
ticket-recovery-tampered_ticket-m500-p128-r20-1783177787730689,tampered_ticket,500,128,20,150,150,0,0,True,tampered_ticket attack at seq=150,True,False,no ticket in response,memory_ticket invalid: invalid ticket auth tag,False,0.19,2,1196,False,,False,False,no ticket in response,0.02,150,68ad2953edaca7c4f06cc8b2c35c0d84222d7eb8daa4ecfdb0b5848e5dfab059,exp-1783177759379-d57a877a,5c2af30d4158,74076e1,3.11.15,Darwin 24.6.0,2147483648,run_real_ticket_recovery_experiment.py,real_ticket_recovery
ticket-recovery-tampered_ticket-m500-p128-r21-1783177787855276,tampered_ticket,500,128,21,150,150,0,0,True,tampered_ticket attack at seq=150,True,False,no ticket in response,memory_ticket invalid: invalid ticket auth tag,False,0.23,2,1196,False,,False,False,no ticket in response,0.02,150,a46d8042ee9cca9cbf6a1acaf39057fd9335f6aa67b4716598ad883c09f7d53f,exp-1783177759379-d57a877a,5c2af30d4158,74076e1,3.11.15,Darwin 24.6.0,2147483648,run_real_ticket_recovery_experiment.py,real_ticket_recovery
ticket-recovery-tampered_ticket-m500-p128-r22-1783177787978851,tampered_ticket,500,128,22,150,150,0,0,True,tampered_ticket attack at seq=150,True,False,no ticket in response,memory_ticket invalid: invalid ticket auth tag,False,0.35,2,1196,False,,False,False,no ticket in response,0.02,150,55bef6d91aafb4eb9e6558a5075e47f12029c167dca2ae0b77b4e017377374a0,exp-1783177759379-d57a877a,5c2af30d4158,74076e1,3.11.15,Darwin 24.6.0,2147483648,run_real_ticket_recovery_experiment.py,real_ticket_recovery
ticket-recovery-tampered_ticket-m500-p128-r23-1783177788105910,tampered_ticket,500,128,23,150,150,0,0,True,tampered_ticket attack at seq=150,True,False,no ticket in response,memory_ticket invalid: invalid ticket auth tag,False,0.2,2,1198,False,,False,False,no ticket in response,0.02,150,b4c98a4824bb39d7caa3517bc0147328d0a55236db916fccdc477c22e565ce5a,exp-1783177759379-d57a877a,5c2af30d4158,74076e1,3.11.15,Darwin 24.6.0,2147483648,run_real_ticket_recovery_experiment.py,real_ticket_recovery
ticket-recovery-tampered_ticket-m500-p128-r24-1783177788232624,tampered_ticket,500,128,24,150,150,0,0,True,tampered_ticket attack at seq=150,True,False,no ticket in response,memory_ticket invalid: invalid ticket auth tag,False,0.21,2,1196,False,,False,False,no ticket in response,0.02,150,9ebe08a61d56b95671409f2c9f4b0e87c61fdf949d6fcffc3be82d2c1ffa6ef3,exp-1783177759379-d57a877a,5c2af30d4158,74076e1,3.11.15,Darwin 24.6.0,2147483648,run_real_ticket_recovery_experiment.py,real_ticket_recovery
ticket-recovery-tampered_ticket-m500-p128-r25-1783177788360991,tampered_ticket,500,128,25,150,150,0,0,True,tampered_ticket attack at seq=150,True,False,no ticket in response,memory_ticket invalid: invalid ticket auth tag,False,0.21,2,1196,False,,False,False,no ticket in response,0.02,150,3ec5fc8c5843c75d8fb6017824f41f00c6d16aefa375351cd1809e96affab154,exp-1783177759379-d57a877a,5c2af30d4158,74076e1,3.11.15,Darwin 24.6.0,2147483648,run_real_ticket_recovery_experiment.py,real_ticket_recovery
ticket-recovery-tampered_ticket-m500-p128-r26-1783177788488076,tampered_ticket,500,128,26,150,150,0,0,True,tampered_ticket attack at seq=150,True,False,no ticket in response,memory_ticket invalid: invalid ticket auth tag,False,0.23,2,1197,False,,False,False,no ticket in response,0.02,150,155a8f0c3291e15756784d8c5f2d03c2807a42a5d33e0dc2d4e98958fd763ad0,exp-1783177759379-d57a877a,5c2af30d4158,74076e1,3.11.15,Darwin 24.6.0,2147483648,run_real_ticket_recovery_experiment.py,real_ticket_recovery
ticket-recovery-tampered_ticket-m500-p128-r27-1783177788613190,tampered_ticket,500,128,27,150,150,0,0,True,tampered_ticket attack at seq=150,True,False,no ticket in response,memory_ticket invalid: invalid ticket auth tag,False,0.22,2,1197,False,,False,False,no ticket in response,0.02,150,626b85cee5db1153b28f08875252aec74ef129f4fa64553a3170946eef73da06,exp-1783177759379-d57a877a,5c2af30d4158,74076e1,3.11.15,Darwin 24.6.0,2147483648,run_real_ticket_recovery_experiment.py,real_ticket_recovery
ticket-recovery-tampered_ticket-m500-p128-r28-1783177788737921,tampered_ticket,500,128,28,150,150,0,0,True,tampered_ticket attack at seq=150,True,False,no ticket in response,memory_ticket invalid: invalid ticket auth tag,False,0.21,2,1198,False,,False,False,no ticket in response,0.02,150,be0035e3fddb82ccce3cbbec3796516e86f99e5003729a3f3ac1855849100c90,exp-1783177759379-d57a877a,5c2af30d4158,74076e1,3.11.15,Darwin 24.6.0,2147483648,run_real_ticket_recovery_experiment.py,real_ticket_recovery
ticket-recovery-tampered_ticket-m500-p128-r29-1783177788865845,tampered_ticket,500,128,29,150,150,0,0,True,tampered_ticket attack at seq=150,True,False,no ticket in response,memory_ticket invalid: invalid ticket auth tag,False,0.33,2,1197,False,,False,False,no ticket in response,0.02,150,3360ed1f96e79396462767d6b2652bb3c84cc091820620c27074a9579f1e53f0,exp-1783177759379-d57a877a,5c2af30d4158,74076e1,3.11.15,Darwin 24.6.0,2147483648,run_real_ticket_recovery_experiment.py,real_ticket_recovery
ticket-recovery-tampered_ticket-m500-p128-r30-1783177788991016,tampered_ticket,500,128,30,150,150,0,0,True,tampered_ticket attack at seq=150,True,False,no ticket in response,memory_ticket invalid: invalid ticket auth tag,False,0.23,2,1196,False,,False,False,no ticket in response,0.02,150,66b3ac12d67f68cd91a8e6beab4ccecf30202a63ccb6527916b2d5186f238cc6,exp-1783177759379-d57a877a,5c2af30d4158,74076e1,3.11.15,Darwin 24.6.0,2147483648,run_real_ticket_recovery_experiment.py,real_ticket_recovery
ticket-recovery-rollback_ticket-m500-p128-r1-1783177789118394,rollback_ticket,500,128,1,150,150,0,0,True,rollback_ticket attack at seq=150,True,False,no ticket in response,memory_ticket invalid: checkpoint_seq exceeds last_seq,False,0.28,2,1198,False,,False,False,no ticket in response,0.02,150,5a8d571a3c8facf2a796b9d207222396ff7b1f25670d2ce9efa8c6ba22c63f6d,exp-1783177759379-d57a877a,5c2af30d4158,74076e1,3.11.15,Darwin 24.6.0,2147483648,run_real_ticket_recovery_experiment.py,real_ticket_recovery
ticket-recovery-rollback_ticket-m500-p128-r2-1783177789247221,rollback_ticket,500,128,2,150,150,0,0,True,rollback_ticket attack at seq=150,True,False,no ticket in response,memory_ticket invalid: checkpoint_seq exceeds last_seq,False,0.23,2,1197,False,,False,False,no ticket in response,0.02,150,cab9c7e19d011bec1052b8297c171e31cfca7f5155c63f9767e6688b397592dc,exp-1783177759379-d57a877a,5c2af30d4158,74076e1,3.11.15,Darwin 24.6.0,2147483648,run_real_ticket_recovery_experiment.py,real_ticket_recovery
ticket-recovery-rollback_ticket-m500-p128-r3-1783177789374069,rollback_ticket,500,128,3,150,150,0,0,True,rollback_ticket attack at seq=150,True,False,no ticket in response,memory_ticket invalid: checkpoint_seq exceeds last_seq,False,0.23,2,1198,False,,False,False,no ticket in response,0.02,150,a167d6375c7635ef3ef25767ce36fd3ad258cca423b004e3ad8642099a999cb9,exp-1783177759379-d57a877a,5c2af30d4158,74076e1,3.11.15,Darwin 24.6.0,2147483648,run_real_ticket_recovery_experiment.py,real_ticket_recovery
ticket-recovery-rollback_ticket-m500-p128-r4-1783177789497864,rollback_ticket,500,128,4,150,150,0,0,True,rollback_ticket attack at seq=150,True,False,no ticket in response,memory_ticket invalid: checkpoint_seq exceeds last_seq,False,0.21,2,1198,False,,False,False,no ticket in response,0.02,150,f98e3bc736eba6cd52fd9dd46c3b93399701ca81f1005c472ad4c19b4f679d5c,exp-1783177759379-d57a877a,5c2af30d4158,74076e1,3.11.15,Darwin 24.6.0,2147483648,run_real_ticket_recovery_experiment.py,real_ticket_recovery
ticket-recovery-rollback_ticket-m500-p128-r5-1783177789624413,rollback_ticket,500,128,5,150,150,0,0,True,rollback_ticket attack at seq=150,True,False,no ticket in response,memory_ticket invalid: checkpoint_seq exceeds last_seq,False,0.22,2,1196,False,,False,False,no ticket in response,0.02,150,b1e405b5c80eb83449b40d3b3cd445d366dad2675940f7ba3d80ab67c260750a,exp-1783177759379-d57a877a,5c2af30d4158,74076e1,3.11.15,Darwin 24.6.0,2147483648,run_real_ticket_recovery_experiment.py,real_ticket_recovery
ticket-recovery-rollback_ticket-m500-p128-r6-1783177789748152,rollback_ticket,500,128,6,150,150,0,0,True,rollback_ticket attack at seq=150,True,False,no ticket in response,memory_ticket invalid: checkpoint_seq exceeds last_seq,False,0.22,2,1196,False,,False,False,no ticket in response,0.02,150,3fb7a876752fdfd333eb9cfa6b11d25d543e3efc87b990ccef3053261060ceac,exp-1783177759379-d57a877a,5c2af30d4158,74076e1,3.11.15,Darwin 24.6.0,2147483648,run_real_ticket_recovery_experiment.py,real_ticket_recovery
ticket-recovery-rollback_ticket-m500-p128-r7-1783177789873333,rollback_ticket,500,128,7,150,150,0,0,True,rollback_ticket attack at seq=150,True,False,no ticket in response,memory_ticket invalid: checkpoint_seq exceeds last_seq,False,0.2,2,1194,False,,False,False,no ticket in response,0.02,150,59577ac2b4a69a8edf808ea0c9ea4a5b4e87f3d796edafc5e5d079dbb13ec958,exp-1783177759379-d57a877a,5c2af30d4158,74076e1,3.11.15,Darwin 24.6.0,2147483648,run_real_ticket_recovery_experiment.py,real_ticket_recovery
ticket-recovery-rollback_ticket-m500-p128-r8-1783177789999104,rollback_ticket,500,128,8,150,150,0,0,True,rollback_ticket attack at seq=150,True,False,no ticket in response,memory_ticket invalid: checkpoint_seq exceeds last_seq,False,0.25,2,1196,False,,False,False,no ticket in response,0.03,150,93ad0bf5dc0cf6802d85772bc6a43c10c2ad3fd8b2636c0b1315a67cca8cb116,exp-1783177759379-d57a877a,5c2af30d4158,74076e1,3.11.15,Darwin 24.6.0,2147483648,run_real_ticket_recovery_experiment.py,real_ticket_recovery
ticket-recovery-rollback_ticket-m500-p128-r9-1783177790125878,rollback_ticket,500,128,9,150,150,0,0,True,rollback_ticket attack at seq=150,True,False,no ticket in response,memory_ticket invalid: checkpoint_seq exceeds last_seq,False,0.2,2,1197,False,,False,False,no ticket in response,0.02,150,47a8d7abfbb9099565e2d70102b304cc1e206317dabe61f2effc8f0de032a7e1,exp-1783177759379-d57a877a,5c2af30d4158,74076e1,3.11.15,Darwin 24.6.0,2147483648,run_real_ticket_recovery_experiment.py,real_ticket_recovery
ticket-recovery-rollback_ticket-m500-p128-r10-1783177790253931,rollback_ticket,500,128,10,150,150,0,0,True,rollback_ticket attack at seq=150,True,False,no ticket in response,memory_ticket invalid: checkpoint_seq exceeds last_seq,False,0.35,2,1199,False,,False,False,no ticket in response,0.02,150,3e60f7aceae47a39a6672e0153cba649c7683b9772802db195bc41ed406f22ea,exp-1783177759379-d57a877a,5c2af30d4158,74076e1,3.11.15,Darwin 24.6.0,2147483648,run_real_ticket_recovery_experiment.py,real_ticket_recovery
ticket-recovery-rollback_ticket-m500-p128-r11-1783177790379829,rollback_ticket,500,128,11,150,150,0,0,True,rollback_ticket attack at seq=150,True,False,no ticket in response,memory_ticket invalid: checkpoint_seq exceeds last_seq,False,0.2,2,1201,False,,False,False,no ticket in response,0.02,150,99d80b43b83bda91a63740f716842f64c249ad3dd444ff5b70276dd590c0bdd1,exp-1783177759379-d57a877a,5c2af30d4158,74076e1,3.11.15,Darwin 24.6.0,2147483648,run_real_ticket_recovery_experiment.py,real_ticket_recovery
ticket-recovery-rollback_ticket-m500-p128-r12-1783177790508164,rollback_ticket,500,128,12,150,150,0,0,True,rollback_ticket attack at seq=150,True,False,no ticket in response,memory_ticket invalid: checkpoint_seq exceeds last_seq,False,0.2,2,1200,False,,False,False,no ticket in response,0.02,150,41bd28a5780dc3466a9fd1402f533722bde0949336230725d7559f1a96207598,exp-1783177759379-d57a877a,5c2af30d4158,74076e1,3.11.15,Darwin 24.6.0,2147483648,run_real_ticket_recovery_experiment.py,real_ticket_recovery
ticket-recovery-rollback_ticket-m500-p128-r13-1783177790634416,rollback_ticket,500,128,13,150,150,0,0,True,rollback_ticket attack at seq=150,True,False,no ticket in response,memory_ticket invalid: checkpoint_seq exceeds last_seq,False,0.23,2,1199,False,,False,False,no ticket in response,0.02,150,e7571aaa7b8a9cab03115eb53360b86127591ae6ff036551117741a4636bf7d3,exp-1783177759379-d57a877a,5c2af30d4158,74076e1,3.11.15,Darwin 24.6.0,2147483648,run_real_ticket_recovery_experiment.py,real_ticket_recovery
ticket-recovery-rollback_ticket-m500-p128-r14-1783177790759356,rollback_ticket,500,128,14,150,150,0,0,True,rollback_ticket attack at seq=150,True,False,no ticket in response,memory_ticket invalid: checkpoint_seq exceeds last_seq,False,0.25,2,1200,False,,False,False,no ticket in response,0.02,150,3e92774a85c19b961e2e11f13d88205ae140571f8ce871867a95e922b08f9042,exp-1783177759379-d57a877a,5c2af30d4158,74076e1,3.11.15,Darwin 24.6.0,2147483648,run_real_ticket_recovery_experiment.py,real_ticket_recovery
ticket-recovery-rollback_ticket-m500-p128-r15-1783177790882596,rollback_ticket,500,128,15,150,150,0,0,True,rollback_ticket attack at seq=150,True,False,no ticket in response,memory_ticket invalid: checkpoint_seq exceeds last_seq,False,0.21,2,1200,False,,False,False,no ticket in response,0.02,150,0d1719577339788eef72a396cc0242243651e3b2a18da594351025fea7e4b260,exp-1783177759379-d57a877a,5c2af30d4158,74076e1,3.11.15,Darwin 24.6.0,2147483648,run_real_ticket_recovery_experiment.py,real_ticket_recovery
ticket-recovery-rollback_ticket-m500-p128-r16-1783177791011515,rollback_ticket,500,128,16,150,150,0,0,True,rollback_ticket attack at seq=150,True,False,no ticket in response,memory_ticket invalid: checkpoint_seq exceeds last_seq,False,0.28,2,1200,False,,False,False,no ticket in response,0.02,150,d58c50c12bda35b85b5836407c21b63103514b34d88604b5f1bad8dfa7493655,exp-1783177759379-d57a877a,5c2af30d4158,74076e1,3.11.15,Darwin 24.6.0,2147483648,run_real_ticket_recovery_experiment.py,real_ticket_recovery
ticket-recovery-rollback_ticket-m500-p128-r17-1783177791140245,rollback_ticket,500,128,17,150,150,0,0,True,rollback_ticket attack at seq=150,True,False,no ticket in response,memory_ticket invalid: checkpoint_seq exceeds last_seq,False,0.29,2,1198,False,,False,False,no ticket in response,0.02,150,941b0afdb13d3181bb2d89909d4b0449d988bcc22b328fd0e90b85eb2a69f1c6,exp-1783177759379-d57a877a,5c2af30d4158,74076e1,3.11.15,Darwin 24.6.0,2147483648,run_real_ticket_recovery_experiment.py,real_ticket_recovery
ticket-recovery-rollback_ticket-m500-p128-r18-1783177791267943,rollback_ticket,500,128,18,150,150,0,0,True,rollback_ticket attack at seq=150,True,False,no ticket in response,memory_ticket invalid: checkpoint_seq exceeds last_seq,False,0.23,2,1197,False,,False,False,no ticket in response,0.02,150,160bb45f4455c9947124668b12a6535cc5fd1e28aef3bc602e9578a5a82aefea,exp-1783177759379-d57a877a,5c2af30d4158,74076e1,3.11.15,Darwin 24.6.0,2147483648,run_real_ticket_recovery_experiment.py,real_ticket_recovery
ticket-recovery-rollback_ticket-m500-p128-r19-1783177791393813,rollback_ticket,500,128,19,150,150,0,0,True,rollback_ticket attack at seq=150,True,False,no ticket in response,memory_ticket invalid: checkpoint_seq exceeds last_seq,False,0.26,2,1200,False,,False,False,no ticket in response,0.02,150,54e15187f4e30b444ab6c6579650db0324d7c7155b262edf08ebd93cfaa69e7f,exp-1783177759379-d57a877a,5c2af30d4158,74076e1,3.11.15,Darwin 24.6.0,2147483648,run_real_ticket_recovery_experiment.py,real_ticket_recovery
ticket-recovery-rollback_ticket-m500-p128-r20-1783177791517260,rollback_ticket,500,128,20,150,150,0,0,True,rollback_ticket attack at seq=150,True,False,no ticket in response,memory_ticket invalid: checkpoint_seq exceeds last_seq,False,0.25,2,1199,False,,False,False,no ticket in response,0.02,150,d987949341029fd7e30c1ae236f727034fd8de6a8c88f487cf4355b46058ee30,exp-1783177759379-d57a877a,5c2af30d4158,74076e1,3.11.15,Darwin 24.6.0,2147483648,run_real_ticket_recovery_experiment.py,real_ticket_recovery
ticket-recovery-rollback_ticket-m500-p128-r21-1783177791642765,rollback_ticket,500,128,21,150,150,0,0,True,rollback_ticket attack at seq=150,True,False,no ticket in response,memory_ticket invalid: checkpoint_seq exceeds last_seq,False,0.22,2,1199,False,,False,False,no ticket in response,0.02,150,2c00c4597039f38c0aa038654ab3dfaf02cd2c9a9cd0cdb7e48b3f14cf892959,exp-1783177759379-d57a877a,5c2af30d4158,74076e1,3.11.15,Darwin 24.6.0,2147483648,run_real_ticket_recovery_experiment.py,real_ticket_recovery
ticket-recovery-rollback_ticket-m500-p128-r22-1783177791767778,rollback_ticket,500,128,22,150,150,0,0,True,rollback_ticket attack at seq=150,True,False,no ticket in response,memory_ticket invalid: checkpoint_seq exceeds last_seq,False,0.25,2,1199,False,,False,False,no ticket in response,0.02,150,6f4581e173615c7173e5264dfd5d40f8068f557714f48f99d2f456f00b257d36,exp-1783177759379-d57a877a,5c2af30d4158,74076e1,3.11.15,Darwin 24.6.0,2147483648,run_real_ticket_recovery_experiment.py,real_ticket_recovery
ticket-recovery-rollback_ticket-m500-p128-r23-1783177791893811,rollback_ticket,500,128,23,150,150,0,0,True,rollback_ticket attack at seq=150,True,False,no ticket in response,memory_ticket invalid: checkpoint_seq exceeds last_seq,False,0.2,2,1199,False,,False,False,no ticket in response,0.02,150,37976c1953c159921924c3c6cae31ee28c644fd456b59a6abab976e84dd884a7,exp-1783177759379-d57a877a,5c2af30d4158,74076e1,3.11.15,Darwin 24.6.0,2147483648,run_real_ticket_recovery_experiment.py,real_ticket_recovery
ticket-recovery-rollback_ticket-m500-p128-r24-1783177792015786,rollback_ticket,500,128,24,150,150,0,0,True,rollback_ticket attack at seq=150,True,False,no ticket in response,memory_ticket invalid: checkpoint_seq exceeds last_seq,False,0.83,2,1199,False,,False,False,no ticket in response,0.03,150,2aa8f63392ef6dafadcc4688483487d94407557e5afb40bee34c3acc53ceab9a,exp-1783177759379-d57a877a,5c2af30d4158,74076e1,3.11.15,Darwin 24.6.0,2147483648,run_real_ticket_recovery_experiment.py,real_ticket_recovery
ticket-recovery-rollback_ticket-m500-p128-r25-1783177792145723,rollback_ticket,500,128,25,150,150,0,0,True,rollback_ticket attack at seq=150,True,False,no ticket in response,memory_ticket invalid: checkpoint_seq exceeds last_seq,False,0.25,2,1200,False,,False,False,no ticket in response,0.02,150,5f3b3f6a1ae98db8fe557db512930f0d2b0d6704bee5a69e9663e7bc9f0bf3c4,exp-1783177759379-d57a877a,5c2af30d4158,74076e1,3.11.15,Darwin 24.6.0,2147483648,run_real_ticket_recovery_experiment.py,real_ticket_recovery
ticket-recovery-rollback_ticket-m500-p128-r26-1783177792273948,rollback_ticket,500,128,26,150,150,0,0,True,rollback_ticket attack at seq=150,True,False,no ticket in response,memory_ticket invalid: checkpoint_seq exceeds last_seq,False,0.2,2,1199,False,,False,False,no ticket in response,0.02,150,4a545f93f211585865698b7ab836f9ec9ba2484258d9643b15b6e868eb933229,exp-1783177759379-d57a877a,5c2af30d4158,74076e1,3.11.15,Darwin 24.6.0,2147483648,run_real_ticket_recovery_experiment.py,real_ticket_recovery
ticket-recovery-rollback_ticket-m500-p128-r27-1783177792401242,rollback_ticket,500,128,27,150,150,0,0,True,rollback_ticket attack at seq=150,True,False,no ticket in response,memory_ticket invalid: checkpoint_seq exceeds last_seq,False,0.21,2,1200,False,,False,False,no ticket in response,0.02,150,b34ebe0529185b5acb63743aa5bf4867bc76859f4fd1469635a2d2233a10ddf4,exp-1783177759379-d57a877a,5c2af30d4158,74076e1,3.11.15,Darwin 24.6.0,2147483648,run_real_ticket_recovery_experiment.py,real_ticket_recovery
ticket-recovery-rollback_ticket-m500-p128-r28-1783177792526209,rollback_ticket,500,128,28,150,150,0,0,True,rollback_ticket attack at seq=150,True,False,no ticket in response,memory_ticket invalid: checkpoint_seq exceeds last_seq,False,0.23,2,1198,False,,False,False,no ticket in response,0.02,150,02533832c76433d6b935f46bb0ea0e7dc3bbe7003957994fcd1dca85354818c3,exp-1783177759379-d57a877a,5c2af30d4158,74076e1,3.11.15,Darwin 24.6.0,2147483648,run_real_ticket_recovery_experiment.py,real_ticket_recovery
ticket-recovery-rollback_ticket-m500-p128-r29-1783177792654085,rollback_ticket,500,128,29,150,150,0,0,True,rollback_ticket attack at seq=150,True,False,no ticket in response,memory_ticket invalid: checkpoint_seq exceeds last_seq,False,0.21,2,1198,False,,False,False,no ticket in response,0.02,150,d0bcb32d2983646a44ed4f8ca553decf1edd27bb15038915c1c777d73e257257,exp-1783177759379-d57a877a,5c2af30d4158,74076e1,3.11.15,Darwin 24.6.0,2147483648,run_real_ticket_recovery_experiment.py,real_ticket_recovery
ticket-recovery-rollback_ticket-m500-p128-r30-1783177792777506,rollback_ticket,500,128,30,150,150,0,0,True,rollback_ticket attack at seq=150,True,False,no ticket in response,memory_ticket invalid: checkpoint_seq exceeds last_seq,False,0.3,2,1200,False,,False,False,no ticket in response,0.02,150,7e47014218c731c3375c139c5a2eb5a23b991f99ca337dddd14babfc8f0a9be0,exp-1783177759379-d57a877a,5c2af30d4158,74076e1,3.11.15,Darwin 24.6.0,2147483648,run_real_ticket_recovery_experiment.py,real_ticket_recovery
ticket-recovery-wrong_session_ticket-m500-p128-r1-1783177792906685,wrong_session_ticket,500,128,1,150,150,0,0,True,wrong_session_ticket attack at seq=150,True,False,no ticket in response,memory_ticket invalid: session_id mismatch,False,0.22,2,1158,False,,False,False,no ticket in response,0.02,150,10ff206204c32c345bfabae0bb8f5297f1cff74e0f8aa13aa4dfa6f5a2ee2c34,exp-1783177759379-d57a877a,5c2af30d4158,74076e1,3.11.15,Darwin 24.6.0,2147483648,run_real_ticket_recovery_experiment.py,real_ticket_recovery
ticket-recovery-wrong_session_ticket-m500-p128-r2-1783177793033993,wrong_session_ticket,500,128,2,150,150,0,0,True,wrong_session_ticket attack at seq=150,True,False,no ticket in response,memory_ticket invalid: session_id mismatch,False,0.19,2,1156,False,,False,False,no ticket in response,0.02,150,ffe2b48d4290ca5f039b65be2eb0143a2a56d72b319016d43612ea338c0c5657,exp-1783177759379-d57a877a,5c2af30d4158,74076e1,3.11.15,Darwin 24.6.0,2147483648,run_real_ticket_recovery_experiment.py,real_ticket_recovery
ticket-recovery-wrong_session_ticket-m500-p128-r3-1783177793159280,wrong_session_ticket,500,128,3,150,150,0,0,True,wrong_session_ticket attack at seq=150,True,False,no ticket in response,memory_ticket invalid: session_id mismatch,False,0.2,2,1157,False,,False,False,no ticket in response,0.01,150,4f45435144b12df5c34028d1ae5208dd626c4b6c23a517415a2c6a2aff7bdf93,exp-1783177759379-d57a877a,5c2af30d4158,74076e1,3.11.15,Darwin 24.6.0,2147483648,run_real_ticket_recovery_experiment.py,real_ticket_recovery
ticket-recovery-wrong_session_ticket-m500-p128-r4-1783177793278193,wrong_session_ticket,500,128,4,150,150,0,0,True,wrong_session_ticket attack at seq=150,True,False,no ticket in response,memory_ticket invalid: session_id mismatch,False,0.2,2,1156,False,,False,False,no ticket in response,0.02,150,923b11a0a5a5c8b3a39c500d81f2fb414954b4aa7581a83c0e9bf1ad03600baf,exp-1783177759379-d57a877a,5c2af30d4158,74076e1,3.11.15,Darwin 24.6.0,2147483648,run_real_ticket_recovery_experiment.py,real_ticket_recovery
ticket-recovery-wrong_session_ticket-m500-p128-r5-1783177793403591,wrong_session_ticket,500,128,5,150,150,0,0,True,wrong_session_ticket attack at seq=150,True,False,no ticket in response,memory_ticket invalid: session_id mismatch,False,0.2,2,1157,False,,False,False,no ticket in response,0.02,150,709c3a009b94b5ee09ea4797c8bfffc18aa8100305acaca9f2ac018215225ffe,exp-1783177759379-d57a877a,5c2af30d4158,74076e1,3.11.15,Darwin 24.6.0,2147483648,run_real_ticket_recovery_experiment.py,real_ticket_recovery
ticket-recovery-wrong_session_ticket-m500-p128-r6-1783177793529793,wrong_session_ticket,500,128,6,150,150,0,0,True,wrong_session_ticket attack at seq=150,True,False,no ticket in response,memory_ticket invalid: session_id mismatch,False,0.26,2,1157,False,,False,False,no ticket in response,0.02,150,2eb680c9d3a158bbb78e4aa2b5f116ac79d6366fc84db1e401df41172b5ef6ed,exp-1783177759379-d57a877a,5c2af30d4158,74076e1,3.11.15,Darwin 24.6.0,2147483648,run_real_ticket_recovery_experiment.py,real_ticket_recovery
ticket-recovery-wrong_session_ticket-m500-p128-r7-1783177793657388,wrong_session_ticket,500,128,7,150,150,0,0,True,wrong_session_ticket attack at seq=150,True,False,no ticket in response,memory_ticket invalid: session_id mismatch,False,0.27,2,1157,False,,False,False,no ticket in response,0.02,150,a9deb320807a38ed3b0761d00f9642a8c9d9db82ceb45077d2d7db3b4f15aaab,exp-1783177759379-d57a877a,5c2af30d4158,74076e1,3.11.15,Darwin 24.6.0,2147483648,run_real_ticket_recovery_experiment.py,real_ticket_recovery
ticket-recovery-wrong_session_ticket-m500-p128-r8-1783177793782776,wrong_session_ticket,500,128,8,150,150,0,0,True,wrong_session_ticket attack at seq=150,True,False,no ticket in response,memory_ticket invalid: session_id mismatch,False,0.17,2,1156,False,,False,False,no ticket in response,0.02,150,87cd10ee92d67feb583c676b8037568eec3681e62c80a4af3128cbeb1d61b2cd,exp-1783177759379-d57a877a,5c2af30d4158,74076e1,3.11.15,Darwin 24.6.0,2147483648,run_real_ticket_recovery_experiment.py,real_ticket_recovery
ticket-recovery-wrong_session_ticket-m500-p128-r9-1783177793908594,wrong_session_ticket,500,128,9,150,150,0,0,True,wrong_session_ticket attack at seq=150,True,False,no ticket in response,memory_ticket invalid: session_id mismatch,False,0.2,2,1156,False,,False,False,no ticket in response,0.02,150,c45fc127084f06cee646c46b07923e127918673224ba216524fd991ba71ebd15,exp-1783177759379-d57a877a,5c2af30d4158,74076e1,3.11.15,Darwin 24.6.0,2147483648,run_real_ticket_recovery_experiment.py,real_ticket_recovery
ticket-recovery-wrong_session_ticket-m500-p128-r10-1783177794036414,wrong_session_ticket,500,128,10,150,150,0,0,True,wrong_session_ticket attack at seq=150,True,False,no ticket in response,memory_ticket invalid: session_id mismatch,False,0.3,2,1159,False,,False,False,no ticket in response,0.02,150,8ade6314c6de697894afa0451f26e04530113961fa2db439e74596918d07eb94,exp-1783177759379-d57a877a,5c2af30d4158,74076e1,3.11.15,Darwin 24.6.0,2147483648,run_real_ticket_recovery_experiment.py,real_ticket_recovery
ticket-recovery-wrong_session_ticket-m500-p128-r11-1783177794164547,wrong_session_ticket,500,128,11,150,150,0,0,True,wrong_session_ticket attack at seq=150,True,False,no ticket in response,memory_ticket invalid: session_id mismatch,False,0.26,2,1161,False,,False,False,no ticket in response,0.02,150,83bc1312b69913bf8d3b59f6a038ff097eeb35f1f38c7b36affeb4d0981d2076,exp-1783177759379-d57a877a,5c2af30d4158,74076e1,3.11.15,Darwin 24.6.0,2147483648,run_real_ticket_recovery_experiment.py,real_ticket_recovery
ticket-recovery-wrong_session_ticket-m500-p128-r12-1783177794290541,wrong_session_ticket,500,128,12,150,150,0,0,True,wrong_session_ticket attack at seq=150,True,False,no ticket in response,memory_ticket invalid: session_id mismatch,False,0.21,2,1158,False,,False,False,no ticket in response,0.02,150,8723110ffe6f9f1cc174bba6ab33e8caa8eacb57646b806a2486e5b784805dc7,exp-1783177759379-d57a877a,5c2af30d4158,74076e1,3.11.15,Darwin 24.6.0,2147483648,run_real_ticket_recovery_experiment.py,real_ticket_recovery
ticket-recovery-wrong_session_ticket-m500-p128-r13-1783177794417837,wrong_session_ticket,500,128,13,150,150,0,0,True,wrong_session_ticket attack at seq=150,True,False,no ticket in response,memory_ticket invalid: session_id mismatch,False,0.2,2,1159,False,,False,False,no ticket in response,0.02,150,6382a7cea21449ca079a4d37472c81bfb1b46e01ae6c1815e2bd0f86b3222e2b,exp-1783177759379-d57a877a,5c2af30d4158,74076e1,3.11.15,Darwin 24.6.0,2147483648,run_real_ticket_recovery_experiment.py,real_ticket_recovery
ticket-recovery-wrong_session_ticket-m500-p128-r14-1783177794543898,wrong_session_ticket,500,128,14,150,150,0,0,True,wrong_session_ticket attack at seq=150,True,False,no ticket in response,memory_ticket invalid: session_id mismatch,False,0.2,2,1159,False,,False,False,no ticket in response,0.02,150,4d40380ffb78d925f958f158fe6beafa1112049fa48c0752c4729916fc2d4bbf,exp-1783177759379-d57a877a,5c2af30d4158,74076e1,3.11.15,Darwin 24.6.0,2147483648,run_real_ticket_recovery_experiment.py,real_ticket_recovery
ticket-recovery-wrong_session_ticket-m500-p128-r15-1783177794669998,wrong_session_ticket,500,128,15,150,150,0,0,True,wrong_session_ticket attack at seq=150,True,False,no ticket in response,memory_ticket invalid: session_id mismatch,False,0.26,2,1159,False,,False,False,no ticket in response,0.02,150,7e1f16e79e73a29ceb408c0bb9baba8cfe2ff50a816f2133bc03b4dbbd1cdd8f,exp-1783177759379-d57a877a,5c2af30d4158,74076e1,3.11.15,Darwin 24.6.0,2147483648,run_real_ticket_recovery_experiment.py,real_ticket_recovery
ticket-recovery-wrong_session_ticket-m500-p128-r16-1783177794795410,wrong_session_ticket,500,128,16,150,150,0,0,True,wrong_session_ticket attack at seq=150,True,False,no ticket in response,memory_ticket invalid: session_id mismatch,False,0.29,2,1159,False,,False,False,no ticket in response,0.02,150,72040fad406fa0de6ca46d30426e7a2546a9524b814cbbf62fdc833ae4bb5f9a,exp-1783177759379-d57a877a,5c2af30d4158,74076e1,3.11.15,Darwin 24.6.0,2147483648,run_real_ticket_recovery_experiment.py,real_ticket_recovery
ticket-recovery-wrong_session_ticket-m500-p128-r17-1783177794923096,wrong_session_ticket,500,128,17,150,150,0,0,True,wrong_session_ticket attack at seq=150,True,False,no ticket in response,memory_ticket invalid: session_id mismatch,False,0.25,2,1158,False,,False,False,no ticket in response,0.02,150,d21b10e43997d74471fd39de5a32fb532d33dd80c4c8693a83e290d5cd4056dd,exp-1783177759379-d57a877a,5c2af30d4158,74076e1,3.11.15,Darwin 24.6.0,2147483648,run_real_ticket_recovery_experiment.py,real_ticket_recovery
ticket-recovery-wrong_session_ticket-m500-p128-r18-1783177795051145,wrong_session_ticket,500,128,18,150,150,0,0,True,wrong_session_ticket attack at seq=150,True,False,no ticket in response,memory_ticket invalid: session_id mismatch,False,0.27,2,1159,False,,False,False,no ticket in response,0.02,150,3fe47246ba8ab95cc371a3b8221b6440cb308f06fe7e56f2904adf7ed11a9b05,exp-1783177759379-d57a877a,5c2af30d4158,74076e1,3.11.15,Darwin 24.6.0,2147483648,run_real_ticket_recovery_experiment.py,real_ticket_recovery
ticket-recovery-wrong_session_ticket-m500-p128-r19-1783177795179819,wrong_session_ticket,500,128,19,150,150,0,0,True,wrong_session_ticket attack at seq=150,True,False,no ticket in response,memory_ticket invalid: session_id mismatch,False,0.25,2,1159,False,,False,False,no ticket in response,0.02,150,40bb67bafee0eb006e71d18c0f84b43df77c68cb8c8ddce1d2fc103a94c62313,exp-1783177759379-d57a877a,5c2af30d4158,74076e1,3.11.15,Darwin 24.6.0,2147483648,run_real_ticket_recovery_experiment.py,real_ticket_recovery
ticket-recovery-wrong_session_ticket-m500-p128-r20-1783177795309507,wrong_session_ticket,500,128,20,150,150,0,0,True,wrong_session_ticket attack at seq=150,True,False,no ticket in response,memory_ticket invalid: session_id mismatch,False,0.19,2,1159,False,,False,False,no ticket in response,0.02,150,4ceabd2b9d6ecf224d1230fdad8acfad90b2d4f25d3395e87d824144bace437a,exp-1783177759379-d57a877a,5c2af30d4158,74076e1,3.11.15,Darwin 24.6.0,2147483648,run_real_ticket_recovery_experiment.py,real_ticket_recovery
ticket-recovery-wrong_session_ticket-m500-p128-r21-1783177795436427,wrong_session_ticket,500,128,21,150,150,0,0,True,wrong_session_ticket attack at seq=150,True,False,no ticket in response,memory_ticket invalid: session_id mismatch,False,0.23,2,1157,False,,False,False,no ticket in response,0.02,150,1709b91e6fd12c2dcd619ae73b7253eb201425b9dfc54cd818682ad1b08536fc,exp-1783177759379-d57a877a,5c2af30d4158,74076e1,3.11.15,Darwin 24.6.0,2147483648,run_real_ticket_recovery_experiment.py,real_ticket_recovery
ticket-recovery-wrong_session_ticket-m500-p128-r22-1783177795559499,wrong_session_ticket,500,128,22,150,150,0,0,True,wrong_session_ticket attack at seq=150,True,False,no ticket in response,memory_ticket invalid: session_id mismatch,False,0.27,2,1157,False,,False,False,no ticket in response,0.02,150,552d4c7f0628beed4efd0bdc97a84f5d666a8e1e7776154cef54968b7483b775,exp-1783177759379-d57a877a,5c2af30d4158,74076e1,3.11.15,Darwin 24.6.0,2147483648,run_real_ticket_recovery_experiment.py,real_ticket_recovery
ticket-recovery-wrong_session_ticket-m500-p128-r23-1783177795684504,wrong_session_ticket,500,128,23,150,150,0,0,True,wrong_session_ticket attack at seq=150,True,False,no ticket in response,memory_ticket invalid: session_id mismatch,False,1.8,2,1160,False,,False,False,no ticket in response,0.03,150,315598f2fd18cf99725ffcf02162d9c1b139804b07f5875b90f2d8fdb25f8ede,exp-1783177759379-d57a877a,5c2af30d4158,74076e1,3.11.15,Darwin 24.6.0,2147483648,run_real_ticket_recovery_experiment.py,real_ticket_recovery
ticket-recovery-wrong_session_ticket-m500-p128-r24-1783177795815394,wrong_session_ticket,500,128,24,150,150,0,0,True,wrong_session_ticket attack at seq=150,True,False,no ticket in response,memory_ticket invalid: session_id mismatch,False,0.23,2,1159,False,,False,False,no ticket in response,0.02,150,aa88db1e69aa264a525bff501dc77349eedc7ef4ff18aa98db39458c21b29411,exp-1783177759379-d57a877a,5c2af30d4158,74076e1,3.11.15,Darwin 24.6.0,2147483648,run_real_ticket_recovery_experiment.py,real_ticket_recovery
ticket-recovery-wrong_session_ticket-m500-p128-r25-1783177795943086,wrong_session_ticket,500,128,25,150,150,0,0,True,wrong_session_ticket attack at seq=150,True,False,no ticket in response,memory_ticket invalid: session_id mismatch,False,0.22,2,1160,False,,False,False,no ticket in response,0.02,150,26fa2bb4075cbd4b33883b0de38751857340e8504732c02b5236ed1f13ae8a18,exp-1783177759379-d57a877a,5c2af30d4158,74076e1,3.11.15,Darwin 24.6.0,2147483648,run_real_ticket_recovery_experiment.py,real_ticket_recovery
ticket-recovery-wrong_session_ticket-m500-p128-r26-1783177796067891,wrong_session_ticket,500,128,26,150,150,0,0,True,wrong_session_ticket attack at seq=150,True,False,no ticket in response,memory_ticket invalid: session_id mismatch,False,0.27,2,1160,False,,False,False,no ticket in response,0.03,150,07733b6ec77586cdfdeb9293d3a953d5b70022d199facf32aab0efab0ba39682,exp-1783177759379-d57a877a,5c2af30d4158,74076e1,3.11.15,Darwin 24.6.0,2147483648,run_real_ticket_recovery_experiment.py,real_ticket_recovery
ticket-recovery-wrong_session_ticket-m500-p128-r27-1783177796198517,wrong_session_ticket,500,128,27,150,150,0,0,True,wrong_session_ticket attack at seq=150,True,False,no ticket in response,memory_ticket invalid: session_id mismatch,False,0.24,2,1160,False,,False,False,no ticket in response,0.02,150,5fc3ee4a3351a5202798f672b05366a27a8cf198f86076234cc20ece8c0dbb81,exp-1783177759379-d57a877a,5c2af30d4158,74076e1,3.11.15,Darwin 24.6.0,2147483648,run_real_ticket_recovery_experiment.py,real_ticket_recovery
ticket-recovery-wrong_session_ticket-m500-p128-r28-1783177796324393,wrong_session_ticket,500,128,28,150,150,0,0,True,wrong_session_ticket attack at seq=150,True,False,no ticket in response,memory_ticket invalid: session_id mismatch,False,0.22,2,1159,False,,False,False,no ticket in response,0.02,150,e0ad62df7d2b29b3860a16ff39ddd2e0a1170558c5c21724b077f0a63c3abd17,exp-1783177759379-d57a877a,5c2af30d4158,74076e1,3.11.15,Darwin 24.6.0,2147483648,run_real_ticket_recovery_experiment.py,real_ticket_recovery
ticket-recovery-wrong_session_ticket-m500-p128-r29-1783177796451160,wrong_session_ticket,500,128,29,150,150,0,0,True,wrong_session_ticket attack at seq=150,True,False,no ticket in response,memory_ticket invalid: session_id mismatch,False,0.23,2,1158,False,,False,False,no ticket in response,0.02,150,c066299207ccca2a2af445f8325411197209b62137e5217ced96b6d9420e9c7f,exp-1783177759379-d57a877a,5c2af30d4158,74076e1,3.11.15,Darwin 24.6.0,2147483648,run_real_ticket_recovery_experiment.py,real_ticket_recovery
ticket-recovery-wrong_session_ticket-m500-p128-r30-1783177796576204,wrong_session_ticket,500,128,30,150,150,0,0,True,wrong_session_ticket attack at seq=150,True,False,no ticket in response,memory_ticket invalid: session_id mismatch,False,0.23,2,1160,False,,False,False,no ticket in response,0.02,150,f0091d578762a0cfcd6607d365fc9ff2a3f0b937d01535eee12324e311dd3c9d,exp-1783177759379-d57a877a,5c2af30d4158,74076e1,3.11.15,Darwin 24.6.0,2147483648,run_real_ticket_recovery_experiment.py,real_ticket_recovery
