mode,protocol,msg_count,payload_size,wall_time_sec,throughput_msg_per_sec,build_mean_us,build_std_us,build_p50_us,build_p95_us,build_p99_us,verify_mean_us,verify_std_us,verify_p50_us,verify_p95_us,verify_p99_us,e2e_mean_us,e2e_std_us,e2e_p50_us,e2e_p95_us,e2e_p99_us,repeat_id
local,gmcp_r,500,64,0.0069,72545.25,6.06,1.04,5.917,6.4191,9.0881,7.09,2.88,6.833,7.2111,9.7105,13.16,3.34,12.75,13.5872,20.6144,1
local,gmcp_r,500,64,0.0068,73251.12,6.07,1.15,5.958,6.208,8.3401,6.98,1.18,6.834,7.167,9.2123,13.05,2.09,12.792,13.333,17.6362,2
local,gmcp_r,500,64,0.0069,72296.56,6.22,4.66,5.875,6.336,8.9697,7.04,2.43,6.792,7.1691,8.7178,13.25,5.92,12.667,13.8423,19.691,3
local,gmcp_r,500,64,0.0068,73633.64,6.04,0.88,5.875,6.375,9.5844,6.94,1.25,6.833,7.125,8.6699,12.98,1.79,12.667,13.5831,17.2927,4
local,gmcp_r,500,64,0.0067,74215.63,6.03,2.44,5.833,6.2081,6.8351,6.89,1.47,6.75,7.125,7.885,12.92,3.27,12.583,13.291,15.0279,5
local,gmcp_r,500,64,0.0066,75218.6,5.97,3.42,5.75,6.166,6.6283,6.79,0.86,6.667,7.125,7.334,12.77,3.86,12.416,13.2081,14.1292,6
local,gmcp_r,500,64,0.0068,73700.56,5.99,1.31,5.709,6.7173,9.7093,6.96,3.23,6.666,7.208,7.7558,12.95,3.61,12.375,14.708,21.8788,7
local,gmcp_r,500,64,0.0069,72900.91,6.32,3.62,5.75,8.4601,12.0163,6.81,1.65,6.625,7.167,9.1802,13.13,4.43,12.417,15.2521,33.8605,8
local,gmcp_r,500,64,0.0067,75075.08,5.91,0.94,5.708,7.333,9.2957,6.85,3.75,6.583,7.083,8.7115,12.76,3.95,12.291,14.377,17.4653,9
local,gmcp_r,500,64,0.0065,76616.61,5.87,3.73,5.6665,5.8361,6.2949,6.65,1.25,6.583,6.75,7.042,12.52,4.97,12.25,12.583,13.343,10
local,gmcp_r,500,64,0.0064,77907.41,5.68,0.16,5.666,5.8331,6.0004,6.65,1.2,6.583,6.75,6.9183,12.33,1.23,12.209,12.5411,12.8415,11
local,gmcp_r,500,64,0.0068,73227.0,6.17,2.72,5.959,6.417,8.6279,6.93,0.64,6.833,7.334,7.9174,13.09,3.3,12.792,13.708,15.7525,12
local,gmcp_r,500,64,0.0069,72215.2,6.1,1.32,5.9165,6.458,10.0021,7.15,3.66,6.833,7.25,11.9632,13.25,4.16,12.75,13.6691,27.0098,13
local,gmcp_r,500,64,0.0069,72307.02,6.19,2.16,5.958,6.5831,8.6604,7.05,1.36,6.875,7.583,11.4709,13.24,2.98,12.8335,14.1271,23.6829,14
local,gmcp_r,500,64,0.0068,73883.89,6.05,2.29,5.875,6.208,6.7092,6.91,1.65,6.792,7.0861,7.6254,12.96,3.91,12.708,13.252,14.3792,15
local,gmcp_r,500,64,0.0068,73914.83,6.01,2.16,5.875,6.084,7.8334,6.97,2.15,6.791,7.042,8.0004,12.98,3.72,12.666,13.086,16.8804,16
local,gmcp_r,500,64,0.0066,76264.56,5.81,0.18,5.792,6.042,6.3348,6.78,0.62,6.709,7.0411,7.333,12.59,0.69,12.5,13.083,13.5414,17
local,gmcp_r,500,64,0.0064,78037.62,5.68,0.08,5.667,5.833,6.0,6.62,0.07,6.625,6.75,6.833,12.3,0.12,12.291,12.541,12.75,18
local,gmcp_r,500,64,0.0069,72096.75,6.25,1.58,5.958,8.3464,10.1678,7.0,1.6,6.8335,7.3331,8.8762,13.24,2.66,12.791,15.4652,17.5067,19
local,gmcp_r,500,64,0.0066,75416.2,5.92,2.67,5.75,6.042,6.5083,6.81,2.01,6.667,6.958,7.2504,12.73,3.92,12.375,12.959,15.0234,20
local,gmcp_r,500,64,0.0066,75508.74,5.91,1.56,5.833,5.959,6.2517,6.8,1.4,6.75,6.917,7.083,12.71,2.2,12.584,12.875,13.2918,21
local,gmcp_r,500,64,0.0065,76886.11,5.78,0.25,5.75,6.125,6.5004,6.71,0.25,6.667,7.0831,7.4174,12.5,0.46,12.375,13.208,13.5834,22
local,gmcp_r,500,64,0.0065,76609.77,5.84,1.21,5.708,6.2521,6.5842,6.69,0.25,6.625,7.125,7.5004,12.53,1.4,12.333,13.417,14.041,23
local,gmcp_r,500,64,0.0066,75622.94,5.96,3.29,5.792,6.0,6.3344,6.76,0.25,6.75,6.958,7.2914,12.71,3.5,12.583,12.9611,13.417,24
local,gmcp_r,500,64,0.0068,73574.04,6.14,3.35,5.875,6.25,8.047,6.91,0.72,6.792,7.167,7.5481,13.05,4.05,12.667,13.334,15.7504,25
local,gmcp_r,500,64,0.007,71131.77,6.32,3.62,5.916,6.459,9.7396,7.13,2.87,6.833,7.3351,11.0799,13.45,5.69,12.75,13.7152,38.2382,26
local,gmcp_r,500,64,0.0065,76384.47,5.83,1.48,5.708,6.0,6.541,6.73,0.97,6.625,7.0,7.2098,12.56,2.05,12.333,12.958,13.5448,27
local,gmcp_r,500,64,0.0068,74013.77,6.06,1.69,5.792,6.541,9.9203,6.91,2.24,6.709,7.125,9.0033,12.96,3.06,12.5,13.8938,17.0162,28
local,gmcp_r,500,64,0.0069,72888.06,6.2,2.25,5.916,6.5,9.5029,6.91,0.74,6.833,7.208,8.0004,13.11,2.87,12.709,13.5913,16.7169,29
local,gmcp_r,500,64,0.0067,75162.54,5.93,0.89,5.834,6.1271,6.8762,6.86,0.33,6.792,7.083,7.9191,12.79,1.19,12.666,13.1661,14.505,30
local,gmcp_r,1000,64,0.0132,75657.75,5.85,0.84,5.792,6.083,6.4584,6.85,2.94,6.75,7.041,7.3348,12.71,3.72,12.542,13.125,13.9682,1
local,gmcp_r,1000,64,0.0134,74775.21,6.02,1.85,5.792,6.333,10.0017,6.82,1.54,6.709,7.0,7.3355,12.84,2.8,12.542,13.4232,16.917,2
local,gmcp_r,1000,64,0.0149,67162.92,6.87,18.52,5.792,6.667,19.6275,7.41,10.43,6.667,7.25,21.5016,14.28,22.26,12.458,14.4285,40.6741,3
local,gmcp_r,1000,64,0.013,76630.31,5.79,0.95,5.708,5.958,7.541,6.7,1.31,6.584,6.833,7.2098,12.49,1.82,12.292,12.7521,14.7987,4
local,gmcp_r,1000,64,0.0137,73116.34,6.21,3.36,5.792,8.208,10.6258,6.85,2.56,6.625,7.166,10.4688,13.06,4.62,12.458,15.0,22.7905,5
local,gmcp_r,1000,64,0.0134,74606.45,5.95,1.54,5.75,6.291,9.0528,6.89,2.65,6.666,7.0831,10.6689,12.84,3.31,12.416,13.5461,22.8887,6
local,gmcp_r,1000,64,0.0132,75584.6,5.87,1.15,5.708,6.042,9.5423,6.82,2.21,6.666,6.958,7.291,12.69,2.55,12.375,13.083,17.1799,7
local,gmcp_r,1000,64,0.0132,75976.77,5.93,1.79,5.709,6.417,9.5861,6.71,1.23,6.625,6.958,8.0013,12.64,2.69,12.334,13.9202,16.7512,8
local,gmcp_r,1000,64,0.0132,75760.69,5.93,1.79,5.708,6.125,9.5834,6.73,1.35,6.625,6.917,8.75,12.66,2.8,12.333,13.0861,18.3908,9
local,gmcp_r,1000,64,0.0133,75157.13,5.93,1.88,5.667,6.292,9.3771,6.79,1.56,6.625,7.042,11.2537,12.72,2.73,12.292,13.7941,25.167,10
local,gmcp_r,1000,64,0.013,76959.34,5.81,1.85,5.667,5.834,6.922,6.68,0.61,6.625,6.791,7.083,12.49,2.31,12.292,12.584,14.7163,11
local,gmcp_r,1000,64,0.0135,74309.16,6.07,2.49,5.708,8.208,9.9594,6.82,2.69,6.584,7.0441,9.5926,12.89,3.94,12.333,15.083,24.6275,12
local,gmcp_r,1000,64,0.0132,75930.86,5.93,2.91,5.667,6.042,8.3767,6.71,1.29,6.625,6.875,7.6392,12.64,3.39,12.333,12.958,21.9909,13
local,gmcp_r,1000,64,0.013,76916.18,5.76,0.86,5.666,5.917,8.583,6.73,2.17,6.625,6.792,7.0433,12.49,2.41,12.291,12.792,15.4601,14
local,gmcp_r,1000,64,0.0132,76002.52,5.86,1.5,5.708,6.125,8.7508,6.75,1.96,6.625,6.875,7.458,12.62,2.63,12.333,13.0441,16.5432,15
local,gmcp_r,1000,64,0.0132,75596.02,5.89,1.72,5.667,6.167,8.9316,6.8,2.03,6.625,6.9611,10.0008,12.69,2.97,12.292,13.208,26.5162,16
local,gmcp_r,1000,64,0.0133,75118.78,5.89,1.52,5.666,6.4327,9.291,6.86,2.57,6.625,6.9191,8.9584,12.74,3.44,12.292,14.208,19.7775,17
local,gmcp_r,1000,64,0.013,76836.88,5.8,1.41,5.709,5.958,6.042,6.71,0.22,6.667,6.958,7.083,12.51,1.49,12.416,12.916,13.0424,18
local,gmcp_r,1000,64,0.0133,75116.19,5.98,1.79,5.709,6.5851,9.8767,6.8,1.94,6.667,6.917,7.7525,12.78,2.94,12.416,13.7152,16.9607,19
local,gmcp_r,1000,64,0.0138,72548.76,6.0,1.0,5.791,6.542,9.9182,7.22,8.23,6.708,7.208,13.63,13.22,8.33,12.5,14.5861,28.5,20
local,gmcp_r,1000,64,0.0133,75068.5,5.92,0.94,5.709,6.461,9.458,6.86,3.67,6.708,7.0021,7.5424,12.78,3.85,12.417,13.734,16.416,21
local,gmcp_r,1000,64,0.0137,73192.15,6.13,3.11,5.833,6.4601,9.1312,7.0,2.73,6.75,7.209,8.8762,13.12,4.71,12.542,13.75,19.1043,22
local,gmcp_r,1000,64,0.0132,75550.1,5.87,1.17,5.75,6.125,8.3754,6.82,2.77,6.625,7.0,7.4178,12.7,3.09,12.375,13.166,15.7113,23
local,gmcp_r,1000,64,0.0131,76490.37,5.8,1.16,5.708,5.9581,6.4594,6.76,1.49,6.625,6.875,7.5545,12.56,2.09,12.333,12.794,16.7935,24
local,gmcp_r,1000,64,0.0137,73226.09,6.21,2.1,5.75,8.7521,10.4168,6.84,2.56,6.625,7.125,8.7508,13.05,3.82,12.416,15.8771,17.6296,25
local,gmcp_r,1000,64,0.0133,75131.48,6.0,3.13,5.75,6.291,8.2113,6.78,1.45,6.625,6.9611,8.7575,12.78,3.76,12.416,13.3382,16.8351,26
local,gmcp_r,1000,64,0.0135,74226.19,6.0,2.56,5.75,6.3331,9.4178,6.91,3.02,6.667,7.125,7.9657,12.91,4.22,12.417,13.5,16.7949,27
local,gmcp_r,1000,64,0.0135,73933.28,6.02,1.09,5.875,6.3771,8.2084,6.95,2.52,6.75,7.25,8.583,12.97,2.98,12.625,13.5851,16.2973,28
local,gmcp_r,1000,64,0.0134,74427.14,6.03,2.24,5.75,6.208,11.8755,6.85,2.18,6.625,7.083,9.2157,12.89,3.51,12.375,13.3331,29.5196,29
local,gmcp_r,1000,64,0.0131,76221.2,5.91,1.74,5.709,6.042,8.583,6.66,0.64,6.584,6.833,7.25,12.57,2.11,12.333,12.917,15.7508,30
local,gmcp_r,500,128,0.0067,74084.59,6.11,1.71,6.0,6.125,6.375,6.9,0.12,6.875,7.0021,7.1254,13.0,1.8,12.875,13.125,13.6664,1
local,gmcp_r,500,128,0.0067,74791.06,6.01,0.07,6.0,6.125,6.208,6.87,0.07,6.875,7.0,7.0844,12.88,0.11,12.875,13.083,13.2504,2
local,gmcp_r,500,128,0.0071,70046.41,6.41,1.71,6.125,7.4643,10.2621,7.23,1.31,7.0,7.666,11.3759,13.64,2.54,13.125,16.0441,28.3996,3
local,gmcp_r,500,128,0.0072,69699.37,6.57,2.72,6.0,9.002,10.6692,7.22,3.01,6.916,7.5,10.8427,13.8,4.41,12.958,16.4611,36.0905,4
local,gmcp_r,500,128,0.007,71322.43,6.25,1.36,5.959,8.0146,10.6668,7.22,2.83,6.875,7.4581,15.7725,13.47,3.36,12.875,15.4652,30.4245,5
local,gmcp_r,500,128,0.0069,72251.29,6.28,2.78,5.959,6.461,9.2542,7.04,1.44,6.875,7.333,8.5042,13.32,3.92,12.833,13.833,17.5876,6
local,gmcp_r,500,128,0.0067,74853.1,5.96,0.08,5.958,6.084,6.25,6.9,0.09,6.875,7.042,7.25,12.87,0.15,12.834,13.0861,13.458,7
local,gmcp_r,500,128,0.0067,74710.03,5.98,0.12,5.958,6.125,6.3338,6.91,0.17,6.916,7.042,7.3754,12.9,0.25,12.875,13.125,13.7914,8
local,gmcp_r,500,128,0.0069,71961.86,6.37,4.04,6.0,7.0041,10.0021,7.0,0.79,6.916,7.375,8.6262,13.37,4.73,12.916,14.4233,17.3775,9
local,gmcp_r,500,128,0.0073,68435.73,6.58,3.05,6.0205,7.9643,16.2917,7.43,2.85,6.958,8.3792,17.2546,14.01,4.72,12.958,17.458,40.8476,10
local,gmcp_r,500,128,0.0077,65255.69,6.74,2.45,6.041,9.1101,19.7957,7.93,3.41,7.0,15.3372,24.5,14.68,5.11,13.0,23.4191,38.6421,11
local,gmcp_r,500,128,0.0067,74645.89,5.96,0.08,5.958,6.0861,6.292,6.94,0.09,6.917,7.083,7.208,12.9,0.14,12.875,13.125,13.4594,12
local,gmcp_r,500,128,0.007,71570.43,6.21,1.32,6.0,6.5872,10.0017,7.24,2.73,6.959,7.583,9.2943,13.44,3.19,12.959,14.2521,24.2808,13
local,gmcp_r,500,128,0.0069,72381.16,6.21,1.84,5.958,7.2111,10.208,7.07,1.8,6.916,7.377,7.9673,13.27,2.72,12.875,14.708,17.3783,14
local,gmcp_r,500,128,0.007,70935.41,6.38,2.55,6.084,6.7111,9.0424,7.15,1.16,7.0,7.5441,7.9759,13.53,3.49,13.125,14.3402,16.3942,15
local,gmcp_r,500,128,0.0071,70176.67,6.4,1.81,6.042,7.4083,10.1821,7.22,1.66,6.959,7.542,11.9199,13.62,2.83,13.0,15.461,31.6105,16
local,gmcp_r,500,128,0.0069,71947.62,6.27,1.91,6.0,6.875,9.0545,7.07,2.03,6.916,7.417,8.1254,13.35,2.98,12.916,14.1292,17.1098,17
local,gmcp_r,500,128,0.0068,73123.91,6.18,2.29,6.0,6.25,8.4189,6.97,0.7,6.917,7.083,7.2924,13.15,2.96,12.916,13.5,15.5516,18
local,gmcp_r,500,128,0.0069,72766.52,6.12,1.57,5.959,6.2911,8.422,7.11,2.17,6.917,7.167,8.6262,13.23,3.54,12.875,13.5042,17.0034,19
local,gmcp_r,500,128,0.0067,74712.82,5.97,0.08,5.958,6.125,6.1664,6.91,0.07,6.916,7.042,7.125,12.89,0.12,12.875,13.0861,13.25,20
local,gmcp_r,500,128,0.0067,74244.56,5.98,0.1,5.959,6.125,6.25,6.99,1.38,6.917,7.083,7.291,12.97,1.38,12.875,13.167,13.5013,21
local,gmcp_r,500,128,0.0072,69521.29,6.57,2.67,6.042,9.1691,12.4786,7.22,2.28,7.0,7.5021,10.1966,13.79,3.87,13.041,16.3792,26.1351,22
local,gmcp_r,500,128,0.0071,70639.35,6.36,1.72,6.084,7.0441,10.4191,7.24,2.3,6.959,7.5,11.2973,13.61,3.07,13.083,14.8792,28.0945,23
local,gmcp_r,500,128,0.0068,73010.02,6.07,0.49,6.0,6.292,7.7142,7.1,1.87,6.916,7.25,8.2621,13.17,2.0,12.8955,13.5851,18.8626,24
local,gmcp_r,500,128,0.007,71334.31,6.28,1.87,6.042,6.666,9.8817,7.13,2.79,6.917,7.375,8.0432,13.41,3.58,12.959,14.0,17.6995,25
local,gmcp_r,500,128,0.007,71588.8,6.3,2.04,6.042,6.7081,8.1342,7.13,1.58,6.958,7.667,7.958,13.44,3.47,13.0,14.333,17.0259,26
local,gmcp_r,500,128,0.0068,73531.22,6.16,2.66,5.958,6.2101,9.1283,6.92,0.92,6.875,7.0,7.375,13.08,3.54,12.833,13.25,16.5452,27
local,gmcp_r,500,128,0.007,71121.65,6.24,0.89,6.083,6.666,9.6296,7.24,2.07,6.958,7.625,10.1707,13.47,2.37,13.041,14.2952,22.14,28
local,gmcp_r,500,128,0.007,71734.72,6.22,1.32,6.0,6.6271,12.5485,7.17,1.82,6.917,7.5473,11.7201,13.39,2.55,12.916,14.1774,27.9289,29
local,gmcp_r,500,128,0.0071,70873.81,6.46,2.77,6.041,8.3771,10.3718,7.09,1.99,6.9165,7.3331,9.0878,13.54,4.47,12.958,15.458,21.815,30
local,gmcp_r,1000,128,0.0136,73581.26,6.11,1.51,5.958,6.333,9.625,6.96,0.85,6.916,7.042,7.4182,13.07,2.05,12.834,13.419,16.6681,1
local,gmcp_r,1000,128,0.0137,72940.34,6.2,1.15,6.0,7.0504,10.125,6.98,1.32,6.916,7.125,7.5004,13.18,1.82,12.916,14.542,17.0,2
local,gmcp_r,1000,128,0.0138,72351.05,6.2,1.75,6.0,6.6712,9.3771,7.08,1.84,6.916,7.333,8.2961,13.28,3.15,12.916,14.125,17.4588,3
local,gmcp_r,1000,128,0.0141,70922.61,6.44,2.8,6.041,8.0851,10.4609,7.06,2.25,6.875,7.2941,9.4588,13.5,3.92,12.917,15.334,27.6768,4
local,gmcp_r,1000,128,0.0134,74483.96,5.98,0.23,5.959,6.125,6.2513,6.94,0.75,6.916,7.041,7.166,12.93,0.79,12.875,13.084,13.5414,5
local,gmcp_r,1000,128,0.014,71391.81,6.44,2.49,6.0,8.9191,10.3754,7.01,2.18,6.833,7.208,8.7914,13.45,3.83,12.875,16.0,17.6699,6
local,gmcp_r,1000,128,0.0138,72280.45,6.15,1.61,5.958,6.458,9.2937,7.13,2.26,6.917,7.25,9.0208,13.28,3.11,12.875,13.7521,22.1201,7
local,gmcp_r,1000,128,0.0139,71777.41,6.26,2.26,5.959,6.6354,10.2928,7.11,2.26,6.917,7.166,9.1283,13.37,4.04,12.916,13.9181,20.7216,8
local,gmcp_r,1000,128,0.0141,70998.78,6.49,8.94,5.959,7.1142,9.7088,7.07,1.86,6.916,7.2111,8.3442,13.56,9.4,12.875,14.875,18.4245,9
local,gmcp_r,1000,128,0.0137,73112.56,6.1,1.94,5.9585,6.167,6.5876,7.04,1.48,6.917,7.0861,8.0562,13.14,2.74,12.875,13.292,20.547,10
local,gmcp_r,1000,128,0.0142,70655.57,6.43,2.17,6.041,8.5063,10.583,7.17,2.99,6.916,7.291,10.5017,13.6,4.09,12.958,15.75,30.5934,11
local,gmcp_r,1000,128,0.0142,70665.14,6.39,2.53,6.041,7.25,10.5433,7.21,1.5,6.958,7.666,13.2165,13.6,3.41,12.959,15.041,26.7094,12
local,gmcp_r,1000,128,0.0139,72100.0,6.18,1.72,6.0,6.458,9.5424,7.13,2.71,6.917,7.333,9.2113,13.31,3.58,12.875,13.916,18.4327,13
local,gmcp_r,1000,128,0.0139,71798.25,6.25,1.07,5.959,8.0482,10.2094,7.15,3.47,6.875,7.292,9.7513,13.4,3.77,12.875,15.5,20.4722,14
local,gmcp_r,1000,128,0.0141,71034.08,6.4,2.47,6.0,8.3024,10.4174,7.13,1.73,6.917,7.375,10.02,13.53,3.42,12.917,15.7931,27.6151,15
local,gmcp_r,1000,128,0.0136,73280.65,6.11,1.84,6.0,6.3771,7.625,7.01,1.27,6.916,7.25,7.6678,13.13,2.67,12.875,13.669,16.1267,16
local,gmcp_r,1000,128,0.0135,74303.63,6.04,1.78,5.958,6.0831,6.3344,6.9,0.49,6.875,7.0,7.1254,12.95,2.26,12.834,13.041,13.5844,17
local,gmcp_r,1000,128,0.0138,72256.95,6.23,2.35,6.0,6.6691,9.7088,7.05,1.7,6.875,7.334,8.7945,13.28,3.6,12.875,14.3392,18.2132,18
local,gmcp_r,1000,128,0.0137,72947.44,6.2,1.97,5.959,6.5851,9.1685,6.97,0.47,6.917,7.208,7.875,13.17,2.4,12.875,13.833,16.4202,19
local,gmcp_r,1000,128,0.0136,73407.07,6.03,0.69,5.959,6.125,6.8754,7.08,2.46,6.917,7.083,7.8355,13.11,2.61,12.875,13.167,15.0012,20
local,gmcp_r,1000,128,0.014,71448.99,6.31,2.27,6.0,7.625,9.8754,7.14,2.41,6.916,7.334,8.2209,13.46,3.97,12.916,14.7625,19.3422,21
local,gmcp_r,1000,128,0.014,71281.13,6.31,2.18,6.0,7.0861,9.9715,7.15,1.66,6.958,7.4191,11.312,13.46,3.0,12.959,14.917,25.6728,22
local,gmcp_r,1000,128,0.0136,73693.78,6.1,1.83,5.958,6.2111,8.4618,6.96,0.76,6.917,7.0831,7.291,13.06,2.38,12.875,13.292,15.6703,23
local,gmcp_r,1000,128,0.0143,70068.49,6.54,3.71,6.042,8.7941,10.458,7.16,2.06,6.917,7.458,11.422,13.7,5.1,13.0,16.0431,22.5468,24
local,gmcp_r,1000,128,0.0139,71789.87,6.3,2.28,6.0,6.8771,9.9593,7.08,1.68,6.917,7.334,9.5,13.38,3.15,12.917,14.5861,21.3087,25
local,gmcp_r,1000,128,0.0142,70549.02,6.47,3.21,6.0,7.791,12.8426,7.15,1.65,6.958,7.5,11.1325,13.62,4.4,12.917,15.208,33.7985,26
local,gmcp_r,1000,128,0.0261,38256.64,12.12,71.96,6.167,19.5021,56.79,12.07,33.55,7.083,22.125,103.8809,24.2,80.81,13.25,44.0479,218.1313,27
local,gmcp_r,1000,128,0.0159,62930.19,7.42,12.51,6.167,6.792,25.8143,7.74,6.02,7.1045,7.666,21.9636,15.15,14.81,13.292,14.419,53.7687,28
local,gmcp_r,1000,128,0.0139,71806.62,6.24,2.96,6.042,6.541,7.463,7.15,2.09,6.958,7.458,8.0418,13.39,4.02,13.0,14.0,17.5058,29
local,gmcp_r,1000,128,0.0138,72459.61,6.24,1.26,6.0,7.916,10.0414,7.04,2.0,6.875,7.208,9.0848,13.28,2.52,12.875,15.0461,19.2136,30
local,gmcp_r,500,256,0.0075,66783.54,6.88,2.53,6.5,8.9601,10.3363,7.48,1.35,7.375,7.625,7.9187,14.36,3.12,13.917,16.3382,17.9212,1
local,gmcp_r,500,256,0.0074,67653.28,6.63,1.25,6.5,6.958,8.6695,7.61,2.25,7.417,7.75,8.2084,14.24,2.64,13.958,14.8351,16.8767,2
local,gmcp_r,500,256,0.0075,66603.76,6.83,2.59,6.5,7.1271,10.0503,7.64,1.52,7.417,7.919,11.2671,14.46,3.45,13.958,15.2562,25.1982,3
local,gmcp_r,500,256,0.0072,69395.05,6.5,0.08,6.5,6.625,6.667,7.41,0.08,7.416,7.542,7.667,13.91,0.13,13.875,14.125,14.333,4
local,gmcp_r,500,256,0.0072,68995.65,6.54,0.08,6.541,6.6691,6.7504,7.45,0.08,7.417,7.583,7.6678,13.98,0.14,13.958,14.209,14.4174,5
local,gmcp_r,500,256,0.0078,63789.07,7.32,4.58,6.667,9.708,10.8357,7.78,2.19,7.583,8.292,9.9199,15.1,6.55,14.25,17.5482,19.0901,6
local,gmcp_r,500,256,0.0076,65718.5,6.87,1.45,6.583,8.7962,10.51,7.79,2.91,7.458,8.0,13.9358,14.66,3.47,14.0,16.4621,29.2345,7
local,gmcp_r,500,256,0.0074,67682.27,6.7,3.3,6.5,6.7521,8.2927,7.53,1.36,7.417,7.625,7.875,14.23,4.09,13.958,14.3771,16.6283,8
local,gmcp_r,500,256,0.0074,67689.91,6.74,2.74,6.5,6.7111,9.8348,7.52,1.48,7.458,7.584,7.7937,14.26,4.17,13.958,14.3372,17.1279,9
local,gmcp_r,500,256,0.0073,68840.1,6.53,0.12,6.5,6.666,7.0008,7.49,0.15,7.459,7.625,8.0033,14.01,0.25,13.959,14.25,15.0427,10
local,gmcp_r,500,256,0.0075,66578.27,6.75,2.85,6.5,7.042,9.5033,7.66,1.94,7.5,7.8771,8.8842,14.41,4.64,14.0,15.1271,17.7742,11
local,gmcp_r,500,256,0.0077,65053.34,7.05,1.77,6.625,9.541,11.2508,7.76,2.5,7.5205,8.0861,9.6664,14.8,3.25,14.166,17.0861,21.3972,12
local,gmcp_r,500,256,0.0075,67099.84,6.81,3.09,6.5,7.5881,9.7554,7.55,1.26,7.458,7.791,8.2512,14.36,3.94,13.917,15.2143,18.0008,13
local,gmcp_r,500,256,0.0074,67545.89,6.76,2.3,6.541,7.0021,9.7521,7.51,0.84,7.417,7.75,8.2529,14.27,3.07,13.958,14.7583,17.7107,14
local,gmcp_r,500,256,0.0074,67935.17,6.61,0.53,6.542,6.709,9.4164,7.58,2.61,7.4375,7.583,7.8779,14.19,2.67,14.0,14.291,17.0482,15
local,gmcp_r,500,256,0.0073,68326.63,6.58,0.84,6.541,6.709,7.083,7.52,0.41,7.5,7.625,7.833,14.11,0.94,14.0,14.333,15.1673,16
local,gmcp_r,500,256,0.0075,66894.85,6.81,3.61,6.542,6.959,7.2949,7.61,0.93,7.5,7.959,8.2504,14.42,4.51,14.042,14.8771,15.5033,17
local,gmcp_r,500,256,0.0076,65836.04,6.93,1.27,6.584,9.417,9.8342,7.7,2.9,7.417,7.833,9.7621,14.62,3.25,14.041,17.0041,28.1995,18
local,gmcp_r,500,256,0.0076,66013.87,6.81,1.85,6.5,8.2521,10.0054,7.76,3.04,7.416,8.0,11.4055,14.57,4.15,13.917,16.2541,25.5342,19
local,gmcp_r,500,256,0.0074,67349.14,6.59,0.73,6.458,6.875,9.2538,7.68,2.75,7.417,7.7941,9.6097,14.27,2.88,13.875,14.9673,21.6321,20
local,gmcp_r,500,256,0.0073,68826.28,6.51,0.3,6.459,6.625,7.0158,7.48,0.36,7.458,7.625,7.8509,14.0,0.48,13.917,14.208,16.5855,21
local,gmcp_r,500,256,0.0074,67952.86,6.59,0.45,6.5,6.875,7.5457,7.59,1.11,7.459,7.917,9.7928,14.18,1.26,14.0,14.7521,17.4584,22
local,gmcp_r,500,256,0.0079,63313.52,7.52,11.22,6.584,9.5,10.3758,7.69,1.59,7.5,8.125,9.0969,15.21,11.85,14.125,16.917,18.213,23
local,gmcp_r,500,256,0.0073,68083.95,6.57,1.13,6.458,6.875,9.4216,7.59,1.85,7.459,7.916,8.1262,14.16,2.21,13.917,14.834,17.2504,24
local,gmcp_r,500,256,0.0072,69245.28,6.47,0.16,6.458,6.5861,6.7093,7.46,0.31,7.458,7.583,7.6254,13.93,0.35,13.875,14.1271,14.4178,25
local,gmcp_r,500,256,0.0075,66480.15,6.76,0.43,6.708,7.0,7.3338,7.71,1.13,7.625,8.0,8.208,14.47,1.27,14.333,15.0,15.4168,26
local,gmcp_r,500,256,0.0077,65065.34,6.92,1.85,6.666,7.4601,12.3394,7.89,3.67,7.542,8.125,13.8178,14.8,4.31,14.25,15.9622,27.4657,27
local,gmcp_r,500,256,0.0076,66005.51,6.79,0.79,6.667,7.2521,8.6683,7.8,3.6,7.584,8.1271,9.6674,14.59,3.71,14.25,15.375,18.5017,28
local,gmcp_r,500,256,0.0075,66842.31,6.7,0.36,6.666,7.042,7.25,7.73,1.57,7.625,8.0831,8.375,14.43,1.65,14.291,15.0861,15.4588,29
local,gmcp_r,500,256,0.0073,68285.8,6.65,2.27,6.459,6.667,9.2134,7.47,1.0,7.375,7.5441,8.1674,14.12,3.1,13.875,14.3351,17.0843,30
local,gmcp_r,1000,256,0.0145,69043.49,6.51,0.4,6.459,6.625,7.0,7.45,0.58,7.416,7.583,8.0428,13.96,0.73,13.875,14.167,15.209,1
local,gmcp_r,1000,256,0.0152,65731.81,6.9,1.68,6.542,9.125,10.5873,7.76,3.42,7.417,8.125,11.4224,14.67,4.16,14.0,16.958,23.8954,2
local,gmcp_r,1000,256,0.0148,67410.62,6.74,1.89,6.5,7.0,10.1275,7.56,1.1,7.458,7.833,8.958,14.3,2.62,13.958,14.833,20.3397,3
local,gmcp_r,1000,256,0.0151,66089.3,6.89,2.87,6.541,8.5063,10.2918,7.68,2.66,7.417,7.917,9.5918,14.57,4.63,13.917,16.5,19.4678,4
local,gmcp_r,1000,256,0.0151,66043.11,6.84,2.06,6.542,7.2101,11.8473,7.73,2.05,7.417,8.086,13.0092,14.57,3.21,13.959,15.4663,32.5428,5
local,gmcp_r,1000,256,0.0149,66897.28,6.76,1.76,6.625,6.9191,7.9694,7.65,1.06,7.625,7.833,8.1674,14.41,2.66,14.25,14.792,17.2928,6
local,gmcp_r,1000,256,0.0148,67483.4,6.68,1.56,6.5,6.917,9.7094,7.6,2.23,7.417,7.791,9.0009,14.28,3.21,13.916,14.792,17.5423,7
local,gmcp_r,1000,256,0.0149,67270.42,6.74,2.22,6.5,7.0411,10.2093,7.58,1.68,7.375,7.8361,10.0021,14.32,3.2,13.875,14.959,24.6308,8
local,gmcp_r,1000,256,0.0147,67861.79,6.66,2.79,6.459,6.667,9.1687,7.55,2.12,7.375,7.583,7.9164,14.21,4.16,13.875,14.25,17.0418,9
local,gmcp_r,1000,256,0.0149,66979.05,6.81,2.12,6.5,7.6795,11.2504,7.58,1.31,7.417,7.8361,9.0029,14.38,2.8,13.958,16.0851,21.2504,10
local,gmcp_r,1000,256,0.0149,67133.24,6.72,1.91,6.5,7.2542,10.0004,7.62,2.69,7.416,7.75,9.5482,14.34,3.43,13.875,15.2122,23.2654,11
local,gmcp_r,1000,256,0.0151,66229.18,6.88,3.0,6.5,8.1723,10.3754,7.64,2.91,7.417,7.961,8.843,14.53,4.47,13.917,16.127,19.045,12
local,gmcp_r,1000,256,0.0153,65467.7,7.0,2.48,6.5,9.167,14.4552,7.66,2.37,7.375,7.9581,14.3334,14.67,4.16,13.916,16.7101,31.8125,13
local,gmcp_r,1000,256,0.0148,67716.46,6.69,1.51,6.5,6.8771,9.4203,7.52,1.98,7.375,7.625,9.0017,14.22,2.6,13.875,14.708,24.4592,14
local,gmcp_r,1000,256,0.0149,67096.46,6.82,2.03,6.541,8.627,10.1254,7.53,1.04,7.416,7.875,9.2105,14.35,2.52,13.917,16.459,17.9187,15
local,gmcp_r,1000,256,0.0148,67344.79,6.78,1.63,6.541,8.0976,10.1695,7.54,1.63,7.416,7.791,8.2118,14.32,2.75,13.958,16.291,18.1254,16
local,gmcp_r,1000,256,0.0153,65394.02,6.92,2.49,6.542,7.377,11.89,7.8,2.76,7.417,8.208,12.2983,14.73,4.25,13.958,15.708,35.9516,17
local,gmcp_r,1000,256,0.0149,67326.28,6.7,1.51,6.5,6.916,10.8444,7.63,2.72,7.375,7.7521,10.2941,14.33,3.33,13.875,14.708,29.5574,18
local,gmcp_r,1000,256,0.0153,65257.29,6.98,1.66,6.541,9.377,11.0,7.77,3.77,7.416,8.0021,11.8423,14.75,4.34,13.958,17.2081,33.4378,19
local,gmcp_r,1000,256,0.0148,67352.73,6.78,2.14,6.5,7.3372,9.834,7.51,1.09,7.416,7.75,9.1296,14.29,2.72,13.875,15.9663,18.9648,20
local,gmcp_r,1000,256,0.0149,67089.14,6.79,2.29,6.459,7.4631,10.7305,7.55,1.75,7.375,7.6691,9.9598,14.33,3.51,13.875,15.4223,22.7612,21
local,gmcp_r,1000,256,0.015,66601.92,6.8,1.86,6.459,9.1661,10.0861,7.68,3.5,7.375,7.875,11.5517,14.48,4.33,13.875,16.583,24.4228,22
local,gmcp_r,1000,256,0.0149,67220.49,6.73,1.77,6.5,7.125,9.7143,7.58,1.72,7.375,7.834,8.8351,14.31,2.88,13.875,15.2541,22.8846,23
local,gmcp_r,1000,256,0.0149,67311.93,6.65,1.74,6.459,6.958,9.9212,7.64,2.74,7.417,7.7521,9.0441,14.29,3.44,13.875,14.8771,21.4888,24
local,gmcp_r,1000,256,0.0146,68415.25,6.63,1.44,6.5,6.75,8.8792,7.47,1.2,7.375,7.625,8.166,14.1,2.14,13.875,14.2941,17.8771,25
local,gmcp_r,1000,256,0.015,66718.56,6.85,1.57,6.5,9.2941,10.6678,7.58,2.6,7.375,7.75,8.3376,14.43,3.5,13.875,16.75,19.0162,26
local,gmcp_r,1000,256,0.0148,67547.22,6.73,1.73,6.5,6.959,9.4593,7.53,1.65,7.375,7.708,9.964,14.26,2.95,13.916,14.75,20.2642,27
local,gmcp_r,1000,256,0.0149,67248.74,6.72,3.32,6.5,6.7111,9.8334,7.6,2.54,7.375,7.542,9.3405,14.32,5.17,13.916,14.292,22.2663,28
local,gmcp_r,1000,256,0.0149,67294.75,6.71,1.12,6.541,7.0,9.6304,7.61,2.22,7.375,7.875,10.1279,14.32,2.66,13.917,14.9611,22.5639,29
local,gmcp_r,1000,256,0.0149,66945.05,6.83,3.51,6.5,6.958,15.0229,7.55,1.73,7.416,7.708,8.7508,14.38,4.23,13.917,14.7941,25.4185,30
local,gmcp_r,500,512,0.0085,58751.82,7.79,2.15,7.5,8.2941,11.1827,8.51,1.28,8.375,8.875,10.7933,16.3,3.04,15.875,17.3393,21.2563,1
local,gmcp_r,500,512,0.0085,58969.5,7.69,1.42,7.459,8.1682,10.3722,8.58,2.65,8.375,8.792,9.2939,16.27,3.26,15.834,17.211,24.6009,2
local,gmcp_r,500,512,0.0085,59149.72,7.68,1.4,7.5,7.958,10.4524,8.58,1.6,8.375,8.833,16.0437,16.26,2.26,15.875,16.836,27.0221,3
local,gmcp_r,500,512,0.0083,60026.71,7.58,0.69,7.5,7.833,8.0503,8.44,0.14,8.416,8.75,8.916,16.02,0.74,15.916,16.542,16.8788,4
local,gmcp_r,500,512,0.0083,60039.02,7.57,1.1,7.458,7.792,8.1283,8.45,0.21,8.417,8.666,8.8754,16.02,1.26,15.875,16.4601,17.1728,5
local,gmcp_r,500,512,0.0088,56534.71,8.01,1.97,7.458,10.292,19.0171,8.8,4.17,8.375,8.958,13.5771,16.8,4.73,15.875,19.1271,33.2098,6
local,gmcp_r,500,512,0.0087,57155.65,8.13,2.87,7.541,10.2101,20.687,8.61,1.58,8.417,8.917,13.5595,16.75,3.83,15.958,18.7111,31.5083,7
local,gmcp_r,500,512,0.0087,57457.78,7.97,2.56,7.5,9.6744,19.3825,8.61,2.66,8.375,8.75,11.7327,16.58,4.08,15.875,18.458,31.5662,8
local,gmcp_r,500,512,0.0085,58997.63,7.77,3.25,7.5,7.958,9.0025,8.54,1.38,8.416,8.708,11.1032,16.31,3.92,15.916,16.75,22.8104,9
local,gmcp_r,500,512,0.0087,57799.85,7.91,2.33,7.5205,10.167,10.6471,8.67,3.19,8.416,8.8771,10.0424,16.58,5.29,15.917,18.542,23.859,10
local,gmcp_r,500,512,0.0087,57187.52,7.98,3.06,7.5,9.5934,18.0192,8.75,2.73,8.375,9.1271,17.4566,16.73,5.26,15.917,18.625,30.0928,11
local,gmcp_r,500,512,0.0085,58936.49,7.79,3.95,7.459,7.9601,10.416,8.53,1.37,8.375,8.667,8.9588,16.32,4.85,15.875,16.7961,18.7977,12
local,gmcp_r,500,512,0.0085,58833.62,7.81,2.06,7.459,8.7982,11.2979,8.54,1.77,8.375,8.792,11.6707,16.35,2.94,15.8335,17.4664,28.4107,13
local,gmcp_r,500,512,0.0084,59260.43,7.75,3.73,7.5,7.791,8.65,8.45,1.24,8.333,8.586,9.2579,16.21,4.45,15.833,16.416,25.9374,14
local,gmcp_r,500,512,0.0085,58977.91,7.8,2.72,7.5,9.2931,11.0857,8.51,1.3,8.334,8.625,12.677,16.31,3.7,15.834,17.9191,21.0308,15
local,gmcp_r,500,512,0.0087,57581.02,7.79,2.46,7.458,8.4673,10.8758,8.7,3.06,8.3335,8.875,19.5,16.49,4.48,15.792,17.7982,31.5358,16
local,gmcp_r,500,512,0.0084,59657.57,7.62,1.57,7.458,7.7931,10.3892,8.5,1.47,8.375,8.666,9.4191,16.12,2.83,15.833,16.4611,20.2338,17
local,gmcp_r,500,512,0.0085,58926.36,7.77,2.77,7.458,8.125,11.0004,8.53,1.38,8.375,8.961,10.5067,16.31,3.72,15.833,17.0851,21.0417,18
local,gmcp_r,500,512,0.0084,59265.7,7.63,1.37,7.417,7.917,11.0133,8.6,1.62,8.375,8.75,19.1707,16.23,2.37,15.792,16.9182,30.1317,19
local,gmcp_r,500,512,0.0085,59013.01,7.76,4.99,7.417,7.667,9.5054,8.56,1.65,8.417,8.6271,9.333,16.32,6.27,15.875,16.375,25.9181,20
local,gmcp_r,500,512,0.0098,50957.8,8.96,3.55,7.875,14.75,25.8363,9.82,4.42,8.792,16.7983,24.9433,18.77,6.32,16.791,29.1271,47.6034,21
local,gmcp_r,500,512,0.0083,60414.14,7.49,0.2,7.458,7.75,8.0013,8.47,0.14,8.417,8.708,9.0004,15.96,0.31,15.916,16.4191,17.0004,22
local,gmcp_r,500,512,0.0089,56402.11,8.12,2.57,7.584,10.0504,12.9308,8.83,2.44,8.459,9.291,24.8829,16.95,4.15,16.125,18.8771,34.5422,23
local,gmcp_r,500,512,0.0086,58429.99,7.82,1.86,7.5,8.5441,17.672,8.63,1.46,8.416,9.0441,13.4852,16.45,2.77,15.916,18.1271,30.4278,24
local,gmcp_r,500,512,0.0085,58536.01,7.77,2.18,7.4795,8.0021,15.305,8.65,3.2,8.375,8.792,14.0851,16.42,4.72,15.834,16.8792,29.76,25
local,gmcp_r,500,512,0.0085,58768.22,7.88,3.39,7.459,9.419,10.6267,8.5,1.35,8.375,8.75,9.8423,16.38,4.14,15.833,18.1691,19.3905,26
local,gmcp_r,500,512,0.0086,57877.63,7.93,2.14,7.5,10.0483,11.6977,8.66,2.03,8.416,9.0,13.7113,16.6,3.84,15.916,18.7101,29.3477,27
local,gmcp_r,500,512,0.0085,58732.84,7.72,2.66,7.417,7.961,10.2094,8.64,2.37,8.375,8.8361,15.7683,16.37,3.84,15.833,16.959,28.3074,28
local,gmcp_r,500,512,0.0086,58362.36,7.77,3.45,7.458,7.711,10.9528,8.73,2.58,8.375,8.625,21.1567,16.5,4.85,15.875,16.541,33.0209,29
local,gmcp_r,500,512,0.0088,56989.53,7.98,3.23,7.542,8.5441,12.1303,8.72,1.96,8.417,9.125,16.4573,16.7,4.46,15.959,18.0042,35.5733,30
local,gmcp_r,1000,512,0.0172,58021.19,7.98,3.64,7.5,8.9663,21.0872,8.6,1.55,8.375,8.958,12.2625,16.58,4.51,15.875,18.041,31.5882,1
local,gmcp_r,1000,512,0.0169,59314.91,7.66,1.48,7.459,8.0,10.3338,8.55,1.98,8.375,8.791,9.9657,16.21,2.65,15.875,16.9161,22.8754,2
local,gmcp_r,1000,512,0.0167,59728.83,7.54,0.53,7.459,7.791,9.5424,8.57,2.77,8.375,8.667,8.958,16.11,2.85,15.875,16.5,18.6267,3
local,gmcp_r,1000,512,0.0172,58235.61,7.83,1.63,7.459,10.0063,12.1691,8.67,3.29,8.375,8.792,12.7629,16.5,3.86,15.834,18.4611,34.5196,4
local,gmcp_r,1000,512,0.0169,59002.13,7.68,1.67,7.458,8.0,11.3178,8.64,3.31,8.375,8.625,10.8787,16.32,4.01,15.833,16.916,27.9672,5
local,gmcp_r,1000,512,0.017,58692.05,7.82,2.43,7.417,9.919,11.1691,8.55,2.99,8.334,8.708,9.5456,16.38,4.31,15.792,18.3331,26.0838,6
local,gmcp_r,1000,512,0.0177,56558.55,8.1,2.52,7.5,10.333,19.4688,8.76,3.07,8.375,9.125,18.1816,16.86,4.34,15.917,19.2101,41.4216,7
local,gmcp_r,1000,512,0.017,58694.77,7.79,2.26,7.5,8.5452,10.4588,8.58,1.98,8.375,8.959,10.8338,16.37,3.27,15.875,17.6313,20.3783,8
local,gmcp_r,1000,512,0.0174,57620.56,7.99,2.58,7.5,9.666,19.4826,8.66,2.39,8.375,9.0,13.5992,16.65,3.79,15.875,18.541,37.5557,9
local,gmcp_r,1000,512,0.017,58732.55,7.74,1.74,7.5,8.042,12.5848,8.64,2.47,8.375,8.875,14.6714,16.38,3.2,15.875,17.125,28.1304,10
local,gmcp_r,1000,512,0.0174,57370.15,8.11,9.23,7.5,9.375,10.6664,8.66,2.75,8.417,9.041,9.8436,16.77,10.1,15.917,18.0,23.5104,11
local,gmcp_r,1000,512,0.017,58718.04,7.73,2.11,7.459,8.416,10.7542,8.66,2.64,8.375,8.917,17.8037,16.39,3.64,15.875,17.916,28.0445,12
local,gmcp_r,1000,512,0.0174,57512.72,7.93,2.57,7.542,8.375,12.3344,8.72,2.46,8.458,9.125,12.7989,16.65,3.92,16.0,17.5462,31.1683,13
local,gmcp_r,1000,512,0.0171,58522.17,7.75,1.58,7.5,8.208,13.7257,8.67,2.26,8.417,8.75,15.5275,16.42,2.94,15.916,17.4581,31.635,14
local,gmcp_r,1000,512,0.0173,57651.56,8.01,3.5,7.5,9.875,14.1404,8.64,1.9,8.417,9.0,13.3762,16.65,4.45,15.917,18.5861,31.797,15
local,gmcp_r,1000,512,0.0173,57834.53,7.93,2.29,7.5,10.041,11.2546,8.64,2.77,8.375,8.875,10.0437,16.57,3.86,15.958,18.5851,23.4237,16
local,gmcp_r,1000,512,0.017,58660.2,7.8,3.01,7.458,8.7236,10.9399,8.57,1.49,8.375,8.791,12.5171,16.37,3.79,15.834,17.544,27.6296,17
local,gmcp_r,1000,512,0.0173,57646.72,7.96,2.19,7.541,10.0,11.7513,8.71,2.85,8.417,9.0021,10.8351,16.67,3.87,15.958,18.5042,25.9751,18
local,gmcp_r,1000,512,0.0173,57705.63,7.86,2.22,7.5,8.292,15.1571,8.74,2.53,8.417,9.0,16.9241,16.6,3.61,15.917,17.875,34.4884,19
local,gmcp_r,1000,512,0.0168,59383.16,7.69,1.44,7.5,7.916,10.4199,8.5,1.82,8.375,8.75,9.166,16.19,2.56,15.916,16.709,19.6279,20
local,gmcp_r,1000,512,0.0174,57432.35,7.98,2.97,7.5,10.25,11.542,8.72,3.18,8.417,9.0,15.1733,16.7,4.91,15.917,18.625,33.6417,21
local,gmcp_r,1000,512,0.0174,57335.48,7.89,2.06,7.708,8.125,11.4303,8.89,2.81,8.625,8.9611,14.5204,16.78,3.69,16.334,17.2101,34.265,22
local,gmcp_r,1000,512,0.0169,59282.68,7.7,2.69,7.459,7.9611,10.1664,8.52,1.37,8.416,8.792,9.1678,16.22,3.79,15.875,16.7521,18.5004,23
local,gmcp_r,1000,512,0.0172,58111.8,7.81,1.97,7.5,8.333,11.1308,8.69,1.85,8.417,9.0861,14.4705,16.5,3.15,15.917,17.7941,30.8688,24
local,gmcp_r,1000,512,0.0168,59619.48,7.65,1.52,7.458,8.0,10.666,8.49,0.96,8.375,8.833,10.0029,16.14,2.13,15.834,16.8361,20.1283,25
local,gmcp_r,1000,512,0.0178,56153.88,8.32,3.84,7.541,10.2941,20.4598,8.72,2.84,8.375,9.1661,16.8938,17.03,5.3,15.958,18.9161,35.9267,26
local,gmcp_r,1000,512,0.0175,57140.14,8.09,2.32,7.542,10.291,17.5196,8.72,2.29,8.417,9.042,12.6703,16.81,3.46,16.0,18.8771,39.5453,27
local,gmcp_r,1000,512,0.0168,59471.0,7.67,1.59,7.5,8.0021,9.3426,8.52,0.68,8.417,8.958,9.375,16.18,2.15,15.916,17.0,18.7094,28
local,gmcp_r,1000,512,0.017,58822.52,7.74,2.34,7.5,8.1661,10.8372,8.59,1.65,8.375,8.875,11.3168,16.34,3.31,15.875,17.2521,26.0217,29
local,gmcp_r,1000,512,0.0171,58386.2,7.78,1.77,7.5,8.25,15.1674,8.64,3.01,8.375,8.958,12.5013,16.42,3.64,15.875,17.625,32.3407,30
local,gmcp_r,500,1024,0.0101,49321.22,9.28,1.44,9.125,9.544,10.9212,10.38,4.07,10.0,10.333,16.9744,19.66,4.5,19.125,20.1271,30.8314,1
local,gmcp_r,500,1024,0.0101,49409.36,9.34,1.57,9.125,9.9181,13.0859,10.3,3.49,10.0,10.3771,11.714,19.64,4.05,19.125,20.5062,30.2301,2
local,gmcp_r,500,1024,0.0103,48717.51,9.45,3.24,9.125,9.919,12.9203,10.39,4.35,10.0,10.6681,12.9195,19.84,5.67,19.125,20.7164,34.8363,3
local,gmcp_r,500,1024,0.0102,48863.91,9.49,2.22,9.125,10.0411,16.0096,10.3,1.86,10.0,10.7911,15.5907,19.79,3.64,19.166,21.2101,33.7989,4
local,gmcp_r,500,1024,0.0103,48702.48,9.66,3.26,9.125,10.1271,25.0433,10.22,1.66,10.0,10.6271,15.0662,19.88,4.16,19.166,20.836,41.6446,5
local,gmcp_r,500,1024,0.0103,48655.29,9.61,2.47,9.125,11.6334,20.0458,10.32,2.94,10.041,10.708,15.1479,19.93,4.15,19.166,22.0462,32.14,6
local,gmcp_r,500,1024,0.0105,47750.74,9.77,3.38,9.167,11.7962,22.0079,10.43,2.46,10.042,10.833,18.4938,20.2,4.71,19.209,22.252,43.4252,7
local,gmcp_r,500,1024,0.0102,48915.9,9.51,2.32,9.125,10.292,18.0487,10.29,2.29,10.0,10.625,17.7093,19.8,3.93,19.125,21.294,40.4759,8
local,gmcp_r,500,1024,0.0102,48852.78,9.55,3.05,9.084,10.0,20.8786,10.3,1.96,10.042,10.583,16.7393,19.84,4.33,19.125,20.8771,39.5753,9
local,gmcp_r,500,1024,0.01,49835.54,9.29,1.9,9.083,9.583,10.5545,10.17,1.97,10.0,10.375,11.0861,19.46,3.53,19.083,19.958,23.3214,10
local,gmcp_r,500,1024,0.0104,47871.51,9.88,3.0,9.2295,11.9581,18.145,10.32,1.74,10.042,10.875,13.6068,20.2,4.26,19.416,22.2521,32.3149,11
local,gmcp_r,500,1024,0.0104,48220.66,9.7,3.11,9.084,11.958,21.8357,10.31,2.41,10.0,10.583,16.9037,20.0,4.29,19.125,22.0,48.0027,12
local,gmcp_r,500,1024,0.0101,49591.28,9.28,1.55,9.083,9.502,12.0004,10.18,2.13,10.0,10.25,12.8476,19.46,3.35,19.042,19.9191,24.6454,13
local,gmcp_r,500,1024,0.0104,47974.67,9.66,3.96,9.333,10.0861,11.672,10.45,1.58,10.208,11.0,15.0087,20.11,4.93,19.542,21.042,32.2488,14
local,gmcp_r,500,1024,0.0103,48656.27,9.42,1.8,9.083,9.875,22.2999,10.48,2.96,10.041,10.794,31.6707,19.89,3.57,19.1045,21.1101,41.2982,15
local,gmcp_r,500,1024,0.0103,48560.39,9.47,2.14,9.125,10.417,17.8875,10.43,2.75,10.042,10.6691,23.908,19.9,4.24,19.166,21.6292,40.9364,16
local,gmcp_r,500,1024,0.0101,49505.36,9.33,1.61,9.083,9.836,12.1254,10.25,2.33,10.0,10.5,13.0025,19.57,2.96,19.125,20.4253,28.7263,17
local,gmcp_r,500,1024,0.0101,49389.42,9.35,2.57,9.083,9.3331,13.992,10.24,1.65,10.042,10.333,19.0965,19.59,3.66,19.125,19.75,30.2209,18
local,gmcp_r,500,1024,0.0102,48885.21,9.5,1.79,9.083,11.791,12.9684,10.31,3.19,10.0,10.459,14.291,19.81,3.88,19.125,21.6732,35.5384,19
local,gmcp_r,500,1024,0.0105,47823.82,9.64,2.72,9.208,10.6733,15.9453,10.59,4.18,10.042,10.875,26.2368,20.23,5.92,19.209,21.9684,43.0,20
local,gmcp_r,500,1024,0.0101,49500.66,9.31,1.12,9.125,9.9211,12.1263,10.23,3.75,9.959,10.417,10.8754,19.54,4.02,19.083,20.4181,24.8428,21
local,gmcp_r,500,1024,0.0101,49748.98,9.37,2.69,9.125,9.5831,12.1258,10.09,1.08,10.0,10.3331,11.0428,19.46,3.67,19.084,19.917,23.2508,22
local,gmcp_r,500,1024,0.0107,46826.89,10.0,3.02,9.333,12.041,25.795,10.64,5.2,10.083,10.833,16.7123,20.63,6.5,19.625,22.2931,48.4833,23
local,gmcp_r,500,1024,0.0101,49396.13,9.44,1.99,9.125,10.4191,12.4592,10.15,2.07,9.958,10.5,12.7093,19.59,3.0,19.084,21.0524,23.7613,24
local,gmcp_r,500,1024,0.0102,48884.82,9.52,2.64,9.083,10.75,14.4521,10.26,2.79,9.958,10.708,13.405,19.77,4.28,19.042,21.4211,35.553,25
local,gmcp_r,500,1024,0.0102,49059.29,9.39,1.96,9.125,9.7521,15.5034,10.35,2.73,9.9795,10.7111,20.9135,19.75,4.14,19.083,20.5431,42.9227,26
local,gmcp_r,500,1024,0.01,49803.07,9.37,3.39,9.084,9.875,11.9232,10.11,1.52,9.959,10.4191,10.8762,19.48,4.83,19.083,20.4622,22.7972,27
local,gmcp_r,500,1024,0.0101,49359.96,9.26,1.46,9.083,9.794,11.802,10.25,3.16,9.959,10.5,11.4597,19.52,3.6,19.042,20.375,24.0578,28
local,gmcp_r,500,1024,0.0104,48075.57,9.68,2.54,9.125,11.2194,23.6429,10.46,2.68,10.0,10.9161,20.0688,20.14,4.11,19.125,22.3476,46.0493,29
local,gmcp_r,500,1024,0.0101,49414.84,9.42,3.16,9.084,9.8361,12.713,10.16,1.66,10.0,10.416,11.4657,19.58,4.77,19.125,20.334,23.4593,30
local,gmcp_r,1000,1024,0.0202,49557.7,9.37,3.32,9.083,9.669,11.792,10.17,2.22,10.0,10.416,11.5021,19.53,4.57,19.084,20.125,22.9191,1
local,gmcp_r,1000,1024,0.0204,49013.3,9.5,3.81,9.084,10.0,13.8917,10.25,1.29,10.041,10.834,13.4584,19.75,4.69,19.125,20.9601,27.0033,2
local,gmcp_r,1000,1024,0.0208,48049.11,9.75,3.23,9.125,11.958,22.2105,10.39,2.79,10.041,10.7941,17.9262,20.14,5.25,19.167,22.4191,40.5905,3
local,gmcp_r,1000,1024,0.0205,48712.57,9.57,2.85,9.083,10.9191,21.2525,10.31,2.1,10.041,10.6691,16.7261,19.88,4.29,19.125,21.7521,39.667,4
local,gmcp_r,1000,1024,0.0202,49602.25,9.39,2.01,9.084,10.333,12.0414,10.11,0.5,10.042,10.5,10.958,19.5,2.41,19.166,20.5411,22.3344,5
local,gmcp_r,1000,1024,0.0205,48759.97,9.58,3.47,9.084,10.417,16.8476,10.21,1.42,10.0,10.5861,18.0491,19.79,4.43,19.125,21.044,34.0877,6
local,gmcp_r,1000,1024,0.0208,48170.72,9.65,3.35,9.084,11.5861,16.3617,10.43,3.55,10.041,10.7521,22.7218,20.08,5.34,19.125,22.0021,36.1027,7
local,gmcp_r,1000,1024,0.0207,48338.17,9.53,2.24,9.125,10.4212,15.2319,10.48,3.84,10.042,10.7111,16.1379,20.0,4.81,19.208,21.4181,39.8979,8
local,gmcp_r,1000,1024,0.0206,48608.09,9.53,2.13,9.167,10.042,12.7113,10.41,2.47,10.083,10.916,11.9227,19.94,4.08,19.25,20.875,26.7314,9
local,gmcp_r,1000,1024,0.0211,47450.24,9.68,2.58,9.291,10.459,19.2758,10.71,4.13,10.125,11.0441,25.3592,20.4,5.39,19.458,22.625,40.6258,10
local,gmcp_r,1000,1024,0.0204,49028.52,9.45,2.22,9.125,10.083,14.9368,10.3,2.36,10.0,10.667,17.2937,19.75,3.53,19.125,21.2101,32.9404,11
local,gmcp_r,1000,1024,0.0208,48077.79,9.72,2.51,9.167,11.958,17.6286,10.43,3.77,10.042,10.666,15.1887,20.15,4.82,19.25,21.9601,37.9686,12
local,gmcp_r,1000,1024,0.0203,49262.9,9.37,1.83,9.125,9.7521,12.5938,10.29,2.2,10.042,10.625,13.7201,19.66,3.13,19.167,20.4611,30.5853,13
local,gmcp_r,1000,1024,0.0206,48621.48,9.54,2.17,9.083,11.6271,19.5844,10.34,2.4,10.042,10.75,17.0919,19.88,3.59,19.125,21.9191,36.5977,14
local,gmcp_r,1000,1024,0.0208,48095.61,9.71,3.42,9.333,10.333,15.5842,10.43,1.93,10.167,10.916,13.0844,20.14,4.7,19.583,21.125,27.6712,15
local,gmcp_r,1000,1024,0.0204,48965.1,9.55,9.88,9.083,9.333,14.1962,10.24,3.04,10.041,10.25,13.2571,19.79,10.51,19.125,19.625,30.5909,16
local,gmcp_r,1000,1024,0.0206,48646.21,9.52,2.08,9.166,10.792,15.1304,10.39,3.52,10.042,10.75,13.1279,19.92,4.77,19.208,21.334,29.4648,17
local,gmcp_r,1000,1024,0.0207,48304.41,9.52,2.65,9.125,10.25,20.0942,10.46,3.71,10.041,10.75,24.0466,19.99,5.04,19.1455,21.2931,40.4266,18
local,gmcp_r,1000,1024,0.0206,48588.11,9.52,3.3,9.125,9.961,15.1346,10.41,2.48,10.083,10.708,20.3363,19.93,4.68,19.208,20.8771,34.748,19
local,gmcp_r,1000,1024,0.0206,48659.63,9.57,2.22,9.125,11.8771,15.4847,10.3,2.31,10.042,10.5861,14.7049,19.87,3.77,19.167,22.0,35.625,20
local,gmcp_r,1000,1024,0.0203,49264.42,9.39,2.0,9.084,9.8381,15.344,10.28,2.28,10.042,10.5831,14.0491,19.66,3.44,19.166,20.5,32.0113,21
local,gmcp_r,1000,1024,0.0208,48003.65,9.7,2.12,9.166,11.916,17.3846,10.48,4.13,10.042,10.833,19.8846,20.18,4.82,19.25,22.2101,42.7612,22
local,gmcp_r,1000,1024,0.0205,48884.91,9.49,1.46,9.125,11.833,14.191,10.32,2.93,10.041,10.541,18.5522,19.8,3.49,19.167,21.7521,32.2966,23
local,gmcp_r,1000,1024,0.0208,48107.09,9.61,2.33,9.166,11.7081,15.0878,10.52,4.74,10.042,10.7911,17.0984,20.13,5.72,19.208,22.2101,36.1723,24
local,gmcp_r,1000,1024,0.0205,48732.75,9.42,1.89,9.166,9.919,12.541,10.42,2.78,10.083,10.7521,17.8338,19.83,3.65,19.209,20.7111,32.2217,25
local,gmcp_r,1000,1024,0.0202,49392.17,9.4,2.78,9.125,9.833,12.255,10.22,1.72,10.041,10.5,11.2147,19.61,4.0,19.167,20.459,25.6845,26
local,gmcp_r,1000,1024,0.0206,48486.91,9.48,1.19,9.334,9.959,13.5838,10.49,2.32,10.333,10.833,14.7953,19.97,2.8,19.708,20.75,32.3493,27
local,gmcp_r,1000,1024,0.0201,49641.24,9.27,0.5,9.25,9.584,9.916,10.28,0.88,10.208,10.542,10.8344,19.55,1.06,19.417,20.0831,20.7924,28
local,gmcp_r,1000,1024,0.0208,48065.17,9.61,2.17,9.166,11.4233,15.6706,10.52,3.65,10.083,10.792,22.4278,20.12,4.58,19.25,21.8792,42.9651,29
local,gmcp_r,1000,1024,0.0207,48309.76,9.64,2.55,9.125,12.0851,17.0977,10.36,1.68,10.125,10.958,13.8099,20.01,3.5,19.209,22.5882,33.1354,30
local,hash_chain,500,64,0.0018,282293.21,1.35,0.62,1.291,1.417,2.6745,1.62,1.76,1.459,1.708,3.1732,2.98,1.96,2.75,3.1691,6.5004,1
local,hash_chain,500,64,0.0016,314878.12,1.27,0.16,1.25,1.334,1.416,1.45,0.05,1.417,1.542,1.6674,2.72,0.16,2.708,2.833,2.9594,2
local,hash_chain,500,64,0.0016,319327.22,1.26,0.03,1.25,1.333,1.375,1.45,0.05,1.458,1.541,1.625,2.71,0.06,2.708,2.833,2.916,3
local,hash_chain,500,64,0.0016,317015.69,1.26,0.04,1.25,1.334,1.375,1.47,0.53,1.458,1.542,1.5844,2.73,0.54,2.708,2.833,2.917,4
local,hash_chain,500,64,0.0017,289386.85,1.37,1.03,1.291,1.417,1.7113,1.58,1.9,1.458,1.625,2.4174,2.95,2.23,2.75,3.0411,4.4719,5
local,hash_chain,500,64,0.0017,289932.05,1.4,1.23,1.292,1.458,3.5888,1.54,0.5,1.459,1.708,4.4584,2.94,1.39,2.75,3.1661,6.2928,6
local,hash_chain,500,64,0.0016,306983.88,1.29,0.06,1.291,1.375,1.4594,1.48,0.15,1.458,1.584,1.7504,2.77,0.17,2.709,2.959,3.1254,7
local,hash_chain,500,64,0.0017,299655.28,1.33,0.62,1.291,1.4611,1.6254,1.54,0.94,1.459,1.708,1.9598,2.87,1.2,2.75,3.166,3.6292,8
local,hash_chain,500,64,0.0016,316631.04,1.27,0.11,1.25,1.334,1.3754,1.45,0.06,1.458,1.542,1.6674,2.72,0.13,2.708,2.836,3.0,9
local,hash_chain,500,64,0.0018,281683.48,1.35,0.53,1.25,1.6271,3.7923,1.62,2.02,1.417,1.752,2.4609,2.97,2.13,2.667,3.6271,6.6989,10
local,hash_chain,500,64,0.0016,306122.51,1.29,0.43,1.25,1.375,1.7251,1.49,0.34,1.417,1.625,3.9207,2.78,0.62,2.667,3.0,5.5843,11
local,hash_chain,500,64,0.0017,297715.1,1.29,0.28,1.25,1.416,1.5834,1.56,1.07,1.458,1.5861,2.0121,2.85,1.12,2.75,2.959,3.6462,12
local,hash_chain,500,64,0.0016,309597.52,1.29,0.47,1.25,1.334,1.375,1.5,0.73,1.417,1.542,1.7084,2.79,0.87,2.708,2.834,3.0972,13
local,hash_chain,500,64,0.0016,304862.62,1.27,0.35,1.25,1.333,3.5012,1.49,1.21,1.417,1.541,1.6689,2.76,1.26,2.667,2.875,5.2113,14
local,hash_chain,500,64,0.0017,289645.18,1.38,0.66,1.2915,1.5861,3.5844,1.59,0.91,1.459,1.834,3.797,2.96,1.23,2.75,3.5021,6.1367,15
local,hash_chain,500,64,0.0016,315407.66,1.28,0.17,1.25,1.333,1.417,1.45,0.05,1.458,1.542,1.6674,2.73,0.18,2.708,2.834,3.0013,16
local,hash_chain,500,64,0.0016,314284.35,1.3,0.51,1.291,1.375,1.417,1.46,0.04,1.458,1.542,1.584,2.76,0.51,2.709,2.834,2.958,17
local,hash_chain,500,64,0.0016,318471.34,1.27,0.04,1.25,1.333,1.375,1.45,0.04,1.458,1.541,1.5844,2.72,0.06,2.708,2.833,2.8754,18
local,hash_chain,500,64,0.0017,293004.4,1.33,0.33,1.291,1.459,3.4593,1.57,1.4,1.458,1.75,2.1691,2.89,1.46,2.75,3.208,5.6668,19
local,hash_chain,500,64,0.0016,314597.38,1.28,0.11,1.25,1.334,1.375,1.46,0.05,1.458,1.542,1.667,2.74,0.12,2.709,2.875,3.0004,20
local,hash_chain,500,64,0.0016,318251.8,1.27,0.04,1.25,1.333,1.375,1.45,0.04,1.458,1.5,1.583,2.72,0.06,2.708,2.7941,2.8754,21
local,hash_chain,500,64,0.0016,314210.29,1.31,0.62,1.25,1.334,1.417,1.45,0.04,1.458,1.541,1.5844,2.76,0.62,2.709,2.833,2.8754,22
local,hash_chain,500,64,0.0016,316080.6,1.28,0.1,1.25,1.334,1.4174,1.45,0.04,1.458,1.5411,1.625,2.73,0.12,2.708,2.8331,2.958,23
local,hash_chain,500,64,0.0016,317258.88,1.27,0.09,1.25,1.375,1.375,1.44,0.04,1.417,1.541,1.583,2.71,0.1,2.708,2.833,2.916,24
local,hash_chain,500,64,0.0016,315556.96,1.28,0.04,1.291,1.375,1.417,1.47,0.34,1.458,1.542,1.625,2.74,0.34,2.708,2.875,2.9174,25
local,hash_chain,500,64,0.0016,314902.71,1.29,0.15,1.291,1.375,1.417,1.46,0.14,1.458,1.542,1.625,2.75,0.21,2.709,2.875,3.0,26
local,hash_chain,500,64,0.0016,316213.93,1.27,0.04,1.25,1.3361,1.417,1.46,0.05,1.458,1.542,1.625,2.73,0.08,2.709,2.875,2.959,27
local,hash_chain,500,64,0.0016,322225.57,1.25,0.39,1.208,1.292,3.5021,1.4,0.17,1.375,1.5,1.8754,2.66,0.43,2.583,2.792,5.0464,28
local,hash_chain,500,64,0.0017,298195.92,1.33,0.65,1.25,1.417,1.7147,1.55,1.1,1.458,1.625,3.1699,2.88,1.33,2.708,3.042,7.5125,29
local,hash_chain,500,64,0.0016,304591.66,1.3,0.74,1.25,1.3771,1.5428,1.49,0.51,1.417,1.625,1.9181,2.78,1.01,2.667,3.0,3.5918,30
local,hash_chain,1000,64,0.0033,306987.84,1.34,1.11,1.25,1.375,3.458,1.46,0.25,1.417,1.542,1.75,2.79,1.23,2.708,2.875,4.875,1
local,hash_chain,1000,64,0.0033,307380.95,1.3,0.75,1.209,1.417,3.542,1.49,0.91,1.416,1.5861,2.375,2.78,1.22,2.625,3.041,5.7107,2
local,hash_chain,1000,64,0.0036,276096.88,1.27,0.1,1.25,1.334,1.375,1.46,0.3,1.458,1.5411,1.625,2.73,0.32,2.708,2.833,2.9584,3
local,hash_chain,1000,64,0.0032,309115.0,1.29,0.76,1.209,1.375,1.9173,1.46,0.46,1.417,1.5861,1.9178,2.76,1.03,2.666,2.959,5.0017,4
local,hash_chain,1000,64,0.0032,317288.28,1.27,0.04,1.25,1.334,1.375,1.45,0.05,1.458,1.541,1.6254,2.71,0.07,2.708,2.833,2.958,5
local,hash_chain,1000,64,0.0033,300443.12,1.32,0.61,1.25,1.375,3.7111,1.51,1.75,1.417,1.542,1.833,2.83,1.86,2.667,2.958,5.583,6
local,hash_chain,1000,64,0.0032,316747.99,1.27,0.11,1.25,1.334,1.375,1.45,0.2,1.458,1.5021,1.625,2.72,0.28,2.708,2.833,2.917,7
local,hash_chain,1000,64,0.0032,316890.22,1.26,0.04,1.25,1.333,1.375,1.45,0.04,1.458,1.5,1.584,2.71,0.06,2.708,2.833,2.917,8
local,hash_chain,1000,64,0.0032,307743.63,1.3,0.76,1.25,1.334,1.458,1.49,0.76,1.417,1.542,1.75,2.78,1.36,2.708,2.875,3.0848,9
local,hash_chain,1000,64,0.0032,316355.58,1.28,0.08,1.25,1.334,1.417,1.45,0.04,1.458,1.541,1.584,2.73,0.09,2.708,2.834,2.917,10
local,hash_chain,1000,64,0.0033,301246.38,1.32,0.48,1.25,1.375,3.5004,1.52,1.22,1.458,1.583,1.7924,2.84,1.32,2.708,2.9191,5.9598,11
local,hash_chain,1000,64,0.0032,316894.43,1.27,0.08,1.25,1.333,1.375,1.45,0.13,1.458,1.541,1.625,2.72,0.15,2.708,2.833,2.917,12
local,hash_chain,1000,64,0.0032,309541.65,1.3,0.05,1.292,1.375,1.458,1.48,0.06,1.459,1.583,1.667,2.79,0.08,2.791,2.917,3.0424,13
local,hash_chain,1000,64,0.0035,284471.47,1.42,1.99,1.25,1.541,4.4588,1.49,0.43,1.417,1.5861,3.1728,2.91,2.22,2.667,3.5,6.3348,14
local,hash_chain,1000,64,0.0033,303966.8,1.3,0.43,1.25,1.458,1.6678,1.48,0.47,1.458,1.6691,2.0418,2.78,0.71,2.708,3.0831,3.7508,15
local,hash_chain,1000,64,0.003,329010.57,1.21,0.18,1.208,1.25,1.375,1.38,0.05,1.375,1.458,1.583,2.58,0.19,2.583,2.708,2.8754,16
local,hash_chain,1000,64,0.0032,315117.84,1.27,0.04,1.25,1.375,1.417,1.45,0.05,1.458,1.541,1.6674,2.72,0.07,2.708,2.833,2.9594,17
local,hash_chain,1000,64,0.0031,318226.38,1.26,0.04,1.25,1.333,1.375,1.45,0.44,1.417,1.5,1.583,2.71,0.44,2.6875,2.792,2.8754,18
local,hash_chain,1000,64,0.0034,293179.9,1.38,1.14,1.291,1.4611,3.7928,1.5,0.34,1.459,1.625,1.7504,2.88,1.4,2.75,3.0861,5.9164,19
local,hash_chain,1000,64,0.0032,308661.79,1.3,0.49,1.25,1.416,1.5414,1.48,0.19,1.458,1.584,1.875,2.79,0.66,2.709,3.0,3.5,20
local,hash_chain,1000,64,0.0034,293843.94,1.31,0.35,1.25,1.458,1.7504,1.55,1.38,1.458,1.625,2.0851,2.86,1.45,2.709,3.083,3.9684,21
local,hash_chain,1000,64,0.0033,301541.6,1.32,0.67,1.25,1.416,1.9189,1.51,0.84,1.417,1.584,2.0428,2.83,1.1,2.708,3.0021,5.1674,22
local,hash_chain,1000,64,0.0031,320115.24,1.25,0.04,1.25,1.333,1.3754,1.44,0.06,1.417,1.541,1.625,2.69,0.08,2.667,2.833,2.958,23
local,hash_chain,1000,64,0.0035,289180.99,1.4,1.49,1.25,1.6271,4.125,1.49,0.84,1.416,1.625,2.7102,2.89,2.08,2.666,3.7911,6.1732,24
local,hash_chain,1000,64,0.0033,300883.82,1.33,0.38,1.292,1.458,2.0428,1.52,0.66,1.459,1.625,1.9584,2.85,0.82,2.75,3.042,4.4274,25
local,hash_chain,1000,64,0.0033,300541.0,1.32,0.61,1.25,1.416,3.2529,1.5,0.97,1.458,1.583,1.8342,2.82,1.18,2.708,2.958,5.3347,26
local,hash_chain,1000,64,0.0033,302942.27,1.31,0.41,1.25,1.417,1.542,1.51,0.46,1.458,1.625,2.1678,2.82,0.71,2.709,3.0,4.0462,27
local,hash_chain,1000,64,0.0031,318230.64,1.26,0.04,1.25,1.333,1.375,1.45,0.21,1.417,1.5,1.625,2.71,0.21,2.708,2.792,2.958,28
local,hash_chain,1000,64,0.0033,306333.51,1.3,0.11,1.291,1.417,1.5424,1.49,0.62,1.458,1.625,1.875,2.79,0.63,2.75,3.0,3.3334,29
local,hash_chain,1000,64,0.0032,317233.72,1.27,0.04,1.25,1.334,1.416,1.45,0.05,1.458,1.541,1.625,2.72,0.07,2.708,2.834,2.958,30
local,hash_chain,500,128,0.0016,307148.89,1.33,0.05,1.333,1.417,1.5,1.5,0.06,1.5,1.5861,1.708,2.83,0.09,2.792,3.0,3.125,1
local,hash_chain,500,128,0.0017,299580.59,1.36,0.35,1.292,1.416,3.7924,1.51,0.16,1.5,1.584,1.791,2.86,0.39,2.792,2.9611,5.375,2
local,hash_chain,500,128,0.0017,296172.04,1.34,0.29,1.292,1.4191,2.015,1.55,0.93,1.5,1.667,1.8758,2.9,0.98,2.792,3.125,5.3758,3
local,hash_chain,500,128,0.0016,310406.5,1.31,0.19,1.292,1.375,1.458,1.48,0.05,1.459,1.5441,1.625,2.79,0.2,2.75,2.916,3.0004,4
local,hash_chain,500,128,0.0016,311955.64,1.31,0.04,1.292,1.375,1.417,1.48,0.05,1.459,1.583,1.625,2.79,0.06,2.791,2.875,3.0,5
local,hash_chain,500,128,0.0018,279837.69,1.38,0.57,1.25,1.583,4.167,1.57,1.69,1.417,1.6271,4.3377,2.95,1.79,2.667,5.0881,6.6703,6
local,hash_chain,500,128,0.0017,297206.14,1.32,0.14,1.292,1.458,1.708,1.57,0.84,1.5,1.6691,2.3426,2.89,0.86,2.792,3.125,4.6333,7
local,hash_chain,500,128,0.0018,284961.17,1.36,0.37,1.292,1.542,2.0171,1.6,0.94,1.5,1.875,2.4601,2.96,1.06,2.792,3.3791,6.9212,8
local,hash_chain,500,128,0.0016,305865.02,1.32,0.17,1.292,1.375,1.458,1.52,0.6,1.459,1.5831,1.791,2.84,0.63,2.792,2.917,3.1263,9
local,hash_chain,500,128,0.0017,289840.96,1.4,2.16,1.291,1.375,1.6412,1.5,0.32,1.458,1.625,3.7088,2.89,2.27,2.709,3.0,5.5414,10
local,hash_chain,500,128,0.0017,295508.28,1.32,0.23,1.292,1.458,1.583,1.54,0.62,1.5,1.667,2.1674,2.86,0.67,2.792,3.125,3.5424,11
local,hash_chain,500,128,0.0016,309110.98,1.32,0.09,1.292,1.375,1.417,1.49,0.05,1.5,1.583,1.75,2.81,0.11,2.792,2.917,3.083,12
local,hash_chain,500,128,0.0016,305607.78,1.35,0.42,1.333,1.416,1.4594,1.5,0.05,1.5,1.584,1.667,2.85,0.42,2.792,2.958,3.041,13
local,hash_chain,500,128,0.0018,281954.78,1.4,1.1,1.292,1.417,3.3355,1.63,1.79,1.5,1.625,3.3858,3.03,2.19,2.792,3.0,6.7542,14
local,hash_chain,500,128,0.0017,290725.9,1.34,0.18,1.292,1.4581,1.7937,1.59,0.97,1.5,1.7911,2.5004,2.94,1.03,2.792,3.2521,4.4199,15
local,hash_chain,500,128,0.0017,298841.99,1.37,0.16,1.334,1.459,1.583,1.53,0.07,1.541,1.666,1.709,2.9,0.18,2.875,3.083,3.1674,16
local,hash_chain,500,128,0.0016,307723.74,1.32,0.14,1.292,1.375,1.459,1.49,0.05,1.5,1.583,1.666,2.82,0.15,2.792,2.917,3.0004,17
local,hash_chain,500,128,0.0016,306866.13,1.32,0.04,1.292,1.417,1.458,1.5,0.05,1.5,1.584,1.667,2.82,0.07,2.792,2.958,3.0004,18
local,hash_chain,500,128,0.0017,290754.14,1.39,0.4,1.333,1.5,3.667,1.56,0.31,1.5,1.75,2.0445,2.95,0.57,2.834,3.2911,5.4619,19
local,hash_chain,500,128,0.0016,310534.89,1.31,0.13,1.292,1.375,1.4594,1.48,0.06,1.459,1.583,1.708,2.79,0.16,2.75,2.917,3.0008,20
local,hash_chain,500,128,0.0017,288572.47,1.43,1.11,1.3335,1.459,1.5843,1.54,0.15,1.5,1.667,1.875,2.97,1.23,2.875,3.125,3.416,21
local,hash_chain,500,128,0.0016,304731.07,1.32,0.11,1.292,1.375,1.417,1.52,0.2,1.5,1.625,1.708,2.84,0.23,2.833,2.958,3.0424,22
local,hash_chain,500,128,0.0017,296354.78,1.38,1.25,1.25,1.5021,3.4588,1.5,0.28,1.417,1.7521,2.3411,2.89,1.36,2.708,3.3771,5.3334,23
local,hash_chain,500,128,0.0016,309893.41,1.3,0.04,1.292,1.375,1.417,1.48,0.06,1.459,1.583,1.708,2.78,0.07,2.75,2.916,3.0844,24
local,hash_chain,500,128,0.0017,298775.02,1.35,0.1,1.333,1.5411,1.7094,1.54,0.13,1.541,1.7111,1.917,2.9,0.19,2.834,3.2111,3.6664,25
local,hash_chain,500,128,0.0016,306013.28,1.32,0.11,1.292,1.416,1.458,1.5,0.05,1.5,1.5861,1.708,2.82,0.13,2.792,2.958,3.0424,26
local,hash_chain,500,128,0.0018,282791.99,1.37,0.52,1.292,1.458,3.8452,1.58,1.25,1.459,1.6271,3.1279,2.95,1.37,2.791,3.125,6.6267,27
local,hash_chain,500,128,0.0017,295188.49,1.31,0.14,1.292,1.459,1.709,1.61,1.38,1.459,1.752,4.7088,2.92,1.39,2.75,3.294,5.9593,28
local,hash_chain,500,128,0.0017,290367.13,1.38,0.58,1.333,1.458,1.7508,1.59,1.0,1.5,1.709,2.1703,2.97,1.2,2.834,3.1271,4.0441,29
local,hash_chain,500,128,0.0016,304839.39,1.34,0.14,1.333,1.417,1.5004,1.51,0.05,1.5,1.584,1.75,2.84,0.16,2.833,2.9611,3.1254,30
local,hash_chain,1000,128,0.0034,295282.8,1.32,0.35,1.291,1.417,3.6678,1.52,1.21,1.458,1.625,1.875,2.84,1.26,2.75,3.042,5.917,1
local,hash_chain,1000,128,0.0032,309449.79,1.28,0.17,1.25,1.375,1.5,1.48,0.38,1.417,1.625,1.8348,2.76,0.43,2.708,2.959,3.3344,2
local,hash_chain,1000,128,0.0033,298600.34,1.33,0.35,1.292,1.5,1.75,1.53,0.5,1.5,1.75,2.0414,2.86,0.65,2.792,3.25,3.7094,3
local,hash_chain,1000,128,0.0033,304228.78,1.33,0.48,1.292,1.375,1.458,1.52,0.71,1.459,1.583,1.8334,2.85,0.86,2.791,2.917,3.2504,4
local,hash_chain,1000,128,0.0032,309697.43,1.31,0.53,1.292,1.375,1.417,1.49,0.24,1.459,1.5441,1.625,2.8,0.58,2.75,2.875,2.958,5
local,hash_chain,1000,128,0.0036,279502.07,1.44,1.37,1.292,1.5,4.7941,1.57,0.61,1.5,1.667,4.0029,3.01,1.63,2.792,3.4191,7.0838,6
local,hash_chain,1000,128,0.0033,298890.4,1.36,0.52,1.333,1.459,1.8047,1.52,0.17,1.5,1.667,1.875,2.89,0.56,2.792,3.1271,5.0834,7
local,hash_chain,1000,128,0.0035,287724.91,1.43,1.87,1.292,1.416,3.75,1.53,0.74,1.459,1.584,2.0004,2.97,2.39,2.792,3.0,5.4609,8
local,hash_chain,1000,128,0.0035,289163.59,1.37,0.28,1.333,1.5,1.8754,1.61,1.11,1.5,1.709,2.0852,2.98,1.15,2.834,3.208,5.25,9
local,hash_chain,1000,128,0.0032,309146.92,1.31,0.04,1.292,1.375,1.458,1.48,0.05,1.459,1.5441,1.625,2.79,0.06,2.792,2.916,3.0,10
local,hash_chain,1000,128,0.0034,294496.6,1.35,1.07,1.292,1.458,2.0947,1.55,0.88,1.459,1.667,2.5054,2.9,1.45,2.75,3.125,5.0008,11
local,hash_chain,1000,128,0.0032,308344.58,1.31,0.04,1.292,1.375,1.417,1.48,0.05,1.459,1.542,1.666,2.79,0.06,2.791,2.8771,3.0,12
local,hash_chain,1000,128,0.0035,282692.22,1.36,0.54,1.292,1.458,3.8334,1.63,1.61,1.5,1.75,4.2504,2.99,1.71,2.792,3.333,7.0414,13
local,hash_chain,1000,128,0.0033,306048.31,1.32,0.37,1.292,1.375,1.4174,1.5,0.36,1.5,1.583,1.666,2.82,0.52,2.792,2.917,3.083,14
local,hash_chain,1000,128,0.0033,307554.24,1.31,0.1,1.292,1.375,1.458,1.51,0.73,1.459,1.583,1.666,2.82,0.74,2.791,2.916,3.042,15
local,hash_chain,1000,128,0.0033,305192.08,1.32,0.21,1.292,1.375,1.458,1.52,0.58,1.459,1.583,1.7084,2.84,0.61,2.792,2.917,3.0424,16
local,hash_chain,1000,128,0.0032,309693.4,1.3,0.04,1.292,1.375,1.458,1.5,0.43,1.459,1.583,1.666,2.8,0.43,2.791,2.916,2.9594,17
local,hash_chain,1000,128,0.0035,284215.33,1.39,0.67,1.292,1.459,4.667,1.57,1.37,1.5,1.667,2.2118,2.96,1.58,2.792,3.167,6.5834,18
local,hash_chain,1000,128,0.0034,297331.45,1.36,0.62,1.292,1.458,3.209,1.53,0.58,1.459,1.666,2.0008,2.88,0.95,2.791,3.084,5.0004,19
local,hash_chain,1000,128,0.0033,303030.3,1.3,0.21,1.292,1.375,1.4598,1.52,1.2,1.459,1.583,1.75,2.83,1.22,2.75,2.917,3.4203,20
local,hash_chain,1000,128,0.0033,300018.75,1.32,0.21,1.292,1.416,1.666,1.54,0.66,1.5,1.6271,1.9177,2.86,0.7,2.791,3.042,5.208,21
local,hash_chain,1000,128,0.0032,307763.33,1.31,0.04,1.292,1.416,1.458,1.5,0.05,1.5,1.584,1.667,2.82,0.07,2.792,2.958,3.041,22
local,hash_chain,1000,128,0.0036,276708.07,1.39,0.92,1.292,1.5,3.6682,1.58,0.8,1.459,1.792,4.8754,2.97,1.35,2.75,3.5851,6.6292,23
local,hash_chain,1000,128,0.0032,309841.37,1.3,0.04,1.292,1.375,1.417,1.5,0.04,1.5,1.583,1.625,2.8,0.06,2.792,2.916,3.0,24
local,hash_chain,1000,128,0.0035,288707.94,1.37,0.72,1.292,1.417,3.6254,1.57,1.25,1.459,1.625,2.3377,2.94,1.45,2.791,3.084,5.7957,25
local,hash_chain,1000,128,0.0033,305600.12,1.33,0.5,1.292,1.375,1.458,1.5,0.38,1.5,1.583,1.625,2.84,0.63,2.792,2.917,3.0,26
local,hash_chain,1000,128,0.0032,311935.4,1.3,0.03,1.292,1.375,1.416,1.48,0.04,1.459,1.542,1.625,2.78,0.05,2.75,2.875,2.958,27
local,hash_chain,1000,128,0.0034,294858.44,1.36,0.65,1.292,1.417,1.5008,1.53,0.6,1.5,1.625,1.9164,2.89,1.0,2.792,3.0,4.7945,28
local,hash_chain,1000,128,0.0032,308689.61,1.31,0.04,1.292,1.375,1.417,1.49,0.05,1.459,1.584,1.666,2.8,0.07,2.792,2.917,3.0,29
local,hash_chain,1000,128,0.0034,290345.97,1.36,0.64,1.291,1.459,3.667,1.5,0.39,1.458,1.625,2.5033,2.86,0.91,2.75,3.167,5.833,30
local,hash_chain,500,256,0.0018,277245.16,1.48,0.94,1.416,1.542,3.6678,1.65,0.77,1.583,1.752,2.9333,3.13,1.31,3.0,3.375,5.9183,1
local,hash_chain,500,256,0.0018,273192.84,1.49,0.7,1.417,1.584,2.0004,1.69,0.62,1.584,1.8361,4.172,3.18,1.11,3.0205,3.458,6.0844,2
local,hash_chain,500,256,0.0017,288648.94,1.43,0.13,1.417,1.5,1.5424,1.61,0.05,1.584,1.708,1.791,3.04,0.14,3.0,3.166,3.2508,3
local,hash_chain,500,256,0.0017,293312.59,1.4,0.39,1.334,1.417,3.833,1.56,0.28,1.541,1.625,1.964,2.97,0.48,2.875,3.127,5.8344,4
local,hash_chain,500,256,0.0018,275944.59,1.5,0.94,1.417,1.625,1.875,1.63,0.24,1.584,1.834,2.2508,3.14,1.16,3.0,3.4161,3.9584,5
local,hash_chain,500,256,0.0017,288205.2,1.42,0.04,1.417,1.5,1.542,1.61,0.06,1.584,1.708,1.875,3.03,0.07,3.0,3.167,3.2504,6
local,hash_chain,500,256,0.0017,288364.44,1.42,0.04,1.417,1.5,1.542,1.62,0.32,1.584,1.667,1.75,3.04,0.32,3.0,3.125,3.25,7
local,hash_chain,500,256,0.002,244693.22,1.54,0.57,1.416,1.917,4.6258,1.82,1.75,1.583,2.084,6.3563,3.35,1.83,3.0,5.4611,7.6907,8
local,hash_chain,500,256,0.0018,276918.87,1.46,0.37,1.417,1.542,1.7914,1.64,0.29,1.625,1.791,2.0,3.1,0.64,3.042,3.291,3.7914,9
local,hash_chain,500,256,0.0018,278991.86,1.45,0.31,1.417,1.541,1.583,1.68,0.79,1.625,1.708,1.875,3.14,0.95,3.042,3.167,3.3141,10
local,hash_chain,500,256,0.0017,288892.1,1.43,0.04,1.417,1.5,1.5424,1.61,0.04,1.584,1.708,1.75,3.03,0.06,3.041,3.125,3.2094,11
local,hash_chain,500,256,0.002,254852.78,1.55,1.16,1.417,1.5831,3.7896,1.72,1.3,1.584,1.875,3.2136,3.27,1.82,3.041,3.502,10.4195,12
local,hash_chain,500,256,0.0017,288836.36,1.42,0.11,1.417,1.5,1.542,1.6,0.05,1.584,1.708,1.7504,3.03,0.12,3.0,3.125,3.292,13
local,hash_chain,500,256,0.0017,287452.8,1.43,0.11,1.417,1.5,1.542,1.6,0.04,1.584,1.667,1.75,3.03,0.12,3.0,3.125,3.209,14
local,hash_chain,500,256,0.0017,288419.99,1.42,0.03,1.417,1.459,1.541,1.61,0.35,1.583,1.667,1.75,3.03,0.35,3.0,3.125,3.25,15
local,hash_chain,500,256,0.0019,266045.89,1.58,2.34,1.417,1.542,1.75,1.65,0.28,1.625,1.7941,2.1283,3.23,2.59,3.042,3.2941,3.8754,16
local,hash_chain,500,256,0.0017,285911.81,1.47,0.36,1.417,1.5,3.875,1.6,0.05,1.583,1.667,1.833,3.06,0.36,3.0,3.1661,5.4584,17
local,hash_chain,500,256,0.0017,290979.69,1.42,0.12,1.417,1.459,1.542,1.6,0.04,1.584,1.667,1.75,3.01,0.13,3.0,3.125,3.208,18
local,hash_chain,500,256,0.0017,289841.13,1.41,0.04,1.417,1.5,1.541,1.61,0.05,1.584,1.708,1.75,3.03,0.06,3.0,3.125,3.208,19
local,hash_chain,500,256,0.0018,273810.12,1.47,0.77,1.416,1.5,4.2512,1.61,0.25,1.583,1.708,1.7928,3.08,0.88,3.0,3.167,5.8825,20
local,hash_chain,500,256,0.0017,292618.75,1.38,0.25,1.334,1.459,1.6254,1.58,0.37,1.541,1.667,2.5595,2.96,0.45,2.875,3.167,6.0004,21
local,hash_chain,500,256,0.0018,277033.94,1.51,1.12,1.417,1.583,2.0,1.64,0.21,1.625,1.791,2.2504,3.15,1.27,3.042,3.334,3.8779,22
local,hash_chain,500,256,0.0017,287811.2,1.42,0.05,1.417,1.5,1.583,1.62,0.06,1.625,1.75,1.875,3.04,0.08,3.041,3.209,3.375,23
local,hash_chain,500,256,0.0019,266323.36,1.55,2.33,1.417,1.542,1.6674,1.66,0.56,1.625,1.792,2.0834,3.22,2.86,3.042,3.292,4.0029,24
local,hash_chain,500,256,0.0017,286731.45,1.43,0.36,1.375,1.5851,3.6677,1.61,0.32,1.542,1.8351,2.2721,3.04,0.48,2.917,3.5462,5.8754,25
local,hash_chain,500,256,0.0018,274876.3,1.5,0.96,1.417,1.542,1.9164,1.66,0.55,1.584,1.7911,2.5499,3.16,1.29,3.0,3.2941,4.0902,26
local,hash_chain,500,256,0.0017,289135.67,1.42,0.1,1.417,1.5,1.542,1.6,0.06,1.584,1.708,1.833,3.03,0.11,3.0,3.167,3.25,27
local,hash_chain,500,256,0.0018,279277.65,1.46,1.15,1.416,1.459,1.541,1.62,0.73,1.583,1.667,1.8334,3.08,1.86,3.0,3.125,3.4618,28
local,hash_chain,500,256,0.0019,265857.33,1.58,2.03,1.375,1.7911,4.6718,1.7,1.54,1.542,1.9581,2.9597,3.28,2.66,2.917,3.8331,6.8451,29
local,hash_chain,500,256,0.0017,288975.58,1.42,0.15,1.417,1.5,1.541,1.61,0.05,1.584,1.708,1.833,3.03,0.16,3.0,3.166,3.292,30
local,hash_chain,1000,256,0.0034,292433.32,1.39,0.04,1.375,1.459,1.541,1.58,0.05,1.583,1.667,1.75,2.98,0.07,2.959,3.083,3.208,1
local,hash_chain,1000,256,0.0036,277225.87,1.46,0.77,1.417,1.542,1.875,1.67,0.69,1.584,1.791,2.2914,3.13,1.09,3.0,3.333,4.0838,2
local,hash_chain,1000,256,0.0034,290079.23,1.42,0.04,1.417,1.5,1.542,1.6,0.05,1.583,1.667,1.7504,3.02,0.06,3.0,3.125,3.25,3
local,hash_chain,1000,256,0.0035,284366.95,1.44,0.32,1.417,1.5,1.7914,1.63,0.47,1.584,1.709,2.042,3.06,0.58,3.0,3.208,3.833,4
local,hash_chain,1000,256,0.0035,287259.99,1.43,0.46,1.417,1.5,1.583,1.61,0.29,1.584,1.667,1.7924,3.04,0.54,3.0,3.166,3.291,5
local,hash_chain,1000,256,0.0036,280616.45,1.44,0.28,1.416,1.541,1.9212,1.64,1.22,1.583,1.709,2.0,3.08,1.26,3.0,3.208,5.2923,6
local,hash_chain,1000,256,0.0036,278461.09,1.46,0.66,1.375,1.541,3.9609,1.6,0.34,1.583,1.75,2.2102,3.06,0.8,2.9585,3.25,6.25,7
local,hash_chain,1000,256,0.0035,283406.55,1.46,0.62,1.417,1.541,1.5844,1.62,0.37,1.584,1.6691,1.833,3.08,0.73,3.0,3.167,3.4174,8
local,hash_chain,1000,256,0.0036,280668.9,1.44,0.91,1.375,1.541,2.0025,1.64,0.92,1.542,1.709,2.5516,3.09,1.37,2.916,3.291,6.338,9
local,hash_chain,1000,256,0.0035,288267.51,1.43,0.04,1.417,1.5,1.542,1.6,0.05,1.584,1.667,1.791,3.03,0.07,3.0,3.166,3.291,10
local,hash_chain,1000,256,0.004,251804.56,1.53,0.82,1.417,1.6691,4.0449,1.78,1.7,1.584,2.0,5.8348,3.31,1.93,3.041,3.917,9.9752,11
local,hash_chain,1000,256,0.0035,287942.47,1.44,0.5,1.417,1.5,1.542,1.6,0.04,1.584,1.667,1.75,3.04,0.51,3.0,3.125,3.208,12
local,hash_chain,1000,256,0.0036,275703.57,1.46,0.55,1.417,1.541,1.75,1.66,0.98,1.584,1.7111,2.042,3.12,1.17,3.0,3.209,3.9584,13
local,hash_chain,1000,256,0.0035,285486.55,1.43,0.05,1.417,1.541,1.583,1.63,0.24,1.625,1.75,1.792,3.06,0.25,3.042,3.209,3.291,14
local,hash_chain,1000,256,0.0035,287525.04,1.43,0.05,1.417,1.5,1.583,1.61,0.25,1.583,1.708,1.792,3.03,0.25,3.0,3.167,3.2924,15
local,hash_chain,1000,256,0.0157,63525.34,1.46,0.64,1.417,1.542,1.667,1.62,0.19,1.584,1.75,1.8754,3.09,0.81,3.0,3.25,3.5004,16
local,hash_chain,1000,256,0.0038,263620.41,1.56,2.12,1.417,1.583,3.4178,1.68,0.75,1.584,1.833,3.0004,3.24,2.35,3.0,3.458,7.5882,17
local,hash_chain,1000,256,0.0036,274063.38,1.47,0.43,1.417,1.583,1.8348,1.7,1.02,1.625,1.833,2.4588,3.17,1.16,3.042,3.375,5.4632,18
local,hash_chain,1000,256,0.0035,282343.03,1.43,0.11,1.417,1.5,1.583,1.65,1.26,1.583,1.667,1.875,3.08,1.26,3.0,3.166,3.3334,19
local,hash_chain,1000,256,0.0036,276303.54,1.48,0.73,1.417,1.583,1.8754,1.65,0.57,1.584,1.792,2.208,3.13,1.01,3.0,3.4161,4.8388,20
local,hash_chain,1000,256,0.0035,288558.65,1.42,0.04,1.417,1.5,1.542,1.6,0.05,1.583,1.667,1.792,3.02,0.06,3.0,3.125,3.2094,21
local,hash_chain,1000,256,0.0037,270599.38,1.44,0.39,1.375,1.542,3.8754,1.67,1.4,1.583,1.792,2.2924,3.11,1.46,2.958,3.333,6.1258,22
local,hash_chain,1000,256,0.0036,274879.48,1.48,0.79,1.417,1.542,1.9726,1.64,0.28,1.625,1.709,2.0008,3.12,0.94,3.041,3.2911,5.9187,23
local,hash_chain,1000,256,0.0038,263172.37,1.51,0.74,1.375,1.625,4.7097,1.65,0.67,1.583,1.792,4.2933,3.16,1.04,2.959,3.666,6.9594,24
local,hash_chain,1000,256,0.0037,267409.49,1.51,1.43,1.375,1.667,3.667,1.71,1.07,1.542,1.958,4.5578,3.22,2.03,2.917,3.7101,11.1674,25
local,hash_chain,1000,256,0.0039,256830.07,1.56,1.05,1.416,1.7101,5.2512,1.74,1.88,1.583,1.875,4.2945,3.3,2.2,3.0,4.0042,9.0963,26
local,hash_chain,1000,256,0.0037,273304.91,1.5,0.71,1.417,1.625,3.75,1.67,0.39,1.625,1.833,2.3363,3.17,0.89,3.042,3.4191,5.8783,27
local,hash_chain,1000,256,0.0039,258039.54,1.56,1.14,1.417,1.667,4.4622,1.78,2.32,1.584,1.834,3.7159,3.34,2.59,3.041,3.7521,9.4464,28
local,hash_chain,1000,256,0.0036,278771.6,1.45,0.3,1.417,1.542,1.7928,1.67,0.73,1.625,1.791,2.125,3.12,0.8,3.041,3.292,4.3376,29
local,hash_chain,1000,256,0.0035,282842.07,1.43,0.07,1.417,1.5,1.584,1.65,1.13,1.584,1.709,1.833,3.08,1.13,3.0,3.2081,3.333,30
local,hash_chain,500,512,0.0023,215173.33,1.92,0.6,1.833,2.208,2.6396,2.1,0.8,2.0,2.5,2.9615,4.02,1.07,3.834,4.5872,6.6271,1
local,hash_chain,500,512,0.0022,229235.19,1.81,0.05,1.792,1.917,1.959,2.01,0.3,2.0,2.084,2.2094,3.82,0.31,3.792,3.958,4.125,2
local,hash_chain,500,512,0.0022,230246.78,1.83,0.56,1.792,1.875,1.958,2.0,0.05,2.0,2.083,2.1254,3.82,0.57,3.792,3.917,4.0004,3
local,hash_chain,500,512,0.0023,214094.53,1.89,0.94,1.792,1.9191,2.5907,2.17,3.27,2.0,2.166,3.0017,4.05,3.43,3.792,4.084,7.4622,4
local,hash_chain,500,512,0.0022,230893.56,1.8,0.05,1.792,1.875,1.958,1.99,0.05,2.0,2.083,2.125,3.79,0.08,3.791,3.917,4.0424,5
local,hash_chain,500,512,0.0022,231222.85,1.8,0.05,1.792,1.875,1.958,2.0,0.05,2.0,2.083,2.167,3.8,0.07,3.792,3.9191,4.0004,6
local,hash_chain,500,512,0.0023,221023.0,1.83,0.64,1.792,1.875,1.9594,2.01,0.25,2.0,2.086,2.25,3.85,0.84,3.792,3.958,4.1262,7
local,hash_chain,500,512,0.0023,221120.75,1.83,0.34,1.792,1.958,2.125,2.1,0.97,2.0,2.25,5.0441,3.93,1.03,3.792,4.169,7.1279,8
local,hash_chain,500,512,0.0022,228684.65,1.84,0.56,1.792,1.958,2.125,2.0,0.08,1.9795,2.125,2.2504,3.84,0.57,3.791,4.042,4.291,9
local,hash_chain,500,512,0.0022,230348.4,1.81,0.14,1.792,1.9161,2.0,1.99,0.06,1.9795,2.125,2.208,3.8,0.16,3.75,4.0,4.167,10
local,hash_chain,500,512,0.0026,193735.9,1.94,0.84,1.833,2.125,4.0882,2.22,1.28,2.0,2.75,5.7542,4.15,1.68,3.833,5.3361,9.3764,11
local,hash_chain,500,512,0.0023,217963.89,1.85,0.32,1.792,2.041,2.4303,2.13,1.61,2.0,2.333,3.0449,3.98,1.66,3.792,4.2521,7.3775,12
local,hash_chain,500,512,0.0022,231164.91,1.8,0.05,1.792,1.875,1.958,1.99,0.14,1.959,2.083,2.1254,3.78,0.15,3.75,3.917,4.0424,13
local,hash_chain,500,512,0.0023,215920.51,1.89,1.53,1.791,1.917,4.8351,2.01,0.4,1.958,2.125,4.583,3.9,1.68,3.75,4.0411,7.4593,14
local,hash_chain,500,512,0.0023,214968.98,1.88,0.33,1.833,2.041,2.4597,2.17,1.05,2.042,2.334,4.958,4.04,1.14,3.875,4.333,6.8025,15
local,hash_chain,500,512,0.0022,228885.33,1.82,0.06,1.792,1.917,1.9594,2.01,0.06,2.0,2.125,2.25,3.83,0.09,3.833,4.0,4.084,16
local,hash_chain,500,512,0.0022,224341.0,1.82,0.28,1.792,1.916,1.959,2.07,1.29,2.0,2.084,2.5433,3.89,1.32,3.791,3.958,6.6262,17
local,hash_chain,500,512,0.0023,216247.36,1.88,0.68,1.792,2.0021,2.8334,2.13,1.2,2.0,2.25,3.9257,4.01,1.42,3.833,4.25,6.692,18
local,hash_chain,500,512,0.0021,233045.91,1.79,0.27,1.791,1.875,2.0,1.97,0.06,1.958,2.083,2.1674,3.76,0.28,3.75,3.9161,4.1254,19
local,hash_chain,500,512,0.0021,232743.03,1.79,0.05,1.791,1.875,1.958,1.97,0.05,1.958,2.083,2.1254,3.76,0.08,3.75,3.917,4.0424,20
local,hash_chain,500,512,0.0022,229863.08,1.81,0.08,1.792,1.9611,2.083,2.0,0.08,1.959,2.167,2.291,3.81,0.14,3.75,4.125,4.2924,21
local,hash_chain,500,512,0.0022,231785.59,1.8,0.05,1.792,1.875,1.958,1.99,0.05,1.959,2.083,2.125,3.79,0.08,3.75,3.917,4.042,22
local,hash_chain,500,512,0.0022,229880.62,1.82,0.06,1.792,1.958,2.0,2.0,0.07,2.0,2.125,2.208,3.82,0.11,3.792,4.042,4.125,23
local,hash_chain,500,512,0.0022,223772.12,1.89,1.63,1.792,1.917,2.0418,2.02,0.38,2.0,2.084,2.2521,3.91,1.99,3.792,4.0,4.3841,24
local,hash_chain,500,512,0.0023,217900.53,1.87,0.14,1.834,2.083,2.4178,2.1,0.79,2.0,2.2521,3.2924,3.96,0.83,3.875,4.292,5.5483,25
local,hash_chain,500,512,0.0023,219290.26,1.88,0.65,1.792,2.083,2.6279,2.12,1.17,2.0,2.336,2.834,3.99,1.48,3.792,4.4181,5.6271,26
local,hash_chain,500,512,0.0022,226971.78,1.82,0.06,1.792,1.958,2.042,2.03,0.43,2.0,2.167,2.3344,3.85,0.44,3.792,4.083,4.25,27
local,hash_chain,500,512,0.0022,228215.05,1.82,0.07,1.792,1.958,2.042,2.01,0.08,2.0,2.167,2.3334,3.83,0.13,3.792,4.083,4.2504,28
local,hash_chain,500,512,0.0022,232463.53,1.8,0.16,1.792,1.875,1.9174,1.97,0.05,1.959,2.083,2.125,3.77,0.17,3.75,3.916,4.041,29
local,hash_chain,500,512,0.0022,228167.25,1.8,0.06,1.792,1.916,2.0004,2.02,0.67,2.0,2.125,2.2504,3.83,0.68,3.791,3.9581,4.2924,30
local,hash_chain,1000,512,0.0043,230565.25,1.8,0.25,1.792,1.875,1.958,1.99,0.34,1.959,2.083,2.167,3.79,0.43,3.75,3.917,4.0004,1
local,hash_chain,1000,512,0.0044,228758.78,1.81,0.21,1.792,1.875,1.917,2.01,0.47,2.0,2.083,2.167,3.82,0.51,3.792,3.917,4.0004,2
local,hash_chain,1000,512,0.0044,226845.28,1.86,1.55,1.792,1.875,2.0004,2.01,0.51,1.959,2.083,2.167,3.87,1.81,3.75,3.917,4.166,3
local,hash_chain,1000,512,0.0045,224668.61,1.8,0.41,1.75,2.0,2.292,2.03,1.01,1.917,2.208,3.0008,3.84,1.18,3.667,4.125,6.6258,4
local,hash_chain,1000,512,0.0045,223951.63,1.8,0.25,1.792,1.875,1.9594,2.02,1.11,1.958,2.0831,2.292,3.82,1.14,3.75,3.9191,4.2924,5
local,hash_chain,1000,512,0.0045,221729.49,1.84,0.92,1.791,1.958,2.333,2.06,1.24,1.958,2.1691,2.6254,3.9,1.6,3.75,4.086,5.1258,6
local,hash_chain,1000,512,0.0046,218239.35,1.81,0.48,1.75,1.916,2.25,2.05,1.62,1.958,2.166,3.7115,3.86,1.7,3.75,4.0,6.9618,7
local,hash_chain,1000,512,0.0044,225674.24,1.8,0.16,1.791,1.875,1.959,2.02,0.69,1.959,2.125,2.334,3.82,0.72,3.75,3.958,4.25,8
local,hash_chain,1000,512,0.0045,221854.54,1.83,0.64,1.792,1.9161,2.416,2.05,0.98,1.959,2.125,2.8342,3.89,1.22,3.75,4.042,5.7928,9
local,hash_chain,1000,512,0.0044,229066.63,1.82,0.13,1.792,1.917,1.959,1.99,0.06,2.0,2.084,2.167,3.82,0.15,3.792,3.959,4.042,10
local,hash_chain,1000,512,0.0046,216224.02,1.88,1.29,1.792,1.958,2.1678,2.09,1.28,1.959,2.167,2.8771,3.96,2.39,3.792,4.125,5.3775,11
local,hash_chain,1000,512,0.0043,231622.22,1.81,0.04,1.792,1.875,1.958,1.96,0.05,1.958,2.042,2.125,3.77,0.07,3.75,3.875,4.0,12
local,hash_chain,1000,512,0.0048,210071.15,1.89,1.16,1.792,1.959,2.8369,2.08,0.91,1.958,2.25,5.2157,3.97,1.78,3.75,4.167,7.9598,13
local,hash_chain,1000,512,0.0045,221592.31,1.88,1.44,1.792,1.958,2.1664,2.04,0.66,1.959,2.167,2.708,3.92,1.92,3.75,4.125,5.551,14
local,hash_chain,1000,512,0.005,200561.57,1.92,0.99,1.792,2.042,4.917,2.16,1.65,1.958,2.4191,5.4622,4.07,1.95,3.75,5.002,8.6262,15
local,hash_chain,1000,512,0.0043,231774.31,1.81,0.25,1.792,1.875,1.917,1.95,0.05,1.958,2.042,2.167,3.76,0.25,3.75,3.875,4.0,16
local,hash_chain,1000,512,0.0045,219854.73,1.85,0.49,1.792,1.959,2.5,2.07,0.97,1.959,2.209,2.7941,3.92,1.12,3.75,4.125,6.6279,17
local,hash_chain,1000,512,0.0045,221175.72,1.86,1.32,1.792,1.9161,2.1275,2.06,0.93,1.959,2.125,2.9316,3.92,1.74,3.75,4.0,6.8411,18
local,hash_chain,1000,512,0.0044,227449.36,1.81,0.38,1.792,1.875,1.958,2.01,0.35,2.0,2.084,2.166,3.83,0.52,3.792,3.9191,4.0424,19
local,hash_chain,1000,512,0.0047,214703.63,1.91,1.84,1.792,2.0,2.2508,2.09,0.6,2.0,2.25,4.5462,3.99,2.19,3.792,4.25,7.0888,20
local,hash_chain,1000,512,0.0046,218161.98,1.85,0.86,1.792,1.917,2.1674,2.06,1.37,1.959,2.1271,3.1714,3.91,1.79,3.75,4.083,6.0847,21
local,hash_chain,1000,512,0.0046,217594.33,1.82,0.37,1.792,1.917,2.083,2.02,0.41,1.958,2.167,4.3771,3.84,0.6,3.75,4.042,6.7563,22
local,hash_chain,1000,512,0.0045,220034.11,1.88,0.82,1.792,2.0,2.5,2.07,0.76,2.0,2.25,3.333,3.95,1.39,3.791,4.25,6.6267,23
local,hash_chain,1000,512,0.0047,211048.38,1.87,1.06,1.791,2.0,4.5424,2.05,0.65,1.958,2.25,4.8883,3.92,1.47,3.75,4.2962,8.0432,24
local,hash_chain,1000,512,0.0043,230780.33,1.81,0.06,1.792,1.917,1.959,1.98,0.07,1.959,2.084,2.167,3.79,0.1,3.75,3.959,4.042,25
local,hash_chain,1000,512,0.0048,207752.62,1.88,0.72,1.792,1.9611,2.8403,2.15,2.25,2.0,2.25,3.9605,4.03,2.42,3.792,4.2911,7.838,26
local,hash_chain,1000,512,0.0043,232133.01,1.79,0.04,1.792,1.875,1.917,1.98,0.05,1.959,2.083,2.167,3.77,0.07,3.75,3.8771,4.0,27
local,hash_chain,1000,512,0.0045,223050.43,1.83,0.63,1.792,1.916,2.083,2.01,0.47,1.959,2.084,2.5852,3.84,0.92,3.75,3.958,4.5013,28
local,hash_chain,1000,512,0.0043,231236.17,1.8,0.04,1.792,1.875,1.958,1.97,0.05,1.958,2.042,2.125,3.77,0.07,3.75,3.9161,4.083,29
local,hash_chain,1000,512,0.0046,218453.89,1.86,0.55,1.792,1.958,2.5834,2.08,0.88,1.959,2.25,4.7508,3.94,1.05,3.791,4.25,8.6695,30
local,hash_chain,500,1024,0.0027,187958.12,2.27,0.89,2.208,2.375,4.7093,2.47,1.21,2.375,2.583,3.8883,4.74,1.62,4.584,4.958,10.1683,1
local,hash_chain,500,1024,0.0027,184510.36,2.24,1.48,2.084,2.292,5.3758,2.38,0.53,2.291,2.5861,5.5,4.62,1.68,4.375,5.3791,8.2949,2
local,hash_chain,500,1024,0.0027,186753.01,2.35,1.51,2.167,2.458,3.0457,2.43,0.42,2.375,2.667,4.9605,4.78,1.73,4.542,5.084,7.7558,3
local,hash_chain,500,1024,0.0025,197726.15,2.16,0.05,2.125,2.25,2.291,2.34,0.36,2.292,2.417,2.583,4.49,0.36,4.458,4.625,4.791,4
local,hash_chain,500,1024,0.0029,172948.02,2.3,0.65,2.167,2.5021,6.2504,2.6,2.43,2.334,2.8413,6.5427,4.9,2.53,4.541,6.4622,9.0021,5
local,hash_chain,500,1024,0.0027,188185.06,2.3,1.42,2.166,2.375,2.8862,2.42,0.57,2.334,2.667,3.38,4.72,1.9,4.5,5.0431,7.6737,6
local,hash_chain,500,1024,0.0025,197478.83,2.18,0.06,2.167,2.292,2.334,2.35,0.07,2.334,2.459,2.541,4.53,0.11,4.541,4.709,4.792,7
local,hash_chain,500,1024,0.0028,177648.8,2.4,2.51,2.125,2.4191,5.5424,2.45,0.7,2.333,2.75,6.0067,4.85,2.98,4.4585,5.3854,8.7102,8
local,hash_chain,500,1024,0.0025,201423.42,2.14,0.05,2.125,2.25,2.2504,2.31,0.05,2.292,2.416,2.5,4.45,0.07,4.417,4.583,4.667,9
local,hash_chain,500,1024,0.0025,202555.6,2.14,0.04,2.125,2.208,2.25,2.3,0.04,2.292,2.375,2.458,4.44,0.06,4.417,4.542,4.625,10
local,hash_chain,500,1024,0.0026,190044.84,2.18,0.5,2.125,2.25,2.7927,2.49,2.75,2.292,2.458,3.1718,4.67,2.82,4.417,4.667,8.0441,11
local,hash_chain,500,1024,0.0025,201126.31,2.14,0.05,2.125,2.25,2.291,2.31,0.05,2.292,2.375,2.458,4.45,0.07,4.417,4.583,4.6674,12
local,hash_chain,500,1024,0.0025,200538.16,2.16,0.14,2.125,2.25,2.2924,2.33,0.05,2.333,2.417,2.5,4.48,0.15,4.459,4.625,4.7094,13
local,hash_chain,500,1024,0.0027,185520.15,2.24,0.76,2.125,2.292,5.5897,2.5,2.29,2.333,2.542,5.1258,4.73,2.45,4.459,4.8361,9.958,14
local,hash_chain,500,1024,0.0025,202330.2,2.09,0.05,2.083,2.167,2.333,2.29,0.27,2.25,2.375,2.7937,4.38,0.28,4.333,4.542,4.9613,15
local,hash_chain,500,1024,0.0027,184326.16,2.37,2.47,2.167,2.375,4.802,2.47,0.76,2.375,2.6691,4.8384,4.84,3.09,4.542,5.042,10.4316,16
local,hash_chain,500,1024,0.0028,181205.97,2.31,1.58,2.166,2.417,5.8804,2.48,1.14,2.333,2.708,6.541,4.79,2.12,4.459,5.25,9.2184,17
local,hash_chain,500,1024,0.0026,192221.49,2.21,0.77,2.125,2.291,2.4584,2.39,0.48,2.292,2.541,5.3754,4.6,1.03,4.458,4.792,8.046,18
local,hash_chain,500,1024,0.0025,200984.83,2.14,0.04,2.125,2.209,2.291,2.31,0.06,2.292,2.4161,2.5424,4.45,0.07,4.4375,4.583,4.7504,19
local,hash_chain,500,1024,0.0027,186390.37,2.16,0.27,2.125,2.25,2.5847,2.46,1.69,2.292,2.4611,5.4601,4.62,1.81,4.417,4.833,7.6685,20
local,hash_chain,500,1024,0.0025,199910.04,2.15,0.05,2.125,2.25,2.333,2.32,0.14,2.292,2.417,2.5834,4.46,0.15,4.417,4.625,4.8758,21
local,hash_chain,500,1024,0.0025,201447.03,2.14,0.05,2.125,2.25,2.292,2.31,0.05,2.292,2.416,2.458,4.45,0.07,4.417,4.542,4.6678,22
local,hash_chain,500,1024,0.0026,193726.52,2.15,0.2,2.125,2.25,2.3334,2.43,1.7,2.292,2.419,4.5092,4.58,1.73,4.417,4.625,7.4609,23
local,hash_chain,500,1024,0.0025,198265.18,2.15,0.11,2.125,2.25,2.375,2.32,0.06,2.292,2.458,2.541,4.47,0.13,4.458,4.625,4.833,24
local,hash_chain,500,1024,0.0025,201139.82,2.15,0.31,2.125,2.2111,2.25,2.31,0.05,2.292,2.416,2.458,4.46,0.32,4.417,4.542,4.666,25
local,hash_chain,500,1024,0.0026,191650.48,2.23,0.89,2.167,2.292,2.4602,2.35,0.19,2.333,2.5,2.6674,4.59,1.04,4.5,4.792,5.208,26
local,hash_chain,500,1024,0.0025,199421.68,2.15,0.04,2.125,2.25,2.291,2.35,0.44,2.292,2.4161,2.5428,4.5,0.45,4.458,4.583,4.7504,27
local,hash_chain,500,1024,0.0025,200307.19,2.15,0.04,2.125,2.25,2.291,2.33,0.34,2.292,2.416,2.4594,4.48,0.35,4.458,4.583,4.6674,28
local,hash_chain,500,1024,0.0025,201210.64,2.15,0.05,2.125,2.25,2.292,2.32,0.06,2.3125,2.417,2.541,4.47,0.08,4.458,4.5861,4.792,29
local,hash_chain,500,1024,0.0026,188729.74,2.18,0.21,2.125,2.375,2.666,2.5,1.44,2.333,2.75,6.0038,4.68,1.46,4.4795,5.2101,8.5493,30
local,hash_chain,1000,1024,0.0052,193754.67,2.21,0.73,2.125,2.292,2.916,2.37,0.29,2.333,2.5,3.0838,4.58,0.84,4.458,4.791,7.2118,1
local,hash_chain,1000,1024,0.0054,185657.93,2.25,1.16,2.166,2.333,3.1731,2.4,0.55,2.333,2.625,4.3344,4.65,1.63,4.459,4.8771,7.7937,2
local,hash_chain,1000,1024,0.0051,195214.02,2.19,1.36,2.125,2.25,2.3754,2.34,0.29,2.292,2.458,2.7504,4.53,1.52,4.417,4.667,5.4282,3
local,hash_chain,1000,1024,0.0051,195654.82,2.16,0.26,2.125,2.25,2.375,2.36,0.8,2.292,2.458,2.6254,4.52,0.86,4.458,4.667,5.0,4
local,hash_chain,1000,1024,0.0053,187479.48,2.24,0.84,2.167,2.417,3.0004,2.45,0.92,2.334,2.625,3.6333,4.7,1.53,4.5,5.0,7.2097,5
local,hash_chain,1000,1024,0.0051,196945.69,2.19,0.08,2.167,2.334,2.458,2.36,0.09,2.334,2.5,2.6254,4.55,0.15,4.5,4.833,5.0424,6
local,hash_chain,1000,1024,0.0052,193087.47,2.19,0.5,2.125,2.333,2.458,2.39,0.75,2.333,2.5,2.7084,4.58,0.97,4.459,4.792,5.125,7
local,hash_chain,1000,1024,0.0053,188735.65,2.24,0.87,2.167,2.334,2.7517,2.48,1.99,2.375,2.584,3.2924,4.71,2.24,4.542,4.875,6.214,8
local,hash_chain,1000,1024,0.0053,188691.14,2.24,1.19,2.167,2.375,2.6279,2.46,1.72,2.334,2.584,3.5012,4.7,2.22,4.5,4.917,6.2943,9
local,hash_chain,1000,1024,0.0055,182326.51,2.21,0.5,2.167,2.334,2.6678,2.47,1.4,2.333,2.625,5.5884,4.68,1.51,4.5,5.0,8.5414,10
local,hash_chain,1000,1024,0.005,200690.7,2.14,0.05,2.125,2.25,2.291,2.32,0.11,2.292,2.416,2.4594,4.46,0.12,4.458,4.583,4.6674,11
local,hash_chain,1000,1024,0.0052,193056.42,2.23,0.8,2.167,2.333,2.5423,2.38,0.28,2.334,2.5,2.9588,4.61,0.97,4.541,4.791,5.6271,12
local,hash_chain,1000,1024,0.0052,190695.65,2.21,1.06,2.125,2.291,2.7517,2.38,0.57,2.292,2.541,3.7989,4.59,1.42,4.417,4.792,7.8775,13
local,hash_chain,1000,1024,0.0051,197683.82,2.22,1.12,2.125,2.25,2.333,2.32,0.05,2.333,2.417,2.459,4.54,1.12,4.458,4.625,4.75,14
local,hash_chain,1000,1024,0.0051,195431.78,2.24,1.56,2.125,2.292,2.4174,2.34,0.15,2.333,2.459,2.584,4.58,1.69,4.458,4.75,5.1258,15
local,hash_chain,1000,1024,0.005,200216.92,2.15,0.04,2.125,2.25,2.292,2.34,0.7,2.292,2.416,2.5,4.49,0.7,4.458,4.584,4.709,16
local,hash_chain,1000,1024,0.0053,188304.73,2.25,0.96,2.125,2.333,3.1848,2.4,0.54,2.333,2.542,4.755,4.64,1.17,4.459,4.916,8.2914,17
local,hash_chain,1000,1024,0.0054,184591.25,2.29,1.6,2.167,2.333,5.5851,2.46,0.99,2.333,2.583,5.4208,4.75,2.1,4.5,5.0,9.4715,18
local,hash_chain,1000,1024,0.0052,192329.26,2.21,0.71,2.166,2.333,2.8344,2.4,0.95,2.333,2.541,3.041,4.62,1.27,4.459,4.8331,6.0848,19
local,hash_chain,1000,1024,0.0053,188433.32,2.2,0.97,2.125,2.292,3.333,2.41,1.1,2.292,2.541,5.25,4.61,1.61,4.417,4.8361,7.9174,20
local,hash_chain,1000,1024,0.005,198568.68,2.15,0.38,2.125,2.209,2.2504,2.37,1.4,2.292,2.375,2.5004,4.52,1.45,4.417,4.542,4.709,21
local,hash_chain,1000,1024,0.005,200899.02,2.13,0.05,2.125,2.209,2.25,2.32,0.5,2.292,2.375,2.458,4.45,0.5,4.417,4.542,4.6254,22
local,hash_chain,1000,1024,0.0051,197243.52,2.22,1.99,2.125,2.25,2.291,2.35,0.59,2.292,2.416,2.542,4.56,2.1,4.458,4.584,4.7513,23
local,hash_chain,1000,1024,0.005,200588.41,2.17,0.57,2.125,2.209,2.291,2.31,0.08,2.292,2.375,2.4594,4.47,0.58,4.417,4.583,4.709,24
local,hash_chain,1000,1024,0.0056,179709.31,2.27,1.19,2.125,2.5,4.9601,2.52,1.09,2.333,2.8791,6.75,4.8,1.84,4.459,5.8361,9.6683,25
local,hash_chain,1000,1024,0.0053,189762.32,2.2,0.83,2.125,2.292,2.7088,2.45,1.26,2.333,2.5,5.2504,4.65,1.7,4.458,4.75,8.8368,26
local,hash_chain,1000,1024,0.0053,187524.91,2.25,0.92,2.166,2.375,3.7098,2.45,1.15,2.333,2.625,3.2504,4.7,1.59,4.5,4.917,8.4253,27
local,hash_chain,1000,1024,0.0053,187728.81,2.18,0.41,2.125,2.333,3.2238,2.44,1.47,2.292,2.5441,5.2088,4.62,1.6,4.417,5.041,7.9168,28
local,hash_chain,1000,1024,0.0049,202395.02,2.13,0.04,2.125,2.2081,2.25,2.3,0.05,2.292,2.375,2.459,4.44,0.07,4.417,4.542,4.666,29
local,hash_chain,1000,1024,0.0052,191538.77,2.25,1.37,2.125,2.333,2.958,2.36,0.54,2.292,2.5,3.3754,4.62,1.61,4.458,4.833,7.6287,30
local,seq_mac,500,64,0.0021,236387.95,1.87,0.05,1.875,1.917,2.0004,1.96,0.12,1.958,2.0,2.1254,3.83,0.15,3.833,3.917,4.1254,1
local,seq_mac,500,64,0.0021,234847.52,1.9,0.31,1.875,1.959,2.125,1.97,0.05,1.958,2.042,2.1254,3.87,0.33,3.833,4.0,4.2094,2
local,seq_mac,500,64,0.0022,231173.79,1.93,0.65,1.834,2.044,4.0004,1.96,0.67,1.916,2.042,2.1674,3.89,0.93,3.75,4.125,6.0083,3
local,seq_mac,500,64,0.0021,238085.83,1.87,0.15,1.834,2.0,2.166,1.93,0.07,1.917,2.0441,2.2084,3.81,0.19,3.75,4.083,4.25,4
local,seq_mac,500,64,0.0023,215912.77,2.0,1.05,1.875,2.042,4.2923,2.16,2.65,1.958,2.125,2.7995,4.15,3.04,3.833,4.1271,11.4873,5
local,seq_mac,500,64,0.0023,219082.05,1.99,1.66,1.833,2.042,4.0424,1.98,1.03,1.916,2.041,2.5017,3.98,2.51,3.75,4.169,6.0868,6
local,seq_mac,500,64,0.0022,229968.8,1.94,1.07,1.792,2.125,4.0004,1.97,1.11,1.875,2.125,2.375,3.92,2.13,3.667,4.3331,5.916,7
local,seq_mac,500,64,0.0022,225398.64,1.95,0.72,1.875,2.0021,2.167,2.06,1.46,1.958,2.083,2.1678,4.01,1.69,3.833,4.083,5.9341,8
local,seq_mac,500,64,0.0023,220860.25,2.08,2.91,1.875,1.959,4.0428,1.99,0.59,1.958,2.042,2.084,4.07,3.48,3.833,4.0,6.0424,9
local,seq_mac,500,64,0.0021,239530.48,1.87,0.4,1.791,2.041,4.0424,1.88,0.07,1.875,2.0,2.208,3.75,0.41,3.625,4.166,5.8754,10
local,seq_mac,500,64,0.0022,226967.46,1.93,0.59,1.875,2.0,2.1693,2.05,0.96,1.959,2.125,2.3343,3.97,1.38,3.875,4.042,4.9594,11
local,seq_mac,500,64,0.0021,236518.45,1.88,0.05,1.875,1.959,2.042,1.96,0.05,1.958,2.042,2.166,3.84,0.08,3.833,4.0,4.1254,12
local,seq_mac,500,64,0.0023,213185.53,1.99,1.47,1.834,2.0,4.0004,1.98,0.67,1.917,2.042,2.2084,3.96,2.13,3.791,4.0,5.9594,13
local,seq_mac,500,64,0.0021,237271.46,1.87,0.1,1.875,1.917,2.0,1.95,0.04,1.958,2.041,2.083,3.82,0.11,3.792,3.917,4.041,14
local,seq_mac,500,64,0.0021,236411.2,1.87,0.04,1.875,1.958,2.0,1.96,0.04,1.958,2.041,2.083,3.83,0.06,3.833,3.958,4.0,15
local,seq_mac,500,64,0.0021,236285.63,1.88,0.04,1.875,1.958,2.0,1.96,0.04,1.958,2.041,2.083,3.84,0.06,3.833,3.917,4.042,16
local,seq_mac,500,64,0.0021,237215.17,1.87,0.06,1.875,1.9581,2.083,1.95,0.05,1.958,2.042,2.125,3.82,0.09,3.792,3.9611,4.167,17
local,seq_mac,500,64,0.0021,235927.85,1.88,0.04,1.875,1.958,2.0,1.97,0.4,1.958,2.041,2.083,3.85,0.4,3.833,3.958,4.083,18
local,seq_mac,500,64,0.0021,235022.27,1.89,0.04,1.875,1.958,2.0,1.96,0.04,1.958,2.042,2.084,3.85,0.06,3.834,3.959,4.041,19
local,seq_mac,500,64,0.0023,221577.97,1.92,0.82,1.875,2.0,2.1683,2.05,2.13,1.958,2.083,2.1674,3.96,2.32,3.833,4.042,5.833,20
local,seq_mac,500,64,0.0021,235372.54,1.91,0.38,1.833,2.0411,4.0418,1.91,0.13,1.875,2.0,2.125,3.82,0.41,3.709,4.0441,5.9636,21
local,seq_mac,500,64,0.0022,227561.52,1.88,0.93,1.75,2.042,2.7165,2.01,2.27,1.875,2.125,2.5838,3.89,2.52,3.625,4.125,5.4096,22
local,seq_mac,500,64,0.0021,238175.54,1.86,0.05,1.834,1.958,2.0,1.93,0.05,1.917,2.0,2.042,3.79,0.07,3.791,3.917,4.0,23
local,seq_mac,500,64,0.0022,227902.88,2.01,1.17,1.792,2.5577,5.2504,1.92,0.37,1.875,2.042,2.2504,3.93,1.51,3.667,4.7288,7.0844,24
local,seq_mac,500,64,0.0023,214289.51,2.05,1.15,1.916,2.2132,6.1689,2.14,2.18,1.959,2.25,3.1061,4.19,3.06,3.875,4.458,9.6463,25
local,seq_mac,500,64,0.0021,238322.21,1.88,0.05,1.875,1.958,2.0,1.93,0.04,1.917,2.0,2.042,3.81,0.07,3.792,3.916,4.0004,26
local,seq_mac,500,64,0.0021,239573.64,1.86,0.04,1.834,1.917,2.0004,1.93,0.04,1.917,2.0,2.042,3.79,0.06,3.791,3.875,3.9594,27
local,seq_mac,500,64,0.0022,223077.35,2.01,1.73,1.875,2.0,2.8352,2.03,1.03,1.958,2.084,2.3351,4.04,2.66,3.833,4.083,5.167,28
local,seq_mac,500,64,0.0021,234801.53,1.88,0.04,1.875,1.958,2.0,1.97,0.04,1.959,2.042,2.084,3.85,0.06,3.834,3.958,4.041,29
local,seq_mac,500,64,0.0021,237675.46,1.87,0.04,1.875,1.9191,1.959,1.95,0.03,1.958,2.0,2.042,3.82,0.05,3.792,3.916,4.0,30
local,seq_mac,1000,64,0.0045,222556.06,1.93,0.55,1.875,2.0,2.208,2.05,2.2,1.958,2.083,2.25,3.98,2.32,3.834,4.042,4.4594,1
local,seq_mac,1000,64,0.0045,224349.4,1.94,0.47,1.875,2.041,3.7521,1.99,0.6,1.958,2.083,2.167,3.93,0.9,3.834,4.083,5.8754,2
local,seq_mac,1000,64,0.0045,222380.8,1.95,0.59,1.875,2.083,2.3754,2.05,1.08,1.959,2.166,2.708,4.0,1.26,3.834,4.208,6.8334,3
local,seq_mac,1000,64,0.0044,226903.13,1.93,0.3,1.875,2.125,3.1267,2.03,0.95,1.958,2.166,2.5844,3.96,1.01,3.834,4.291,5.8754,4
local,seq_mac,1000,64,0.0046,219134.04,1.94,0.87,1.875,2.0021,3.958,2.01,1.28,1.917,2.083,2.5834,3.96,1.68,3.792,4.0861,6.1682,5
local,seq_mac,1000,64,0.0042,237842.78,1.87,0.18,1.875,1.917,2.0,1.94,0.04,1.958,2.0,2.042,3.82,0.18,3.792,3.916,4.0004,6
local,seq_mac,1000,64,0.0046,219643.41,1.94,1.01,1.875,2.042,3.667,2.03,1.52,1.917,2.084,2.6674,3.97,2.1,3.792,4.125,6.417,7
local,seq_mac,1000,64,0.0042,236278.65,1.88,0.04,1.875,1.958,2.0004,1.95,0.04,1.958,2.0,2.083,3.83,0.06,3.833,3.917,4.0,8
local,seq_mac,1000,64,0.0046,218613.11,1.99,0.95,1.916,2.083,2.875,2.12,2.19,1.959,2.166,2.7513,4.11,2.52,3.875,4.208,6.3921,9
local,seq_mac,1000,64,0.0043,234013.92,1.91,0.74,1.875,1.959,2.7508,1.94,0.33,1.917,2.042,2.125,3.85,1.06,3.791,4.0,4.5863,10
local,seq_mac,1000,64,0.0044,226652.47,1.9,1.03,1.792,2.0,4.0,1.94,0.81,1.875,2.042,2.208,3.84,1.73,3.708,4.041,5.875,11
local,seq_mac,1000,64,0.0044,228987.95,1.91,0.5,1.875,2.0,2.084,1.97,0.19,1.958,2.042,2.167,3.88,0.69,3.833,4.0,4.1674,12
local,seq_mac,1000,64,0.0046,219542.97,1.94,1.83,1.792,2.042,3.9598,1.92,0.5,1.875,2.042,2.5,3.86,2.11,3.667,4.083,5.8758,13
local,seq_mac,1000,64,0.0044,228894.02,1.94,0.96,1.875,2.0,2.167,1.97,0.4,1.958,2.042,2.208,3.91,1.12,3.833,4.0,4.292,14
local,seq_mac,1000,64,0.0043,234544.51,1.89,0.45,1.833,2.041,3.958,1.96,0.98,1.875,2.083,2.5834,3.85,1.2,3.708,4.167,6.0851,15
local,seq_mac,1000,64,0.0042,235707.74,1.88,0.04,1.875,1.958,2.0,1.95,0.04,1.958,2.041,2.083,3.83,0.06,3.833,3.958,4.0,16
local,seq_mac,1000,64,0.0044,228996.71,1.92,0.56,1.875,2.0,2.4164,1.96,0.28,1.958,2.083,2.583,3.88,0.81,3.833,4.0831,5.0838,17
local,seq_mac,1000,64,0.0042,238064.52,1.87,0.04,1.875,1.958,2.0,1.94,0.04,1.917,2.0,2.083,3.81,0.06,3.792,3.917,4.0,18
local,seq_mac,1000,64,0.0042,236574.4,1.89,0.41,1.875,1.959,2.042,1.95,0.05,1.917,2.041,2.0844,3.84,0.42,3.792,3.958,4.083,19
local,seq_mac,1000,64,0.0043,234796.9,1.89,0.05,1.875,1.959,2.042,1.96,0.05,1.958,2.042,2.125,3.85,0.07,3.834,4.0,4.083,20
local,seq_mac,1000,64,0.0043,231325.34,1.94,0.66,1.875,2.0,4.0424,1.96,0.56,1.917,2.0441,2.2928,3.89,0.91,3.791,4.0861,6.0004,21
local,seq_mac,1000,64,0.0044,226235.85,1.98,1.25,1.875,2.0,2.417,1.98,0.65,1.958,2.083,2.2084,3.96,1.77,3.833,4.042,4.9174,22
local,seq_mac,1000,64,0.0043,230818.04,1.94,1.0,1.834,2.0441,2.5437,1.96,0.61,1.916,2.125,2.542,3.9,1.5,3.75,4.167,5.2546,23
local,seq_mac,1000,64,0.0043,232736.32,1.9,0.65,1.875,1.958,2.1275,1.95,0.47,1.958,2.0,2.083,3.85,1.1,3.833,3.917,4.208,24
local,seq_mac,1000,64,0.0044,225793.06,1.92,0.83,1.875,1.959,2.4178,2.0,1.01,1.917,2.042,2.416,3.92,1.41,3.792,3.959,5.3817,25
local,seq_mac,1000,64,0.0043,230866.9,1.87,0.22,1.875,1.958,2.333,1.97,0.94,1.917,2.041,2.2093,3.84,0.97,3.792,3.958,4.8348,26
local,seq_mac,1000,64,0.0042,236873.25,1.88,0.12,1.875,1.958,2.0,1.95,0.2,1.958,2.041,2.083,3.83,0.23,3.833,3.917,4.0,27
local,seq_mac,1000,64,0.0043,234180.63,1.9,0.24,1.875,1.959,2.0,1.97,0.08,1.958,2.042,2.125,3.87,0.26,3.834,4.0,4.042,28
local,seq_mac,1000,64,0.0042,235587.41,1.89,0.04,1.875,1.959,2.041,1.96,0.04,1.958,2.042,2.083,3.86,0.06,3.834,3.958,4.0,29
local,seq_mac,1000,64,0.0044,227578.77,1.89,0.52,1.875,1.959,2.0834,2.0,1.65,1.958,2.042,2.125,3.89,1.75,3.833,3.959,4.25,30
local,seq_mac,500,128,0.0021,243902.44,1.78,0.15,1.75,1.875,2.084,1.89,0.05,1.875,1.959,2.083,3.67,0.17,3.625,3.833,4.0848,1
local,seq_mac,500,128,0.0024,211554.34,2.05,1.27,1.958,2.167,4.0004,2.12,1.16,2.0,2.209,2.9598,4.16,2.14,3.958,4.3771,7.0033,2
local,seq_mac,500,128,0.0022,223847.25,2.04,2.28,1.916,2.0,2.1288,2.01,0.44,2.0,2.083,2.125,4.05,2.71,3.875,4.0,4.2563,3
local,seq_mac,500,128,0.0024,210293.89,2.08,0.9,1.917,2.4601,6.6034,2.18,1.23,2.0,2.419,7.6712,4.26,1.74,3.916,5.0892,13.291,4
local,seq_mac,500,128,0.0023,222152.32,2.0,0.65,1.958,2.125,2.3754,2.1,1.1,2.0,2.209,2.3754,4.1,1.68,3.958,4.375,4.708,5
local,seq_mac,500,128,0.0022,229942.36,1.94,0.06,1.917,2.042,2.166,2.01,0.06,2.0,2.125,2.1674,3.94,0.1,3.917,4.125,4.333,6
local,seq_mac,500,128,0.0024,210061.97,2.03,1.25,1.916,2.083,4.125,2.13,2.77,1.958,2.125,2.9187,4.16,3.13,3.875,4.25,6.2945,7
local,seq_mac,500,128,0.0023,220860.25,1.99,0.62,1.917,2.125,2.5029,2.06,0.57,2.0,2.208,2.6258,4.05,0.95,3.917,4.2521,5.3887,8
local,seq_mac,500,128,0.0021,233213.52,1.91,0.1,1.916,2.0,2.125,1.99,0.05,1.959,2.083,2.166,3.9,0.12,3.875,4.041,4.2504,9
local,seq_mac,500,128,0.0022,224114.75,1.98,1.45,1.916,2.0021,2.208,2.0,0.34,1.959,2.084,2.2924,3.98,1.77,3.875,4.083,4.583,10
local,seq_mac,500,128,0.0022,229555.24,1.94,0.23,1.916,2.125,2.209,2.0,0.09,2.0,2.166,2.291,3.94,0.26,3.8955,4.25,4.3758,11
local,seq_mac,500,128,0.0021,235026.91,1.9,0.51,1.875,2.0,2.0848,1.95,0.07,1.917,2.042,2.208,3.85,0.53,3.792,4.041,4.2504,12
local,seq_mac,500,128,0.0022,229099.48,1.96,0.83,1.8955,2.083,2.458,2.0,0.22,1.9585,2.167,2.5,3.95,1.04,3.875,4.208,4.9187,13
local,seq_mac,500,128,0.0022,223405.48,1.95,0.09,1.917,2.042,2.2088,2.06,1.21,2.0,2.125,2.213,4.01,1.23,3.917,4.125,4.7113,14
local,seq_mac,500,128,0.0022,231870.62,1.92,0.04,1.916,2.0,2.042,1.99,0.04,2.0,2.083,2.125,3.91,0.06,3.916,4.042,4.084,15
local,seq_mac,500,128,0.0021,233472.16,1.9,0.04,1.916,1.959,2.0414,1.98,0.04,1.959,2.042,2.0844,3.89,0.06,3.875,4.0,4.0848,16
local,seq_mac,500,128,0.0022,224668.61,1.92,0.6,1.875,1.959,2.042,2.03,1.36,1.959,2.042,2.084,3.95,1.52,3.875,4.0,4.0844,17
local,seq_mac,500,128,0.0022,226569.02,1.93,0.48,1.875,2.042,4.0013,2.02,1.02,1.958,2.083,2.375,3.95,1.15,3.792,4.125,7.4611,18
local,seq_mac,500,128,0.0023,222041.23,2.01,1.79,1.875,2.042,2.719,2.07,1.28,1.958,2.125,2.2974,4.07,3.05,3.792,4.1661,5.214,19
local,seq_mac,500,128,0.0021,233054.93,1.91,0.05,1.916,2.0,2.042,1.98,0.04,1.959,2.042,2.084,3.89,0.07,3.875,4.0,4.084,20
local,seq_mac,500,128,0.0023,220413.95,1.87,0.88,1.792,1.917,2.2667,1.91,0.28,1.875,2.0,2.083,3.78,1.15,3.708,3.917,4.2654,21
local,seq_mac,500,128,0.0023,221202.23,1.98,0.45,1.917,2.125,2.5004,2.09,0.91,2.0,2.25,2.6296,4.06,1.06,3.916,4.3331,9.2928,22
local,seq_mac,500,128,0.0022,228006.81,1.97,0.73,1.916,2.0,3.1706,2.01,0.4,2.0,2.084,2.125,3.98,0.83,3.875,4.041,5.5851,23
local,seq_mac,500,128,0.0023,218702.76,1.96,0.66,1.917,2.083,3.2151,2.04,0.71,2.0,2.166,2.5834,4.0,1.02,3.917,4.167,5.7932,24
local,seq_mac,500,128,0.0023,216399.44,1.99,0.37,1.958,2.084,4.0838,2.13,1.27,2.042,2.208,2.917,4.12,1.44,4.0,4.291,7.5852,25
local,seq_mac,500,128,0.0022,232531.1,1.91,0.05,1.916,2.0,2.083,1.98,0.04,1.959,2.083,2.125,3.89,0.07,3.875,4.041,4.166,26
local,seq_mac,500,128,0.0021,234714.23,1.9,0.04,1.875,1.959,2.0,1.98,0.04,1.959,2.042,2.083,3.87,0.05,3.875,3.958,4.083,27
local,seq_mac,500,128,0.0022,222849.47,1.98,0.83,1.917,2.042,2.7101,2.03,0.56,1.959,2.125,2.3334,4.0,1.23,3.916,4.125,4.927,28
local,seq_mac,500,128,0.0021,234119.01,1.91,0.04,1.916,1.959,2.0,1.98,0.04,1.959,2.042,2.083,3.88,0.06,3.875,4.0,4.0424,29
local,seq_mac,500,128,0.0021,233154.58,1.92,0.39,1.916,2.0,2.0424,1.98,0.05,1.959,2.083,2.125,3.9,0.4,3.875,4.0,4.083,30
local,seq_mac,1000,128,0.0044,228449.61,1.95,0.85,1.916,2.0,2.083,2.02,0.78,1.959,2.083,2.167,3.97,1.31,3.875,4.042,4.25,1
local,seq_mac,1000,128,0.0043,233997.93,1.91,0.04,1.916,1.959,2.042,1.98,0.04,1.959,2.042,2.084,3.88,0.06,3.875,4.0,4.0424,2
local,seq_mac,1000,128,0.0044,226714.55,1.88,0.39,1.833,1.959,3.9174,1.99,1.73,1.917,2.042,2.167,3.87,1.78,3.75,4.0,5.875,3
local,seq_mac,1000,128,0.0043,233392.65,1.88,0.21,1.875,1.958,2.0424,1.97,0.56,1.958,2.042,2.125,3.85,0.62,3.833,3.958,4.209,4
local,seq_mac,1000,128,0.0047,210931.53,2.01,1.79,1.875,2.083,4.0,2.0,0.63,1.958,2.125,2.2932,4.01,2.4,3.833,4.167,6.0004,5
local,seq_mac,1000,128,0.0043,232312.75,1.92,0.14,1.916,2.0,2.042,1.99,0.05,1.959,2.083,2.167,3.91,0.15,3.875,4.042,4.25,6
local,seq_mac,1000,128,0.0047,213928.55,2.02,1.73,1.875,2.042,3.2575,2.05,1.05,1.959,2.125,2.4178,4.07,2.59,3.875,4.167,6.0838,7
local,seq_mac,1000,128,0.0043,234856.68,1.9,0.04,1.916,1.959,2.0,1.97,0.04,1.959,2.042,2.084,3.87,0.05,3.875,3.959,4.042,8
local,seq_mac,1000,128,0.0043,233770.05,1.91,0.09,1.916,2.0,2.042,1.98,0.04,1.959,2.083,2.125,3.89,0.1,3.875,4.0,4.0844,9
local,seq_mac,1000,128,0.0042,235298.71,1.9,0.04,1.875,1.959,2.0,1.97,0.03,1.958,2.0411,2.083,3.86,0.05,3.875,3.958,4.0004,10
local,seq_mac,1000,128,0.0047,210740.74,2.01,1.9,1.875,2.0831,3.7105,1.99,0.57,1.958,2.125,2.2914,4.0,2.44,3.834,4.208,5.6695,11
local,seq_mac,1000,128,0.0044,227040.53,1.94,0.31,1.916,2.0,2.416,2.02,0.63,1.959,2.084,2.4588,3.95,0.73,3.875,4.083,5.7521,12
local,seq_mac,1000,128,0.0043,235278.01,1.88,0.33,1.833,2.042,3.916,1.96,0.81,1.875,2.083,2.5004,3.84,0.9,3.708,4.125,6.0,13
local,seq_mac,1000,128,0.0044,229577.21,1.95,1.38,1.875,1.959,2.0834,1.99,0.45,1.959,2.042,2.0844,3.94,1.6,3.875,4.0,4.2508,14
local,seq_mac,1000,128,0.0044,227894.26,1.92,0.37,1.875,2.042,2.4174,2.03,1.4,1.958,2.125,2.458,3.95,1.46,3.834,4.166,4.9611,15
local,seq_mac,1000,128,0.0043,231267.34,1.91,0.16,1.916,2.0,2.1674,1.99,1.03,1.958,2.042,2.125,3.89,1.04,3.834,4.0,4.2924,16
local,seq_mac,1000,128,0.0044,229075.39,1.93,0.68,1.875,2.0,2.125,1.99,0.27,1.959,2.083,2.166,3.92,0.82,3.875,4.042,4.208,17
local,seq_mac,1000,128,0.0045,224544.61,1.97,0.89,1.916,2.0,2.458,2.03,1.16,1.959,2.083,2.583,4.0,1.55,3.875,4.041,5.2138,18
local,seq_mac,1000,128,0.0043,233893.07,1.91,0.04,1.916,1.959,2.0,1.98,0.04,1.959,2.0441,2.125,3.89,0.06,3.875,4.0,4.042,19
local,seq_mac,1000,128,0.0044,224866.5,1.97,0.91,1.916,2.0,3.958,1.98,0.13,1.959,2.083,2.2504,3.95,1.02,3.875,4.042,5.8754,20
local,seq_mac,1000,128,0.0043,229896.05,1.96,0.93,1.875,2.083,3.7525,1.98,0.22,1.958,2.125,2.3344,3.94,1.13,3.833,4.167,5.8758,21
local,seq_mac,1000,128,0.0047,214337.37,2.03,1.68,1.917,2.0831,2.5025,2.06,0.86,2.0,2.125,2.5838,4.09,2.19,3.916,4.208,5.4249,22
local,seq_mac,1000,128,0.0043,232173.43,1.9,0.47,1.875,2.042,2.5414,1.97,0.66,1.958,2.125,2.625,3.87,0.9,3.833,4.125,5.1258,23
local,seq_mac,1000,128,0.0045,221149.26,1.96,1.09,1.875,2.0,3.9594,1.98,0.82,1.917,2.042,2.458,3.94,1.72,3.833,4.0,5.9174,24
local,seq_mac,1000,128,0.0044,224799.07,1.97,0.89,1.875,2.042,2.5848,2.02,0.35,1.959,2.125,2.625,3.99,1.14,3.875,4.125,5.1674,25
local,seq_mac,1000,128,0.0046,218770.51,1.98,0.87,1.916,2.0831,3.8763,2.06,1.42,1.959,2.125,2.6674,4.04,1.8,3.875,4.209,6.3771,26
local,seq_mac,1000,128,0.0043,233027.83,1.91,0.04,1.916,1.959,2.0,1.99,0.43,1.959,2.042,2.084,3.9,0.43,3.875,4.0,4.083,27
local,seq_mac,1000,128,0.0045,221825.79,2.0,1.51,1.917,2.084,2.4182,2.08,1.03,2.0,2.1661,2.4594,4.08,2.16,3.916,4.25,4.9203,28
local,seq_mac,1000,128,0.0043,234018.47,1.9,0.04,1.875,1.959,2.0004,1.99,0.04,1.959,2.083,2.125,3.88,0.06,3.875,4.0,4.084,29
local,seq_mac,1000,128,0.0046,215354.8,2.03,1.53,1.916,2.125,4.6254,1.99,0.23,1.958,2.125,2.292,4.02,1.75,3.875,4.2521,6.5838,30
local,seq_mac,500,256,0.0023,215664.4,2.1,1.17,1.959,2.25,4.2107,2.09,0.42,2.042,2.25,2.584,4.19,1.4,4.041,4.5,6.5428,1
local,seq_mac,500,256,0.0022,225602.04,1.96,0.05,1.958,2.042,2.0834,2.07,0.59,2.041,2.125,2.167,4.03,0.59,4.0,4.125,4.208,2
local,seq_mac,500,256,0.0021,236751.84,1.88,0.22,1.834,1.958,2.3049,1.93,0.04,1.917,2.0,2.083,3.81,0.23,3.791,3.917,4.3871,3
local,seq_mac,500,256,0.0024,212679.26,2.0,0.3,1.958,2.084,2.6753,2.26,1.93,2.042,2.167,5.5292,4.25,2.04,4.0,4.333,7.9425,4
local,seq_mac,500,256,0.0022,226731.66,1.97,0.17,1.958,2.042,2.084,2.03,0.04,2.041,2.125,2.125,4.0,0.18,3.959,4.125,4.208,5
local,seq_mac,500,256,0.0023,215513.34,1.99,0.9,1.917,2.041,2.2504,2.06,1.05,2.0,2.125,2.25,4.05,1.94,3.958,4.125,4.3758,6
local,seq_mac,500,256,0.0023,219230.17,2.0,0.67,1.958,2.0861,2.9584,2.1,0.91,2.041,2.167,2.4199,4.1,1.34,3.959,4.25,5.5054,7
local,seq_mac,500,256,0.0022,226616.05,1.98,0.21,1.958,2.042,2.2608,2.04,0.04,2.041,2.125,2.1254,4.01,0.21,4.0,4.125,4.4266,8
local,seq_mac,500,256,0.0022,223222.56,2.02,1.22,1.958,2.041,2.1258,2.05,0.52,2.0,2.084,2.167,4.07,1.74,3.959,4.083,4.2508,9
local,seq_mac,500,256,0.0023,216033.3,2.06,1.05,1.959,2.125,2.7579,2.13,1.18,2.042,2.208,2.7924,4.18,1.76,4.041,4.291,6.0038,10
local,seq_mac,500,256,0.0022,223601.1,1.98,0.06,1.959,2.083,2.1254,2.06,0.05,2.042,2.167,2.208,4.04,0.1,4.0,4.209,4.3334,11
local,seq_mac,500,256,0.0022,226984.66,1.97,0.05,1.958,2.042,2.125,2.05,0.05,2.042,2.125,2.208,4.02,0.08,4.0,4.1661,4.25,12
local,seq_mac,500,256,0.0023,213136.27,2.11,2.24,2.0,2.125,2.7094,2.14,1.0,2.042,2.209,2.6678,4.26,2.6,4.042,4.3351,5.5004,13
local,seq_mac,500,256,0.0022,226971.89,1.96,0.06,1.958,2.083,2.1254,2.04,0.06,2.041,2.166,2.209,4.0,0.1,3.959,4.208,4.375,14
local,seq_mac,500,256,0.0022,230684.98,1.95,0.05,1.917,2.042,2.0844,2.0,0.05,2.0,2.083,2.1254,3.95,0.07,3.917,4.083,4.2094,15
local,seq_mac,500,256,0.0023,216184.99,2.0,0.57,1.958,2.084,2.5848,2.16,2.17,2.0,2.167,2.8754,4.16,2.28,3.959,4.25,5.5437,16
local,seq_mac,500,256,0.0022,225767.58,1.97,0.23,1.958,2.083,2.6808,1.99,0.06,2.0,2.0861,2.25,3.97,0.24,3.917,4.2111,4.6808,17
local,seq_mac,500,256,0.0023,214094.53,2.06,1.2,1.959,2.083,2.2088,2.05,0.17,2.042,2.166,2.291,4.11,1.33,4.0,4.208,4.5008,18
local,seq_mac,500,256,0.0022,227803.41,1.96,0.04,1.958,2.041,2.083,2.04,0.04,2.041,2.125,2.167,4.0,0.06,4.0,4.125,4.167,19
local,seq_mac,500,256,0.0024,204401.42,2.02,1.01,1.875,2.208,5.2504,2.12,1.99,1.958,2.208,2.7102,4.14,2.36,3.833,4.3771,7.5473,20
local,seq_mac,500,256,0.0022,231107.0,1.92,0.82,1.834,2.042,2.208,1.97,0.24,1.917,2.1661,2.291,3.89,1.05,3.791,4.167,4.458,21
local,seq_mac,500,256,0.0022,224546.63,1.96,0.08,1.958,2.042,2.2094,2.09,1.21,2.041,2.125,2.209,4.05,1.23,3.959,4.1271,4.4178,22
local,seq_mac,500,256,0.0023,213106.02,2.05,1.4,1.958,2.0441,4.0886,2.09,1.16,2.0,2.125,2.8334,4.14,2.38,3.958,4.167,7.3334,23
local,seq_mac,500,256,0.0024,212581.24,2.04,0.8,1.958,2.1271,4.0428,2.14,1.2,2.0,2.2081,2.7236,4.18,1.67,3.959,4.375,8.1161,24
local,seq_mac,500,256,0.0022,226795.94,1.97,0.04,1.959,2.042,2.083,2.04,0.04,2.041,2.125,2.166,4.01,0.06,4.0,4.125,4.208,25
local,seq_mac,500,256,0.0022,228832.95,1.95,0.04,1.958,2.0,2.083,2.03,0.04,2.041,2.084,2.125,3.99,0.05,3.959,4.083,4.166,26
local,seq_mac,500,256,0.0023,215583.03,1.99,0.69,1.917,2.083,2.4597,2.16,1.87,2.0,2.1271,3.7084,4.15,2.05,3.917,4.208,10.671,27
local,seq_mac,500,256,0.0022,227453.66,1.95,0.06,1.917,2.041,2.125,2.02,0.04,2.0,2.084,2.1254,3.96,0.09,3.958,4.083,4.25,28
local,seq_mac,500,256,0.0022,230100.98,1.94,0.04,1.917,2.0,2.042,2.02,0.05,2.0,2.125,2.167,3.96,0.06,3.958,4.083,4.1674,29
local,seq_mac,500,256,0.0023,216927.64,2.05,1.26,1.959,2.125,2.2924,2.11,0.92,2.042,2.208,2.416,4.16,1.67,4.0,4.333,4.5424,30
local,seq_mac,1000,256,0.0044,228295.28,1.95,0.08,1.958,2.041,2.084,2.03,0.04,2.041,2.125,2.167,3.99,0.09,3.959,4.084,4.208,1
local,seq_mac,1000,256,0.0045,220953.8,1.99,0.7,1.958,2.042,2.1674,2.09,1.54,2.042,2.125,2.1674,4.08,1.72,4.0,4.125,4.375,2
local,seq_mac,1000,256,0.0044,228780.6,1.95,0.11,1.958,2.0,2.083,2.03,0.04,2.041,2.125,2.166,3.99,0.12,3.959,4.0831,4.167,3
local,seq_mac,1000,256,0.0048,206536.89,2.04,0.89,1.958,2.211,4.125,2.11,1.15,2.041,2.209,2.7094,4.15,1.67,4.0,4.417,6.167,4
local,seq_mac,1000,256,0.0046,218017.35,1.99,0.4,1.958,2.084,2.5437,2.13,1.11,2.041,2.1661,2.541,4.12,1.27,4.0,4.209,6.2148,5
local,seq_mac,1000,256,0.0049,205562.14,2.04,1.28,1.917,2.125,4.1674,2.09,1.18,1.959,2.125,2.6258,4.13,1.89,3.916,4.25,6.9174,6
local,seq_mac,1000,256,0.0044,225195.66,1.99,0.18,1.959,2.084,2.167,2.06,0.05,2.042,2.1661,2.208,4.05,0.19,4.0,4.209,4.2924,7
local,seq_mac,1000,256,0.0045,220825.67,1.99,0.42,1.959,2.042,2.1254,2.08,1.23,2.042,2.125,2.208,4.07,1.3,4.0,4.166,4.2924,8
local,seq_mac,1000,256,0.0045,223916.12,1.97,0.55,1.958,2.042,2.0844,2.06,0.85,2.041,2.125,2.167,4.03,1.04,3.959,4.125,4.2094,9
local,seq_mac,1000,256,0.0044,227764.49,1.96,0.08,1.958,2.041,2.083,2.04,0.46,2.041,2.125,2.125,4.01,0.47,3.959,4.084,4.1674,10
local,seq_mac,1000,256,0.0045,221404.26,1.99,0.82,1.958,2.041,2.167,2.05,0.97,2.0,2.084,2.167,4.04,1.6,3.958,4.084,4.3359,11
local,seq_mac,1000,256,0.0045,221858.62,2.01,1.01,1.916,2.125,4.042,2.05,0.84,1.959,2.167,2.708,4.06,1.47,3.875,4.333,6.0424,12
local,seq_mac,1000,256,0.0045,222659.33,1.98,0.95,1.917,2.041,2.6795,2.03,0.64,2.0,2.084,2.167,4.01,1.56,3.958,4.084,5.6687,13
local,seq_mac,1000,256,0.0045,220549.72,2.04,1.34,1.917,2.084,3.9594,2.04,0.61,2.0,2.125,2.4174,4.08,1.64,3.958,4.209,6.1275,14
local,seq_mac,1000,256,0.0047,214663.31,2.07,1.04,1.958,2.084,4.4609,2.05,0.66,2.0,2.125,2.2924,4.12,1.52,3.958,4.2521,6.7914,15
local,seq_mac,1000,256,0.0046,215842.87,2.09,1.66,1.958,2.083,2.6664,2.11,1.1,2.041,2.166,2.791,4.2,2.08,3.959,4.2081,9.8651,16
local,seq_mac,1000,256,0.0046,217823.4,1.97,0.76,1.958,2.083,2.167,2.05,0.58,2.041,2.166,2.25,4.02,1.02,3.959,4.208,4.416,17
local,seq_mac,1000,256,0.0044,227944.02,1.97,0.05,1.959,2.042,2.125,2.03,0.04,2.041,2.125,2.167,4.0,0.06,4.0,4.125,4.25,18
local,seq_mac,1000,256,0.0045,220349.25,1.97,0.48,1.917,2.041,2.5008,2.12,1.5,2.041,2.125,2.5414,4.1,1.65,3.958,4.084,5.25,19
local,seq_mac,1000,256,0.0044,227094.25,1.98,0.39,1.958,2.041,2.083,2.04,0.04,2.042,2.125,2.166,4.02,0.4,4.0,4.084,4.208,20
local,seq_mac,1000,256,0.0048,207032.22,2.02,0.81,1.917,2.084,4.2504,2.09,1.39,2.0,2.166,2.6254,4.1,1.7,3.917,4.25,6.6308,21
local,seq_mac,1000,256,0.0046,217159.18,2.01,0.22,2.0,2.1271,2.3334,2.11,0.63,2.083,2.25,2.4174,4.12,0.68,4.042,4.3331,4.7508,22
local,seq_mac,1000,256,0.0046,217055.11,2.04,0.66,1.959,2.2081,4.0844,2.13,0.82,2.083,2.292,2.584,4.17,1.15,4.042,4.5,6.25,23
local,seq_mac,1000,256,0.0045,221373.62,2.0,0.66,1.958,2.042,3.958,2.08,1.2,2.041,2.125,2.2094,4.08,1.38,4.0,4.1661,5.916,24
local,seq_mac,1000,256,0.0044,225284.44,1.98,0.34,1.958,2.042,2.125,2.06,0.7,2.041,2.125,2.166,4.04,0.78,3.959,4.125,4.375,25
local,seq_mac,1000,256,0.0045,219907.09,1.99,0.57,1.958,2.042,4.0,2.1,2.19,2.0,2.084,2.209,4.1,2.3,3.958,4.125,6.083,26
local,seq_mac,1000,256,0.0044,227816.38,1.96,0.04,1.958,2.0411,2.083,2.04,0.04,2.041,2.125,2.167,4.0,0.06,4.0,4.125,4.167,27
local,seq_mac,1000,256,0.0047,211048.38,2.07,1.2,1.959,2.1271,3.0424,2.2,1.84,2.042,2.25,3.2953,4.28,2.33,4.041,4.375,7.4607,28
local,seq_mac,1000,256,0.0044,227548.53,1.97,0.05,1.959,2.042,2.125,2.03,0.05,2.041,2.125,2.167,4.01,0.07,4.0,4.125,4.208,29
local,seq_mac,1000,256,0.0052,193961.32,2.25,1.4,2.042,2.5831,9.5424,2.32,1.58,2.125,2.666,8.7084,4.57,2.25,4.167,5.3771,15.7583,30
local,seq_mac,500,512,0.0025,201264.58,2.16,0.16,2.125,2.333,2.792,2.23,0.12,2.208,2.416,2.917,4.39,0.25,4.333,4.667,5.75,1
local,seq_mac,500,512,0.0025,200461.06,2.22,0.05,2.208,2.294,2.416,2.27,0.05,2.25,2.375,2.417,4.49,0.08,4.459,4.666,4.75,2
local,seq_mac,500,512,0.0032,154557.55,2.9,4.52,2.208,3.4611,28.0437,2.64,2.62,2.25,3.169,11.9588,5.54,6.04,4.458,7.1313,34.3141,3
local,seq_mac,500,512,0.0031,162293.77,2.77,4.85,2.2705,2.542,9.1708,2.71,3.31,2.3335,2.583,10.4399,5.48,7.19,4.625,5.042,37.0217,4
local,seq_mac,500,512,0.0026,192064.58,2.26,0.87,2.208,2.459,2.8344,2.28,0.16,2.25,2.459,2.8334,4.54,0.97,4.458,4.917,5.6254,5
local,seq_mac,500,512,0.0026,191868.02,2.26,0.47,2.208,2.375,3.1258,2.38,1.27,2.25,2.417,3.2213,4.65,1.52,4.458,4.791,7.2452,6
local,seq_mac,500,512,0.0025,201379.45,2.21,0.05,2.208,2.292,2.375,2.26,0.05,2.25,2.334,2.3754,4.47,0.08,4.458,4.584,4.7094,7
local,seq_mac,500,512,0.0026,193022.25,2.34,2.26,2.209,2.375,2.5008,2.32,0.52,2.292,2.416,2.5004,4.66,2.78,4.541,4.709,5.0004,8
local,seq_mac,500,512,0.0024,205173.83,2.13,0.06,2.125,2.2111,2.417,2.22,0.06,2.208,2.292,2.458,4.34,0.1,4.333,4.5021,4.7928,9
local,seq_mac,500,512,0.0024,205349.35,2.15,0.59,2.084,2.25,2.5004,2.23,0.49,2.208,2.333,2.667,4.38,1.08,4.292,4.542,5.167,10
local,seq_mac,500,512,0.0026,189184.9,2.33,1.41,2.209,2.417,4.0884,2.39,2.01,2.25,2.5,3.3376,4.71,2.59,4.5,4.9191,7.6559,11
local,seq_mac,500,512,0.0024,206192.62,2.16,0.91,2.083,2.209,2.3344,2.13,0.06,2.125,2.25,2.375,4.29,0.92,4.208,4.458,4.6258,12
local,seq_mac,500,512,0.0025,200813.29,2.19,0.22,2.166,2.416,2.7504,2.29,0.82,2.208,2.458,2.9588,4.48,0.89,4.375,4.7941,5.7093,13
local,seq_mac,500,512,0.0026,193249.11,2.3,1.53,2.208,2.333,2.5424,2.32,1.1,2.25,2.3771,2.6254,4.62,2.08,4.458,4.709,5.2107,14
local,seq_mac,500,512,0.0025,197817.36,2.2,0.35,2.167,2.333,2.542,2.28,0.69,2.25,2.375,2.542,4.48,0.8,4.416,4.667,4.9262,15
local,seq_mac,500,512,0.0026,193861.12,2.29,1.02,2.167,2.4611,3.5897,2.3,0.51,2.25,2.5,3.0445,4.59,1.44,4.417,4.959,6.65,16
local,seq_mac,500,512,0.0025,198399.55,2.23,0.47,2.208,2.291,2.3334,2.25,0.3,2.209,2.292,2.334,4.47,0.56,4.417,4.542,4.666,17
local,seq_mac,500,512,0.0025,201952.23,2.15,0.11,2.125,2.333,2.708,2.25,0.25,2.208,2.417,2.875,4.4,0.3,4.3335,4.6691,5.6258,18
local,seq_mac,500,512,0.0025,199600.8,2.23,0.39,2.208,2.292,2.375,2.28,0.31,2.25,2.334,2.3754,4.51,0.5,4.458,4.584,4.6674,19
local,seq_mac,500,512,0.0025,202521.39,2.2,0.05,2.208,2.292,2.333,2.26,0.07,2.25,2.334,2.375,4.46,0.08,4.458,4.583,4.6674,20
local,seq_mac,500,512,0.0026,191708.6,2.29,1.33,2.167,2.292,3.0414,2.33,1.15,2.25,2.375,3.1674,4.62,1.94,4.417,4.669,8.1965,21
local,seq_mac,500,512,0.0025,201673.89,2.19,0.05,2.167,2.25,2.333,2.27,0.04,2.25,2.375,2.375,4.46,0.07,4.458,4.583,4.6664,22
local,seq_mac,500,512,0.0025,203018.15,2.19,0.04,2.167,2.25,2.292,2.25,0.04,2.25,2.333,2.375,4.44,0.06,4.458,4.542,4.625,23
local,seq_mac,500,512,0.0026,194243.93,2.26,0.5,2.208,2.292,2.4183,2.35,1.66,2.25,2.334,2.5008,4.61,1.85,4.458,4.625,4.875,24
local,seq_mac,500,512,0.0025,201345.71,2.23,0.56,2.208,2.291,2.334,2.24,0.04,2.25,2.333,2.375,4.47,0.56,4.458,4.542,4.6678,25
local,seq_mac,500,512,0.0025,200043.37,2.21,0.05,2.208,2.292,2.3344,2.27,0.05,2.25,2.375,2.417,4.48,0.07,4.458,4.625,4.708,26
local,seq_mac,500,512,0.0027,185373.99,2.26,0.98,2.208,2.375,2.4594,2.25,0.18,2.2295,2.417,2.5,4.51,1.13,4.417,4.75,4.8754,27
local,seq_mac,500,512,0.0024,205711.96,2.13,0.13,2.125,2.25,2.3334,2.2,0.11,2.167,2.292,2.458,4.33,0.18,4.291,4.542,4.791,28
local,seq_mac,500,512,0.0026,194193.61,2.27,0.79,2.208,2.375,2.9605,2.36,1.06,2.25,2.458,3.1371,4.63,1.54,4.458,4.792,6.4194,29
local,seq_mac,500,512,0.0027,186358.55,2.33,2.59,2.208,2.333,2.4594,2.31,0.54,2.291,2.375,2.5,4.64,3.13,4.5,4.667,4.9584,30
local,seq_mac,1000,512,0.0052,192829.93,2.31,1.3,2.167,2.417,3.7252,2.35,1.12,2.209,2.417,4.4224,4.66,2.16,4.416,4.834,9.8352,1
local,seq_mac,1000,512,0.0055,181147.11,2.37,0.58,2.292,2.584,3.0008,2.51,1.84,2.375,2.667,3.5017,4.88,1.96,4.667,5.25,10.2554,2
local,seq_mac,1000,512,0.0049,202435.99,2.19,0.05,2.167,2.291,2.3344,2.24,0.04,2.25,2.333,2.416,4.44,0.07,4.417,4.583,4.7094,3
local,seq_mac,1000,512,0.0051,197639.86,2.23,0.69,2.208,2.2941,2.4594,2.28,0.5,2.25,2.3361,2.5424,4.51,1.01,4.458,4.625,4.9174,4
local,seq_mac,1000,512,0.0051,197436.6,2.28,1.28,2.208,2.292,2.5,2.27,0.78,2.25,2.333,2.458,4.56,1.96,4.417,4.584,4.875,5
local,seq_mac,1000,512,0.005,200668.87,2.25,0.65,2.208,2.291,2.333,2.25,0.2,2.25,2.333,2.3344,4.49,0.68,4.417,4.583,4.667,6
local,seq_mac,1000,512,0.0052,193003.62,2.24,1.51,2.167,2.292,2.5004,2.27,0.68,2.209,2.334,2.583,4.51,1.93,4.416,4.625,4.9584,7
local,seq_mac,1000,512,0.0052,191521.94,2.32,1.39,2.208,2.417,3.1258,2.32,0.62,2.25,2.5,3.0424,4.63,1.86,4.458,4.917,6.2542,8
local,seq_mac,1000,512,0.0053,188774.24,2.28,2.4,2.125,2.375,2.6254,2.26,0.44,2.208,2.4161,2.7097,4.54,2.7,4.333,4.75,5.3762,9
local,seq_mac,1000,512,0.005,200507.97,2.23,1.26,2.208,2.25,2.333,2.24,0.11,2.25,2.292,2.375,4.46,1.36,4.417,4.542,4.667,10
local,seq_mac,1000,512,0.0051,197804.37,2.21,0.14,2.167,2.292,2.7914,2.31,0.84,2.25,2.375,2.8754,4.51,0.87,4.417,4.625,5.833,11
local,seq_mac,1000,512,0.0051,194620.34,2.27,1.53,2.208,2.294,2.5834,2.26,0.51,2.25,2.334,2.5,4.53,1.91,4.417,4.625,4.958,12
local,seq_mac,1000,512,0.0049,202617.17,2.2,0.04,2.208,2.291,2.292,2.25,0.04,2.25,2.333,2.375,4.45,0.06,4.417,4.542,4.625,13
local,seq_mac,1000,512,0.0051,195709.08,2.28,0.59,2.25,2.333,2.375,2.32,0.45,2.292,2.375,2.459,4.61,0.74,4.542,4.6691,4.8754,14
local,seq_mac,1000,512,0.0052,194107.22,2.31,0.64,2.291,2.375,2.417,2.33,0.05,2.333,2.417,2.458,4.65,0.65,4.584,4.75,4.833,15
local,seq_mac,1000,512,0.005,201401.43,2.2,0.69,2.125,2.375,2.875,2.25,0.61,2.208,2.375,2.833,4.45,1.09,4.333,4.708,5.875,16
local,seq_mac,1000,512,0.005,198199.67,2.22,1.27,2.167,2.333,2.5004,2.24,0.54,2.209,2.375,2.5,4.47,1.49,4.417,4.625,5.0,17
local,seq_mac,1000,512,0.0052,192952.41,2.26,0.6,2.208,2.375,2.9168,2.33,1.05,2.25,2.416,2.9178,4.59,1.27,4.458,4.7521,7.2966,18
local,seq_mac,1000,512,0.0053,189117.82,2.26,0.86,2.208,2.334,3.0004,2.34,1.54,2.25,2.416,3.0839,4.6,1.91,4.417,4.6691,6.7928,19
local,seq_mac,1000,512,0.005,202008.29,2.21,0.44,2.208,2.291,2.333,2.25,0.04,2.25,2.333,2.375,4.46,0.44,4.458,4.542,4.625,20
local,seq_mac,1000,512,0.0051,196643.96,2.24,0.75,2.208,2.292,2.5004,2.27,0.37,2.25,2.334,2.458,4.51,0.91,4.458,4.625,4.959,21
local,seq_mac,1000,512,0.0052,193232.05,2.25,0.65,2.208,2.294,2.75,2.34,2.13,2.25,2.375,2.833,4.59,2.29,4.458,4.667,5.583,22
local,seq_mac,1000,512,0.0049,202224.47,2.16,0.11,2.125,2.333,2.5418,2.23,0.1,2.208,2.375,2.667,4.39,0.19,4.333,4.6691,5.1668,23
local,seq_mac,1000,512,0.0052,191549.49,2.19,0.56,2.166,2.292,2.7094,2.28,1.17,2.208,2.334,2.7924,4.47,1.33,4.375,4.625,5.5424,24
local,seq_mac,1000,512,0.0049,202207.42,2.2,0.05,2.208,2.292,2.417,2.25,0.05,2.25,2.333,2.416,4.45,0.08,4.417,4.583,4.833,25
local,seq_mac,1000,512,0.0054,185149.46,2.23,0.92,2.166,2.333,2.9164,2.29,0.99,2.208,2.375,3.0004,4.52,1.49,4.375,4.667,5.9164,26
local,seq_mac,1000,512,0.0051,197623.58,2.19,0.57,2.166,2.25,2.4174,2.29,1.12,2.25,2.333,2.417,4.48,1.31,4.416,4.542,4.8754,27
local,seq_mac,1000,512,0.0051,195533.7,2.25,1.27,2.167,2.292,2.5414,2.32,0.92,2.25,2.334,2.6254,4.57,1.69,4.417,4.625,5.4182,28
local,seq_mac,1000,512,0.0051,195497.08,2.23,0.93,2.166,2.292,2.875,2.31,0.81,2.25,2.375,2.6689,4.54,1.57,4.416,4.625,5.9594,29
local,seq_mac,1000,512,0.0049,203169.44,2.17,0.05,2.167,2.25,2.292,2.26,0.04,2.25,2.3331,2.375,4.43,0.07,4.417,4.542,4.625,30
local,seq_mac,500,1024,0.0027,181881.61,2.44,0.94,2.375,2.5,2.75,2.55,2.72,2.416,2.5,2.6678,4.99,2.92,4.791,5.0021,5.3767,1
local,seq_mac,500,1024,0.0026,191125.43,2.37,0.04,2.375,2.458,2.4594,2.4,0.04,2.416,2.461,2.5004,4.77,0.05,4.75,4.875,4.958,2
local,seq_mac,500,1024,0.0026,190979.43,2.37,0.05,2.375,2.458,2.542,2.41,0.05,2.416,2.5,2.542,4.78,0.07,4.75,4.916,5.083,3
local,seq_mac,500,1024,0.0028,180247.8,2.45,2.09,2.333,2.5,2.9174,2.43,0.7,2.375,2.541,3.0,4.88,2.77,4.75,5.042,6.042,4
local,seq_mac,500,1024,0.0028,178576.72,2.43,0.88,2.334,2.6661,3.4584,2.52,1.08,2.416,2.711,3.9597,4.96,1.56,4.7705,5.3771,7.895,5
local,seq_mac,500,1024,0.0027,186866.36,2.4,0.07,2.375,2.5,2.583,2.47,0.06,2.458,2.583,2.625,4.87,0.1,4.875,5.042,5.125,6
local,seq_mac,500,1024,0.0029,171443.31,2.48,1.11,2.375,2.667,3.0424,2.49,0.47,2.417,2.708,3.0424,4.96,1.56,4.792,5.4191,6.0838,7
local,seq_mac,500,1024,0.0028,180600.47,2.51,1.24,2.375,2.5441,3.3762,2.5,0.68,2.417,2.583,3.3476,5.01,1.75,4.792,5.125,7.1664,8
local,seq_mac,500,1024,0.0026,190812.38,2.38,0.05,2.375,2.459,2.542,2.41,0.05,2.416,2.5,2.542,4.79,0.07,4.791,4.917,5.041,9
local,seq_mac,500,1024,0.0029,174309.68,2.44,1.54,2.333,2.459,3.1254,2.47,1.49,2.375,2.541,3.125,4.91,2.99,4.708,4.9611,6.1673,10
local,seq_mac,500,1024,0.0026,189672.34,2.38,0.45,2.334,2.458,2.5,2.43,0.05,2.417,2.541,2.542,4.81,0.45,4.791,4.916,4.9594,11
local,seq_mac,500,1024,0.0026,191046.27,2.36,0.04,2.334,2.417,2.5,2.42,0.04,2.417,2.5,2.542,4.78,0.07,4.75,4.917,5.0,12
local,seq_mac,500,1024,0.0028,175682.64,2.53,1.92,2.375,2.584,4.2513,2.55,1.06,2.458,2.625,3.4178,5.09,2.69,4.792,5.2111,7.7513,13
local,seq_mac,500,1024,0.0026,190141.18,2.36,0.04,2.334,2.417,2.4594,2.44,0.25,2.417,2.5,2.542,4.8,0.26,4.791,4.916,5.042,14
local,seq_mac,500,1024,0.0026,190267.8,2.36,0.04,2.375,2.458,2.5,2.44,0.04,2.417,2.541,2.583,4.81,0.06,4.792,4.917,5.0,15
local,seq_mac,500,1024,0.0029,169820.11,2.47,0.93,2.375,2.583,7.0897,2.59,1.99,2.4165,2.625,3.7152,5.06,2.22,4.791,5.25,12.9191,16
local,seq_mac,500,1024,0.0026,189570.51,2.34,0.21,2.333,2.458,2.708,2.42,0.57,2.375,2.5,2.7533,4.76,0.64,4.667,4.9611,5.3411,17
local,seq_mac,500,1024,0.0028,176245.12,2.43,0.28,2.375,2.542,3.1254,2.57,1.31,2.458,2.625,3.3767,5.0,1.5,4.834,5.1271,6.5598,18
local,seq_mac,500,1024,0.003,167161.19,2.66,2.61,2.375,2.958,7.7438,2.51,0.72,2.417,2.958,4.338,5.17,3.12,4.792,6.0,12.676,19
local,seq_mac,500,1024,0.0027,184283.63,2.4,0.69,2.333,2.5021,3.3862,2.51,1.39,2.416,2.584,3.5004,4.91,1.9,4.709,5.166,6.91,20
local,seq_mac,500,1024,0.0026,189211.75,2.35,0.06,2.333,2.458,2.584,2.39,0.15,2.375,2.5,2.7094,4.74,0.18,4.708,5.0,5.2504,21
local,seq_mac,500,1024,0.0027,184971.1,2.49,1.38,2.334,2.667,3.1254,2.44,0.56,2.375,2.625,2.833,4.93,1.67,4.709,5.2941,6.1288,22
local,seq_mac,500,1024,0.0027,185359.63,2.42,1.44,2.334,2.417,2.5428,2.44,0.5,2.417,2.5,2.542,4.86,1.94,4.75,4.9161,5.0424,23
local,seq_mac,500,1024,0.0027,184348.79,2.37,0.24,2.333,2.5,2.7088,2.46,0.57,2.416,2.583,2.8808,4.84,0.67,4.709,5.083,6.2962,24
local,seq_mac,500,1024,0.0026,190291.92,2.36,0.04,2.334,2.417,2.4594,2.43,0.04,2.417,2.5,2.583,4.79,0.07,4.791,4.916,5.0004,25
local,seq_mac,500,1024,0.0027,184575.68,2.37,0.53,2.333,2.417,2.458,2.47,1.32,2.417,2.5,2.542,4.84,1.45,4.75,4.875,5.0,26
local,seq_mac,500,1024,0.0027,183539.52,2.36,0.21,2.334,2.458,2.5424,2.47,0.76,2.417,2.541,2.5848,4.83,0.81,4.791,4.917,5.125,27
local,seq_mac,500,1024,0.0026,190503.4,2.36,0.05,2.334,2.458,2.5004,2.43,0.05,2.417,2.541,2.5844,4.8,0.08,4.791,4.958,5.083,28
local,seq_mac,500,1024,0.0027,183438.58,2.44,1.6,2.334,2.417,2.6674,2.46,1.0,2.417,2.5,2.583,4.89,2.59,4.75,4.916,5.167,29
local,seq_mac,500,1024,0.0027,183102.7,2.46,1.0,2.375,2.542,3.041,2.48,0.16,2.458,2.625,3.0,4.94,1.13,4.833,5.167,6.0844,30
local,seq_mac,1000,1024,0.0054,184945.44,2.4,0.4,2.375,2.5,2.583,2.53,2.08,2.458,2.583,2.667,4.93,2.16,4.833,5.083,5.208,1
local,seq_mac,1000,1024,0.0052,191028.06,2.37,0.04,2.375,2.458,2.5,2.41,0.04,2.416,2.5,2.541,4.78,0.06,4.75,4.875,4.958,2
local,seq_mac,1000,1024,0.0054,183955.98,2.42,1.42,2.375,2.5,2.625,2.44,0.32,2.417,2.583,2.666,4.86,1.74,4.833,5.041,5.209,3
local,seq_mac,1000,1024,0.0054,184184.65,2.43,0.92,2.334,2.541,3.1674,2.47,0.87,2.3955,2.583,3.0433,4.9,1.56,4.75,5.125,6.5882,4
local,seq_mac,1000,1024,0.0055,180808.65,2.37,0.96,2.292,2.459,3.125,2.42,0.95,2.334,2.541,2.792,4.79,1.8,4.625,5.0,5.9609,5
local,seq_mac,1000,1024,0.0053,187684.76,2.36,0.08,2.334,2.417,2.542,2.45,1.22,2.417,2.5,2.583,4.81,1.22,4.791,4.916,5.083,6
local,seq_mac,1000,1024,0.0054,185229.47,2.39,0.51,2.334,2.5,3.0428,2.47,0.82,2.417,2.541,3.1668,4.86,1.09,4.75,5.0021,6.5482,7
local,seq_mac,1000,1024,0.0055,181760.35,2.44,2.05,2.334,2.459,2.708,2.44,0.55,2.416,2.5,2.7914,4.88,2.42,4.75,4.9581,5.4174,8
local,seq_mac,1000,1024,0.0052,190993.07,2.37,0.28,2.334,2.417,2.5,2.42,0.04,2.417,2.5,2.583,4.79,0.29,4.75,4.916,5.0,9
local,seq_mac,1000,1024,0.0055,181942.23,2.42,0.97,2.375,2.458,2.625,2.44,0.24,2.417,2.5,2.625,4.86,1.19,4.791,4.917,5.2914,10
local,seq_mac,1000,1024,0.0054,184344.54,2.38,0.52,2.333,2.458,2.8334,2.46,1.43,2.375,2.5,2.75,4.84,1.55,4.75,4.917,5.7914,11
local,seq_mac,1000,1024,0.0054,186121.51,2.38,0.81,2.333,2.5,2.708,2.44,0.47,2.416,2.542,2.833,4.83,1.07,4.709,5.042,5.459,12
local,seq_mac,1000,1024,0.0055,180932.73,2.37,0.99,2.333,2.417,2.708,2.43,0.99,2.375,2.5,2.75,4.8,1.73,4.708,4.916,5.5,13
local,seq_mac,1000,1024,0.0053,187080.55,2.4,0.7,2.375,2.458,2.541,2.45,0.99,2.417,2.5,2.542,4.85,1.23,4.791,4.917,5.0,14
local,seq_mac,1000,1024,0.0055,181063.74,2.5,1.34,2.375,2.541,3.6308,2.48,0.57,2.417,2.583,3.1254,4.98,1.62,4.792,5.084,7.51,15
local,seq_mac,1000,1024,0.0054,186123.0,2.42,0.78,2.375,2.459,2.7508,2.47,0.81,2.417,2.542,2.7504,4.89,1.32,4.75,5.0,5.5013,16
local,seq_mac,1000,1024,0.0053,189476.19,2.38,0.05,2.375,2.458,2.583,2.44,0.06,2.417,2.542,2.625,4.81,0.09,4.792,5.0,5.125,17
local,seq_mac,1000,1024,0.0058,171081.51,2.48,1.1,2.375,2.708,3.4588,2.5,0.99,2.375,2.709,3.2928,4.98,1.62,4.75,5.3771,12.4374,18
local,seq_mac,1000,1024,0.0055,180516.27,2.46,1.59,2.333,2.541,2.9602,2.44,0.59,2.375,2.5831,3.166,4.9,1.96,4.709,5.125,6.9185,19
local,seq_mac,1000,1024,0.0054,184269.5,2.4,0.71,2.375,2.458,2.583,2.44,0.38,2.417,2.5,2.708,4.84,0.86,4.791,4.917,5.25,20
local,seq_mac,1000,1024,0.0056,177781.73,2.41,1.0,2.333,2.583,2.9594,2.45,1.0,2.375,2.625,3.042,4.86,1.59,4.708,5.167,6.2935,21
local,seq_mac,1000,1024,0.0054,184884.17,2.41,1.33,2.333,2.458,2.542,2.45,0.55,2.416,2.5,2.625,4.86,1.74,4.75,4.917,5.125,22
local,seq_mac,1000,1024,0.0054,185236.64,2.4,0.57,2.375,2.5,2.7084,2.48,0.87,2.417,2.542,2.7924,4.88,1.23,4.791,5.0,5.7115,23
local,seq_mac,1000,1024,0.0054,184101.31,2.45,1.61,2.334,2.5,2.792,2.45,0.96,2.416,2.542,2.6254,4.9,2.21,4.75,5.041,5.3355,24
local,seq_mac,1000,1024,0.0053,190332.66,2.38,0.21,2.375,2.458,2.5,2.43,0.2,2.417,2.5,2.542,4.81,0.29,4.791,4.917,5.042,25
local,seq_mac,1000,1024,0.0053,190444.45,2.36,0.08,2.375,2.417,2.4594,2.43,0.04,2.417,2.5,2.542,4.79,0.08,4.791,4.875,4.958,26
local,seq_mac,1000,1024,0.0055,182755.52,2.44,1.39,2.375,2.583,2.75,2.46,0.49,2.417,2.584,2.7513,4.9,1.83,4.791,5.166,6.1678,27
local,seq_mac,1000,1024,0.0054,184270.93,2.39,0.76,2.333,2.4611,2.833,2.49,1.69,2.416,2.542,2.7924,4.89,2.26,4.75,5.0,5.6712,28
local,seq_mac,1000,1024,0.0056,177765.93,2.42,0.47,2.375,2.583,2.875,2.53,1.77,2.417,2.584,3.0834,4.95,1.85,4.792,5.166,6.5424,29
local,seq_mac,1000,1024,0.0054,184670.77,2.44,1.85,2.375,2.458,2.5,2.46,0.78,2.416,2.5,2.5424,4.89,2.43,4.75,4.916,5.1254,30
local,ticket_only,500,64,0.0015,327564.49,0.38,1.71,0.292,0.375,0.6674,2.17,1.27,2.0,2.5,5.3788,2.55,2.47,2.292,2.8771,5.972,1
local,ticket_only,500,64,0.0013,379939.21,0.29,0.03,0.292,0.334,0.375,1.93,0.17,1.916,2.083,2.25,2.23,0.18,2.208,2.375,2.5844,2
local,ticket_only,500,64,0.0013,383533.53,0.29,0.03,0.291,0.334,0.375,1.93,0.07,1.917,2.042,2.0844,2.21,0.08,2.208,2.334,2.417,3
local,ticket_only,500,64,0.0013,393649.02,0.28,0.03,0.291,0.333,0.375,1.88,0.05,1.875,1.959,2.0424,2.16,0.05,2.166,2.25,2.334,4
local,ticket_only,500,64,0.0014,351720.58,0.28,0.11,0.25,0.292,0.375,2.08,2.17,1.917,2.083,2.3334,2.36,2.21,2.208,2.375,2.6267,5
local,ticket_only,500,64,0.0013,383190.51,0.27,0.03,0.25,0.292,0.375,1.95,0.54,1.917,2.0,2.083,2.22,0.54,2.208,2.2911,2.375,6
local,ticket_only,500,64,0.0013,386685.04,0.27,0.02,0.25,0.292,0.333,1.93,0.05,1.917,2.042,2.1254,2.2,0.06,2.167,2.292,2.417,7
local,ticket_only,500,64,0.0013,388639.0,0.27,0.02,0.25,0.292,0.333,1.93,0.04,1.917,2.0,2.042,2.2,0.05,2.208,2.292,2.333,8
local,ticket_only,500,64,0.0013,385084.3,0.27,0.02,0.25,0.292,0.334,1.95,0.06,1.917,2.042,2.125,2.22,0.06,2.208,2.333,2.459,9
local,ticket_only,500,64,0.0014,350140.06,0.29,0.1,0.291,0.3331,0.416,2.13,1.85,2.0,2.25,2.625,2.42,1.87,2.292,2.583,2.9594,10
local,ticket_only,500,64,0.0013,378955.25,0.29,0.03,0.291,0.375,0.416,1.96,0.13,1.917,2.169,2.5004,2.24,0.15,2.208,2.5,2.916,11
local,ticket_only,500,64,0.0014,359841.67,0.28,0.05,0.291,0.333,0.375,2.09,1.41,1.958,2.125,2.9374,2.37,1.42,2.25,2.417,3.3613,12
local,ticket_only,500,64,0.0013,389231.07,0.27,0.03,0.25,0.292,0.334,1.9,0.07,1.875,2.0,2.166,2.17,0.08,2.166,2.292,2.4584,13
local,ticket_only,500,64,0.0015,337126.0,0.29,0.11,0.291,0.3331,0.5004,2.19,2.15,2.0,2.167,4.0617,2.48,2.2,2.25,2.4581,4.8892,14
local,ticket_only,500,64,0.0015,329453.04,0.3,0.39,0.291,0.333,0.458,2.14,2.39,1.917,2.125,4.4208,2.44,2.49,2.208,2.458,4.7533,15
local,ticket_only,500,64,0.0014,365764.45,0.28,0.05,0.291,0.3331,0.417,1.98,0.48,1.917,2.042,3.4597,2.26,0.5,2.208,2.334,3.7525,16
local,ticket_only,500,64,0.0013,386747.25,0.27,0.03,0.25,0.292,0.375,1.93,0.04,1.917,2.0,2.083,2.2,0.05,2.167,2.292,2.375,17
local,ticket_only,500,64,0.0014,370107.73,0.28,0.07,0.291,0.333,0.375,2.01,0.62,1.958,2.167,2.6691,2.29,0.66,2.209,2.417,3.0025,18
local,ticket_only,500,64,0.0013,375739.83,0.28,0.03,0.291,0.333,0.375,1.98,0.06,1.959,2.084,2.167,2.26,0.06,2.25,2.375,2.4594,19
local,ticket_only,500,64,0.0015,328560.23,0.29,0.08,0.291,0.334,0.417,2.22,2.99,1.917,2.4581,5.0313,2.51,2.99,2.209,2.833,5.7413,20
local,ticket_only,500,64,0.0013,385752.76,0.28,0.03,0.291,0.333,0.334,1.91,0.08,1.875,2.083,2.2504,2.19,0.09,2.1665,2.375,2.5424,21
local,ticket_only,500,64,0.0014,358905.34,0.28,0.07,0.291,0.334,0.417,2.03,0.97,1.958,2.125,2.6346,2.31,0.99,2.209,2.417,4.0857,22
local,ticket_only,500,64,0.0013,386025.86,0.27,0.03,0.25,0.292,0.375,1.94,0.07,1.917,2.041,2.1254,2.2,0.08,2.208,2.292,2.458,23
local,ticket_only,500,64,0.0013,390003.13,0.27,0.02,0.25,0.292,0.375,1.92,0.04,1.917,2.0,2.042,2.19,0.05,2.167,2.25,2.292,24
local,ticket_only,500,64,0.0015,330797.22,0.28,0.09,0.291,0.333,0.375,2.1,2.32,1.917,2.167,3.0071,2.38,2.34,2.208,2.5,3.4634,25
local,ticket_only,500,64,0.0014,356135.76,0.28,0.06,0.291,0.334,0.3754,2.07,1.28,1.958,2.167,2.6756,2.35,1.29,2.25,2.4611,3.0096,26
local,ticket_only,500,64,0.0014,368720.14,0.27,0.03,0.25,0.2941,0.375,2.05,1.14,1.917,2.042,2.1704,2.32,1.14,2.208,2.334,2.5446,27
local,ticket_only,500,64,0.0013,386274.58,0.27,0.02,0.25,0.292,0.333,1.93,0.05,1.917,2.041,2.083,2.2,0.05,2.208,2.292,2.3344,28
local,ticket_only,500,64,0.0013,383717.49,0.27,0.02,0.25,0.292,0.333,1.95,0.49,1.917,2.0,2.042,2.22,0.49,2.208,2.291,2.333,29
local,ticket_only,500,64,0.0015,331482.55,0.31,0.55,0.291,0.334,0.5029,2.22,2.9,1.958,2.125,3.8402,2.53,3.06,2.209,2.458,4.6668,30
local,ticket_only,1000,64,0.0027,375686.75,0.27,0.03,0.25,0.292,0.375,1.95,0.7,1.875,2.083,2.4174,2.22,0.71,2.166,2.375,2.792,1
local,ticket_only,1000,64,0.0026,382830.07,0.28,0.03,0.291,0.333,0.375,1.93,0.74,1.875,2.084,2.2924,2.21,0.74,2.166,2.375,2.6254,2
local,ticket_only,1000,64,0.0027,365491.47,0.28,0.06,0.291,0.333,0.417,2.02,0.94,1.958,2.125,2.5844,2.3,0.98,2.25,2.458,2.9594,3
local,ticket_only,1000,64,0.0026,386710.01,0.27,0.03,0.25,0.292,0.375,1.92,0.09,1.875,2.042,2.458,2.19,0.1,2.167,2.333,2.792,4
local,ticket_only,1000,64,0.0028,360214.33,0.29,0.51,0.25,0.333,0.375,2.06,1.83,1.917,2.125,2.5,2.36,1.98,2.208,2.417,2.875,5
local,ticket_only,1000,64,0.0026,380771.06,0.27,0.03,0.25,0.333,0.375,1.96,0.1,1.958,2.083,2.125,2.23,0.11,2.208,2.334,2.458,6
local,ticket_only,1000,64,0.0026,384541.43,0.27,0.03,0.25,0.292,0.375,1.95,0.3,1.917,2.042,2.084,2.21,0.3,2.208,2.292,2.375,7
local,ticket_only,1000,64,0.0028,359534.4,0.29,0.45,0.25,0.292,0.375,2.0,1.44,1.916,2.042,3.625,2.29,1.59,2.167,2.334,3.917,8
local,ticket_only,1000,64,0.0026,387916.4,0.27,0.02,0.25,0.292,0.333,1.9,0.21,1.875,1.959,2.1682,2.17,0.21,2.125,2.25,2.5008,9
local,ticket_only,1000,64,0.0028,362034.72,0.28,0.29,0.25,0.333,0.416,2.03,0.95,1.917,2.042,2.755,2.31,1.05,2.208,2.375,3.1714,10
local,ticket_only,1000,64,0.0029,350457.01,0.27,0.06,0.25,0.292,0.375,2.02,1.64,1.875,2.042,4.2097,2.3,1.65,2.166,2.292,4.4655,11
local,ticket_only,1000,64,0.0027,369247.86,0.29,0.29,0.291,0.333,0.416,1.99,0.8,1.917,2.125,2.594,2.28,0.86,2.167,2.417,3.8871,12
local,ticket_only,1000,64,0.0026,379909.04,0.27,0.02,0.25,0.292,0.334,1.98,0.72,1.917,2.0,2.083,2.25,0.72,2.208,2.292,2.375,13
local,ticket_only,1000,64,0.0028,354055.37,0.27,0.09,0.25,0.292,0.375,1.91,0.88,1.833,2.0,3.6254,2.19,0.96,2.084,2.292,3.916,14
local,ticket_only,1000,64,0.0027,377145.01,0.27,0.02,0.25,0.292,0.375,1.95,0.45,1.917,2.0,2.083,2.22,0.45,2.208,2.291,2.375,15
local,ticket_only,1000,64,0.0026,386137.66,0.27,0.02,0.25,0.292,0.333,1.93,0.04,1.917,2.0,2.042,2.2,0.05,2.208,2.291,2.333,16
local,ticket_only,1000,64,0.0027,364039.06,0.28,0.06,0.291,0.333,0.375,2.05,1.07,1.917,2.125,4.209,2.32,1.08,2.208,2.417,4.8357,17
local,ticket_only,1000,64,0.0026,386479.55,0.27,0.03,0.25,0.292,0.333,1.93,0.07,1.917,2.0,2.042,2.2,0.07,2.208,2.291,2.333,18
local,ticket_only,1000,64,0.0026,388613.62,0.27,0.03,0.25,0.292,0.375,1.93,0.19,1.917,2.0,2.042,2.19,0.19,2.167,2.291,2.333,19
local,ticket_only,1000,64,0.0026,384812.67,0.27,0.03,0.25,0.292,0.375,1.94,0.25,1.917,2.0,2.042,2.21,0.25,2.208,2.292,2.334,20
local,ticket_only,1000,64,0.0026,390466.22,0.27,0.1,0.25,0.292,0.333,1.91,0.03,1.917,1.959,2.0,2.18,0.1,2.167,2.25,2.292,21
local,ticket_only,1000,64,0.0026,383411.03,0.27,0.03,0.25,0.292,0.375,1.94,0.05,1.917,2.042,2.1254,2.21,0.06,2.208,2.333,2.458,22
local,ticket_only,1000,64,0.0026,387703.29,0.27,0.02,0.25,0.292,0.334,1.9,0.62,1.834,1.958,3.583,2.17,0.62,2.125,2.25,3.8338,23
local,ticket_only,1000,64,0.0027,365291.2,0.31,0.62,0.291,0.334,0.458,2.01,1.12,1.875,2.125,3.5915,2.32,1.5,2.166,2.458,4.63,24
local,ticket_only,1000,64,0.0027,373779.37,0.27,0.06,0.25,0.292,0.333,2.01,1.1,1.917,2.0,2.166,2.27,1.13,2.167,2.292,2.458,25
local,ticket_only,1000,64,0.0027,367940.19,0.27,0.03,0.25,0.292,0.375,2.01,0.78,1.916,2.083,4.9584,2.28,0.79,2.167,2.375,5.2088,26
local,ticket_only,1000,64,0.0027,373523.46,0.27,0.06,0.25,0.333,0.375,1.96,0.45,1.917,2.042,2.4584,2.23,0.47,2.167,2.3331,2.8344,27
local,ticket_only,1000,64,0.0028,362318.84,0.31,0.87,0.25,0.333,0.375,2.01,1.26,1.917,2.042,2.5498,2.32,1.88,2.208,2.333,3.792,28
local,ticket_only,1000,64,0.0027,374169.86,0.29,0.5,0.25,0.333,0.375,1.97,0.58,1.917,2.042,2.5004,2.26,0.88,2.208,2.333,2.8348,29
local,ticket_only,1000,64,0.0026,388267.79,0.27,0.02,0.25,0.292,0.333,1.92,0.1,1.917,2.0,2.042,2.19,0.1,2.167,2.25,2.333,30
local,ticket_only,500,128,0.0013,385467.86,0.27,0.03,0.25,0.292,0.375,1.94,0.05,1.917,2.042,2.084,2.21,0.06,2.208,2.333,2.375,1
local,ticket_only,500,128,0.0014,352837.48,0.29,0.07,0.291,0.375,0.3754,2.09,1.33,1.959,2.1691,2.5934,2.38,1.34,2.25,2.5,2.8892,2
local,ticket_only,500,128,0.0013,386063.12,0.27,0.03,0.25,0.292,0.334,1.94,0.05,1.917,2.042,2.125,2.21,0.06,2.208,2.333,2.375,3
local,ticket_only,500,128,0.0013,386187.46,0.27,0.03,0.25,0.292,0.334,1.94,0.04,1.917,2.0,2.042,2.2,0.05,2.208,2.292,2.3344,4
local,ticket_only,500,128,0.0013,384529.01,0.28,0.03,0.291,0.292,0.375,1.94,0.05,1.917,2.041,2.084,2.21,0.05,2.208,2.292,2.3754,5
local,ticket_only,500,128,0.0013,384726.36,0.27,0.03,0.25,0.292,0.333,1.94,0.04,1.917,2.041,2.0424,2.21,0.05,2.208,2.292,2.375,6
local,ticket_only,500,128,0.0013,383129.43,0.27,0.02,0.25,0.292,0.334,1.96,0.12,1.958,2.042,2.167,2.23,0.13,2.208,2.333,2.417,7
local,ticket_only,500,128,0.0014,370004.75,0.27,0.03,0.25,0.292,0.375,2.01,1.09,1.917,2.041,2.1254,2.29,1.09,2.208,2.292,2.4584,8
local,ticket_only,500,128,0.0013,390307.27,0.27,0.02,0.25,0.292,0.333,1.92,0.04,1.917,1.959,2.042,2.18,0.04,2.167,2.25,2.3344,9
local,ticket_only,500,128,0.0013,379494.83,0.27,0.02,0.25,0.292,0.333,1.98,0.87,1.917,2.0021,2.042,2.25,0.87,2.208,2.292,2.334,10
local,ticket_only,500,128,0.0013,381036.86,0.27,0.02,0.25,0.292,0.334,1.96,0.06,1.958,2.042,2.166,2.24,0.07,2.209,2.334,2.5,11
local,ticket_only,500,128,0.0014,345294.09,0.27,0.08,0.25,0.292,0.3334,2.07,1.58,1.917,2.042,4.9615,2.34,1.61,2.167,2.333,5.2115,12
local,ticket_only,500,128,0.0014,361729.06,0.28,0.05,0.291,0.292,0.3754,2.04,0.94,1.958,2.1271,4.6703,2.32,0.96,2.208,2.458,4.9609,13
local,ticket_only,500,128,0.0013,372856.08,0.28,0.03,0.291,0.333,0.3754,2.0,0.77,1.917,2.167,2.542,2.28,0.77,2.208,2.5,2.916,14
local,ticket_only,500,128,0.0015,334998.95,0.32,0.42,0.291,0.334,1.2119,2.15,1.48,1.959,2.4181,9.1437,2.46,1.85,2.25,2.7931,10.6329,15
local,ticket_only,500,128,0.0013,383791.41,0.27,0.02,0.25,0.292,0.334,1.94,0.09,1.917,2.0,2.0424,2.21,0.09,2.208,2.292,2.3344,16
local,ticket_only,500,128,0.0014,345025.8,0.28,0.07,0.291,0.292,0.3754,1.99,2.08,1.875,2.0,2.083,2.26,2.1,2.125,2.292,2.3763,17
local,ticket_only,500,128,0.0013,371666.52,0.28,0.04,0.291,0.333,0.375,1.97,0.86,1.916,2.125,2.5927,2.25,0.87,2.167,2.458,2.9669,18
local,ticket_only,500,128,0.0014,356167.47,0.32,0.69,0.291,0.334,0.5882,2.04,0.72,1.958,2.2111,3.2084,2.36,1.26,2.208,2.542,3.8377,19
local,ticket_only,500,128,0.0013,379770.97,0.27,0.02,0.25,0.292,0.334,1.96,0.39,1.917,2.041,2.083,2.23,0.39,2.208,2.292,2.375,20
local,ticket_only,500,128,0.0013,377928.95,0.27,0.07,0.25,0.292,0.375,1.96,0.43,1.917,2.042,2.084,2.23,0.44,2.208,2.333,2.3754,21
local,ticket_only,500,128,0.0015,327877.88,0.36,2.0,0.291,0.292,0.375,1.99,1.4,1.834,2.0,3.625,2.35,3.21,2.125,2.294,3.916,22
local,ticket_only,500,128,0.0013,371149.24,0.29,0.26,0.291,0.333,0.4174,1.97,1.08,1.834,2.042,3.5507,2.26,1.13,2.125,2.375,3.8459,23
local,ticket_only,500,128,0.0014,363845.94,0.28,0.04,0.291,0.334,0.3754,2.03,0.17,2.0,2.208,2.3334,2.31,0.18,2.292,2.5,2.6254,24
local,ticket_only,500,128,0.0013,383129.72,0.27,0.03,0.25,0.292,0.3344,1.94,0.32,1.917,2.042,2.1254,2.21,0.32,2.167,2.334,2.417,25
local,ticket_only,500,128,0.0013,381958.72,0.27,0.03,0.291,0.333,0.334,1.94,0.09,1.917,2.125,2.25,2.22,0.1,2.1875,2.417,2.542,26
local,ticket_only,500,128,0.0014,368958.49,0.28,0.06,0.291,0.333,0.375,2.01,1.32,1.875,2.083,2.2982,2.29,1.35,2.1665,2.375,2.5919,27
local,ticket_only,500,128,0.0013,381909.99,0.27,0.02,0.25,0.292,0.333,1.95,0.13,1.917,2.0021,2.125,2.22,0.13,2.208,2.292,2.416,28
local,ticket_only,500,128,0.0013,385208.02,0.27,0.03,0.25,0.2941,0.375,1.94,0.05,1.917,2.042,2.084,2.21,0.06,2.208,2.333,2.375,29
local,ticket_only,500,128,0.0013,376022.4,0.27,0.03,0.25,0.333,0.375,1.99,0.08,1.959,2.125,2.208,2.26,0.09,2.25,2.417,2.5,30
local,ticket_only,1000,128,0.0027,365770.07,0.27,0.08,0.25,0.292,0.375,2.06,2.23,1.917,2.042,2.2504,2.33,2.26,2.208,2.334,2.5834,1
local,ticket_only,1000,128,0.0026,381406.44,0.27,0.03,0.25,0.292,0.375,1.96,0.42,1.917,2.042,2.125,2.23,0.42,2.208,2.333,2.416,2
local,ticket_only,1000,128,0.0026,387078.09,0.27,0.02,0.25,0.292,0.334,1.94,0.04,1.917,2.0,2.042,2.2,0.05,2.208,2.292,2.334,3
local,ticket_only,1000,128,0.0027,366888.33,0.28,0.06,0.291,0.333,0.375,2.02,1.73,1.917,2.042,2.208,2.3,1.75,2.208,2.333,2.5004,4
local,ticket_only,1000,128,0.0025,393487.78,0.27,0.02,0.25,0.292,0.333,1.85,0.21,1.833,1.917,3.5,2.12,0.21,2.083,2.167,3.75,5
local,ticket_only,1000,128,0.0026,380282.36,0.27,0.04,0.25,0.333,0.375,1.95,0.59,1.917,2.041,2.167,2.22,0.6,2.167,2.333,2.4594,6
local,ticket_only,1000,128,0.0028,356416.15,0.28,0.07,0.25,0.292,0.375,2.08,1.51,1.917,2.125,3.9632,2.36,1.53,2.208,2.417,4.2546,7
local,ticket_only,1000,128,0.0028,361369.59,0.3,0.71,0.291,0.334,0.417,2.03,0.83,1.917,2.125,3.667,2.33,1.14,2.208,2.458,3.959,8
local,ticket_only,1000,128,0.0026,380354.68,0.27,0.03,0.25,0.292,0.3344,1.95,0.43,1.917,2.0,2.042,2.22,0.43,2.208,2.292,2.3344,9
local,ticket_only,1000,128,0.0027,365608.52,0.27,0.05,0.25,0.333,0.375,2.01,1.58,1.917,2.0411,2.8334,2.28,1.59,2.167,2.333,3.255,10
local,ticket_only,1000,128,0.0027,370851.1,0.27,0.04,0.25,0.292,0.375,1.98,0.83,1.917,2.041,2.1254,2.25,0.84,2.208,2.333,2.5,11
local,ticket_only,1000,128,0.0026,388500.39,0.27,0.02,0.25,0.292,0.333,1.93,0.07,1.917,2.0,2.0424,2.2,0.07,2.167,2.291,2.3344,12
local,ticket_only,1000,128,0.0029,346440.33,0.3,0.41,0.291,0.333,0.416,2.07,1.53,1.958,2.125,3.77,2.36,1.63,2.208,2.417,6.6816,13
local,ticket_only,1000,128,0.0026,381230.64,0.27,0.02,0.25,0.292,0.333,1.95,0.22,1.917,2.0,2.084,2.22,0.22,2.208,2.292,2.3754,14
local,ticket_only,1000,128,0.0027,377162.79,0.28,0.35,0.25,0.292,0.3344,1.97,0.66,1.917,2.041,2.125,2.26,0.75,2.208,2.292,2.458,15
local,ticket_only,1000,128,0.0028,352391.86,0.3,0.71,0.291,0.333,0.375,2.01,1.15,1.917,2.084,2.75,2.31,1.75,2.208,2.416,3.2504,16
local,ticket_only,1000,128,0.0026,386947.04,0.27,0.02,0.25,0.292,0.333,1.91,0.22,1.875,2.0,2.3338,2.18,0.22,2.166,2.291,2.6682,17
local,ticket_only,1000,128,0.0027,368697.58,0.29,0.26,0.25,0.333,0.3754,2.0,1.44,1.917,2.042,2.459,2.29,1.55,2.167,2.333,2.8344,18
local,ticket_only,1000,128,0.0026,387979.16,0.27,0.02,0.25,0.292,0.3344,1.92,0.13,1.917,2.0,2.042,2.19,0.14,2.167,2.291,2.333,19
local,ticket_only,1000,128,0.0026,387790.95,0.27,0.02,0.25,0.292,0.333,1.93,0.04,1.917,2.0,2.041,2.2,0.04,2.208,2.291,2.292,20
local,ticket_only,1000,128,0.0026,383595.02,0.27,0.02,0.25,0.292,0.3344,1.95,0.76,1.875,2.0,2.0844,2.22,0.76,2.166,2.25,2.416,21
local,ticket_only,1000,128,0.0026,386909.61,0.27,0.02,0.25,0.292,0.334,1.93,0.82,1.875,1.959,2.042,2.2,0.82,2.166,2.25,2.3344,22
local,ticket_only,1000,128,0.0025,393946.46,0.27,0.03,0.25,0.292,0.375,1.89,0.06,1.875,1.959,2.083,2.16,0.06,2.125,2.25,2.375,23
local,ticket_only,1000,128,0.0027,369259.17,0.29,0.28,0.291,0.334,0.458,1.99,0.61,1.917,2.167,3.5834,2.28,0.8,2.208,2.5,3.8334,24
local,ticket_only,1000,128,0.0028,358487.18,0.29,0.11,0.291,0.334,0.4174,2.08,1.07,2.0,2.208,2.7115,2.37,1.08,2.25,2.5,3.3796,25
local,ticket_only,1000,128,0.0027,374286.52,0.27,0.05,0.25,0.292,0.375,1.99,1.07,1.917,2.042,2.125,2.26,1.08,2.208,2.292,2.417,26
local,ticket_only,1000,128,0.0027,370960.06,0.28,0.25,0.291,0.292,0.375,1.97,0.91,1.834,2.083,3.7558,2.25,1.0,2.125,2.375,4.0063,27
local,ticket_only,1000,128,0.0026,381527.8,0.27,0.03,0.25,0.292,0.375,1.96,0.65,1.917,2.041,2.125,2.23,0.65,2.208,2.292,2.416,28
local,ticket_only,1000,128,0.0026,379836.89,0.27,0.1,0.25,0.292,0.375,1.93,0.52,1.917,2.0,2.0844,2.2,0.62,2.167,2.292,2.4164,29
local,ticket_only,1000,128,0.0028,362729.54,0.28,0.07,0.291,0.334,0.417,2.03,1.04,1.917,2.169,3.6262,2.31,1.07,2.208,2.459,4.0017,30
local,ticket_only,500,256,0.0013,381073.45,0.28,0.25,0.25,0.292,0.3344,1.95,0.09,1.917,2.041,2.083,2.23,0.27,2.208,2.292,2.375,1
local,ticket_only,500,256,0.0013,385641.19,0.27,0.02,0.25,0.292,0.333,1.94,0.04,1.917,2.0,2.0424,2.2,0.04,2.208,2.291,2.334,2
local,ticket_only,500,256,0.0013,385715.56,0.28,0.18,0.25,0.292,0.375,1.93,0.04,1.917,2.0,2.042,2.21,0.19,2.208,2.2911,2.333,3
local,ticket_only,500,256,0.0014,357408.87,0.29,0.37,0.25,0.292,0.3754,2.02,0.77,1.917,2.083,3.7974,2.31,1.12,2.208,2.3361,4.2132,4
local,ticket_only,500,256,0.0013,382214.49,0.27,0.03,0.25,0.292,0.3344,1.95,0.22,1.917,2.0,3.6254,2.22,0.22,2.167,2.291,3.917,5
local,ticket_only,500,256,0.0013,384948.51,0.27,0.03,0.291,0.292,0.3344,1.93,0.04,1.917,2.0,2.042,2.21,0.05,2.208,2.292,2.333,6
local,ticket_only,500,256,0.0013,388462.66,0.27,0.02,0.25,0.292,0.333,1.92,0.04,1.917,1.9611,2.042,2.19,0.04,2.208,2.25,2.292,7
local,ticket_only,500,256,0.0013,384172.11,0.27,0.03,0.25,0.292,0.375,1.94,0.04,1.917,2.041,2.0424,2.21,0.05,2.208,2.292,2.375,8
local,ticket_only,500,256,0.0013,383398.83,0.27,0.03,0.25,0.292,0.375,1.95,0.07,1.917,2.042,2.3344,2.22,0.09,2.208,2.333,2.6674,9
local,ticket_only,500,256,0.0013,383644.17,0.27,0.03,0.25,0.292,0.375,1.94,0.05,1.917,2.041,2.083,2.21,0.05,2.208,2.292,2.375,10
local,ticket_only,500,256,0.0013,388261.46,0.27,0.03,0.25,0.292,0.334,1.92,0.04,1.917,2.0,2.042,2.19,0.05,2.167,2.291,2.333,11
local,ticket_only,500,256,0.0013,380613.96,0.27,0.02,0.291,0.292,0.334,1.95,0.04,1.958,2.042,2.083,2.23,0.05,2.209,2.333,2.375,12
local,ticket_only,500,256,0.0013,382592.06,0.27,0.03,0.25,0.292,0.375,1.95,0.05,1.958,2.042,2.1254,2.22,0.06,2.208,2.333,2.458,13
local,ticket_only,500,256,0.0015,326317.5,0.33,1.07,0.291,0.333,0.5008,2.09,1.56,1.917,2.167,3.6882,2.42,2.42,2.208,2.5,3.9897,14
local,ticket_only,500,256,0.0013,378369.95,0.27,0.03,0.291,0.292,0.3344,1.95,0.22,1.917,2.042,2.2642,2.22,0.23,2.208,2.333,2.5558,15
local,ticket_only,500,256,0.0013,376222.73,0.27,0.03,0.25,0.292,0.334,1.99,0.32,1.9375,2.042,3.8361,2.25,0.32,2.208,2.333,4.1267,16
local,ticket_only,500,256,0.0013,376931.77,0.27,0.03,0.25,0.333,0.375,1.98,0.07,1.959,2.125,2.167,2.26,0.08,2.25,2.416,2.458,17
local,ticket_only,500,256,0.0013,382104.66,0.27,0.03,0.25,0.2941,0.375,1.96,0.06,1.958,2.042,2.125,2.23,0.06,2.208,2.3331,2.417,18
local,ticket_only,500,256,0.0014,345552.53,0.27,0.07,0.25,0.292,0.3344,2.0,1.48,1.875,2.042,3.7558,2.27,1.51,2.125,2.292,4.0058,19
local,ticket_only,500,256,0.0014,370187.74,0.29,0.12,0.291,0.3331,0.375,1.98,0.3,1.917,2.416,2.5424,2.27,0.33,2.208,2.75,2.917,20
local,ticket_only,500,256,0.0014,356167.72,0.29,0.08,0.291,0.375,0.458,2.08,1.11,1.917,2.3331,5.7663,2.37,1.14,2.208,2.6691,6.1109,21
local,ticket_only,500,256,0.0013,377821.86,0.28,0.03,0.291,0.333,0.417,1.97,0.58,1.917,2.042,2.125,2.25,0.58,2.208,2.333,2.417,22
local,ticket_only,500,256,0.0013,385344.28,0.27,0.02,0.25,0.292,0.333,1.94,0.04,1.917,2.0,2.042,2.21,0.04,2.208,2.292,2.333,23
local,ticket_only,500,256,0.0015,333518.77,0.28,0.07,0.291,0.333,0.4174,2.05,1.8,1.917,2.1271,4.4615,2.33,1.81,2.208,2.5,4.7115,24
local,ticket_only,500,256,0.0014,365252.24,0.27,0.06,0.25,0.292,0.375,2.02,1.39,1.917,2.042,3.5838,2.3,1.4,2.208,2.334,3.8342,25
local,ticket_only,500,256,0.0013,382518.89,0.28,0.02,0.291,0.292,0.333,1.94,0.11,1.917,2.0,2.083,2.22,0.11,2.208,2.292,2.333,26
local,ticket_only,500,256,0.0013,385703.36,0.27,0.03,0.25,0.292,0.375,1.94,0.09,1.917,2.041,2.083,2.21,0.09,2.208,2.292,2.375,27
local,ticket_only,500,256,0.0013,385926.65,0.27,0.02,0.25,0.292,0.334,1.94,0.04,1.917,2.0,2.083,2.21,0.05,2.208,2.292,2.334,28
local,ticket_only,500,256,0.0015,336483.04,0.28,0.08,0.291,0.3331,0.416,2.05,1.43,1.917,2.125,3.9611,2.34,1.47,2.167,2.417,4.2111,29
local,ticket_only,500,256,0.0013,370839.83,0.28,0.03,0.291,0.334,0.375,2.01,0.07,2.0,2.125,2.208,2.29,0.08,2.292,2.417,2.5,30
local,ticket_only,1000,256,0.0026,382744.5,0.27,0.02,0.25,0.292,0.334,1.94,0.04,1.917,2.0021,2.084,2.21,0.05,2.208,2.292,2.375,1
local,ticket_only,1000,256,0.0026,384788.1,0.27,0.03,0.25,0.292,0.375,1.94,0.05,1.917,2.042,2.083,2.21,0.05,2.208,2.292,2.375,2
local,ticket_only,1000,256,0.0026,383062.22,0.27,0.02,0.25,0.292,0.334,1.96,0.49,1.917,2.0,2.083,2.22,0.49,2.208,2.292,2.333,3
local,ticket_only,1000,256,0.0026,379837.04,0.29,0.67,0.25,0.292,0.375,1.95,0.76,1.917,2.0,2.083,2.25,1.02,2.208,2.292,2.375,4
local,ticket_only,1000,256,0.0026,384899.03,0.27,0.03,0.25,0.292,0.375,1.95,0.38,1.917,2.042,2.125,2.21,0.38,2.1875,2.333,2.458,5
local,ticket_only,1000,256,0.0026,388985.33,0.27,0.05,0.25,0.292,0.333,1.89,0.42,1.834,1.9581,3.625,2.16,0.42,2.125,2.25,3.916,6
local,ticket_only,1000,256,0.0028,357659.16,0.29,0.2,0.291,0.334,0.542,2.05,0.85,1.958,2.208,4.0838,2.34,0.93,2.209,2.5021,4.6682,7
local,ticket_only,1000,256,0.0026,381661.18,0.27,0.03,0.25,0.292,0.375,1.96,0.62,1.917,2.0,2.083,2.23,0.62,2.208,2.292,2.417,8
local,ticket_only,1000,256,0.0025,397252.44,0.27,0.02,0.25,0.292,0.333,1.83,0.66,1.792,1.875,3.5,2.1,0.66,2.042,2.167,3.792,9
local,ticket_only,1000,256,0.0026,383202.84,0.27,0.02,0.25,0.292,0.334,1.95,0.74,1.917,2.0,2.084,2.22,0.74,2.167,2.292,2.3754,10
local,ticket_only,1000,256,0.0026,378495.12,0.27,0.15,0.25,0.292,0.333,1.96,1.1,1.917,2.0,2.083,2.24,1.12,2.167,2.25,2.3754,11
local,ticket_only,1000,256,0.0027,365057.97,0.29,0.49,0.291,0.333,0.3754,2.01,0.78,1.917,2.166,3.7084,2.3,1.01,2.208,2.461,4.0,12
local,ticket_only,1000,256,0.0026,388393.56,0.27,0.03,0.25,0.292,0.375,1.92,0.04,1.917,2.0,2.042,2.19,0.05,2.167,2.291,2.333,13
local,ticket_only,1000,256,0.0026,380083.62,0.27,0.03,0.25,0.292,0.334,1.97,1.12,1.917,2.042,2.1254,2.24,1.12,2.208,2.333,2.459,14
local,ticket_only,1000,256,0.0026,385684.62,0.27,0.02,0.25,0.292,0.334,1.94,0.05,1.917,2.041,2.083,2.2,0.05,2.208,2.292,2.375,15
local,ticket_only,1000,256,0.0026,378542.83,0.28,0.03,0.291,0.333,0.375,1.97,0.06,1.958,2.084,2.167,2.25,0.07,2.25,2.375,2.458,16
local,ticket_only,1000,256,0.0026,386541.85,0.27,0.08,0.25,0.292,0.3344,1.93,0.05,1.917,2.0021,2.083,2.2,0.09,2.208,2.292,2.375,17
local,ticket_only,1000,256,0.0026,384788.1,0.27,0.03,0.25,0.292,0.333,1.94,0.04,1.917,2.041,2.083,2.21,0.05,2.208,2.292,2.375,18
local,ticket_only,1000,256,0.0026,387828.69,0.27,0.02,0.25,0.292,0.334,1.93,0.04,1.917,2.0,2.042,2.19,0.04,2.208,2.291,2.292,19
local,ticket_only,1000,256,0.0027,376837.18,0.27,0.06,0.25,0.292,0.3344,1.97,1.37,1.917,2.0,2.083,2.25,1.38,2.208,2.291,2.375,20
local,ticket_only,1000,256,0.0028,357467.39,0.28,0.08,0.2705,0.333,0.458,2.06,1.1,1.917,2.2952,3.7928,2.34,1.13,2.208,2.666,4.166,21
local,ticket_only,1000,256,0.0027,370090.61,0.3,0.65,0.25,0.333,0.375,1.96,0.49,1.917,2.042,2.2504,2.26,0.95,2.208,2.375,2.5844,22
local,ticket_only,1000,256,0.0027,374385.73,0.27,0.06,0.25,0.292,0.334,1.96,1.08,1.917,2.0,2.1267,2.24,1.1,2.167,2.292,2.4597,23
local,ticket_only,1000,256,0.0028,358000.53,0.28,0.05,0.291,0.333,0.416,2.07,1.37,1.917,2.167,4.8343,2.35,1.38,2.167,2.5,5.3344,24
local,ticket_only,1000,256,0.0026,380801.37,0.27,0.05,0.25,0.292,0.3344,1.97,0.69,1.917,2.0,2.0844,2.24,0.69,2.167,2.291,2.4594,25
local,ticket_only,1000,256,0.0028,358123.48,0.28,0.07,0.291,0.333,0.375,2.02,1.44,1.917,2.125,2.6258,2.3,1.45,2.208,2.416,3.042,26
local,ticket_only,1000,256,0.0026,388204.94,0.27,0.02,0.25,0.292,0.334,1.92,0.07,1.917,2.0,2.083,2.19,0.07,2.167,2.25,2.334,27
local,ticket_only,1000,256,0.0026,387459.34,0.27,0.02,0.25,0.292,0.334,1.91,0.34,1.875,2.0,2.042,2.18,0.34,2.167,2.25,2.333,28
local,ticket_only,1000,256,0.0027,364083.19,0.29,0.49,0.25,0.292,0.3754,1.99,1.1,1.917,2.0,2.5004,2.28,1.33,2.167,2.292,2.8758,29
local,ticket_only,1000,256,0.0026,381800.92,0.27,0.02,0.25,0.292,0.334,1.94,0.27,1.917,2.0,2.083,2.21,0.27,2.208,2.291,2.375,30
local,ticket_only,500,512,0.0014,368527.73,0.31,0.02,0.292,0.334,0.375,1.93,0.04,1.917,2.0,2.042,2.24,0.04,2.209,2.292,2.3754,1
local,ticket_only,500,512,0.0014,359442.78,0.31,0.03,0.292,0.334,0.3754,1.99,0.63,1.958,2.083,2.25,2.29,0.63,2.25,2.4161,2.5428,2
local,ticket_only,500,512,0.0015,324017.82,0.31,0.12,0.292,0.375,0.4164,2.05,2.76,1.917,2.0441,2.167,2.36,2.78,2.209,2.375,2.5,3
local,ticket_only,500,512,0.0014,357291.64,0.3,0.03,0.292,0.334,0.416,1.92,0.75,1.875,2.0,2.1254,2.22,0.75,2.167,2.333,2.459,4
local,ticket_only,500,512,0.0014,358690.61,0.31,0.06,0.292,0.334,0.417,1.95,0.51,1.916,2.042,2.3334,2.26,0.56,2.208,2.375,2.7084,5
local,ticket_only,500,512,0.0015,324482.32,0.34,0.33,0.292,0.375,0.6296,2.07,1.15,1.917,2.333,5.5054,2.41,1.38,2.209,2.6733,7.25,6
local,ticket_only,500,512,0.0014,366009.97,0.3,0.02,0.292,0.334,0.375,1.95,0.2,1.917,2.0,2.083,2.24,0.2,2.209,2.333,2.3754,7
local,ticket_only,500,512,0.0015,342935.53,0.31,0.03,0.292,0.375,0.417,1.91,0.74,1.834,2.042,2.5,2.22,0.75,2.1665,2.375,2.8754,8
local,ticket_only,500,512,0.0013,377251.72,0.31,0.03,0.292,0.3361,0.3754,1.85,0.07,1.833,1.958,2.083,2.16,0.08,2.125,2.291,2.4584,9
local,ticket_only,500,512,0.0015,335232.99,0.32,0.1,0.292,0.375,0.458,2.07,1.13,1.958,2.084,4.4491,2.38,1.2,2.25,2.417,5.4142,10
local,ticket_only,500,512,0.0014,367343.19,0.3,0.03,0.292,0.334,0.375,1.94,0.05,1.917,2.042,2.083,2.24,0.05,2.209,2.3331,2.375,11
local,ticket_only,500,512,0.0014,354767.18,0.31,0.04,0.292,0.375,0.416,2.01,0.07,2.0,2.125,2.167,2.32,0.08,2.333,2.458,2.5,12
local,ticket_only,500,512,0.0015,342817.96,0.31,0.03,0.292,0.3361,0.416,1.97,0.56,1.917,2.0831,2.2504,2.28,0.56,2.209,2.419,2.625,13
local,ticket_only,500,512,0.0015,337733.32,0.32,0.1,0.292,0.375,0.5008,2.09,1.06,1.958,2.1271,4.7343,2.41,1.1,2.25,2.459,6.3156,14
local,ticket_only,500,512,0.0014,365753.21,0.3,0.02,0.292,0.334,0.375,1.95,0.05,1.9375,2.042,2.125,2.25,0.05,2.25,2.334,2.417,15
local,ticket_only,500,512,0.0014,365809.14,0.3,0.03,0.292,0.334,0.416,1.94,0.04,1.917,2.041,2.083,2.25,0.05,2.25,2.334,2.375,16
local,ticket_only,500,512,0.0014,366826.55,0.3,0.03,0.292,0.334,0.375,1.94,0.04,1.917,2.0,2.042,2.24,0.04,2.25,2.333,2.375,17
local,ticket_only,500,512,0.0015,328236.48,0.32,0.08,0.292,0.375,0.5004,2.1,1.3,1.959,2.25,2.7172,2.42,1.32,2.291,2.5441,3.3413,18
local,ticket_only,500,512,0.0014,356389.6,0.31,0.03,0.292,0.375,0.375,1.99,0.32,2.0,2.084,2.125,2.3,0.32,2.292,2.417,2.459,19
local,ticket_only,500,512,0.0014,364287.58,0.31,0.03,0.292,0.334,0.375,1.95,0.05,1.958,2.042,2.084,2.26,0.05,2.25,2.3361,2.417,20
local,ticket_only,500,512,0.0014,366692.31,0.3,0.03,0.292,0.334,0.3754,1.95,0.05,1.958,2.042,2.0834,2.25,0.05,2.25,2.334,2.4164,21
local,ticket_only,500,512,0.0015,333416.69,0.32,0.24,0.292,0.375,0.458,2.04,1.18,1.958,2.044,2.7928,2.36,1.37,2.25,2.375,3.4173,22
local,ticket_only,500,512,0.0014,364497.9,0.3,0.03,0.292,0.334,0.3754,1.95,0.05,1.958,2.042,2.0844,2.25,0.06,2.25,2.3361,2.458,23
local,ticket_only,500,512,0.0014,366580.2,0.3,0.03,0.292,0.334,0.416,1.95,0.04,1.958,2.041,2.083,2.25,0.05,2.25,2.3331,2.3754,24
local,ticket_only,500,512,0.0014,367714.65,0.3,0.02,0.292,0.334,0.375,1.94,0.04,1.917,2.0,2.083,2.24,0.05,2.25,2.333,2.416,25
local,ticket_only,500,512,0.0014,353045.01,0.31,0.03,0.292,0.375,0.416,2.02,0.08,2.0,2.166,2.208,2.33,0.09,2.333,2.5,2.542,26
local,ticket_only,500,512,0.0015,338371.23,0.31,0.16,0.292,0.375,0.417,2.03,1.19,1.958,2.125,2.25,2.35,1.35,2.25,2.417,2.5834,27
local,ticket_only,500,512,0.0015,338075.63,0.34,0.25,0.333,0.3771,0.458,2.04,0.21,2.0,2.208,2.3334,2.38,0.33,2.334,2.542,2.7918,28
local,ticket_only,500,512,0.0014,359723.1,0.33,0.27,0.333,0.375,0.4174,1.96,0.09,1.9375,2.125,2.25,2.29,0.29,2.25,2.4611,2.625,29
local,ticket_only,500,512,0.0015,331262.94,0.33,0.11,0.292,0.375,0.5435,2.12,1.26,1.9585,2.208,5.6882,2.45,1.31,2.291,2.583,7.1458,30
local,ticket_only,1000,512,0.0028,354704.26,0.31,0.05,0.292,0.334,0.3754,1.98,1.02,1.917,2.041,2.416,2.29,1.04,2.25,2.334,2.7504,1
local,ticket_only,1000,512,0.0029,346475.26,0.32,0.08,0.292,0.375,0.4594,1.98,0.83,1.875,2.125,2.75,2.3,0.87,2.208,2.458,3.3376,2
local,ticket_only,1000,512,0.0028,352112.68,0.32,0.18,0.292,0.375,0.417,2.0,0.87,1.958,2.083,2.209,2.32,0.9,2.25,2.4161,2.5424,3
local,ticket_only,1000,512,0.003,338113.92,0.32,0.31,0.292,0.334,0.417,2.06,1.77,1.917,2.083,2.5423,2.38,1.84,2.25,2.375,3.041,4
local,ticket_only,1000,512,0.0029,343755.78,0.32,0.22,0.292,0.334,0.416,2.04,1.57,1.958,2.083,2.375,2.35,1.6,2.25,2.375,2.7504,5
local,ticket_only,1000,512,0.0027,364099.76,0.3,0.03,0.292,0.334,0.416,1.94,0.26,1.917,2.0,2.083,2.25,0.27,2.209,2.333,2.417,6
local,ticket_only,1000,512,0.0029,342260.63,0.31,0.07,0.292,0.334,0.3754,2.03,1.49,1.958,2.042,2.208,2.34,1.49,2.25,2.375,2.541,7
local,ticket_only,1000,512,0.0028,359281.48,0.31,0.08,0.292,0.334,0.375,1.99,0.58,1.958,2.041,2.083,2.29,0.59,2.25,2.334,2.458,8
local,ticket_only,1000,512,0.0027,365296.8,0.3,0.03,0.292,0.334,0.375,1.96,0.43,1.917,2.0,2.042,2.26,0.43,2.25,2.333,2.375,9
local,ticket_only,1000,512,0.0029,340174.58,0.32,0.36,0.292,0.334,0.375,2.02,0.77,1.958,2.083,2.2504,2.34,0.89,2.25,2.417,2.6254,10
local,ticket_only,1000,512,0.0027,364254.54,0.3,0.05,0.292,0.334,0.375,1.95,0.04,1.958,2.041,2.083,2.25,0.07,2.25,2.333,2.375,11
local,ticket_only,1000,512,0.0027,365485.99,0.3,0.02,0.292,0.334,0.375,1.95,0.05,1.958,2.042,2.125,2.25,0.05,2.25,2.334,2.4174,12
local,ticket_only,1000,512,0.0027,369805.39,0.3,0.03,0.292,0.334,0.375,1.86,0.36,1.833,1.958,2.083,2.16,0.37,2.125,2.25,2.417,13
local,ticket_only,1000,512,0.0029,345408.23,0.32,0.07,0.292,0.375,0.458,2.02,0.86,1.958,2.125,2.6267,2.34,0.89,2.25,2.5,3.1267,14
local,ticket_only,1000,512,0.0029,346210.4,0.31,0.19,0.292,0.334,0.417,2.01,1.71,1.917,2.0,2.4169,2.32,1.79,2.208,2.333,2.7933,15
local,ticket_only,1000,512,0.0029,350743.91,0.33,0.5,0.292,0.375,0.5,1.96,1.02,1.833,2.125,2.8788,2.29,1.15,2.166,2.458,3.8763,16
local,ticket_only,1000,512,0.0028,360891.36,0.3,0.03,0.292,0.334,0.375,1.97,0.47,1.917,2.0021,2.0424,2.27,0.47,2.25,2.333,2.375,17
local,ticket_only,1000,512,0.003,329299.42,0.33,0.59,0.292,0.334,0.417,2.01,1.24,1.917,2.083,2.2102,2.34,1.69,2.209,2.375,2.5848,18
local,ticket_only,1000,512,0.0029,349757.36,0.31,0.26,0.292,0.334,0.375,1.98,0.68,1.958,2.042,2.1674,2.3,0.94,2.25,2.375,2.5,19
local,ticket_only,1000,512,0.0027,368539.14,0.3,0.02,0.292,0.334,0.334,1.94,0.04,1.917,2.0,2.042,2.24,0.04,2.25,2.292,2.334,20
local,ticket_only,1000,512,0.0031,322927.84,0.31,0.09,0.292,0.375,0.417,2.06,1.78,1.958,2.125,2.6674,2.37,1.79,2.25,2.5,3.0428,21
local,ticket_only,1000,512,0.0028,360820.78,0.3,0.02,0.292,0.334,0.375,1.97,0.47,1.917,2.041,2.042,2.27,0.47,2.25,2.333,2.416,22
local,ticket_only,1000,512,0.0027,368307.17,0.3,0.02,0.292,0.334,0.375,1.94,0.05,1.917,2.0,2.083,2.24,0.06,2.25,2.333,2.3754,23
local,ticket_only,1000,512,0.0027,365658.66,0.3,0.02,0.292,0.334,0.375,1.94,0.04,1.917,2.041,2.083,2.24,0.05,2.25,2.333,2.375,24
local,ticket_only,1000,512,0.0027,369839.58,0.3,0.02,0.292,0.333,0.334,1.93,0.03,1.917,2.0,2.041,2.23,0.04,2.209,2.292,2.333,25
local,ticket_only,1000,512,0.0027,365257.84,0.3,0.03,0.292,0.334,0.416,1.95,0.06,1.958,2.042,2.25,2.25,0.07,2.25,2.375,2.583,26
local,ticket_only,1000,512,0.0029,343441.03,0.32,0.12,0.333,0.375,0.458,1.97,0.43,1.917,2.208,2.625,2.3,0.54,2.25,2.542,3.0,27
local,ticket_only,1000,512,0.0029,350815.65,0.32,0.16,0.292,0.375,0.4174,1.97,1.03,1.875,2.0861,2.7094,2.29,1.15,2.208,2.419,3.1258,28
local,ticket_only,1000,512,0.0029,346245.4,0.31,0.07,0.292,0.334,0.375,1.97,1.57,1.917,2.041,2.125,2.28,1.58,2.208,2.334,2.4174,29
local,ticket_only,1000,512,0.003,335669.03,0.32,0.09,0.292,0.375,0.4594,2.06,1.3,1.958,2.1661,2.7546,2.38,1.33,2.25,2.5021,3.7945,30
local,ticket_only,500,1024,0.0013,374730.85,0.29,0.02,0.292,0.333,0.334,1.92,0.04,1.917,2.0,2.042,2.21,0.05,2.208,2.292,2.3344,1
local,ticket_only,500,1024,0.0013,370977.4,0.29,0.03,0.292,0.3331,0.375,1.95,0.05,1.917,2.042,2.083,2.24,0.05,2.209,2.333,2.375,2
local,ticket_only,500,1024,0.0015,326681.66,0.3,0.1,0.292,0.334,0.375,2.05,2.16,1.917,2.0411,2.1674,2.35,2.18,2.208,2.334,2.5004,3
local,ticket_only,500,1024,0.0015,333028.06,0.31,0.09,0.292,0.375,0.458,2.13,1.49,2.0,2.125,3.7344,2.45,1.52,2.292,2.458,4.7276,4
local,ticket_only,500,1024,0.0014,360381.92,0.3,0.03,0.292,0.334,0.3754,1.98,0.06,1.959,2.083,2.167,2.28,0.06,2.291,2.375,2.4594,5
local,ticket_only,500,1024,0.0013,378943.48,0.3,0.02,0.292,0.333,0.375,1.88,0.05,1.875,1.9581,2.0424,2.18,0.05,2.167,2.291,2.375,6
local,ticket_only,500,1024,0.0013,376565.0,0.29,0.03,0.292,0.333,0.375,1.91,0.05,1.916,2.0,2.083,2.2,0.05,2.208,2.292,2.375,7
local,ticket_only,500,1024,0.0016,305421.29,0.34,0.51,0.292,0.375,0.5432,2.16,2.8,1.917,2.125,3.6268,2.5,2.92,2.25,2.416,4.8834,8
local,ticket_only,500,1024,0.0014,356368.52,0.3,0.03,0.292,0.334,0.3754,2.01,0.05,2.0,2.083,2.25,2.31,0.06,2.292,2.4161,2.583,9
local,ticket_only,500,1024,0.0014,358519.32,0.3,0.03,0.292,0.334,0.417,2.01,0.07,2.0,2.125,2.25,2.31,0.08,2.292,2.458,2.583,10
local,ticket_only,500,1024,0.0013,370599.32,0.29,0.03,0.292,0.333,0.375,1.95,0.05,1.958,2.042,2.125,2.24,0.06,2.209,2.333,2.417,11
local,ticket_only,500,1024,0.0014,367759.82,0.29,0.03,0.292,0.334,0.375,1.96,0.06,1.958,2.083,2.25,2.25,0.08,2.25,2.375,2.5424,12
local,ticket_only,500,1024,0.0017,302602.44,0.31,0.11,0.292,0.334,0.416,2.13,2.61,1.916,2.167,3.9346,2.43,2.63,2.208,2.5,4.2682,13
local,ticket_only,500,1024,0.0014,359485.94,0.31,0.18,0.292,0.334,0.417,1.95,0.63,1.875,2.083,2.3334,2.26,0.68,2.208,2.416,2.7223,14
local,ticket_only,500,1024,0.0014,363361.26,0.3,0.03,0.292,0.334,0.375,1.96,0.18,1.917,2.167,2.334,2.27,0.19,2.209,2.5,2.667,15
local,ticket_only,500,1024,0.0014,352040.28,0.3,0.08,0.292,0.334,0.416,1.99,0.64,1.958,2.042,2.167,2.29,0.67,2.25,2.375,2.541,16
local,ticket_only,500,1024,0.0013,371172.1,0.29,0.03,0.292,0.333,0.375,1.94,0.04,1.917,2.041,2.083,2.23,0.05,2.208,2.333,2.375,17
local,ticket_only,500,1024,0.0015,342485.22,0.3,0.03,0.292,0.334,0.375,1.98,0.6,1.917,2.083,2.2504,2.28,0.6,2.208,2.3771,2.5844,18
local,ticket_only,500,1024,0.0013,371355.98,0.3,0.02,0.292,0.333,0.3344,1.93,0.06,1.917,2.042,2.167,2.23,0.07,2.208,2.375,2.5,19
local,ticket_only,500,1024,0.0014,365708.8,0.29,0.03,0.292,0.333,0.375,1.97,0.06,1.958,2.0831,2.209,2.26,0.08,2.25,2.375,2.542,20
local,ticket_only,500,1024,0.0013,371954.62,0.29,0.03,0.292,0.333,0.375,1.94,0.05,1.917,2.0,2.1254,2.23,0.06,2.209,2.333,2.4594,21
local,ticket_only,500,1024,0.0014,362548.72,0.3,0.28,0.292,0.333,0.375,2.0,0.81,1.958,2.042,2.125,2.3,0.86,2.209,2.333,2.417,22
local,ticket_only,500,1024,0.0014,356941.18,0.3,0.03,0.292,0.334,0.375,1.95,0.07,1.917,2.083,2.167,2.25,0.09,2.209,2.417,2.5414,23
local,ticket_only,500,1024,0.0014,355840.23,0.29,0.02,0.292,0.333,0.375,1.95,0.04,1.958,2.041,2.042,2.24,0.04,2.209,2.333,2.375,24
local,ticket_only,500,1024,0.0013,372474.16,0.29,0.02,0.292,0.333,0.3344,1.94,0.04,1.917,2.0,2.0424,2.23,0.05,2.209,2.292,2.375,25
local,ticket_only,500,1024,0.0014,366546.61,0.29,0.08,0.292,0.333,0.375,1.98,0.4,1.958,2.042,2.084,2.27,0.41,2.209,2.375,2.5,26
local,ticket_only,500,1024,0.0014,359453.63,0.29,0.11,0.292,0.333,0.3344,2.01,1.3,1.917,2.0,2.0424,2.3,1.36,2.208,2.292,2.416,27
local,ticket_only,500,1024,0.0015,323877.83,0.34,0.56,0.292,0.375,0.5008,2.07,1.18,1.959,2.25,2.6683,2.41,1.46,2.291,2.584,3.3754,28
local,ticket_only,500,1024,0.0014,364896.92,0.29,0.03,0.292,0.333,0.375,1.97,0.55,1.958,2.042,2.125,2.27,0.55,2.25,2.375,2.417,29
local,ticket_only,500,1024,0.0014,359324.47,0.3,0.03,0.292,0.334,0.375,2.0,0.9,1.917,2.041,2.1254,2.3,0.9,2.209,2.334,2.459,30
local,ticket_only,1000,1024,0.0027,371224.05,0.29,0.03,0.292,0.333,0.375,1.93,0.63,1.917,2.0,2.042,2.23,0.63,2.208,2.292,2.375,1
local,ticket_only,1000,1024,0.0029,350145.2,0.3,0.06,0.292,0.375,0.417,2.04,0.67,2.0,2.125,2.292,2.34,0.68,2.292,2.458,2.667,2
local,ticket_only,1000,1024,0.0027,372237.35,0.29,0.02,0.292,0.333,0.375,1.94,0.04,1.917,2.041,2.083,2.23,0.05,2.209,2.333,2.375,3
local,ticket_only,1000,1024,0.0028,352184.97,0.3,0.08,0.292,0.334,0.375,2.04,1.79,1.958,2.083,2.167,2.33,1.81,2.25,2.375,2.5,4
local,ticket_only,1000,1024,0.0028,361277.16,0.3,0.03,0.292,0.334,0.416,1.94,0.09,1.917,2.0441,2.458,2.24,0.11,2.208,2.375,2.833,5
local,ticket_only,1000,1024,0.003,334672.02,0.33,0.42,0.292,0.375,0.542,2.11,1.59,1.958,2.292,3.3392,2.44,1.76,2.291,2.625,4.2504,6
local,ticket_only,1000,1024,0.0029,341846.22,0.32,0.61,0.292,0.334,0.375,1.94,0.71,1.875,2.0,2.1674,2.26,0.99,2.167,2.292,2.6254,7
local,ticket_only,1000,1024,0.003,331853.82,0.3,0.12,0.292,0.334,0.416,2.01,0.91,1.958,2.083,2.375,2.31,0.95,2.25,2.416,2.7504,8
local,ticket_only,1000,1024,0.0027,368069.93,0.29,0.03,0.292,0.333,0.375,1.97,0.6,1.958,2.041,2.0424,2.26,0.6,2.209,2.333,2.416,9
local,ticket_only,1000,1024,0.003,334089.71,0.31,0.32,0.292,0.334,0.416,1.94,1.24,1.834,2.0,2.4174,2.25,1.3,2.125,2.3331,2.8334,10
local,ticket_only,1000,1024,0.0029,341039.93,0.3,0.11,0.292,0.375,0.5004,2.08,1.28,1.917,2.125,5.635,2.38,1.33,2.209,2.458,6.3037,11
local,ticket_only,1000,1024,0.0027,367315.13,0.3,0.41,0.292,0.333,0.375,1.95,0.25,1.958,2.041,2.083,2.26,0.48,2.209,2.333,2.375,12
local,ticket_only,1000,1024,0.0028,352226.41,0.3,0.06,0.292,0.334,0.417,2.0,0.98,1.917,2.042,2.5013,2.29,1.0,2.208,2.375,2.8763,13
local,ticket_only,1000,1024,0.0027,368890.3,0.28,0.02,0.291,0.333,0.334,1.93,0.04,1.917,2.0,2.042,2.21,0.04,2.208,2.292,2.333,14
local,ticket_only,1000,1024,0.0029,340700.99,0.34,1.0,0.292,0.334,0.417,2.05,1.61,1.917,2.0441,2.5445,2.39,2.21,2.208,2.375,3.1325,15
local,ticket_only,1000,1024,0.0027,368499.35,0.3,0.03,0.292,0.333,0.375,1.94,0.23,1.917,2.0,2.042,2.23,0.24,2.209,2.292,2.375,16
local,ticket_only,1000,1024,0.0027,370753.62,0.29,0.02,0.292,0.333,0.375,1.95,0.72,1.917,2.0,2.042,2.24,0.72,2.208,2.292,2.375,17
local,ticket_only,1000,1024,0.0029,340904.25,0.31,0.09,0.292,0.375,0.417,2.03,1.56,1.917,2.125,2.417,2.33,1.57,2.209,2.417,2.7924,18
local,ticket_only,1000,1024,0.0026,378507.15,0.29,0.03,0.292,0.333,0.375,1.84,0.04,1.833,1.917,2.0,2.13,0.05,2.125,2.209,2.292,19
local,ticket_only,1000,1024,0.0029,348118.75,0.3,0.08,0.292,0.334,0.417,2.03,1.38,1.958,2.084,2.25,2.33,1.41,2.25,2.417,2.583,20
local,ticket_only,1000,1024,0.0028,359254.51,0.3,0.06,0.292,0.334,0.416,1.98,1.52,1.917,2.0,2.0844,2.28,1.52,2.208,2.333,2.4174,21
local,ticket_only,1000,1024,0.0027,365146.74,0.31,0.23,0.292,0.334,0.416,1.92,0.72,1.875,2.0,2.2513,2.23,0.81,2.167,2.292,2.5441,22
local,ticket_only,1000,1024,0.0027,368618.34,0.29,0.02,0.291,0.333,0.375,1.94,0.04,1.917,2.041,2.083,2.23,0.05,2.208,2.333,2.375,23
local,ticket_only,1000,1024,0.0028,354845.86,0.29,0.07,0.292,0.333,0.375,1.94,0.78,1.917,2.0,2.0844,2.23,0.81,2.208,2.292,2.458,24
local,ticket_only,1000,1024,0.0027,370141.84,0.29,0.02,0.292,0.333,0.375,1.95,0.33,1.917,2.041,2.083,2.24,0.33,2.209,2.333,2.375,25
local,ticket_only,1000,1024,0.0027,373767.78,0.29,0.02,0.291,0.333,0.375,1.93,0.04,1.917,2.0,2.042,2.22,0.04,2.208,2.292,2.3344,26
local,ticket_only,1000,1024,0.0029,344847.45,0.3,0.09,0.292,0.333,0.416,2.05,1.31,1.958,2.083,2.3754,2.35,1.34,2.25,2.375,2.9191,27
local,ticket_only,1000,1024,0.0027,372254.67,0.28,0.02,0.291,0.333,0.375,1.94,0.04,1.958,2.0,2.083,2.23,0.05,2.209,2.292,2.375,28
local,ticket_only,1000,1024,0.0027,373395.57,0.28,0.02,0.291,0.333,0.375,1.94,0.05,1.917,2.041,2.083,2.22,0.05,2.208,2.333,2.375,29
local,ticket_only,1000,1024,0.0031,321500.3,0.33,0.48,0.292,0.375,0.458,2.04,1.47,1.917,2.125,3.3409,2.37,1.66,2.209,2.459,3.921,30
