protocol,n,k,offset,repeat_id,replay_count,recovery_material_bytes,logical_bytes_read,auth_records_verified,recovery_time_ns,recovery_time_us,recovery_time_ms,target_seq,reconstructed_mem,reconstructed_hash,target_state_match,checkpoint_auth_ok,record_auth_ok,chain_continuity_ok,payload_hash_ok,recovery_valid,failure_reason,records_scanned,records_replayed,physical_bytes_read,logical_bytes_replayed,seek_offset
gmcp_r,1000,10,1,1,1,710,710,2,102500,102.5,0.1025,991,34db035aff0d732d59f18e0f525916f83e1986e388792ea34752d1338acad091,,True,True,True,True,True,True,,1,1,856,428,423504
authenticated_hash_chain,1000,10,1,1,991,513286,513286,991,10164250,10164.25,10.16425,991,,bfb00d1a7bf8b6a797245237cb83b4196ccc36b03efd82a5280050f7e347bc4d,True,True,True,True,True,True,,991,991,513804,513286,0
gmcp_r,1000,10,5,1,5,2422,2422,6,129167,129.167,0.129167,995,b6883a4f0b827ad50bc8f7f607f2fe44a11cdefe10bc72a0523c2283768351ce,,True,True,True,True,True,True,,5,5,2568,2140,423504
authenticated_hash_chain,1000,10,5,1,995,515358,515358,995,9932334,9932.334,9.932334,995,,54d392cc16481cdecae19e63dd468b1146294970ad8e8e13ad478e0253d065f7,True,True,True,True,True,True,,995,995,515877,515358,0
gmcp_r,1000,10,9,1,9,4134,4134,10,144084,144.084,0.144084,999,a49b8dec4df21eb21ceecc6ccebbbaa81af80d550a27cc540b40d1082ffee28e,,True,True,True,True,True,True,,9,9,4282,3852,423504
authenticated_hash_chain,1000,10,9,1,999,517433,517433,999,10370667,10370.667,10.370667,999,,a6c8d7f92883980eed1364050d0a2f6a94dae202336c8b6e6a43c95568cab4b8,True,True,True,True,True,True,,999,999,517954,517433,0
gmcp_r,1000,10,1,2,1,710,710,2,83584,83.584,0.083584,991,ae5dc9875c04b0754d32a31990c4a83417ab2e4186d5f03559bc609ffe774b01,,True,True,True,True,True,True,,1,1,856,428,423504
authenticated_hash_chain,1000,10,1,2,991,513328,513328,991,9744833,9744.833,9.744833,991,,b154a3691910224305f980d059ec56a3255a780aaaaf79c683cbf3ff0198851b,True,True,True,True,True,True,,991,991,513847,513328,0
gmcp_r,1000,10,5,2,5,2422,2422,6,108083,108.083,0.108083,995,b9f4778e26624b2eca3a18879b8ad48019f4f84921237df36294d81bdc2912a3,,True,True,True,True,True,True,,5,5,2568,2140,423504
authenticated_hash_chain,1000,10,5,2,995,515401,515401,995,9830709,9830.709,9.830709,995,,19f4c6305adc3e424490bff447ed5a280635c3cffcce78d44f672da0e37002f9,True,True,True,True,True,True,,995,995,515919,515401,0
gmcp_r,1000,10,9,2,9,4134,4134,10,161833,161.833,0.161833,999,0babca7ee40070afc8377f235d4f2aef2b1af594f7f28c673ce77cef86833a94,,True,True,True,True,True,True,,9,9,4282,3852,423504
authenticated_hash_chain,1000,10,9,2,999,517475,517475,999,9998458,9998.458,9.998458,999,,babf2726cb5d2cf88390c022c45d87a63e19be37ada576268405e097772db2ea,True,True,True,True,True,True,,999,999,517995,517475,0
gmcp_r,1000,10,1,3,1,710,710,2,89125,89.125,0.089125,991,f21e799076f866e33401864ccbd4ab68b85a895b35161fb6e3881946728849e9,,True,True,True,True,True,True,,1,1,856,428,423504
authenticated_hash_chain,1000,10,1,3,991,513300,513300,991,9828250,9828.25,9.82825,991,,84b3cd6354f604b0bec2293b773b87e5fff7d59ff93279b6b8a6b81d48fdbd6d,True,True,True,True,True,True,,991,991,513819,513300,0
gmcp_r,1000,10,5,3,5,2422,2422,6,107042,107.042,0.107042,995,fb4ecbc665d6ff4a919f015645263f84bc388ff1709a643a036881c370f7ae62,,True,True,True,True,True,True,,5,5,2568,2140,423504
authenticated_hash_chain,1000,10,5,3,995,515374,515374,995,10022167,10022.167,10.022167,995,,da0582c75c5fba9ecc2d2aaa3dfbca162ca0acf5ff19925b945491f0d9b8d9a6,True,True,True,True,True,True,,995,995,515892,515374,0
gmcp_r,1000,10,9,3,9,4134,4134,10,157125,157.125,0.157125,999,3773eb655cb6d6c4dcab70743dc6cb517933d7f2658db9f5bb17ef319c107b18,,True,True,True,True,True,True,,9,9,4282,3852,423504
authenticated_hash_chain,1000,10,9,3,999,517446,517446,999,9939666,9939.666,9.939666,999,,4b74f892902258e6c01052247522bd5c15787f09b989db68396c6ace435f7b26,True,True,True,True,True,True,,999,999,517966,517446,0
gmcp_r,1000,10,1,4,1,710,710,2,126875,126.875,0.126875,991,54b92784694242adce6bcc5146261f212cce00fd10fe44d81e6e981f18ff43cf,,True,True,True,True,True,True,,1,1,856,428,423504
authenticated_hash_chain,1000,10,1,4,991,513295,513295,991,10195750,10195.75,10.19575,991,,a053abbfb5742e128697f1650830956e6d8df56dab276e15b906707d30d59399,True,True,True,True,True,True,,991,991,513814,513295,0
gmcp_r,1000,10,5,4,5,2422,2422,6,120667,120.667,0.120667,995,ae2fcb4a621ae760d9a8da4c2332654ef0125836fb59394bc70d541cb00454fd,,True,True,True,True,True,True,,5,5,2568,2140,423504
authenticated_hash_chain,1000,10,5,4,995,515369,515369,995,9931291,9931.291,9.931291,995,,bc9e8d7cc0a0fa700594c86cbbf4206a347212f7efffad37cceb01b558806a3e,True,True,True,True,True,True,,995,995,515888,515369,0
gmcp_r,1000,10,9,4,9,4134,4134,10,156125,156.125,0.156125,999,a3a1d0c06335e1b67347b1ca241ad7fa1592f42a804cc4d6269d0ba3d1786d7d,,True,True,True,True,True,True,,9,9,4282,3852,423504
authenticated_hash_chain,1000,10,9,4,999,517441,517441,999,9815708,9815.708,9.815708,999,,35a3020cc4b8f4bafe178fb2f2d355a3472ec4b18ceeb2f9f104c0e265d65e82,True,True,True,True,True,True,,999,999,517961,517441,0
gmcp_r,1000,10,1,5,1,711,711,2,100042,100.042,0.100042,991,c41ff6265798abd847ee76a4e1edbb23b659533e529b277bd74b928ae3dec025,,True,True,True,True,True,True,,1,1,856,428,423504
authenticated_hash_chain,1000,10,1,5,991,513338,513338,991,10235000,10235.0,10.235,991,,fe3c1cf4cc3731674eb5aba8586b714e0ba73b204d684fc5b5805d046b615adc,True,True,True,True,True,True,,991,991,513857,513338,0
gmcp_r,1000,10,5,5,5,2423,2423,6,121000,121.0,0.121,995,2237e9a47df39b1a7e3b9d1301f8f018c1e1527843796869921139e7221a84e9,,True,True,True,True,True,True,,5,5,2568,2140,423504
authenticated_hash_chain,1000,10,5,5,995,515414,515414,995,10021750,10021.75,10.02175,995,,82e5c055ed7ffe68df0cea91caaa3352b168dad47ccd801ab7f8d5e63f1880fe,True,True,True,True,True,True,,995,995,515932,515414,0
gmcp_r,1000,10,9,5,9,4135,4135,10,151250,151.25,0.15125,999,8fc23514bfd95c3a7226891a1201a8f1fd71a4fb4a6d4f5f2d54c7ba47661787,,True,True,True,True,True,True,,9,9,4282,3852,423504
authenticated_hash_chain,1000,10,9,5,999,517486,517486,999,9678709,9678.709,9.678709,999,,30e88374b367030482f0a00233c5a0aa87ebdbb86c3bc9dc2594e21144610ca0,True,True,True,True,True,True,,999,999,518006,517486,0
gmcp_r,1000,10,1,6,1,710,710,2,93125,93.125,0.093125,991,f54ac7805967f8e999c3727ff3d504a5b6671490ca6723d278c219f75cf47476,,True,True,True,True,True,True,,1,1,856,428,423504
authenticated_hash_chain,1000,10,1,6,991,513319,513319,991,10137833,10137.833,10.137833,991,,463a5d70e033b895732c34a4030445e7638c3769c93a3367b484cda210a2137b,True,True,True,True,True,True,,991,991,513835,513319,0
gmcp_r,1000,10,5,6,5,2422,2422,6,113167,113.167,0.113167,995,be749ea0aad717f53717183c27539fce241ef459d44dc627c3e801f640f4bce0,,True,True,True,True,True,True,,5,5,2568,2140,423504
authenticated_hash_chain,1000,10,5,6,995,515390,515390,995,10403917,10403.917,10.403917,995,,5e9521cb4db0528ebf6dab5b8d00dce4bba1b30caec0845ec75ef3490db59b74,True,True,True,True,True,True,,995,995,515906,515390,0
gmcp_r,1000,10,9,6,9,4134,4134,10,151375,151.375,0.151375,999,803c1ed6d77dff071e8cdb3d51e19a0a9204308f5d7536815d31cf56533f079a,,True,True,True,True,True,True,,9,9,4282,3852,423504
authenticated_hash_chain,1000,10,9,6,999,517461,517461,999,10016917,10016.917,10.016917,999,,0390ce43caee2d26651e2320251d4f745841283bcbdd3297805f2527881eb5b7,True,True,True,True,True,True,,999,999,517982,517461,0
gmcp_r,1000,10,1,7,1,710,710,2,89791,89.791,0.089791,991,8e166d833b2dc153fe9de1d4065083220226211821c6ad8fc43dca0a0af1e7b0,,True,True,True,True,True,True,,1,1,856,428,423504
authenticated_hash_chain,1000,10,1,7,991,513341,513341,991,12866041,12866.041,12.866041,991,,6155a6dfbf81b56c00e6d3b4e409215b59342d3231fb8f1f4067aea6bb1da173,True,True,True,True,True,True,,991,991,513860,513341,0
gmcp_r,1000,10,5,7,5,2422,2422,6,114709,114.709,0.114709,995,5882aecb923e4fb9b266405b3e7f5f633f5657ba284d853bc0b6aa7845ef7c96,,True,True,True,True,True,True,,5,5,2568,2140,423504
authenticated_hash_chain,1000,10,5,7,995,515413,515413,995,13005750,13005.75,13.00575,995,,7ddcc61611d2336336873a49a7a087e6d66fdecb829af473df4e97b34d6a3e35,True,True,True,True,True,True,,995,995,515932,515413,0
gmcp_r,1000,10,9,7,9,4134,4134,10,157417,157.417,0.157417,999,ae44cf62e730f03d692e29931d2f5236547bd510162cb38787d9a8de542558f4,,True,True,True,True,True,True,,9,9,4282,3852,423504
authenticated_hash_chain,1000,10,9,7,999,517488,517488,999,10133291,10133.291,10.133291,999,,cdde3883e8da6319200af413cac4c59689c1edd914657758fbf1d052daad9680,True,True,True,True,True,True,,999,999,518008,517488,0
gmcp_r,1000,10,1,8,1,711,711,2,115125,115.125,0.115125,991,4b5c861e13ce5a2edcecea5b1798b17690314bb7904051c51f89f9fad720012c,,True,True,True,True,True,True,,1,1,856,428,423504
authenticated_hash_chain,1000,10,1,8,991,513300,513300,991,10056958,10056.958,10.056958,991,,4b052155e0e667babee79bb6c6a8692f53da22b25bd431e4b2c97af7a387b939,True,True,True,True,True,True,,991,991,513817,513300,0
gmcp_r,1000,10,5,8,5,2423,2423,6,140792,140.792,0.140792,995,d7e14905f1c16a8175a0692777df74370e4b3f754d8b9fd270b21ec27a329fa0,,True,True,True,True,True,True,,5,5,2568,2140,423504
authenticated_hash_chain,1000,10,5,8,995,515370,515370,995,10155208,10155.208,10.155208,995,,38b839bd4071281b8595c0fe17e421dde063ba7eb3e144196239ad70774f9569,True,True,True,True,True,True,,995,995,515889,515370,0
gmcp_r,1000,10,9,8,9,4135,4135,10,178125,178.125,0.178125,999,7faa0ec82244b64014ea82cb88e6afaece3b22532f5f7411c60c35990c34cbec,,True,True,True,True,True,True,,9,9,4282,3852,423504
authenticated_hash_chain,1000,10,9,8,999,517445,517445,999,10187792,10187.792,10.187792,999,,006d16e8751fb5f9277232012a88c36572f46665644a2a6e3d8a5f70605a939e,True,True,True,True,True,True,,999,999,517965,517445,0
gmcp_r,1000,10,1,9,1,710,710,2,99125,99.125,0.099125,991,72cbf1dd51f1e13958b610e5e19084996fbcd87abea963c122649f89900e137a,,True,True,True,True,True,True,,1,1,856,428,423504
authenticated_hash_chain,1000,10,1,9,991,513298,513298,991,10210541,10210.541,10.210541,991,,a158566389593b2abbeeff01113d947bf41b53184af519693888f44c49bc1fde,True,True,True,True,True,True,,991,991,513816,513298,0
gmcp_r,1000,10,5,9,5,2422,2422,6,127667,127.667,0.127667,995,c5282cfd0a322a27f30bf8341619e19e970eddeec0a3e0e3aacf87e4a9e5b87f,,True,True,True,True,True,True,,5,5,2568,2140,423504
authenticated_hash_chain,1000,10,5,9,995,515371,515371,995,10007583,10007.583,10.007583,995,,7a46db603b4f678859698c288edaa13138b964bfd3c7db4e867eed4fa297e298,True,True,True,True,True,True,,995,995,515889,515371,0
gmcp_r,1000,10,9,9,9,4134,4134,10,152250,152.25,0.15225,999,693360c42f0df82d3ee6efdf4f9774437bebcadc8e01429f64535903bae5256a,,True,True,True,True,True,True,,9,9,4282,3852,423504
authenticated_hash_chain,1000,10,9,9,999,517443,517443,999,9874417,9874.417,9.874417,999,,5538003c1e640b671a98dcb0befa7cd0eb9af6a89e7b0fdc4c34c7defccbeb1f,True,True,True,True,True,True,,999,999,517964,517443,0
gmcp_r,1000,10,1,10,1,712,712,2,114333,114.333,0.114333,991,8767f1a4d91b2234bc881aa7801ba435e998cc7b183c4354709ca76160648f26,,True,True,True,True,True,True,,1,1,860,430,425484
authenticated_hash_chain,1000,10,1,10,991,515287,515287,991,9908125,9908.125,9.908125,991,,1e8ed3dc4b41a294e604b140e9636f3ef22f671995794a1ad8518641a7f397c3,True,True,True,True,True,True,,991,991,515807,515287,0
gmcp_r,1000,10,5,10,5,2432,2432,6,140167,140.167,0.140167,995,cb0a3a4467792e0b946e711437faf73f6b7445a299923ff3bedeecac980eae1f,,True,True,True,True,True,True,,5,5,2580,2150,425484
authenticated_hash_chain,1000,10,5,10,995,517370,517370,995,10061666,10061.666,10.061666,995,,d40dd81cc7b867ca0d00aa2a1ccd8426a6244976828ddc69e948b24687aecb7b,True,True,True,True,True,True,,995,995,517890,517370,0
gmcp_r,1000,10,9,10,9,4152,4152,10,233333,233.333,0.233333,999,a757500df3c461bed84e5e2be7aa43e5cafa81e61dd8ff7584350c4cdbc4a18f,,True,True,True,True,True,True,,9,9,4302,3870,425484
authenticated_hash_chain,1000,10,9,10,999,519449,519449,999,9956708,9956.708,9.956708,999,,fd1a5c17a598b18c66f589ff685f6096d80943e1937e4ab939501fc63027f72a,True,True,True,True,True,True,,999,999,519971,519449,0
gmcp_r,1000,10,1,11,1,713,713,2,92917,92.917,0.092917,991,e943da3304195afc6b4d02eabebbe2a2229d8345542e8d9a87545d0b466a2fa6,,True,True,True,True,True,True,,1,1,860,430,425484
authenticated_hash_chain,1000,10,1,11,991,515279,515279,991,9713958,9713.958,9.713958,991,,e24052dfef25939dfc50587eccfa7a39165464970bd930446346d08d1d8290d8,True,True,True,True,True,True,,991,991,515800,515279,0
gmcp_r,1000,10,5,11,5,2433,2433,6,191208,191.208,0.191208,995,88e1473434cde9ef149b1a33728fee1d265341c722c21623ea1acc9e8fbeb376,,True,True,True,True,True,True,,5,5,2580,2150,425484
authenticated_hash_chain,1000,10,5,11,995,517362,517362,995,10234917,10234.917,10.234917,995,,a790b56b60a3543932fc8a85338b5e95d132ca95153f3575b5849943089e10c7,True,True,True,True,True,True,,995,995,517882,517362,0
gmcp_r,1000,10,9,11,9,4153,4153,10,151583,151.583,0.151583,999,4d19b9621a9b555fc7ae454a5dcaeae971dd11f3d87de4f8303bcc289f1cd07a,,True,True,True,True,True,True,,9,9,4302,3870,425484
authenticated_hash_chain,1000,10,9,11,999,519444,519444,999,10395708,10395.708,10.395708,999,,1478c0ef5ffd6709d7f9bbb4be6159f67e7c55c3c40b28a50f383b8f57147b95,True,True,True,True,True,True,,999,999,519966,519444,0
gmcp_r,1000,10,1,12,1,714,714,2,121792,121.792,0.121792,991,b85b2b757d91c36f692bd841f8eb796aa1e6a7488b0770390dfd82125645c20b,,True,True,True,True,True,True,,1,1,860,430,425484
authenticated_hash_chain,1000,10,1,12,991,515248,515248,991,10180042,10180.042,10.180042,991,,044042ce1b4443dc870655e5903b7ea14215df4b96472f96eca3655caa53471b,True,True,True,True,True,True,,991,991,515767,515248,0
gmcp_r,1000,10,5,12,5,2434,2434,6,123125,123.125,0.123125,995,4c09aafd1f355af7f894f98e2e5249eb17977b185be6be509a523aa03a31df01,,True,True,True,True,True,True,,5,5,2580,2150,425484
authenticated_hash_chain,1000,10,5,12,995,517327,517327,995,10032292,10032.292,10.032292,995,,011b19a97a8ffafa90fdd7ca09b0e987614aba2817e9fee85a9a3f3745d1d805,True,True,True,True,True,True,,995,995,517847,517327,0
gmcp_r,1000,10,9,12,9,4154,4154,10,162791,162.791,0.162791,999,c40b6a33d8ef975068984d1690befaf02bcf165d225eb1fe25122ab296086804,,True,True,True,True,True,True,,9,9,4302,3870,425484
authenticated_hash_chain,1000,10,9,12,999,519406,519406,999,10134625,10134.625,10.134625,999,,01bf54d3677d72121d70cf16285e0da9a0e686e4a3f4a9a2f871b91d6c89b67b,True,True,True,True,True,True,,999,999,519928,519406,0
gmcp_r,1000,10,1,13,1,713,713,2,91292,91.292,0.091292,991,53ee0e4198e58ef23c5fd62df688c7bb8663122aac2edda61e2cb71485899fed,,True,True,True,True,True,True,,1,1,860,430,425484
authenticated_hash_chain,1000,10,1,13,991,515265,515265,991,10057167,10057.167,10.057167,991,,21928776c290d54248013c8d43adf0c43f9a3077ad1b9d3226beab790a604568,True,True,True,True,True,True,,991,991,515785,515265,0
gmcp_r,1000,10,5,13,5,2433,2433,6,116083,116.083,0.116083,995,4120384603ad9d97f5ced1063b9b857763e19c4165678a57050cce2567562279,,True,True,True,True,True,True,,5,5,2580,2150,425484
authenticated_hash_chain,1000,10,5,13,995,517347,517347,995,9951125,9951.125,9.951125,995,,59c9e89017e91777532f15d147fc155591bb61a252fda8dd5198f8cb17d2cc05,True,True,True,True,True,True,,995,995,517867,517347,0
gmcp_r,1000,10,9,13,9,4153,4153,10,151500,151.5,0.1515,999,fadc67e3121bd7a81aad09120518e568c92a0718935ea81e683ff57116334d48,,True,True,True,True,True,True,,9,9,4302,3870,425484
authenticated_hash_chain,1000,10,9,13,999,519426,519426,999,9986667,9986.667,9.986667,999,,3c405d689b3bdfa303454638dd8db7c8f283142b4fd15dd4be3243e5278cf937,True,True,True,True,True,True,,999,999,519949,519426,0
gmcp_r,1000,10,1,14,1,713,713,2,93292,93.292,0.093292,991,5ccc64f817742319fe0bc2afb5c12ec33ed0452a8d5353fdc47aa282ec54d635,,True,True,True,True,True,True,,1,1,860,430,425484
authenticated_hash_chain,1000,10,1,14,991,515266,515266,991,9940542,9940.542,9.940542,991,,6af8bd759f41795fb3f5cc839a38a3ddbd178ac8051ec4e91d98fde1fcfb22db,True,True,True,True,True,True,,991,991,515787,515266,0
gmcp_r,1000,10,5,14,5,2433,2433,6,109959,109.959,0.109959,995,f715301043146b12804f22ef0df1e45f959a291e781d343fed6facd204b8b0d9,,True,True,True,True,True,True,,5,5,2580,2150,425484
authenticated_hash_chain,1000,10,5,14,995,517347,517347,995,9974917,9974.917,9.974917,995,,ea5995542bd84b25cfb79ed6e2fa6004c701b4c22c85e52163b2bf8bb7ee5ec7,True,True,True,True,True,True,,995,995,517867,517347,0
gmcp_r,1000,10,9,14,9,4153,4153,10,142667,142.667,0.142667,999,c78d0461a11f8deab5fb89a1f9281093a9a2d73d975a9c4ed3e73b2382c1631f,,True,True,True,True,True,True,,9,9,4302,3870,425484
authenticated_hash_chain,1000,10,9,14,999,519427,519427,999,10186667,10186.667,10.186667,999,,32286a83ddc878ef641e6fdec11ba17fc4ec6a8718b484d24ce6499d26501117,True,True,True,True,True,True,,999,999,519950,519427,0
gmcp_r,1000,10,1,15,1,713,713,2,100041,100.041,0.100041,991,b52b57a1b8f54eea2da0328b386cd6b9159ab374f7f22c4c1a52239559c35aa3,,True,True,True,True,True,True,,1,1,860,430,425484
authenticated_hash_chain,1000,10,1,15,991,515304,515304,991,10319084,10319.084,10.319084,991,,ab5e80c246d7a97b06e7e8d6f59008b76fa65753c405bb483a27be496f164a01,True,True,True,True,True,True,,991,991,515824,515304,0
gmcp_r,1000,10,5,15,5,2433,2433,6,110333,110.333,0.110333,995,e1d2e85c2ab5857e0b8b17fbf2e061592a0a208f14728bdf90656cb6c63cbef4,,True,True,True,True,True,True,,5,5,2580,2150,425484
authenticated_hash_chain,1000,10,5,15,995,517384,517384,995,10001375,10001.375,10.001375,995,,f7533afb1940b42f9a491e32f6b56488aca946c381def38e66d97f6385d40b47,True,True,True,True,True,True,,995,995,517904,517384,0
gmcp_r,1000,10,9,15,9,4153,4153,10,148583,148.583,0.148583,999,726b8026d706e6ad5faa6c4d3be2d6cbfbe326c271b9061fa5ab46928098b738,,True,True,True,True,True,True,,9,9,4302,3870,425484
authenticated_hash_chain,1000,10,9,15,999,519464,519464,999,10158083,10158.083,10.158083,999,,56cf68ce38c5e7634dac9b7548c195a88a0cb8580a83149400d8bd410c48fb5e,True,True,True,True,True,True,,999,999,519987,519464,0
gmcp_r,1000,10,1,16,1,713,713,2,115042,115.042,0.115042,991,eea57da4c2770ff4ba31c3ade4a68fd81da35e2d14252834032506698edc2bbf,,True,True,True,True,True,True,,1,1,860,430,425484
authenticated_hash_chain,1000,10,1,16,991,515301,515301,991,9966667,9966.667,9.966667,991,,f8d777cc9ead974211249001c9a3cff8e48d088ee6122e130e0dec2d0d78dedd,True,True,True,True,True,True,,991,991,515821,515301,0
gmcp_r,1000,10,5,16,5,2433,2433,6,108834,108.834,0.108834,995,de3646cc2d68e077a2259e12b778f2174f15ef28ca5af48c9262599d8492b04a,,True,True,True,True,True,True,,5,5,2580,2150,425484
authenticated_hash_chain,1000,10,5,16,995,517383,517383,995,10651666,10651.666,10.651666,995,,2b89508ca3920b007ed0e552218fac167bf69dbcfe3c3a102d79b0dd1dd66120,True,True,True,True,True,True,,995,995,517903,517383,0
gmcp_r,1000,10,9,16,9,4153,4153,10,143667,143.667,0.143667,999,1863d157d4bef0d21738d43aa962fcb641c8da247d7416348b63698066436ef5,,True,True,True,True,True,True,,9,9,4302,3870,425484
authenticated_hash_chain,1000,10,9,16,999,519465,519465,999,9791542,9791.542,9.791542,999,,b7c81d52c351bc027fb8cd755d0e75c55b8188ba45983e7d77907e7a9b69eea2,True,True,True,True,True,True,,999,999,519988,519465,0
gmcp_r,1000,10,1,17,1,714,714,2,100166,100.166,0.100166,991,d8639304a6c5ae5aba955410eb6cbff6f878c450ca433de30ed441f4414e30bf,,True,True,True,True,True,True,,1,1,860,430,425484
authenticated_hash_chain,1000,10,1,17,991,515313,515313,991,9815292,9815.292,9.815292,991,,52829a590c24fbe9cf219d0cf679a82902963dfb8e985a73fe93c9a640e34ccb,True,True,True,True,True,True,,991,991,515833,515313,0
gmcp_r,1000,10,5,17,5,2434,2434,6,136375,136.375,0.136375,995,34b640a81264ea641d075317b88d8b835908463f9f2686029a6c57fa839cf5e4,,True,True,True,True,True,True,,5,5,2580,2150,425484
authenticated_hash_chain,1000,10,5,17,995,517392,517392,995,10294625,10294.625,10.294625,995,,c0a988cab2bc198a44937211f54c69449bb58e99b1c4dbbe2068f6194bddda40,True,True,True,True,True,True,,995,995,517912,517392,0
gmcp_r,1000,10,9,17,9,4154,4154,10,156583,156.583,0.156583,999,c39d23cbbe0367e04c72d39bcb2c1145b3471ea0d2eed2070f3d1d9431817b81,,True,True,True,True,True,True,,9,9,4302,3870,425484
authenticated_hash_chain,1000,10,9,17,999,519471,519471,999,10005000,10005.0,10.005,999,,5a87abe6e1c91e4b1509969e8b64da702fa05436ce0de7a98c64aba5962078ce,True,True,True,True,True,True,,999,999,519991,519471,0
gmcp_r,1000,10,1,18,1,713,713,2,87792,87.792,0.087792,991,1a0e8071b23f19d6340a8a1b11e6db5ceefec90a193342e7b84c85fa43727c48,,True,True,True,True,True,True,,1,1,860,430,425484
authenticated_hash_chain,1000,10,1,18,991,515301,515301,991,10352792,10352.792,10.352792,991,,6d1ccd955d6cadbd9a57958d8ce48528552a03d881eb3d4484672c2248a0b700,True,True,True,True,True,True,,991,991,515821,515301,0
gmcp_r,1000,10,5,18,5,2433,2433,6,131167,131.167,0.131167,995,e3fc84b600d447810668f14d1186d5742cd41f924f4c639830458766c273b86f,,True,True,True,True,True,True,,5,5,2580,2150,425484
authenticated_hash_chain,1000,10,5,18,995,517381,517381,995,10183708,10183.708,10.183708,995,,5abcc1f8893062a53836ac202a58d7473fece4a0f37c69da6b20f11183f4edb0,True,True,True,True,True,True,,995,995,517901,517381,0
gmcp_r,1000,10,9,18,9,4153,4153,10,149625,149.625,0.149625,999,7adf15e0915cf6201dee2dfc03cef8f99a1c74d68dece2ebee9e3a8c9cd11ec0,,True,True,True,True,True,True,,9,9,4302,3870,425484
authenticated_hash_chain,1000,10,9,18,999,519460,519460,999,10075917,10075.917,10.075917,999,,64e10a75ce36dc3919f2baf997879edb4c42f2349012904f2e7f25d8340259e3,True,True,True,True,True,True,,999,999,519982,519460,0
gmcp_r,1000,10,1,19,1,714,714,2,126042,126.042,0.126042,991,0b5d2b912cbdc73992b5f5a3a75f244bb0ea84b7a219ea5162fa42373810e864,,True,True,True,True,True,True,,1,1,860,430,425484
authenticated_hash_chain,1000,10,1,19,991,515294,515294,991,10136625,10136.625,10.136625,991,,f3411b5e37022f4e0d7893376ef91ac8126e1d057a766954e1845f205364bd1c,True,True,True,True,True,True,,991,991,515814,515294,0
gmcp_r,1000,10,5,19,5,2434,2434,6,138334,138.334,0.138334,995,93623987fe196187e5a2fbf744c84666d96ec79ca4e1671efe4c7852a2f95608,,True,True,True,True,True,True,,5,5,2580,2150,425484
authenticated_hash_chain,1000,10,5,19,995,517373,517373,995,9972833,9972.833,9.972833,995,,e17d7548d2df0e789713fc6ac21e03e1d0d2c6f5228c103c1a57ebcafaaa2acd,True,True,True,True,True,True,,995,995,517894,517373,0
gmcp_r,1000,10,9,19,9,4154,4154,10,156000,156.0,0.156,999,5074aa847498dcacd776fe036e76d7df0bddd4a29507d4292d9871a5fd90587f,,True,True,True,True,True,True,,9,9,4302,3870,425484
authenticated_hash_chain,1000,10,9,19,999,519454,519454,999,10012792,10012.792,10.012792,999,,546cb77b8c839b3402853b269a55096ecaf07d31bed48c9338dc6825b85ccf00,True,True,True,True,True,True,,999,999,519975,519454,0
gmcp_r,1000,10,1,20,1,714,714,2,95208,95.208,0.095208,991,a1ace4a83b45d95bb71733a24004d11a54b0a53f02e59b7e6ca8774324aecb38,,True,True,True,True,True,True,,1,1,860,430,425484
authenticated_hash_chain,1000,10,1,20,991,515289,515289,991,10119333,10119.333,10.119333,991,,82253e8122aed5d42576e1f881c6d4916737499c89adff7425f0e823a8a4ac31,True,True,True,True,True,True,,991,991,515809,515289,0
gmcp_r,1000,10,5,20,5,2434,2434,6,114084,114.084,0.114084,995,3d10bf2ee560c74042ca92c6612433924ed5c9d4ca00c5a69083d6266906e41b,,True,True,True,True,True,True,,5,5,2580,2150,425484
authenticated_hash_chain,1000,10,5,20,995,517369,517369,995,9801708,9801.708,9.801708,995,,3b2bf6511ef4b7b7787c5c8b4f866a6833abd5025d055878a2408caa4820205d,True,True,True,True,True,True,,995,995,517889,517369,0
gmcp_r,1000,10,9,20,9,4154,4154,10,157083,157.083,0.157083,999,e6f2e98175e8b1d35a4f5ec28ac7d133e3439a5bfcc0a1e1fd442f52e0334eed,,True,True,True,True,True,True,,9,9,4302,3870,425484
authenticated_hash_chain,1000,10,9,20,999,519449,519449,999,9968042,9968.042,9.968042,999,,7c566cd8a6aff00bc3d89187031a3fce678727e80a7b40426a2e2da54082a7cd,True,True,True,True,True,True,,999,999,519971,519449,0
gmcp_r,1000,10,1,21,1,713,713,2,93833,93.833,0.093833,991,5cd3d5a9cf4dfdd8add32dc075e4ea8f7e189dcfe2977293fabeadb4c103dfeb,,True,True,True,True,True,True,,1,1,860,430,425484
authenticated_hash_chain,1000,10,1,21,991,515267,515267,991,10037084,10037.084,10.037084,991,,94a6756033064aa9bb357abafc7293114398f8adb83cbddee5262898daeb6ae1,True,True,True,True,True,True,,991,991,515787,515267,0
gmcp_r,1000,10,5,21,5,2433,2433,6,116958,116.958,0.116958,995,1a4c5ac573f0e91a74d59657bb299e009e32c674f52495cae5670836e74b0f4a,,True,True,True,True,True,True,,5,5,2580,2150,425484
authenticated_hash_chain,1000,10,5,21,995,517347,517347,995,10349792,10349.792,10.349792,995,,7b70ef07c5c0772f7174dcb63ff1e77013599c31199287c537aabbb5cee4097b,True,True,True,True,True,True,,995,995,517867,517347,0
gmcp_r,1000,10,9,21,9,4153,4153,10,156042,156.042,0.156042,999,125b2432335b9eea0aa480320bdc431057d801e7e9b8dbd33decf11450c40510,,True,True,True,True,True,True,,9,9,4302,3870,425484
authenticated_hash_chain,1000,10,9,21,999,519427,519427,999,10408584,10408.584,10.408584,999,,691b46d77394818b9ad7a6378582077a9da45a5fb29af0e4f069739418c92bc0,True,True,True,True,True,True,,999,999,519950,519427,0
gmcp_r,1000,10,1,22,1,711,711,2,84208,84.208,0.084208,991,d7ed5b293443f25bf5f735e43cb0669ad6bb92ed9bb6c3effa2fdb68ba0cf6cf,,True,True,True,True,True,True,,1,1,860,430,425484
authenticated_hash_chain,1000,10,1,22,991,515299,515299,991,9764917,9764.917,9.764917,991,,93beb6da48b1148aa0631357733df12512ff9c1ac689a9083bc1e8367b4266b0,True,True,True,True,True,True,,991,991,515819,515299,0
gmcp_r,1000,10,5,22,5,2431,2431,6,96875,96.875,0.096875,995,a07bb501886208f99261bcf89a81e5a98c3607a2205777e1ebd4772603b544f2,,True,True,True,True,True,True,,5,5,2580,2150,425484
authenticated_hash_chain,1000,10,5,22,995,517379,517379,995,9612833,9612.833,9.612833,995,,b969c8eec6689786317ec3f2ec4132f76ff5ce5db584771b17cc945038c74c25,True,True,True,True,True,True,,995,995,517899,517379,0
gmcp_r,1000,10,9,22,9,4151,4151,10,126292,126.292,0.126292,999,bc51985a1f92c70701e997b41da53ae4656d4238e2b9bc53f9a1d7da95a54cd7,,True,True,True,True,True,True,,9,9,4302,3870,425484
authenticated_hash_chain,1000,10,9,22,999,519462,519462,999,9887291,9887.291,9.887291,999,,1254463a1ee814626cea2d26e6c077608a86854d673a9ef6be498f25d6ad1fbe,True,True,True,True,True,True,,999,999,519983,519462,0
gmcp_r,1000,10,1,23,1,713,713,2,120416,120.416,0.120416,991,fb802bb2ef01e436276dad293cd3f6e39e717e22591a22f85492ae4378583c5a,,True,True,True,True,True,True,,1,1,860,430,425484
authenticated_hash_chain,1000,10,1,23,991,515261,515261,991,9817459,9817.459,9.817459,991,,ca0db5063bcd128e49c5cff9ee9b8b45d652d5ad372bf29e98995d753d85ee0b,True,True,True,True,True,True,,991,991,515782,515261,0
gmcp_r,1000,10,5,23,5,2433,2433,6,135167,135.167,0.135167,995,c63df4cd7d2dbb78127ae33d169f62dbb1f959a3383e42bd9747a8796b604677,,True,True,True,True,True,True,,5,5,2580,2150,425484
authenticated_hash_chain,1000,10,5,23,995,517341,517341,995,10070000,10070.0,10.07,995,,61174e684a806cc58d8a2b2f7ee3c235f4a3c64e4b4a04817a6bdcc84417a294,True,True,True,True,True,True,,995,995,517862,517341,0
gmcp_r,1000,10,9,23,9,4153,4153,10,155042,155.042,0.155042,999,0999b6c9f1263892dac10b32b821da4edac1b5a7041121aec4d616dd7a3aa4fe,,True,True,True,True,True,True,,9,9,4302,3870,425484
authenticated_hash_chain,1000,10,9,23,999,519422,519422,999,9965541,9965.541,9.965541,999,,e4ca395969dce370e1df1c4946d0a47fd78ed8bb18596834b8813ae6c598c0a1,True,True,True,True,True,True,,999,999,519945,519422,0
gmcp_r,1000,10,1,24,1,714,714,2,223083,223.083,0.223083,991,2542c68dc9d4b21afbc1d6286f00cdb614453d2d5e9a140d36a1a0ed308120d0,,True,True,True,True,True,True,,1,1,860,430,425484
authenticated_hash_chain,1000,10,1,24,991,515277,515277,991,10876709,10876.709,10.876709,991,,c12efa5313df0a833307cf9ef8f85198e8136832d86d00ccfe493a407665282e,True,True,True,True,True,True,,991,991,515797,515277,0
gmcp_r,1000,10,5,24,5,2434,2434,6,121042,121.042,0.121042,995,554514d6dab8f555f5236249bc08871ed6da34b2fdb105a60cad2a93d08b6029,,True,True,True,True,True,True,,5,5,2580,2150,425484
authenticated_hash_chain,1000,10,5,24,995,517359,517359,995,10238417,10238.417,10.238417,995,,54d93e07253f905053820cd0f424c148834a608866d87c52b2a5352ccd2e65b0,True,True,True,True,True,True,,995,995,517878,517359,0
gmcp_r,1000,10,9,24,9,4154,4154,10,166875,166.875,0.166875,999,99c5fb26b7ea50c2e5862c73b2a7d6f7556af36274a807ec22f751e9fb3b0d70,,True,True,True,True,True,True,,9,9,4302,3870,425484
authenticated_hash_chain,1000,10,9,24,999,519441,519441,999,10067291,10067.291,10.067291,999,,1bb853f845cdef9060a9ff2a1589e65949f4bbc344b97f3dcc6b474469435102,True,True,True,True,True,True,,999,999,519963,519441,0
gmcp_r,1000,10,1,25,1,712,712,2,88792,88.792,0.088792,991,5a3ddcd238abb6aee72cebdd1395796c9fc027940559932d8d90e9b7389b95b4,,True,True,True,True,True,True,,1,1,860,430,425484
authenticated_hash_chain,1000,10,1,25,991,515253,515253,991,10006917,10006.917,10.006917,991,,1bdc415b8e8517660d8b9caed481231643e2f406b9ee02099115377acbd2c2d4,True,True,True,True,True,True,,991,991,515774,515253,0
gmcp_r,1000,10,5,25,5,2432,2432,6,126833,126.833,0.126833,995,71e46deee059b5f8258cc63140791fedc7a04a73069d312678adac56b3a90c55,,True,True,True,True,True,True,,5,5,2580,2150,425484
authenticated_hash_chain,1000,10,5,25,995,517334,517334,995,10500333,10500.333,10.500333,995,,3867b51780970e00134e68614ead16817a5b35e4654ba0f0be36246d07a61542,True,True,True,True,True,True,,995,995,517854,517334,0
gmcp_r,1000,10,9,25,9,4152,4152,10,165708,165.708,0.165708,999,c9f64b47be84511031ce3a76ebf21ada62fcf9b80c2f2e6005cf8ccf5d14c4ea,,True,True,True,True,True,True,,9,9,4302,3870,425484
authenticated_hash_chain,1000,10,9,25,999,519413,519413,999,11441750,11441.75,11.44175,999,,da0a4903ec67bb13df11e2faca8d0f76709ae9dcb974f9820c9d560573307b82,True,True,True,True,True,True,,999,999,519936,519413,0
gmcp_r,1000,10,1,26,1,713,713,2,106458,106.458,0.106458,991,6e6c75c479ab572dd2b025836314a2b088ec348688eaca4647ef2aa52fd0e07d,,True,True,True,True,True,True,,1,1,860,430,425484
authenticated_hash_chain,1000,10,1,26,991,515309,515309,991,13945625,13945.625,13.945625,991,,980f80af25c1c14e3d9efaf86ad62cc349f137783e422f421872f8ce2e53f287,True,True,True,True,True,True,,991,991,515829,515309,0
gmcp_r,1000,10,5,26,5,2433,2433,6,211375,211.375,0.211375,995,6c791553a463cc3aca1f08a7bf39bf9d15462a786a0988539546b20954f0766f,,True,True,True,True,True,True,,5,5,2580,2150,425484
authenticated_hash_chain,1000,10,5,26,995,517389,517389,995,10469916,10469.916,10.469916,995,,85f3405521b2bafab425c4c65a1d8d7a11156019a77f4e680771bcdf06808374,True,True,True,True,True,True,,995,995,517910,517389,0
gmcp_r,1000,10,9,26,9,4153,4153,10,165750,165.75,0.16575,999,2f2ade614b0691b2424c20df66dd01a867981fef8d4c6fb5d26956c31d8e6f27,,True,True,True,True,True,True,,9,9,4302,3870,425484
authenticated_hash_chain,1000,10,9,26,999,519469,519469,999,10816375,10816.375,10.816375,999,,53753d8b72a5ad0594ecae1465e7fcf294dec9448b01f6034bffa6c8492ea3c9,True,True,True,True,True,True,,999,999,519991,519469,0
gmcp_r,1000,10,1,27,1,712,712,2,95625,95.625,0.095625,991,5b0c6127ed80a7a870e631645192c899b42c726f1adfdd2f9113dd69de7b70e3,,True,True,True,True,True,True,,1,1,860,430,425484
authenticated_hash_chain,1000,10,1,27,991,515264,515264,991,10175834,10175.834,10.175834,991,,414eff8827e3000b3a9b734619ce8221816f7dc3d4b94b8e9167dbd8c7c53491,True,True,True,True,True,True,,991,991,515784,515264,0
gmcp_r,1000,10,5,27,5,2432,2432,6,115875,115.875,0.115875,995,878ef5c53442300697c282636b0e3cb2c8c2adcfeace4a1e020b8aabb8fc2b65,,True,True,True,True,True,True,,5,5,2580,2150,425484
authenticated_hash_chain,1000,10,5,27,995,517345,517345,995,10309208,10309.208,10.309208,995,,b6c1fea6b84fa63d06ed28810ab0e9c74407d8bc11f2c3aa318ecf00733a372e,True,True,True,True,True,True,,995,995,517865,517345,0
gmcp_r,1000,10,9,27,9,4152,4152,10,158417,158.417,0.158417,999,c6a092fd04034b4585b4cba52b708590f94411bba57ba5243ab40d4e88d55827,,True,True,True,True,True,True,,9,9,4302,3870,425484
authenticated_hash_chain,1000,10,9,27,999,519424,519424,999,10702750,10702.75,10.70275,999,,d4c2910a229330325e33e3885985bd9819d5c52933c3e39be4e75976e3265ec6,True,True,True,True,True,True,,999,999,519945,519424,0
gmcp_r,1000,10,1,28,1,713,713,2,103125,103.125,0.103125,991,68c7d679a08dc474d0bfacf738fbe552cfc769855b8fddf62d1daf33c38d696b,,True,True,True,True,True,True,,1,1,860,430,425484
authenticated_hash_chain,1000,10,1,28,991,515305,515305,991,10026584,10026.584,10.026584,991,,d399e48b2f8627ea4c9599e4f9dd53ead0b495efd11573a2ea7db23a3b7915b9,True,True,True,True,True,True,,991,991,515826,515305,0
gmcp_r,1000,10,5,28,5,2433,2433,6,118083,118.083,0.118083,995,c829fa6eb1373eb905ccd56655fa1a451261c07efc2ceb19c112208e783340f2,,True,True,True,True,True,True,,5,5,2580,2150,425484
authenticated_hash_chain,1000,10,5,28,995,517387,517387,995,9689125,9689.125,9.689125,995,,31965af8e1671255eee05e333065a935005aea7f55e7be4c1c08a836b8477257,True,True,True,True,True,True,,995,995,517907,517387,0
gmcp_r,1000,10,9,28,9,4153,4153,10,147041,147.041,0.147041,999,df7f52bb4a0b3763e87b189d75aeeaf9d7869a62073b72ac576a713859013e50,,True,True,True,True,True,True,,9,9,4302,3870,425484
authenticated_hash_chain,1000,10,9,28,999,519468,519468,999,9733667,9733.667,9.733667,999,,1566d73d0f37c7f69c4ec5f2eb184b318fce9669efad15c97bc3c7dc096d7ce5,True,True,True,True,True,True,,999,999,519990,519468,0
gmcp_r,1000,10,1,29,1,714,714,2,87875,87.875,0.087875,991,cf2df7cd46800d99f33622c11d19a9bda9abe3b72894f1b82c74ea6951e6cb52,,True,True,True,True,True,True,,1,1,860,430,425484
authenticated_hash_chain,1000,10,1,29,991,515292,515292,991,10003042,10003.042,10.003042,991,,b4e13ce10d681d37680033a0edf07e58fff9407f2ba4afb80d211e5fa5f2e565,True,True,True,True,True,True,,991,991,515812,515292,0
gmcp_r,1000,10,5,29,5,2434,2434,6,115959,115.959,0.115959,995,c53fa139af0cb28e61c3961fe6eb8ad1083431c8b422c7b5556c472210d31018,,True,True,True,True,True,True,,5,5,2580,2150,425484
authenticated_hash_chain,1000,10,5,29,995,517373,517373,995,10102166,10102.166,10.102166,995,,8d2d62d02a879f8cb8f451d813f6b7aefd3847cd451e83b2e818cfe758fda935,True,True,True,True,True,True,,995,995,517893,517373,0
gmcp_r,1000,10,9,29,9,4154,4154,10,239625,239.625,0.239625,999,17f35166328c2805e3019bab40ef8f869e9dc93bc8815b761fb7a3b6009d30f8,,True,True,True,True,True,True,,9,9,4302,3870,425484
authenticated_hash_chain,1000,10,9,29,999,519453,519453,999,9873334,9873.334,9.873334,999,,7c0867da3786b0c1425b5fb8f1b1e0783760de5f81adc58c6d7da26998fa8c81,True,True,True,True,True,True,,999,999,519975,519453,0
gmcp_r,1000,10,1,30,1,713,713,2,95333,95.333,0.095333,991,b679c388899cdf44c3b138f0f6cf3ee2710a3844e2ee8b95d15698379e6b0676,,True,True,True,True,True,True,,1,1,860,430,425484
authenticated_hash_chain,1000,10,1,30,991,515281,515281,991,10033500,10033.5,10.0335,991,,7f2bd4ecb5992984b4dad78dfdca27a12d5b429a95ce42a10d0d38eb0756335e,True,True,True,True,True,True,,991,991,515801,515281,0
gmcp_r,1000,10,5,30,5,2433,2433,6,152958,152.958,0.152958,995,898381848955b2fc8f3e16bf9f6c6c38e85b46f59b7086a474776e3e8fb5e6df,,True,True,True,True,True,True,,5,5,2580,2150,425484
authenticated_hash_chain,1000,10,5,30,995,517361,517361,995,10312875,10312.875,10.312875,995,,9b174a6b5b38178413acdbbdcf3c33e849f17dfe3e35b44c6419bc7d5981fa09,True,True,True,True,True,True,,995,995,517881,517361,0
gmcp_r,1000,10,9,30,9,4153,4153,10,160792,160.792,0.160792,999,fcade3c3d70f19c6b7375dbd73a7cd7d6f9ec63fa2837e1457c621981712538b,,True,True,True,True,True,True,,9,9,4302,3870,425484
authenticated_hash_chain,1000,10,9,30,999,519440,519440,999,11144042,11144.042,11.144042,999,,6c97f67251706aaca0fb97c249f3f86596ce94ef556559f41338337d6a16365b,True,True,True,True,True,True,,999,999,519962,519440,0
gmcp_r,1000,50,1,1,1,711,711,2,110042,110.042,0.110042,951,7093380c895777d759f36946b60aa7a0f7a0deed2334dd5b675461c9f5063ad2,,True,True,True,True,True,True,,1,1,856,428,406384
authenticated_hash_chain,1000,50,1,1,951,492568,492568,951,9624375,9624.375,9.624375,951,,35e739e4c3905a3f7faf5544ea5fcfbb928170a515ca4de76a259c0b41714d09,True,True,True,True,True,True,,951,951,493087,492568,0
gmcp_r,1000,50,25,1,25,10983,10983,26,351417,351.417,0.351417,975,b1e0dee61079fbc51ed02541ce7a1ae038292179814159a930678fd7b33aebc0,,True,True,True,True,True,True,,25,25,11128,10700,406384
authenticated_hash_chain,1000,50,25,1,975,505004,505004,975,9924500,9924.5,9.9245,975,,1b704e67b465e246ed2041a202d95893bc1eaaffa15c7ca86e4d5eba65482f17,True,True,True,True,True,True,,975,975,505522,505004,0
gmcp_r,1000,50,49,1,49,21255,21255,50,543500,543.5,0.5435,999,5bdd03ce5c16c92c39f0e189c564cd4bf8271419475ccc359836c71ee0653533,,True,True,True,True,True,True,,49,49,21402,20972,406384
authenticated_hash_chain,1000,50,49,1,999,517439,517439,999,10068083,10068.083,10.068083,999,,753657fbe7a8b738ec1ff822b1e3dba3ea082d38859d2c3d9d897cf62dccf6e7,True,True,True,True,True,True,,999,999,517960,517439,0
gmcp_r,1000,50,1,2,1,710,710,2,96458,96.458,0.096458,951,073258a208fa5bc952a6a99eddc419e99ad1cbbe194e698a7b4d7b92ff2dc68b,,True,True,True,True,True,True,,1,1,856,428,406384
authenticated_hash_chain,1000,50,1,2,951,492614,492614,951,9871375,9871.375,9.871375,951,,0a7b401106a56d7747d1fcddfbb674820112bfab48dac8b672b424d02b3f1caa,True,True,True,True,True,True,,951,951,493132,492614,0
gmcp_r,1000,50,25,2,25,10982,10982,26,322667,322.667,0.322667,975,4ffb57eb70434c41d44415688a9347612fa3449928227a07cd7349b867b9d040,,True,True,True,True,True,True,,25,25,11128,10700,406384
authenticated_hash_chain,1000,50,25,2,975,505052,505052,975,9816834,9816.834,9.816834,975,,e091c5f4e6b592d968fae6bbc61b950f75a420463299cf56ede9d73c56d1c738,True,True,True,True,True,True,,975,975,505570,505052,0
gmcp_r,1000,50,49,2,49,21254,21254,50,511250,511.25,0.51125,999,e9c970e0f322c3c0d276c368432a28db292920c14d407a02e15db2f044fac45d,,True,True,True,True,True,True,,49,49,21402,20972,406384
authenticated_hash_chain,1000,50,49,2,999,517493,517493,999,10220083,10220.083,10.220083,999,,5a395c258d16f76b7d3c18f5382a38eaa62f67c978198965dd1af811a0d784e3,True,True,True,True,True,True,,999,999,518013,517493,0
gmcp_r,1000,50,1,3,1,710,710,2,105875,105.875,0.105875,951,3114294ec8903e04cd7712b604b41037dd622c1400dcebf4820606ecbf5a1c84,,True,True,True,True,True,True,,1,1,856,428,406384
authenticated_hash_chain,1000,50,1,3,951,492572,492572,951,9942583,9942.583,9.942583,951,,03713f687004de0b095ca625e8260e8e5551cb5af4d682554f8f5b434c6856f8,True,True,True,True,True,True,,951,951,493090,492572,0
gmcp_r,1000,50,25,3,25,10982,10982,26,293291,293.291,0.293291,975,339cafcab45485f8672b98d438e9ccfa19997dbf1cbd2f242cdebd67aae36547,,True,True,True,True,True,True,,25,25,11128,10700,406384
authenticated_hash_chain,1000,50,25,3,975,505013,505013,975,9778458,9778.458,9.778458,975,,6759ed29e883ea606422ed516dd37e5a7d9b4adf513a1955c074ec68833eb928,True,True,True,True,True,True,,975,975,505531,505013,0
gmcp_r,1000,50,49,3,49,21254,21254,50,515625,515.625,0.515625,999,693374068ab20115cb972e26be9baea7a2f9df48fe31d1a87151464f0056c27a,,True,True,True,True,True,True,,49,49,21402,20972,406384
authenticated_hash_chain,1000,50,49,3,999,517451,517451,999,10324917,10324.917,10.324917,999,,6968e7688ad4715267a86e90347400ff5667b6dc88f24938e7fc5ffbe1b239af,True,True,True,True,True,True,,999,999,517972,517451,0
gmcp_r,1000,50,1,4,1,711,711,2,130708,130.708,0.130708,951,ad05bb7513a90ca432c56f011321d773d9563c3d043140a0ca55e1eba4be3d1a,,True,True,True,True,True,True,,1,1,856,428,406384
authenticated_hash_chain,1000,50,1,4,951,492566,492566,951,9936334,9936.334,9.936334,951,,eda69c235c4272bf8eb91dcd0b91a99c2f9fd8ede98758989705000268318be3,True,True,True,True,True,True,,951,951,493085,492566,0
gmcp_r,1000,50,25,4,25,10983,10983,26,327625,327.625,0.327625,975,94ebd6f2149946bb5215e3d307876ccd6be7def7766e79eda565b3b54bcbf72f,,True,True,True,True,True,True,,25,25,11128,10700,406384
authenticated_hash_chain,1000,50,25,4,975,505002,505002,975,10136042,10136.042,10.136042,975,,3b70d2d44e516b8050fb96dcdea3bf5d0be648d7ac91218322b0ff4fb7b0b3eb,True,True,True,True,True,True,,975,975,505521,505002,0
gmcp_r,1000,50,49,4,49,21255,21255,50,476417,476.417,0.476417,999,4a44c225097e940b6a32eaee7a9d94aa44d437d00c6e254847fb2329d62387d4,,True,True,True,True,True,True,,49,49,21402,20972,406384
authenticated_hash_chain,1000,50,49,4,999,517441,517441,999,10164500,10164.5,10.1645,999,,b39c329ae426d0da38d5f6417f5b1c8b9538cb4a1a7f3f05a2a682e0e6ec857e,True,True,True,True,True,True,,999,999,517962,517441,0
gmcp_r,1000,50,1,5,1,709,709,2,96583,96.583,0.096583,951,4b3ca4b513cc9f9ce30a754354be0e9a081bc5dca367cce33619b4c2f4e6d181,,True,True,True,True,True,True,,1,1,856,428,406384
authenticated_hash_chain,1000,50,1,5,951,492547,492547,951,9628292,9628.292,9.628292,951,,d7b95e6d14f30405c68c6b8f0915fae1348ad0829c533844c8ed76886f874e47,True,True,True,True,True,True,,951,951,493064,492547,0
gmcp_r,1000,50,25,5,25,10981,10981,26,293208,293.208,0.293208,975,009156a431c96519ba40083808319d82b514af1721424decc8a9c9dbbbb7a952,,True,True,True,True,True,True,,25,25,11128,10700,406384
authenticated_hash_chain,1000,50,25,5,975,504986,504986,975,9393833,9393.833,9.393833,975,,31b32c404a13eb132437868a08f941c200fc2b44d260b1dc775369d79789c0ae,True,True,True,True,True,True,,975,975,505505,504986,0
gmcp_r,1000,50,49,5,49,21253,21253,50,464625,464.625,0.464625,999,319e8fedaaecc30247859378acc37d250696dbb6f8e30cfcf5fb70f33f26a9a4,,True,True,True,True,True,True,,49,49,21402,20972,406384
authenticated_hash_chain,1000,50,49,5,999,517426,517426,999,10041375,10041.375,10.041375,999,,b3ca7ddaccb5bd45a665ff77f21c58c5cb715f8da7bd2b66e29cf7c2ffab67d0,True,True,True,True,True,True,,999,999,517947,517426,0
gmcp_r,1000,50,1,6,1,710,710,2,90208,90.208,0.090208,951,6deeb953291a98ddb564f63339090eb3d146b7602919dbcc7f125372288ad9d3,,True,True,True,True,True,True,,1,1,856,428,406384
authenticated_hash_chain,1000,50,1,6,951,492594,492594,951,10148250,10148.25,10.14825,951,,4c3e1d05364ec7481fd8599497bed31f26e5c62d3987da6ab8e5dce8e322c17e,True,True,True,True,True,True,,951,951,493112,492594,0
gmcp_r,1000,50,25,6,25,10982,10982,26,323583,323.583,0.323583,975,8d1a7dae0f76ebb732d3dd87eb0be184acc3e4aa10608352f4e1fa66185d253d,,True,True,True,True,True,True,,25,25,11128,10700,406384
authenticated_hash_chain,1000,50,25,6,975,505029,505029,975,10486542,10486.542,10.486542,975,,53fe1562e3fa118775709fcd45914170da2a7d19444abf6b6096a2d5a146636e,True,True,True,True,True,True,,975,975,505547,505029,0
gmcp_r,1000,50,49,6,49,21254,21254,50,501250,501.25,0.50125,999,edaf90eb30e8c4404314d117762082f78ccfc7f453bf43e17be0447fe7de484b,,True,True,True,True,True,True,,49,49,21402,20972,406384
authenticated_hash_chain,1000,50,49,6,999,517460,517460,999,10108584,10108.584,10.108584,999,,76db42df37ab18df8f8c279a4e90532b0282bcbc1210f3b2572d0cf49a4083b5,True,True,True,True,True,True,,999,999,517980,517460,0
gmcp_r,1000,50,1,7,1,710,710,2,100541,100.541,0.100541,951,022d3a642c05e6a2bf592c79cfcbed9b08993f9af3b7228dd97da7a0aba9f824,,True,True,True,True,True,True,,1,1,856,428,406384
authenticated_hash_chain,1000,50,1,7,951,492599,492599,951,9811458,9811.458,9.811458,951,,fd3d69603194ef37400a80917eeed6c62f14afc5180dd20931726d4062a6869d,True,True,True,True,True,True,,951,951,493118,492599,0
gmcp_r,1000,50,25,7,25,10982,10982,26,291125,291.125,0.291125,975,ab683423ba0718558c06a9e231a9033a5ae8bdf4cd098f971ed87461fcdbee92,,True,True,True,True,True,True,,25,25,11128,10700,406384
authenticated_hash_chain,1000,50,25,7,975,505033,505033,975,10324833,10324.833,10.324833,975,,dfcef4168d6a7ffbf041a6f6ed66a6ad13d6e288de423ac43afe8e6ec2dbe63b,True,True,True,True,True,True,,975,975,505551,505033,0
gmcp_r,1000,50,49,7,49,21254,21254,50,501458,501.458,0.501458,999,6b21632e46920a1f8e7de2cb3802b906b560894563ae8f6052ff71a6b15102ce,,True,True,True,True,True,True,,49,49,21402,20972,406384
authenticated_hash_chain,1000,50,49,7,999,517471,517471,999,10340458,10340.458,10.340458,999,,28a370f651950e83c638a946d2f70d85cf43d26d1723bc035271371f904db3d4,True,True,True,True,True,True,,999,999,517992,517471,0
gmcp_r,1000,50,1,8,1,710,710,2,91042,91.042,0.091042,951,e51238e202cdc1ad5ef1e924462d6b153e2bd60aaac85df9e74335828703a822,,True,True,True,True,True,True,,1,1,856,428,406384
authenticated_hash_chain,1000,50,1,8,951,492563,492563,951,9582166,9582.166,9.582166,951,,ecb8a9088ff168f3798c770c3740aefedc716d2be6045e437161d0e7b616233e,True,True,True,True,True,True,,951,951,493081,492563,0
gmcp_r,1000,50,25,8,25,10982,10982,26,288166,288.166,0.288166,975,b71c964f6505ab16455549e73191a9b1319fb0d434abc4defcadf090bc4b007f,,True,True,True,True,True,True,,25,25,11128,10700,406384
authenticated_hash_chain,1000,50,25,8,975,505000,505000,975,9868208,9868.208,9.868208,975,,d940655d6caa0a7f145dd81b1cba04d1016dac9465a8f8e92fd4d7df65ec4331,True,True,True,True,True,True,,975,975,505518,505000,0
gmcp_r,1000,50,49,8,49,21254,21254,50,483416,483.416,0.483416,999,580f5d7f9911c813ad48faf37c08e2ccb4a81d5d0d33f738b520e163818088ac,,True,True,True,True,True,True,,49,49,21402,20972,406384
authenticated_hash_chain,1000,50,49,8,999,517440,517440,999,10078584,10078.584,10.078584,999,,25694dd2c87567d41cd1eaa9bf68fc54d43992ca108238f7bc17e1d0231d130a,True,True,True,True,True,True,,999,999,517961,517440,0
gmcp_r,1000,50,1,9,1,710,710,2,100458,100.458,0.100458,951,635d43e37a75555d4d233a1eabe7d6f3602205558929e5b746a2046ec1649e2e,,True,True,True,True,True,True,,1,1,856,428,406384
authenticated_hash_chain,1000,50,1,9,951,492584,492584,951,9421875,9421.875,9.421875,951,,62812fbbe8a7cc31679569350f68146d79654e1923d0605f892fea7b3a3f9c79,True,True,True,True,True,True,,951,951,493103,492584,0
gmcp_r,1000,50,25,9,25,10982,10982,26,291375,291.375,0.291375,975,1ac64a9a718c9011649e925d5740c281885b335b50608de12500af414653affe,,True,True,True,True,True,True,,25,25,11128,10700,406384
authenticated_hash_chain,1000,50,25,9,975,505022,505022,975,9694916,9694.916,9.694916,975,,395c4e531432ebdfaf5d28fa7f061f687edaf8a1ff15964043e3e03f1df70ae0,True,True,True,True,True,True,,975,975,505540,505022,0
gmcp_r,1000,50,49,9,49,21254,21254,50,504625,504.625,0.504625,999,b9c75ddf68e65576fe22226d56b50305073cfdce5962e5022b94eb98a1dad07e,,True,True,True,True,True,True,,49,49,21402,20972,406384
authenticated_hash_chain,1000,50,49,9,999,517458,517458,999,10124709,10124.709,10.124709,999,,d86e5752da60448974872f176a0ff30d1ad20c34ecbd2cf3147bac77d6d982ed,True,True,True,True,True,True,,999,999,517979,517458,0
gmcp_r,1000,50,1,10,1,713,713,2,154208,154.208,0.154208,951,5c523452f674bcd4fb5ded45d406cc12eaa1f3cbb2c0feed082c0bea1cf44dfc,,True,True,True,True,True,True,,1,1,860,430,408284
authenticated_hash_chain,1000,50,1,10,951,494469,494469,951,9936333,9936.333,9.936333,951,,ce2ddc4c32b907799fd6886640381f261b4c858c333055926c231e18a92bbc4d,True,True,True,True,True,True,,951,951,494989,494469,0
gmcp_r,1000,50,25,10,25,11033,11033,26,443334,443.334,0.443334,975,e95b803a730566f988bfdea88672f4a3f4209c3285402f105122070daa5bad9d,,True,True,True,True,True,True,,25,25,11180,10750,408284
authenticated_hash_chain,1000,50,25,10,975,506956,506956,975,9988958,9988.958,9.988958,975,,b35dd5da22bd6b369598cdf11516003b9ea04122b2d80cdbcf9ad2aa35d0f238,True,True,True,True,True,True,,975,975,507477,506956,0
gmcp_r,1000,50,49,10,49,21353,21353,50,525334,525.334,0.525334,999,23a69d7696aab1a73faa16551946e8873f1111f444f243f7857718b7e6fe2440,,True,True,True,True,True,True,,49,49,21502,21070,408284
authenticated_hash_chain,1000,50,49,10,999,519442,519442,999,10032667,10032.667,10.032667,999,,333618e1c4a3b710eaff69d25e60610cd1e87c0f1244e994a5ed465da5ef0764,True,True,True,True,True,True,,999,999,519965,519442,0
gmcp_r,1000,50,1,11,1,713,713,2,90667,90.667,0.090667,951,4f50f652ceac062eadac1b75c4cc80dd6fc23953f47ef04ccdc46b1bd90580ea,,True,True,True,True,True,True,,1,1,860,430,408284
authenticated_hash_chain,1000,50,1,11,951,494447,494447,951,9289750,9289.75,9.28975,951,,82abd3186faafc831dae3b735f764c636f18028959ff024955b597f7ecc575e7,True,True,True,True,True,True,,951,951,494967,494447,0
gmcp_r,1000,50,25,11,25,11033,11033,26,285834,285.834,0.285834,975,adbf47ed647c105366ff912a15421005be396da4a2e674379cae26e292b94554,,True,True,True,True,True,True,,25,25,11180,10750,408284
authenticated_hash_chain,1000,50,25,11,975,506935,506935,975,9676000,9676.0,9.676,975,,204a9e1b0e4479aceda1c55ee3d19599aaf2bf503b5014423aff957233f22417,True,True,True,True,True,True,,975,975,507455,506935,0
gmcp_r,1000,50,49,11,49,21353,21353,50,527375,527.375,0.527375,999,d0cca9ad9a213eee8bf8b46e8063045e3080736dd2b12713baea017a9a48a265,,True,True,True,True,True,True,,49,49,21502,21070,408284
authenticated_hash_chain,1000,50,49,11,999,519414,519414,999,9992084,9992.084,9.992084,999,,5a5481b263624fe9df7581c86ad361236531227c7a10d4b4e1dc335fea454ebc,True,True,True,True,True,True,,999,999,519936,519414,0
gmcp_r,1000,50,1,12,1,713,713,2,86625,86.625,0.086625,951,ae3aecf316eb0b408b3685b598bf9434def106d8bfd41db452061c7c9e64d6d2,,True,True,True,True,True,True,,1,1,860,430,408284
authenticated_hash_chain,1000,50,1,12,951,494451,494451,951,9509708,9509.708,9.509708,951,,3ca19a683eef6afc6bc92ac32c01c8e626bbacaab2679140eba5f8f297bd99ef,True,True,True,True,True,True,,951,951,494972,494451,0
gmcp_r,1000,50,25,12,25,11033,11033,26,302125,302.125,0.302125,975,1a65775bb2a9a3f32ac20a9dc077a3b436c3706577eb6d8cbb30b3d6a9aa3977,,True,True,True,True,True,True,,25,25,11180,10750,408284
authenticated_hash_chain,1000,50,25,12,975,506939,506939,975,9712083,9712.083,9.712083,975,,257fbce056ce19ce89584938c6c746449e933b4e59aebe174effe38f52b95b89,True,True,True,True,True,True,,975,975,507459,506939,0
gmcp_r,1000,50,49,12,49,21353,21353,50,501250,501.25,0.50125,999,dbeabeb79367cf1c3aad593da1ab448ad02736229270edb8ab975c4cb95cb911,,True,True,True,True,True,True,,49,49,21502,21070,408284
authenticated_hash_chain,1000,50,49,12,999,519427,519427,999,9949583,9949.583,9.949583,999,,8c3a66de73b555303fbd069602294030ab3e0395985af46ad29a8405b547b180,True,True,True,True,True,True,,999,999,519949,519427,0
gmcp_r,1000,50,1,13,1,713,713,2,100708,100.708,0.100708,951,e06127618230428fd54e2cd55cc5eeaaf2de6e6fd0d51d1dd60a7ec7e66914cf,,True,True,True,True,True,True,,1,1,860,430,408284
authenticated_hash_chain,1000,50,1,13,951,494497,494497,951,9750500,9750.5,9.7505,951,,96e5751c9f98a2c40f9ae85bd8d137c059376f199c1ee3cb24b0737d7bc8ef40,True,True,True,True,True,True,,951,951,495017,494497,0
gmcp_r,1000,50,25,13,25,11033,11033,26,294833,294.833,0.294833,975,a8b5b0b929f6e03002050f0e71b90712074b0b9d1dd3ded89c1e313e10b44619,,True,True,True,True,True,True,,25,25,11180,10750,408284
authenticated_hash_chain,1000,50,25,13,975,506984,506984,975,9546250,9546.25,9.54625,975,,ed0cfc3cbcfc3c1dd8dfe091160dad44409f59776b2edd774da8843988aa8c47,True,True,True,True,True,True,,975,975,507504,506984,0
gmcp_r,1000,50,49,13,49,21353,21353,50,489167,489.167,0.489167,999,77d2e7d82647627d455873cdd5c340cfb4e84645dfb7218e34d221e255111d84,,True,True,True,True,True,True,,49,49,21502,21070,408284
authenticated_hash_chain,1000,50,49,13,999,519464,519464,999,10016417,10016.417,10.016417,999,,00a821641d0a250c468614fc7b4f60c82d5e944cd5924092c704a770b87ac38c,True,True,True,True,True,True,,999,999,519987,519464,0
gmcp_r,1000,50,1,14,1,714,714,2,90875,90.875,0.090875,951,0d628c64e56b686e7f41c3481de25ce99a5f2e76ff169e579ab67d2870e334f3,,True,True,True,True,True,True,,1,1,860,430,408284
authenticated_hash_chain,1000,50,1,14,951,494490,494490,951,9734167,9734.167,9.734167,951,,9b39c9ac817ad8d0d66d7af4592f604f3d44c8cf353feb2641b2b80d524fa83c,True,True,True,True,True,True,,951,951,495010,494490,0
gmcp_r,1000,50,25,14,25,11034,11034,26,300417,300.417,0.300417,975,9f932037ed1be75cc11fb3063f4129c58c8dec7b61885bf78f7835bf4bed7c27,,True,True,True,True,True,True,,25,25,11180,10750,408284
authenticated_hash_chain,1000,50,25,14,975,506976,506976,975,12974834,12974.834,12.974834,975,,655ad5803073ac66b8a0146ae6ae9193bd7cf9ec6b961cadf486bd5afbfce84e,True,True,True,True,True,True,,975,975,507497,506976,0
gmcp_r,1000,50,49,14,49,21354,21354,50,499916,499.916,0.499916,999,422a03431638c54bcde05971a5b09baa5365e498aba8fd5dd50cbb1afa82e15a,,True,True,True,True,True,True,,49,49,21502,21070,408284
authenticated_hash_chain,1000,50,49,14,999,519466,519466,999,11997292,11997.292,11.997292,999,,0ae048b0df82eb45ac627aec622d1cc22866f8fe48661c7b1d296e2d5862be7e,True,True,True,True,True,True,,999,999,519988,519466,0
gmcp_r,1000,50,1,15,1,713,713,2,90291,90.291,0.090291,951,4b022205d80be0a04d1dd482c269aeb2abeaa63e671fe5cabfb74a50e546b133,,True,True,True,True,True,True,,1,1,860,430,408284
authenticated_hash_chain,1000,50,1,15,951,494503,494503,951,10048834,10048.834,10.048834,951,,fcaedef154486c40964dfdae69aaec1316616023502d5ab5a511f0774b53746f,True,True,True,True,True,True,,951,951,495023,494503,0
gmcp_r,1000,50,25,15,25,11033,11033,26,306667,306.667,0.306667,975,f9494175e1972d7c43830b0b8e42683c9f2be76336ff037f827661dfaf704efb,,True,True,True,True,True,True,,25,25,11180,10750,408284
authenticated_hash_chain,1000,50,25,15,975,506979,506979,975,10073708,10073.708,10.073708,975,,0fde98e3696d0b4b302dc7afbc7e21246f71d5bac85138b869861ab5c0b18bff,True,True,True,True,True,True,,975,975,507500,506979,0
gmcp_r,1000,50,49,15,49,21353,21353,50,507667,507.667,0.507667,999,c7a0d068313d7c106d2f591493fdc822c7b24b41162e5b4e655d76d03639fc7f,,True,True,True,True,True,True,,49,49,21502,21070,408284
authenticated_hash_chain,1000,50,49,15,999,519462,519462,999,10455125,10455.125,10.455125,999,,694f720e493c8af62575e89d1e4174f456d4275c4f0ac9af84d4dae0c9a38fce,True,True,True,True,True,True,,999,999,519984,519462,0
gmcp_r,1000,50,1,16,1,713,713,2,87791,87.791,0.087791,951,d5b97ef07384cc43353fe2ca0c9437ff5e03d9fd6a8999a54912c59f9211af0d,,True,True,True,True,True,True,,1,1,860,430,408284
authenticated_hash_chain,1000,50,1,16,951,494458,494458,951,9564417,9564.417,9.564417,951,,d38341cb3a261f18b0cfec18d39530c9087aadccc1b3447796c804a28bfdb460,True,True,True,True,True,True,,951,951,494978,494458,0
gmcp_r,1000,50,25,16,25,11033,11033,26,319417,319.417,0.319417,975,5a84511920d8c694955b08a8c2e75652e103a5f1ed73019fc9a380f9936efeb9,,True,True,True,True,True,True,,25,25,11180,10750,408284
authenticated_hash_chain,1000,50,25,16,975,506941,506941,975,10232666,10232.666,10.232666,975,,3ec60d847f85ab9d3c87b4ee87710730db12a5144f8383c9b2158c919a7a9bec,True,True,True,True,True,True,,975,975,507461,506941,0
gmcp_r,1000,50,49,16,49,21353,21353,50,513125,513.125,0.513125,999,d1bb2897e2e800440b51dcee7e650ac2cb45782071d480060fccd5de67b1b795,,True,True,True,True,True,True,,49,49,21502,21070,408284
authenticated_hash_chain,1000,50,49,16,999,519431,519431,999,10216334,10216.334,10.216334,999,,aa755aa0a90eb97e9303afdd510963e9931161c7b9d433c81ed4d3788df806a0,True,True,True,True,True,True,,999,999,519953,519431,0
gmcp_r,1000,50,1,17,1,713,713,2,107916,107.916,0.107916,951,5079b4898bbed8961e5da215c2a610e72a311f893a3a68b5cd84484f19124f9c,,True,True,True,True,True,True,,1,1,860,430,408284
authenticated_hash_chain,1000,50,1,17,951,494498,494498,951,9486625,9486.625,9.486625,951,,ed29292c394273ed96afbdb57a00e19e42296c8d8f9701e460ef30e4b190bd15,True,True,True,True,True,True,,951,951,495018,494498,0
gmcp_r,1000,50,25,17,25,11033,11033,26,295125,295.125,0.295125,975,7b2c02a8580038d1f8618db870cddc812eb503f3c51528b549b768b52a5bc3a5,,True,True,True,True,True,True,,25,25,11180,10750,408284
authenticated_hash_chain,1000,50,25,17,975,506980,506980,975,9538917,9538.917,9.538917,975,,ad5dbf2642d34806a340be465df062178f534550948975bd59787e0850653fd3,True,True,True,True,True,True,,975,975,507500,506980,0
gmcp_r,1000,50,49,17,49,21353,21353,50,506917,506.917,0.506917,999,001fcf99ce6d1b3314d812123591880836537ff8832353f2088b3c6e146dea5a,,True,True,True,True,True,True,,49,49,21502,21070,408284
authenticated_hash_chain,1000,50,49,17,999,519468,519468,999,10790291,10790.291,10.790291,999,,1deeec20b61233b85d900199b35006a09970465a62398cbbb330ea93ae12c42f,True,True,True,True,True,True,,999,999,519990,519468,0
gmcp_r,1000,50,1,18,1,713,713,2,106708,106.708,0.106708,951,20d77b7979cc8056141008fd5bdc00295e7cd710e402747925fb78ef49c2ef7a,,True,True,True,True,True,True,,1,1,860,430,408284
authenticated_hash_chain,1000,50,1,18,951,494461,494461,951,9523292,9523.292,9.523292,951,,19a28c3d33c07e8f9973149a90f740728048968077b28653564b811501b9f5e4,True,True,True,True,True,True,,951,951,494979,494461,0
gmcp_r,1000,50,25,18,25,11033,11033,26,286709,286.709,0.286709,975,0309118b6842947657365144050d0e7af549fb427fb6ab9f497952cc44522df8,,True,True,True,True,True,True,,25,25,11180,10750,408284
authenticated_hash_chain,1000,50,25,18,975,506941,506941,975,9898042,9898.042,9.898042,975,,74c9d916d8052dc22be1bb8e841c04f280c3a0d2c6a17541506fa5688612f376,True,True,True,True,True,True,,975,975,507461,506941,0
gmcp_r,1000,50,49,18,49,21353,21353,50,517166,517.166,0.517166,999,9b481dc547d9d015341ce88f6a4390156c07795dacffd475567abfdf520c6ae1,,True,True,True,True,True,True,,49,49,21502,21070,408284
authenticated_hash_chain,1000,50,49,18,999,519422,519422,999,10236625,10236.625,10.236625,999,,2ce2717fc5e6655fc1b581d9481e9c1c25802d0d6d66bbcb1afba8b4d16d72cb,True,True,True,True,True,True,,999,999,519944,519422,0
gmcp_r,1000,50,1,19,1,713,713,2,82458,82.458,0.082458,951,b6071cfba223ed8d05da7530cc06853299936118d04846bafe4eb8ad1993fda3,,True,True,True,True,True,True,,1,1,860,430,408284
authenticated_hash_chain,1000,50,1,19,951,494517,494517,951,9001333,9001.333,9.001333,951,,010d42779e87a3cecd1926945761adbf59c60186483086fc8111c7d9c3f4ba09,True,True,True,True,True,True,,951,951,495037,494517,0
gmcp_r,1000,50,25,19,25,11033,11033,26,245541,245.541,0.245541,975,4c1b86491535bf194a9ba6b596bd82a701c9f4e48963cb135f0cc871ed7136f9,,True,True,True,True,True,True,,25,25,11180,10750,408284
authenticated_hash_chain,1000,50,25,19,975,507001,507001,975,9651458,9651.458,9.651458,975,,3e76a9132a79fcf6aa1dce749258a569ddd58901c98573ec8d8bbe2a53e9a6cf,True,True,True,True,True,True,,975,975,507522,507001,0
gmcp_r,1000,50,49,19,49,21353,21353,50,461500,461.5,0.4615,999,15ad4e2d76243ca4dbab23edbc64d45fa764ec04bedc137a80fd9f6c9da2471f,,True,True,True,True,True,True,,49,49,21502,21070,408284
authenticated_hash_chain,1000,50,49,19,999,519489,519489,999,10016000,10016.0,10.016,999,,69781f7685964fdbc673aa2ff561901ceba6efbfbf66e64521a16682c1820392,True,True,True,True,True,True,,999,999,520011,519489,0
gmcp_r,1000,50,1,20,1,713,713,2,97792,97.792,0.097792,951,2b6c9fe45f8d0c080da32f12b073f83c11a3b809e8e658160de09cd8e2fbef74,,True,True,True,True,True,True,,1,1,860,430,408284
authenticated_hash_chain,1000,50,1,20,951,494471,494471,951,9538250,9538.25,9.53825,951,,720fc581da5b0cb35e97ecb21f095b74b52f41444cb1748d931f67572770e0c7,True,True,True,True,True,True,,951,951,494991,494471,0
gmcp_r,1000,50,25,20,25,11033,11033,26,299000,299.0,0.299,975,1ffa84e53fb0d2f784dd883b250fb1b232e8a317133629ca68ca56c9ab931d8f,,True,True,True,True,True,True,,25,25,11180,10750,408284
authenticated_hash_chain,1000,50,25,20,975,506958,506958,975,9896000,9896.0,9.896,975,,7fab237e4ceac9cdb8c83d082544360b91a42c205fe4fd33c934559d4bd018e3,True,True,True,True,True,True,,975,975,507478,506958,0
gmcp_r,1000,50,49,20,49,21353,21353,50,498083,498.083,0.498083,999,70040e72f055eb25223abeec21123798798d714efe7d9b151b307c33e12ad297,,True,True,True,True,True,True,,49,49,21502,21070,408284
authenticated_hash_chain,1000,50,49,20,999,519441,519441,999,19431459,19431.459,19.431459,999,,3d91755599c8359af3c3d59616f4053dcdc38220c175892ee3623be69e89469c,True,True,True,True,True,True,,999,999,519963,519441,0
gmcp_r,1000,50,1,21,1,714,714,2,94208,94.208,0.094208,951,b6a923c301dd3e30831b9a56796dc0c93e1b28ef6095cc5554765db0231e6a4f,,True,True,True,True,True,True,,1,1,860,430,408284
authenticated_hash_chain,1000,50,1,21,951,494500,494500,951,9761125,9761.125,9.761125,951,,73f3025acf9d98bfabe4d01ff04b86ebd4d9d735eb424079af7dd1e463ffb676,True,True,True,True,True,True,,951,951,495020,494500,0
gmcp_r,1000,50,25,21,25,11034,11034,26,295000,295.0,0.295,975,b568d445c7f7c8507600c0046b80123eb1a9fcac83c7d73b050c7391dda5e64c,,True,True,True,True,True,True,,25,25,11180,10750,408284
authenticated_hash_chain,1000,50,25,21,975,506983,506983,975,9957167,9957.167,9.957167,975,,900175ca547cf1401ec54ecbf068089526746ca672ce39d02f6ac6ae97d637de,True,True,True,True,True,True,,975,975,507503,506983,0
gmcp_r,1000,50,49,21,49,21354,21354,50,526708,526.708,0.526708,999,95ec2be9bca8ba02239f8a6b80782a1fd1e581e4400a81192d6376f5893b9440,,True,True,True,True,True,True,,49,49,21502,21070,408284
authenticated_hash_chain,1000,50,49,21,999,519470,519470,999,10391333,10391.333,10.391333,999,,37cd3d9d217cdebb3d03c8e2e0d89eaef407a64f86f91c585dded727c5d75382,True,True,True,True,True,True,,999,999,519992,519470,0
gmcp_r,1000,50,1,22,1,713,713,2,75833,75.833,0.075833,951,b74f2d49e5b7d1b46e55deccfeb58fa653107389db64ad614b4cfee663735a2b,,True,True,True,True,True,True,,1,1,860,430,408284
authenticated_hash_chain,1000,50,1,22,951,494482,494482,951,9527708,9527.708,9.527708,951,,0d663bdea588d754ea24b9cfb97b2ac7616e087527dbdf8517becce41b46adae,True,True,True,True,True,True,,951,951,495003,494482,0
gmcp_r,1000,50,25,22,25,11033,11033,26,332083,332.083,0.332083,975,b86f8e9c6c045b160bf40587b1ce4d2cb31a915f25051e31f21bd13cb2d44dbf,,True,True,True,True,True,True,,25,25,11180,10750,408284
authenticated_hash_chain,1000,50,25,22,975,506969,506969,975,9585041,9585.041,9.585041,975,,ec167e0003c006272131a0eef26d9f92110f2c9bde72502237aa8fd601767792,True,True,True,True,True,True,,975,975,507490,506969,0
gmcp_r,1000,50,49,22,49,21353,21353,50,495167,495.167,0.495167,999,d44bc6558f47fecbdd39bbc3de4a64aedcb8f138e2356994c95a287cf3137e8a,,True,True,True,True,True,True,,49,49,21502,21070,408284
authenticated_hash_chain,1000,50,49,22,999,519454,519454,999,10731875,10731.875,10.731875,999,,a7a5a6f03c7707ee473694a4b7b3513f4fb5cf6fafa8b45ba40c119be7eb240b,True,True,True,True,True,True,,999,999,519976,519454,0
gmcp_r,1000,50,1,23,1,713,713,2,90625,90.625,0.090625,951,43a49f90572fb86103875c2e87d96d06241359f520a61903cdf0a9b6351b07be,,True,True,True,True,True,True,,1,1,860,430,408284
authenticated_hash_chain,1000,50,1,23,951,494447,494447,951,9695542,9695.542,9.695542,951,,808a926198f932cf3084fbab8bd1547bf9efb8dafe6cf4bb9c486330f42d8f94,True,True,True,True,True,True,,951,951,494967,494447,0
gmcp_r,1000,50,25,23,25,11033,11033,26,311917,311.917,0.311917,975,cca9776b58337e444170f7856b9e3351233dd6545c388144bb480923e077ad60,,True,True,True,True,True,True,,25,25,11180,10750,408284
authenticated_hash_chain,1000,50,25,23,975,506929,506929,975,9567708,9567.708,9.567708,975,,e6b583cc2052a180c5f07555f2c1f897bf2caeb4c7bb715d23aab370c0360558,True,True,True,True,True,True,,975,975,507449,506929,0
gmcp_r,1000,50,49,23,49,21353,21353,50,503166,503.166,0.503166,999,b4866374f482017122c2149ed9c6f893bcd9a3420ad4f18ea086ee09906fc300,,True,True,True,True,True,True,,49,49,21502,21070,408284
authenticated_hash_chain,1000,50,49,23,999,519408,519408,999,10048583,10048.583,10.048583,999,,ae29db87224caca81f5863af0816a9c6fe8f07e909732660552068e9f35ca5a0,True,True,True,True,True,True,,999,999,519930,519408,0
gmcp_r,1000,50,1,24,1,713,713,2,86333,86.333,0.086333,951,e8e80af7d566ebe681da23ed11b62f07b6743c4e1781bb246cafd8df7beef4e8,,True,True,True,True,True,True,,1,1,860,430,408284
authenticated_hash_chain,1000,50,1,24,951,494475,494475,951,9375750,9375.75,9.37575,951,,ccf801bfdd0ea254dfe28cbf78b15aee05609a883b441785b897c2daf7286df0,True,True,True,True,True,True,,951,951,494995,494475,0
gmcp_r,1000,50,25,24,25,11033,11033,26,302583,302.583,0.302583,975,dcdc4ca72b9db6ccd84ddc0eaca484f1ce684975b00eaa3f5f05646e5b465307,,True,True,True,True,True,True,,25,25,11180,10750,408284
authenticated_hash_chain,1000,50,25,24,975,506958,506958,975,9950250,9950.25,9.95025,975,,9eea9c130e035459a9446ba736e9702cc21652abc67d4ee0654a5a60b8ed34e4,True,True,True,True,True,True,,975,975,507479,506958,0
gmcp_r,1000,50,49,24,49,21353,21353,50,605334,605.334,0.605334,999,b939e5d4dfc599c90c273d80e30e8e5561e5841d715e734239784c45fb5a7302,,True,True,True,True,True,True,,49,49,21502,21070,408284
authenticated_hash_chain,1000,50,49,24,999,519448,519448,999,9666208,9666.208,9.666208,999,,2dd3afecbcbbf44449bfe29856cc8fc0881822ac0ee2b47d8195309076f4d525,True,True,True,True,True,True,,999,999,519970,519448,0
gmcp_r,1000,50,1,25,1,714,714,2,101917,101.917,0.101917,951,0540a1d90ac96e84b1d5d295bedc749c2c72f1bc89f66f1d457c8b954a2b2387,,True,True,True,True,True,True,,1,1,860,430,408284
authenticated_hash_chain,1000,50,1,25,951,494553,494553,951,9772625,9772.625,9.772625,951,,da8f6541e554895f0a550ebd8fe13346ae53e1f791910444451dee200eb13cca,True,True,True,True,True,True,,951,951,495073,494553,0
gmcp_r,1000,50,25,25,25,11034,11034,26,282458,282.458,0.282458,975,79b0ead7da7f040ae6fd67ae394f897f9bab05feb88351667a5c1ab5b999f08c,,True,True,True,True,True,True,,25,25,11180,10750,408284
authenticated_hash_chain,1000,50,25,25,975,507037,507037,975,9728583,9728.583,9.728583,975,,6a9b0879d3961236b168ce52d100a339cfc34fb9ef136f226fbc6a7afd7c7644,True,True,True,True,True,True,,975,975,507557,507037,0
gmcp_r,1000,50,49,25,49,21354,21354,50,550500,550.5,0.5505,999,b3a65cdda8c32fac1cf357285b23b0c6721d9a0e35ada6ce80d2f6ec9b183643,,True,True,True,True,True,True,,49,49,21502,21070,408284
authenticated_hash_chain,1000,50,49,25,999,519528,519528,999,9751625,9751.625,9.751625,999,,50835127fcfc000b951becd7d211e6a17f4efe803d463bff3a7a808fcf87e000,True,True,True,True,True,True,,999,999,520051,519528,0
gmcp_r,1000,50,1,26,1,713,713,2,105583,105.583,0.105583,951,23af2eefde2254adbe284f0c5e6fea45273b7e17c6121ab910bcca664047c161,,True,True,True,True,True,True,,1,1,860,430,408284
authenticated_hash_chain,1000,50,1,26,951,494491,494491,951,9444417,9444.417,9.444417,951,,a9aa35431250040900f5e01ecd3971125e42ffc0d08671dc26a4b20272ef7d0d,True,True,True,True,True,True,,951,951,495011,494491,0
gmcp_r,1000,50,25,26,25,11033,11033,26,294875,294.875,0.294875,975,2542e00b9de20b0fb5cbf0557820217b6f692474f84a81161f4cbe82c4a00310,,True,True,True,True,True,True,,25,25,11180,10750,408284
authenticated_hash_chain,1000,50,25,26,975,506973,506973,975,9515625,9515.625,9.515625,975,,ec843642e2f841711e6a1d809f1690f87dd945f0d869eeb43480104392e85b15,True,True,True,True,True,True,,975,975,507493,506973,0
gmcp_r,1000,50,49,26,49,21353,21353,50,562917,562.917,0.562917,999,11a486b77cf47b4f2a8f802f710645f62ac90dc6452c969b2027ba65aefd8ad8,,True,True,True,True,True,True,,49,49,21502,21070,408284
authenticated_hash_chain,1000,50,49,26,999,519458,519458,999,9755458,9755.458,9.755458,999,,86a4c4c5d408ca158190a979911addd2cb493b8841fe08551c58f3ed08cc43a6,True,True,True,True,True,True,,999,999,519980,519458,0
gmcp_r,1000,50,1,27,1,713,713,2,95750,95.75,0.09575,951,aedfad304951326513ab8f661ffb879e358eecf07062dfe9213ee2868841413c,,True,True,True,True,True,True,,1,1,860,430,408284
authenticated_hash_chain,1000,50,1,27,951,494468,494468,951,9318292,9318.292,9.318292,951,,354b52cbd6998b052b75122fbf9f9fe0574fc904137ae70db13ab12ae109dea2,True,True,True,True,True,True,,951,951,494988,494468,0
gmcp_r,1000,50,25,27,25,11033,11033,26,348333,348.333,0.348333,975,f004feb7e54f441fd58919837f707026029ffde54bfb99f0919f825ff7c68236,,True,True,True,True,True,True,,25,25,11180,10750,408284
authenticated_hash_chain,1000,50,25,27,975,506948,506948,975,9673125,9673.125,9.673125,975,,4dd9af1b5730a8cfe3d60f5051e3cc03efe7d536a447fe23e70d2ce706a2fceb,True,True,True,True,True,True,,975,975,507468,506948,0
gmcp_r,1000,50,49,27,49,21353,21353,50,582708,582.708,0.582708,999,5c1de11116112b928594ddd7e5a89d433e365590558e756885e5f3e732cd3d5d,,True,True,True,True,True,True,,49,49,21502,21070,408284
authenticated_hash_chain,1000,50,49,27,999,519431,519431,999,9789667,9789.667,9.789667,999,,c5366725e5ed50e5fa1ff1d7799c1bcd6331bb72636eedf3d221ac0855455c51,True,True,True,True,True,True,,999,999,519953,519431,0
gmcp_r,1000,50,1,28,1,713,713,2,99625,99.625,0.099625,951,4b86f849b6857d24e3f256b8513a0aa098859c40d36de86850189db5801eb3e1,,True,True,True,True,True,True,,1,1,860,430,408284
authenticated_hash_chain,1000,50,1,28,951,494501,494501,951,9320834,9320.834,9.320834,951,,3c51b69e6c5bf24bcaeaf6ca6cc93ad627d144c561bf28d7d804dd24674f6be5,True,True,True,True,True,True,,951,951,495022,494501,0
gmcp_r,1000,50,25,28,25,11033,11033,26,282042,282.042,0.282042,975,3e36349057ba4342c3ca116ff238093a253ecc45399b316794fc53fd60027852,,True,True,True,True,True,True,,25,25,11180,10750,408284
authenticated_hash_chain,1000,50,25,28,975,506986,506986,975,9528833,9528.833,9.528833,975,,9098ecdecdbb5b4d4ba755c6de280462a10a585ae87cd706880f3e31bd526cf4,True,True,True,True,True,True,,975,975,507506,506986,0
gmcp_r,1000,50,49,28,49,21353,21353,50,468958,468.958,0.468958,999,9de22c70fd5010b2d75a6c8998e12ef0488a3a5d9c7e253a71ec681328b71fe6,,True,True,True,True,True,True,,49,49,21502,21070,408284
authenticated_hash_chain,1000,50,49,28,999,519475,519475,999,9732875,9732.875,9.732875,999,,62a1df67be9e19189351fb9111f667415b6e367ff7ac768d46fee807ba39dc5b,True,True,True,True,True,True,,999,999,519997,519475,0
gmcp_r,1000,50,1,29,1,713,713,2,80375,80.375,0.080375,951,c76efbc35a556c72f8a265e419f710d654eb6b2bd915c8b299df407183ea0631,,True,True,True,True,True,True,,1,1,860,430,408284
authenticated_hash_chain,1000,50,1,29,951,494484,494484,951,9410584,9410.584,9.410584,951,,70ec3c362949a31157514974dd018985568383f30b288f8948262f8ecf9774be,True,True,True,True,True,True,,951,951,495004,494484,0
gmcp_r,1000,50,25,29,25,11033,11033,26,319542,319.542,0.319542,975,934248b2c7e51753a810888cd32163fef03ad42ae63608a86ed224173fd76b5e,,True,True,True,True,True,True,,25,25,11180,10750,408284
authenticated_hash_chain,1000,50,25,29,975,506976,506976,975,9576333,9576.333,9.576333,975,,fd38716b1dcd785e4c92b945a1a553ddae9f4798705b2afbbedc4298dc693fda,True,True,True,True,True,True,,975,975,507496,506976,0
gmcp_r,1000,50,49,29,49,21353,21353,50,478209,478.209,0.478209,999,5b37f65064691fb37136c15499e8b88de63514e84f8e9728c7834a45c72a974a,,True,True,True,True,True,True,,49,49,21502,21070,408284
authenticated_hash_chain,1000,50,49,29,999,519459,519459,999,9822583,9822.583,9.822583,999,,f07ed92f3671e7ad019511ce64bd758bd736adfb3ade6d78a9df7cf0a54c9bbb,True,True,True,True,True,True,,999,999,519981,519459,0
gmcp_r,1000,50,1,30,1,713,713,2,85833,85.833,0.085833,951,4509f3a9f52c8c0e5fe07fcb5d785c2516f1617acd88236c79fa6f1c913c1153,,True,True,True,True,True,True,,1,1,860,430,408284
authenticated_hash_chain,1000,50,1,30,951,494480,494480,951,9404125,9404.125,9.404125,951,,852fb513e82c54e02d2170ee61deae7b39159080bf6a698ef1706083ecc9bff5,True,True,True,True,True,True,,951,951,495000,494480,0
gmcp_r,1000,50,25,30,25,11033,11033,26,284458,284.458,0.284458,975,c92c857b558d731c292a65dbb37763f731103b413462d9d631288eec1fcc0461,,True,True,True,True,True,True,,25,25,11180,10750,408284
authenticated_hash_chain,1000,50,25,30,975,506966,506966,975,9553666,9553.666,9.553666,975,,5a112c1333d10700fc9868a828c9f353cf1bed246fe16e50cd9f3d8a7a0e4ffb,True,True,True,True,True,True,,975,975,507486,506966,0
gmcp_r,1000,50,49,30,49,21353,21353,50,459417,459.417,0.459417,999,975826dd337c16a4a7ca1219de8eeff738ce028a4d9fabd0ed41db659819b862,,True,True,True,True,True,True,,49,49,21502,21070,408284
authenticated_hash_chain,1000,50,49,30,999,519452,519452,999,9960291,9960.291,9.960291,999,,4801dd1baecb1b32044e883d452a6f43cacff4f9eea10356792a3020146683da,True,True,True,True,True,True,,999,999,519974,519452,0
gmcp_r,1000,100,1,1,1,712,712,2,168250,168.25,0.16825,901,60b9b62db0d5f791d1686d0f17ad8814e7bb6f3188580518ad9ccfba6f54585d,,True,True,True,True,True,True,,1,1,858,429,385884
authenticated_hash_chain,1000,100,1,1,901,467564,467564,901,9008500,9008.5,9.0085,901,,e1b665288d25cfc046ef3ba94917509cde90bda5efe21a33be513aef5cf81a07,True,True,True,True,True,True,,901,901,468084,467564,0
gmcp_r,1000,100,50,1,50,21733,21733,51,720791,720.791,0.720791,950,9e031a07044e74faea76426163832e3d1004187a2f7d24483830adb794e44201,,True,True,True,True,True,True,,50,50,21879,21450,385884
authenticated_hash_chain,1000,100,50,1,950,492997,492997,950,9241125,9241.125,9.241125,950,,11711bf79d4f41a61839cfa95e5596f2e8dd812e36a32c723d8d6d2904926da8,True,True,True,True,True,True,,950,950,493517,492997,0
gmcp_r,1000,100,99,1,99,42754,42754,100,976417,976.417,0.976417,999,4e46b5a731e39adc5c6393922804a982af5cd999a1556560d7fc43ef3f214461,,True,True,True,True,True,True,,99,99,42902,42471,385884
authenticated_hash_chain,1000,100,99,1,999,518437,518437,999,10012083,10012.083,10.012083,999,,2319a2a75f4ae8cba9b392d720f6950fe13becaba3ae201d8d6b973a402143ef,True,True,True,True,True,True,,999,999,518958,518437,0
gmcp_r,1000,100,1,2,1,713,713,2,83917,83.917,0.083917,901,34c874e40d21373f8d24756bcd7353055ab95fe1f202709d5b71b24ac65db5d1,,True,True,True,True,True,True,,1,1,858,429,385884
authenticated_hash_chain,1000,100,1,2,901,467585,467585,901,8901458,8901.458,8.901458,901,,98f7d7ae06d64c4081ccd7269140fccf99a906a5665667657690b4fe24dd9d00,True,True,True,True,True,True,,901,901,468104,467585,0
gmcp_r,1000,100,50,2,50,21734,21734,51,606167,606.167,0.606167,950,e538b22357e88d4618b47a5aefd63544a4d825339465e73d1000d321f4e19651,,True,True,True,True,True,True,,50,50,21879,21450,385884
authenticated_hash_chain,1000,100,50,2,950,493024,493024,950,9374041,9374.041,9.374041,950,,de140514ee6f7dddbc74997c675b1cb7cc398a937fef04b17a538137d5c8b1da,True,True,True,True,True,True,,950,950,493543,493024,0
gmcp_r,1000,100,99,2,99,42755,42755,100,935958,935.958,0.935958,999,b207d92b23b07ce522275bad9e9a48391eb456795caa4eee7b1588d6811b5e9b,,True,True,True,True,True,True,,99,99,42902,42471,385884
authenticated_hash_chain,1000,100,99,2,999,518456,518456,999,11473875,11473.875,11.473875,999,,dea0600471085fdebd797e23d17b13e00140c02e51bdc42a7630805542bda748,True,True,True,True,True,True,,999,999,518977,518456,0
gmcp_r,1000,100,1,3,1,712,712,2,81709,81.709,0.081709,901,49a3095f9e616b10d67645439e372a3848590cf3cdb3f95fa6d88a45cf73eb4e,,True,True,True,True,True,True,,1,1,858,429,385884
authenticated_hash_chain,1000,100,1,3,901,467575,467575,901,9393708,9393.708,9.393708,901,,efb8688ff8cb4a71f39d9e931aeb2077e6d8ecf0f338f0f9f8418e59d98ad567,True,True,True,True,True,True,,901,901,468094,467575,0
gmcp_r,1000,100,50,3,50,21733,21733,51,506166,506.166,0.506166,950,ca03c133ea283b762f6e8e7b136d7f7c1aaf9b944ed2fe2c96c022040047086a,,True,True,True,True,True,True,,50,50,21879,21450,385884
authenticated_hash_chain,1000,100,50,3,950,493018,493018,950,9606666,9606.666,9.606666,950,,628e585ec5e592434b3b0cc52f57dafe46066a927cd141326bad556e43087faf,True,True,True,True,True,True,,950,950,493537,493018,0
gmcp_r,1000,100,99,3,99,42754,42754,100,898833,898.833,0.898833,999,6455414cd67b120a931cd7de0efdef668ca6ea969c92b2e13cdd898f933ad705,,True,True,True,True,True,True,,99,99,42902,42471,385884
authenticated_hash_chain,1000,100,99,3,999,518455,518455,999,9614958,9614.958,9.614958,999,,763767cfa121f40d108a2e3a2a9912c0aaf3cd9eb56d055941a39ea2e27e3d67,True,True,True,True,True,True,,999,999,518976,518455,0
gmcp_r,1000,100,1,4,1,712,712,2,152833,152.833,0.152833,901,2c27ccb1f4594bde97d5b16347ce9af7a6e86174de2742990f71af0ac515985c,,True,True,True,True,True,True,,1,1,858,429,385884
authenticated_hash_chain,1000,100,1,4,901,467546,467546,901,9039250,9039.25,9.03925,901,,1d572fc0109f8a7c7835b3f1860afe07cf852cd0ab35e1723af9b0950b080efc,True,True,True,True,True,True,,901,901,468065,467546,0
gmcp_r,1000,100,50,4,50,21733,21733,51,520917,520.917,0.520917,950,d9ba79bb307eca04dc02f73c3548f999f31cec02d5c31c49736b51014aed2770,,True,True,True,True,True,True,,50,50,21879,21450,385884
authenticated_hash_chain,1000,100,50,4,950,492987,492987,950,9540667,9540.667,9.540667,950,,c0b0a2a393094d30c020824b520057cde3ac342a8bb13a8e878788498610db06,True,True,True,True,True,True,,950,950,493507,492987,0
gmcp_r,1000,100,99,4,99,42754,42754,100,922916,922.916,0.922916,999,0e36af7b1bc0f93caab05a9959b871e1da05e894d13acec11d85a73a97ca224c,,True,True,True,True,True,True,,99,99,42902,42471,385884
authenticated_hash_chain,1000,100,99,4,999,518430,518430,999,9878125,9878.125,9.878125,999,,650b2ad8de876c7ac0b5378706537a755625cd40048adb920e6e986b3e2fd867,True,True,True,True,True,True,,999,999,518951,518430,0
gmcp_r,1000,100,1,5,1,712,712,2,84292,84.292,0.084292,901,a1e6faadc371fcd6ea2faefac37c1f85adf0a47cc42246f24e4d65e929523fb3,,True,True,True,True,True,True,,1,1,858,429,385884
authenticated_hash_chain,1000,100,1,5,901,467552,467552,901,9062417,9062.417,9.062417,901,,06763f43d0a2ef549f8a00e10b5fbd0ba0fbee4c36b4119ff65d1a25e48f67b5,True,True,True,True,True,True,,901,901,468071,467552,0
gmcp_r,1000,100,50,5,50,21733,21733,51,707792,707.792,0.707792,950,a7741540462baf6e5870c65be14cc01067527436904112efab8b958cfb8a0abb,,True,True,True,True,True,True,,50,50,21879,21450,385884
authenticated_hash_chain,1000,100,50,5,950,492994,492994,950,9694958,9694.958,9.694958,950,,1d26147417e449928f55b727235935afa9a096056689d0c9ef8406ad0f0205d3,True,True,True,True,True,True,,950,950,493513,492994,0
gmcp_r,1000,100,99,5,99,42754,42754,100,951250,951.25,0.95125,999,066c000109746485adf56634c86f4855814f494bce06be5a9c53495496cf7024,,True,True,True,True,True,True,,99,99,42902,42471,385884
authenticated_hash_chain,1000,100,99,5,999,518443,518443,999,9708292,9708.292,9.708292,999,,99be8ca9ab118527720f0f9641cea1669815b04f66e4ba5aa7ec0ee648bd7a85,True,True,True,True,True,True,,999,999,518964,518443,0
gmcp_r,1000,100,1,6,1,712,712,2,98292,98.292,0.098292,901,2a4d0b9038a740911f18279e7a826552028236eb9692dacf5043804048879001,,True,True,True,True,True,True,,1,1,858,429,385884
authenticated_hash_chain,1000,100,1,6,901,467571,467571,901,9035084,9035.084,9.035084,901,,cf6561bd228c7f2771e96b8605f31bc15a7fc9ded16ccc761ea1fd6f9f24e683,True,True,True,True,True,True,,901,901,468090,467571,0
gmcp_r,1000,100,50,6,50,21733,21733,51,493375,493.375,0.493375,950,bb0bd77ed888b376ebff12b188fed163673dca736e01c3c5655ca7364effd880,,True,True,True,True,True,True,,50,50,21879,21450,385884
authenticated_hash_chain,1000,100,50,6,950,493004,493004,950,9486375,9486.375,9.486375,950,,d58ab56f10b387be057db43a0ab6db39c540a16d0974a18662489457f2c6419b,True,True,True,True,True,True,,950,950,493523,493004,0
gmcp_r,1000,100,99,6,99,42754,42754,100,903917,903.917,0.903917,999,6170b5d8195cbda7a7a696eebf7c65b45cc128dfadb5d81d82bf70a9fddbf4bc,,True,True,True,True,True,True,,99,99,42902,42471,385884
authenticated_hash_chain,1000,100,99,6,999,518449,518449,999,10075959,10075.959,10.075959,999,,cb97e6a4a5741c6fdd7256a60420735ec5f07854031c5e7f12e02de358290b0c,True,True,True,True,True,True,,999,999,518970,518449,0
gmcp_r,1000,100,1,7,1,713,713,2,92041,92.041,0.092041,901,dce7fbbb57bcfee0144f869193488ee55841c5593a212f1699dba1c1cd966f6d,,True,True,True,True,True,True,,1,1,858,429,385884
authenticated_hash_chain,1000,100,1,7,901,467590,467590,901,8849541,8849.541,8.849541,901,,fdc7bc2cf0c6d2bec083740a10ad48bc5180c5f07b32c96d483cdc61117e6a7a,True,True,True,True,True,True,,901,901,468109,467590,0
gmcp_r,1000,100,50,7,50,21734,21734,51,503292,503.292,0.503292,950,bd38c36095a63ed439e49dbc796b259d4d14074da03582c35c263fe74dcc4f5a,,True,True,True,True,True,True,,50,50,21879,21450,385884
authenticated_hash_chain,1000,100,50,7,950,493030,493030,950,9596875,9596.875,9.596875,950,,13ce2ab927049a294e86709bf5efc67e07d970cba093a0792560e53f2393b23a,True,True,True,True,True,True,,950,950,493549,493030,0
gmcp_r,1000,100,99,7,99,42755,42755,100,889875,889.875,0.889875,999,8bf6da08c61411b8f6d7908d5d45b677bb458b75ef724b02a0ab6bf091278aaa,,True,True,True,True,True,True,,99,99,42902,42471,385884
authenticated_hash_chain,1000,100,99,7,999,518474,518474,999,10093708,10093.708,10.093708,999,,d95dc6fea52950f68150394aa988988c1900a123e401ae0c14d4c7e6ce90c10a,True,True,True,True,True,True,,999,999,518995,518474,0
gmcp_r,1000,100,1,8,1,712,712,2,106541,106.541,0.106541,901,7c56dc10bff6bb70410eb0c177c2abda8a0a909948488cbbb67681538d3d99d7,,True,True,True,True,True,True,,1,1,858,429,385884
authenticated_hash_chain,1000,100,1,8,901,467551,467551,901,9064875,9064.875,9.064875,901,,4faefef0b8664446f06f8dc3a03bfe62c6404f387b14e1ca6e4562e7c3c28426,True,True,True,True,True,True,,901,901,468070,467551,0
gmcp_r,1000,100,50,8,50,21733,21733,51,498333,498.333,0.498333,950,75b356d2e6b01c2087f42a90e9996c93f481ff0fd84b95ee72dab770906405a5,,True,True,True,True,True,True,,50,50,21879,21450,385884
authenticated_hash_chain,1000,100,50,8,950,492998,492998,950,9243375,9243.375,9.243375,950,,fbc60758e8bda9609b6500acffe767eb6f560ced073fd052edf92068805803bc,True,True,True,True,True,True,,950,950,493517,492998,0
gmcp_r,1000,100,99,8,99,42754,42754,100,940750,940.75,0.94075,999,37e029a71cca97467702e84998a322ce6ca99e78bb9847c46dda2589567ce521,,True,True,True,True,True,True,,99,99,42902,42471,385884
authenticated_hash_chain,1000,100,99,8,999,518438,518438,999,10256500,10256.5,10.2565,999,,497b2fc271cde4eaa1c6e16bc99a757e91a628b6d5c3bc002228f547ec016167,True,True,True,True,True,True,,999,999,518960,518438,0
gmcp_r,1000,100,1,9,1,712,712,2,80250,80.25,0.08025,901,555a2c1e2c6842da43ffd16c1da26fd0249504543b68723d3930a97c427ff362,,True,True,True,True,True,True,,1,1,858,429,385884
authenticated_hash_chain,1000,100,1,9,901,467588,467588,901,9139875,9139.875,9.139875,901,,6a1519dc2e9fb9bdd7f2660a45061ac30e15aca7800f6faa05654b0e6cee42a2,True,True,True,True,True,True,,901,901,468108,467588,0
gmcp_r,1000,100,50,9,50,21733,21733,51,587333,587.333,0.587333,950,5bdf222da2decd664985e62fcc73d6e0b74da1a53104197c7ca981ad555f6ad7,,True,True,True,True,True,True,,50,50,21879,21450,385884
authenticated_hash_chain,1000,100,50,9,950,493026,493026,950,9587334,9587.334,9.587334,950,,f78db559404956fa7e771f24b7045886e98a861473d1405b1801f14b90ba4071,True,True,True,True,True,True,,950,950,493543,493026,0
gmcp_r,1000,100,99,9,99,42754,42754,100,891166,891.166,0.891166,999,31003d738de0aa04c4992e808e4b3aaf5914d2b726fce6238c30767422c35244,,True,True,True,True,True,True,,99,99,42902,42471,385884
authenticated_hash_chain,1000,100,99,9,999,518460,518460,999,10006000,10006.0,10.006,999,,954d26923f3523aea5c9456457cc1aee6ab2d3b248d4dc32121511e3827c8184,True,True,True,True,True,True,,999,999,518981,518460,0
gmcp_r,1000,100,1,10,1,714,714,2,132666,132.666,0.132666,901,6c9037cc6a3ab855bd8a760562edd696a3702b88d801a6d0c20332854dcadb03,,True,True,True,True,True,True,,1,1,862,431,387684
authenticated_hash_chain,1000,100,1,10,901,469368,469368,901,8970292,8970.292,8.970292,901,,f9e2a6c24d0b438ef2e449c858d35ab2b45de55e5ba8a3c2afbde4643a0a6438,True,True,True,True,True,True,,901,901,469889,469368,0
gmcp_r,1000,100,50,10,50,21833,21833,51,509667,509.667,0.509667,950,e1970ce062f6e76e4d781674ad2747c2fafb9cb0dbe1ea174a3e615d9fb1aa15,,True,True,True,True,True,True,,50,50,21981,21550,387684
authenticated_hash_chain,1000,100,50,10,950,494905,494905,950,9308292,9308.292,9.308292,950,,ce649667bb53683ee420df3b28859f704f3ad70bf1f78952ec161a2a59347082,True,True,True,True,True,True,,950,950,495426,494905,0
gmcp_r,1000,100,99,10,99,42952,42952,100,917500,917.5,0.9175,999,28a0ba02c18a01636dd7f424a5bd8f544f0c7ac7288a0698664145618c5f29f8,,True,True,True,True,True,True,,99,99,43102,42669,387684
authenticated_hash_chain,1000,100,99,10,999,520450,520450,999,10023416,10023.416,10.023416,999,,6a63b490d765c6908cb9d4739e2767f55351c4157a52ca0eb2be5b8a7ea5f435,True,True,True,True,True,True,,999,999,520974,520450,0
gmcp_r,1000,100,1,11,1,715,715,2,95375,95.375,0.095375,901,a7d4b0478424013af06965142439c418914cf7d4b2c225663ec010c2933842a7,,True,True,True,True,True,True,,1,1,862,431,387684
authenticated_hash_chain,1000,100,1,11,901,469402,469402,901,9030083,9030.083,9.030083,901,,881d09f5ce9c760da4106091e1bfa1788a91a7c69feec7f94b61f783991c664c,True,True,True,True,True,True,,901,901,469924,469402,0
gmcp_r,1000,100,50,11,50,21834,21834,51,508708,508.708,0.508708,950,2a6b043bc5438f23c344a35afbeda7947326f537eea7cc88ecf507347ee334f8,,True,True,True,True,True,True,,50,50,21981,21550,387684
authenticated_hash_chain,1000,100,50,11,950,494935,494935,950,9676875,9676.875,9.676875,950,,fb34f4e0c8466fc2497a7082aef0889529c772c3d1b6a9556ffa909ae21f5cfa,True,True,True,True,True,True,,950,950,495454,494935,0
gmcp_r,1000,100,99,11,99,42953,42953,100,917125,917.125,0.917125,999,0e6535b7f95992a983454fc7b83d8c22ee7958bfc976838d2c4d9522c8263414,,True,True,True,True,True,True,,99,99,43102,42669,387684
authenticated_hash_chain,1000,100,99,11,999,520465,520465,999,10607750,10607.75,10.60775,999,,e68346207be6e6b48f5809e10f9fa23d01a759a76b9367b8c415fac9a4f12346,True,True,True,True,True,True,,999,999,520988,520465,0
gmcp_r,1000,100,1,12,1,715,715,2,78959,78.959,0.078959,901,d0ab055c4d9986d496bbe69e6210e53c488ea793754e27f480b4c48ec2384f8f,,True,True,True,True,True,True,,1,1,862,431,387684
authenticated_hash_chain,1000,100,1,12,901,469328,469328,901,9595583,9595.583,9.595583,901,,767ea918072137263b50c53812ff2d7bc0def09b14cea089df49291d8652b6c0,True,True,True,True,True,True,,901,901,469849,469328,0
gmcp_r,1000,100,50,12,50,21834,21834,51,770334,770.334,0.770334,950,af508033fd86f81e14c0fc39a0b5a716a63d870984d7947e5cf477ea38244469,,True,True,True,True,True,True,,50,50,21981,21550,387684
authenticated_hash_chain,1000,100,50,12,950,494867,494867,950,10278333,10278.333,10.278333,950,,f58f1a5aa977ae9e5d2ac568e91f4c6a50fbd04d72d7c94d8193e983e8d1ff42,True,True,True,True,True,True,,950,950,495388,494867,0
gmcp_r,1000,100,99,12,99,42953,42953,100,1193666,1193.666,1.193666,999,64d04752550023808648908f502a4887b13b2a9da9f20e2e59f3b2820d2d122a,,True,True,True,True,True,True,,99,99,43102,42669,387684
authenticated_hash_chain,1000,100,99,12,999,520406,520406,999,10457291,10457.291,10.457291,999,,c39debc3fd9274164f4aa4ac574328aa7f673058b112581ab52fc8029790c94e,True,True,True,True,True,True,,999,999,520929,520406,0
gmcp_r,1000,100,1,13,1,715,715,2,107000,107.0,0.107,901,d2b04ac1e130f5e640e37365652779bc676bd833e1bf659e707f7777cf4d443f,,True,True,True,True,True,True,,1,1,862,431,387684
authenticated_hash_chain,1000,100,1,13,901,469355,469355,901,9095125,9095.125,9.095125,901,,0fa6ca8e18ae271f402a74948837e2ba69b67980c23decebbc6d0196594c90e7,True,True,True,True,True,True,,901,901,469876,469355,0
gmcp_r,1000,100,50,13,50,21834,21834,51,504000,504.0,0.504,950,8cba64f7c80c14b7ecd6f2af6603a6f20e8e97d12b84823e577476599538b741,,True,True,True,True,True,True,,50,50,21981,21550,387684
authenticated_hash_chain,1000,100,50,13,950,494891,494891,950,9720083,9720.083,9.720083,950,,ea691ac9328fc1c0da932598c0e724db4134c1be3e03eaa8763bb4ba1dd4cf3e,True,True,True,True,True,True,,950,950,495413,494891,0
gmcp_r,1000,100,99,13,99,42953,42953,100,939584,939.584,0.939584,999,41763152766b961a870a88f08d987ef96e8983d925c7c0b39f60684ba78e1bb5,,True,True,True,True,True,True,,99,99,43102,42669,387684
authenticated_hash_chain,1000,100,99,13,999,520430,520430,999,11725250,11725.25,11.72525,999,,a45ed7bcf31f9c3973def74a728e34c26d8a3de0afe6ea3d3f01db13b8978efd,True,True,True,True,True,True,,999,999,520953,520430,0
gmcp_r,1000,100,1,14,1,716,716,2,94875,94.875,0.094875,901,9efd47cd122775f20842634724f1f95d7b1cd2db916f99f6b3ba5d41dce8ae4d,,True,True,True,True,True,True,,1,1,862,431,387684
authenticated_hash_chain,1000,100,1,14,901,469358,469358,901,9244500,9244.5,9.2445,901,,9b4fee21f7ca52285f12ed9b7a70fea585adda1ec092f12239f87b0b8e052c71,True,True,True,True,True,True,,901,901,469879,469358,0
gmcp_r,1000,100,50,14,50,21835,21835,51,561708,561.708,0.561708,950,cc3730939d42618de8f82df0ea7f0be304dedca89413469a379a0df27a8f4ff2,,True,True,True,True,True,True,,50,50,21981,21550,387684
authenticated_hash_chain,1000,100,50,14,950,494898,494898,950,10155167,10155.167,10.155167,950,,c1d6a92494520123fec74878d36dd2042f223fb93f5d0fb14dfe0d9e0658143f,True,True,True,True,True,True,,950,950,495419,494898,0
gmcp_r,1000,100,99,14,99,42954,42954,100,1259167,1259.167,1.259167,999,350cb3ddd1fee283c42048a10b4b715655d41486fc63eac99b52d75c270ef3bb,,True,True,True,True,True,True,,99,99,43102,42669,387684
authenticated_hash_chain,1000,100,99,14,999,520438,520438,999,10258208,10258.208,10.258208,999,,656d356f8562dc73a93f79f9a5be0452bd891619cc9bcd18a6e573e75467e0a4,True,True,True,True,True,True,,999,999,520961,520438,0
gmcp_r,1000,100,1,15,1,714,714,2,93084,93.084,0.093084,901,5f6854a035e78f51ce62eed5ef2f0cf6862c9c67fcbe71e3981a5203dde1b9b2,,True,True,True,True,True,True,,1,1,862,431,387684
authenticated_hash_chain,1000,100,1,15,901,469373,469373,901,9254500,9254.5,9.2545,901,,108347c610e46a60e9b0adc78d565aa5ce79c9a272fe34fcc95f47a6631c098d,True,True,True,True,True,True,,901,901,469895,469373,0
gmcp_r,1000,100,50,15,50,21833,21833,51,506458,506.458,0.506458,950,87c526619074315620807b1c2d43fd1b0ec05b5270d49eb364a40115fa808a1b,,True,True,True,True,True,True,,50,50,21981,21550,387684
authenticated_hash_chain,1000,100,50,15,950,494906,494906,950,10364959,10364.959,10.364959,950,,5574b5604e5335480a514f988b742f90a538c4587a271c0375a8a17ab6daedfd,True,True,True,True,True,True,,950,950,495427,494906,0
gmcp_r,1000,100,99,15,99,42952,42952,100,953792,953.792,0.953792,999,59ea1eb419b9d6161cc4aaa84261f02f9cadb71a0eded43f5910a12be54c31ff,,True,True,True,True,True,True,,99,99,43102,42669,387684
authenticated_hash_chain,1000,100,99,15,999,520441,520441,999,10569916,10569.916,10.569916,999,,74340e67ab7a5d0611f3d273d04b8d9ac1217c714c07777659be60735c0c77a1,True,True,True,True,True,True,,999,999,520964,520441,0
gmcp_r,1000,100,1,16,1,715,715,2,85834,85.834,0.085834,901,1148d1f2aa81d4c7d18ee17195220917836847ff64a5cabec4de3b600395ef96,,True,True,True,True,True,True,,1,1,862,431,387684
authenticated_hash_chain,1000,100,1,16,901,469362,469362,901,9137208,9137.208,9.137208,901,,718390599621dad3100c7ce8c50f00646575033f6c55f4273cfee443e12112f1,True,True,True,True,True,True,,901,901,469883,469362,0
gmcp_r,1000,100,50,16,50,21834,21834,51,494416,494.416,0.494416,950,318f93e03f5431c3d263aff4d7acf1ea701b4a99dd4ba3bef20431a685844654,,True,True,True,True,True,True,,50,50,21981,21550,387684
authenticated_hash_chain,1000,100,50,16,950,494899,494899,950,9560834,9560.834,9.560834,950,,5cb66aa52dd6759f5385b55ad904861c18e86620006b95b383845162856e8ad8,True,True,True,True,True,True,,950,950,495420,494899,0
gmcp_r,1000,100,99,16,99,42953,42953,100,917750,917.75,0.91775,999,e1102776ad691d0889adcf13d0ed0014a01c7ec9a986b555b153e4e44a2fc32f,,True,True,True,True,True,True,,99,99,43102,42669,387684
authenticated_hash_chain,1000,100,99,16,999,520444,520444,999,9920084,9920.084,9.920084,999,,01eaa7e18b48ac4ac8cd3abfff399a16e8e1fa1c2e43adbd788a33547b40151d,True,True,True,True,True,True,,999,999,520968,520444,0
gmcp_r,1000,100,1,17,1,714,714,2,92208,92.208,0.092208,901,60ef9bb600a6e44e5560e342847f4bd5b14608c0fa4a1ff9822c94d35d3b32ee,,True,True,True,True,True,True,,1,1,862,431,387684
authenticated_hash_chain,1000,100,1,17,901,469353,469353,901,9403791,9403.791,9.403791,901,,bbd82c7617e349f281aba0214819ca2bf32a8c69ea8c6511e1688f8508a90801,True,True,True,True,True,True,,901,901,469875,469353,0
gmcp_r,1000,100,50,17,50,21833,21833,51,513292,513.292,0.513292,950,e79e327bc7a381031e33a7ab61a9377e8a3331bb449237b74491eef0aab4f626,,True,True,True,True,True,True,,50,50,21981,21550,387684
authenticated_hash_chain,1000,100,50,17,950,494896,494896,950,9359666,9359.666,9.359666,950,,3191a124d1d14b56fec7f0dde79e65dffb5a01add75ff7cdb182c9247da447e9,True,True,True,True,True,True,,950,950,495418,494896,0
gmcp_r,1000,100,99,17,99,42952,42952,100,933792,933.792,0.933792,999,9d6fc60a5e63fb31694df161fdad0bc49f43770e64c828a903f2611e9083152e,,True,True,True,True,True,True,,99,99,43102,42669,387684
authenticated_hash_chain,1000,100,99,17,999,520439,520439,999,9946875,9946.875,9.946875,999,,a675dbe72327629d835e9a0f7851b27eece347bd314f0f4e5379b837eaa52e92,True,True,True,True,True,True,,999,999,520962,520439,0
gmcp_r,1000,100,1,18,1,715,715,2,87625,87.625,0.087625,901,fc526c492dc2e75ee20d5007a2fbe9eeb2b5a04e60e7b89efbda5c67fc40516a,,True,True,True,True,True,True,,1,1,862,431,387684
authenticated_hash_chain,1000,100,1,18,901,469359,469359,901,9131292,9131.292,9.131292,901,,b8060e14e0d7e221f845457e3719bc559086d44c86ba582e7b753e586de3acd2,True,True,True,True,True,True,,901,901,469880,469359,0
gmcp_r,1000,100,50,18,50,21834,21834,51,514417,514.417,0.514417,950,0658fa4fc05d7f1412985c562928f542eeec38cefca37ad420827b87bc30756a,,True,True,True,True,True,True,,50,50,21981,21550,387684
authenticated_hash_chain,1000,100,50,18,950,494897,494897,950,10037708,10037.708,10.037708,950,,b742c09db378c156d8276ef8de733499173747914866a72245c8c61c8ae801ab,True,True,True,True,True,True,,950,950,495417,494897,0
gmcp_r,1000,100,99,18,99,42953,42953,100,1051208,1051.208,1.051208,999,0b4cb422b59482b70741d8608cd996f8ff526e61b6f42eff2fcea2418350681c,,True,True,True,True,True,True,,99,99,43102,42669,387684
authenticated_hash_chain,1000,100,99,18,999,520442,520442,999,10731250,10731.25,10.73125,999,,ec412dc99f4df7329ce283639f19ed33f94a987ff9aefed26936ad57628f73ce,True,True,True,True,True,True,,999,999,520964,520442,0
gmcp_r,1000,100,1,19,1,715,715,2,111041,111.041,0.111041,901,3b7c270afa4e7b915bdc336176dbb289df99a45e47519ec295addd5bbb3a7449,,True,True,True,True,True,True,,1,1,862,431,387684
authenticated_hash_chain,1000,100,1,19,901,469367,469367,901,17601167,17601.167,17.601167,901,,6df56e376bc9388cfe8a2ba1b4acf5c7f17b34b079220070a9cf2014e8c66c0e,True,True,True,True,True,True,,901,901,469888,469367,0
gmcp_r,1000,100,50,19,50,21834,21834,51,707917,707.917,0.707917,950,0f516a313c96d43028c5298dc6b1c554fa3a38ede0306e799f21830ff2270e06,,True,True,True,True,True,True,,50,50,21981,21550,387684
authenticated_hash_chain,1000,100,50,19,950,494911,494911,950,13077500,13077.5,13.0775,950,,7f9ee45dbb4aef5e62280b38956bc1452251f3c23a7cc03224b5d50194247751,True,True,True,True,True,True,,950,950,495432,494911,0
gmcp_r,1000,100,99,19,99,42953,42953,100,1043958,1043.958,1.043958,999,c9aaff66eb8c1897c9b443bccb7b8b6f1f3d5aec06e3358f1c45bcadaf2d7585,,True,True,True,True,True,True,,99,99,43102,42669,387684
authenticated_hash_chain,1000,100,99,19,999,520451,520451,999,10910792,10910.792,10.910792,999,,36d31fa923f41aca8d28bce66ef861349848b75cf771490b0c25c15805142661,True,True,True,True,True,True,,999,999,520975,520451,0
gmcp_r,1000,100,1,20,1,715,715,2,90792,90.792,0.090792,901,1308476933a6054355679fbf107497a8fc08115024847c76fe02b87fe9c8d323,,True,True,True,True,True,True,,1,1,862,431,387684
authenticated_hash_chain,1000,100,1,20,901,469385,469385,901,9053000,9053.0,9.053,901,,cb5b46cd59e92ab719a73fe2cdbe56149ae432ca04fef45ba6cf386d59cd4e42,True,True,True,True,True,True,,901,901,469907,469385,0
gmcp_r,1000,100,50,20,50,21834,21834,51,491709,491.709,0.491709,950,976eedb91ae82be7d124cd16c694dd0ef5a05c192ccba36eb9e70f71ae1f070d,,True,True,True,True,True,True,,50,50,21981,21550,387684
authenticated_hash_chain,1000,100,50,20,950,494927,494927,950,9777958,9777.958,9.777958,950,,36520d940bb7e32f713028e61141f08afe3aadcc3dcde12ac2557401f414b817,True,True,True,True,True,True,,950,950,495448,494927,0
gmcp_r,1000,100,99,20,99,42953,42953,100,935584,935.584,0.935584,999,8b488859cbdee744797b6e954f77963aaf6366d68c897d2427e88f9c208147a1,,True,True,True,True,True,True,,99,99,43102,42669,387684
authenticated_hash_chain,1000,100,99,20,999,520473,520473,999,12735250,12735.25,12.73525,999,,712be2c744831e680dacdcda4cbb5c88ef79bb240e511198c6316717fc7d5852,True,True,True,True,True,True,,999,999,520996,520473,0
gmcp_r,1000,100,1,21,1,715,715,2,102500,102.5,0.1025,901,24e9b1b22190bd40a32e892d64d5da881b652ede96698465dec281a37c51b89d,,True,True,True,True,True,True,,1,1,862,431,387684
authenticated_hash_chain,1000,100,1,21,901,469367,469367,901,9417042,9417.042,9.417042,901,,ca2e20cf482407997f61e5557ac61d4bcca75d0568d307bdc50309cb362c995f,True,True,True,True,True,True,,901,901,469888,469367,0
gmcp_r,1000,100,50,21,50,21834,21834,51,508208,508.208,0.508208,950,9afb0631c07f447e60ab460acff1fe213988cafc578a4837968c27f8155aaa92,,True,True,True,True,True,True,,50,50,21981,21550,387684
authenticated_hash_chain,1000,100,50,21,950,494910,494910,950,14930083,14930.083,14.930083,950,,e0ddbf55673705c264a91b4a5154670f1fc28f212869f0998b346af120cccb4b,True,True,True,True,True,True,,950,950,495431,494910,0
gmcp_r,1000,100,99,21,99,42953,42953,100,932792,932.792,0.932792,999,efc348fe3fd844207821d4f76263cfefcebde82e18699999504f55f8e6bc0838,,True,True,True,True,True,True,,99,99,43102,42669,387684
authenticated_hash_chain,1000,100,99,21,999,520448,520448,999,10940334,10940.334,10.940334,999,,8946b6c5713debaf45d5f6b248de9271c7a7d25e2bb44dc39b1aebaf44b6365f,True,True,True,True,True,True,,999,999,520971,520448,0
gmcp_r,1000,100,1,22,1,716,716,2,83208,83.208,0.083208,901,f02a3ac2e74a8743e62f8c08383ae2df84044c9e13723316c1f629b1c6c5b3e7,,True,True,True,True,True,True,,1,1,862,431,387684
authenticated_hash_chain,1000,100,1,22,901,469393,469393,901,9228000,9228.0,9.228,901,,4e879ac974a07287350d0f2d17b58d78cef29e3faeba836dc982f26f14975e5c,True,True,True,True,True,True,,901,901,469914,469393,0
gmcp_r,1000,100,50,22,50,21835,21835,51,512000,512.0,0.512,950,4847a32371892d57fda3e6cf51aac29f89f647ba3956709639f12951d0b02b28,,True,True,True,True,True,True,,50,50,21981,21550,387684
authenticated_hash_chain,1000,100,50,22,950,494923,494923,950,10128125,10128.125,10.128125,950,,1c02698f7d899e98c15b63497a22f26aa9edcc6333ddbd17bdcbb4cdd78cf204,True,True,True,True,True,True,,950,950,495443,494923,0
gmcp_r,1000,100,99,22,99,42954,42954,100,930583,930.583,0.930583,999,4d8e479137cc969885df497e8eade54fd7e590b7a18012d23cd847a122d42c97,,True,True,True,True,True,True,,99,99,43102,42669,387684
authenticated_hash_chain,1000,100,99,22,999,520469,520469,999,10310083,10310.083,10.310083,999,,571c58ea19ecf09123830a96fd50bbf1544554a020aeadf3b228b4b2b09b5530,True,True,True,True,True,True,,999,999,520992,520469,0
gmcp_r,1000,100,1,23,1,715,715,2,91500,91.5,0.0915,901,55be1d5869d79156a2e2cda0ac233e00af0213eb9560366440d7fa34c8a1923e,,True,True,True,True,True,True,,1,1,862,431,387684
authenticated_hash_chain,1000,100,1,23,901,469376,469376,901,9353250,9353.25,9.35325,901,,33ea0437e9f3527bf1a9f538b7a71a7106616aaf504d91956b1f56d2bbd182ab,True,True,True,True,True,True,,901,901,469897,469376,0
gmcp_r,1000,100,50,23,50,21834,21834,51,522792,522.792,0.522792,950,ddf5ad220f594cc10be453d7b02912f28b182cddd39fadbe768f90f76d6f3136,,True,True,True,True,True,True,,50,50,21981,21550,387684
authenticated_hash_chain,1000,100,50,23,950,494906,494906,950,9514125,9514.125,9.514125,950,,0cb01290da4e71c5677bf58bf4515f4ec2b413faf1960592d157e2681a3ef2c4,True,True,True,True,True,True,,950,950,495427,494906,0
gmcp_r,1000,100,99,23,99,42953,42953,100,935958,935.958,0.935958,999,e8a19f76647a45e47446ad849b813b593acf7216d70aa03e22f05d5186ef262e,,True,True,True,True,True,True,,99,99,43102,42669,387684
authenticated_hash_chain,1000,100,99,23,999,520440,520440,999,10275875,10275.875,10.275875,999,,24e32e70ef08c4a3536e04e2a01ecb6ec50e141c887241153cfd8e522f22dc32,True,True,True,True,True,True,,999,999,520963,520440,0
gmcp_r,1000,100,1,24,1,714,714,2,83125,83.125,0.083125,901,a941cbd550b874cb1436324052725e39eac567b13bc4789d7b50ddcd2102cea6,,True,True,True,True,True,True,,1,1,862,431,387684
authenticated_hash_chain,1000,100,1,24,901,469351,469351,901,9055167,9055.167,9.055167,901,,cbc3d5acebab1e6e7a2b62d37545917de8b23662d6f05723fa271304924e01d5,True,True,True,True,True,True,,901,901,469873,469351,0
gmcp_r,1000,100,50,24,50,21833,21833,51,501875,501.875,0.501875,950,54f884bbc87ccfd53db8174a68392fe41aed40e138532552f4a3fb5c58b90ff6,,True,True,True,True,True,True,,50,50,21981,21550,387684
authenticated_hash_chain,1000,100,50,24,950,494889,494889,950,9969291,9969.291,9.969291,950,,fe5f57d29155bb99c04c18c3e8173977bdb4717abcb7a4e441971bc9df4a02f6,True,True,True,True,True,True,,950,950,495410,494889,0
gmcp_r,1000,100,99,24,99,42952,42952,100,946209,946.209,0.946209,999,a2f8b1374403b01cb704391ba4b4c5d15473017fed87a3f6f0a319e7fed0d014,,True,True,True,True,True,True,,99,99,43102,42669,387684
authenticated_hash_chain,1000,100,99,24,999,520433,520433,999,9989417,9989.417,9.989417,999,,50c0ee5a337c287dc0438209a8d15d8133a61bf4c18a9743963f50db8cbe8cee,True,True,True,True,True,True,,999,999,520956,520433,0
gmcp_r,1000,100,1,25,1,716,716,2,94583,94.583,0.094583,901,afd6252907a967947d758498a90d87adea60f46ff9642c14f0be0387b8346ea0,,True,True,True,True,True,True,,1,1,862,431,387684
authenticated_hash_chain,1000,100,1,25,901,469363,469363,901,9130917,9130.917,9.130917,901,,f3413b1e152c9f0ad02412431d3c7501c48a7003cfa6da0c862a0f8a8e4c7b9b,True,True,True,True,True,True,,901,901,469884,469363,0
gmcp_r,1000,100,50,25,50,21835,21835,51,528125,528.125,0.528125,950,40b92cc5c53668f97993020c089b62e154f999e9f1fe8c11a2bd16862cee4558,,True,True,True,True,True,True,,50,50,21981,21550,387684
authenticated_hash_chain,1000,100,50,25,950,494899,494899,950,9894209,9894.209,9.894209,950,,283b983a019ce4f08f6e25123cbd630de888926ac734226aba270816dce8acce,True,True,True,True,True,True,,950,950,495420,494899,0
gmcp_r,1000,100,99,25,99,42954,42954,100,900125,900.125,0.900125,999,8ff0b7afe8038c20de2889a5dbb395f99c35f7c4e5dd9de962d8d303eb463f2b,,True,True,True,True,True,True,,99,99,43102,42669,387684
authenticated_hash_chain,1000,100,99,25,999,520442,520442,999,10300500,10300.5,10.3005,999,,809d45be542dc42e293c7ec3c87a368ec3e9925ff238631ab042525cd08963e1,True,True,True,True,True,True,,999,999,520965,520442,0
gmcp_r,1000,100,1,26,1,714,714,2,192042,192.042,0.192042,901,3019a98accb165f2c7e9f8ed124674f65dba0e182d3d90b88a676f99bc19906f,,True,True,True,True,True,True,,1,1,862,431,387684
authenticated_hash_chain,1000,100,1,26,901,469400,469400,901,8835792,8835.792,8.835792,901,,e65c021128d776cdf2fcd4328d66a8f0f8afdab40e68d5b6addc5049e1802d33,True,True,True,True,True,True,,901,901,469921,469400,0
gmcp_r,1000,100,50,26,50,21833,21833,51,539125,539.125,0.539125,950,46e7f5b3b6ada4d472b145da8279de22a79fb46f3d90e79c63802f021b5579e2,,True,True,True,True,True,True,,50,50,21981,21550,387684
authenticated_hash_chain,1000,100,50,26,950,494945,494945,950,9868459,9868.459,9.868459,950,,afdef024be9c53d83b2b1a66a9b9376745e051811eff254e2ef502ceb0130da0,True,True,True,True,True,True,,950,950,495466,494945,0
gmcp_r,1000,100,99,26,99,42952,42952,100,932084,932.084,0.932084,999,796f8bc70a04a0808b60699dabfcaa0ce8cad162ce496881a87a9aaf92815419,,True,True,True,True,True,True,,99,99,43102,42669,387684
authenticated_hash_chain,1000,100,99,26,999,520483,520483,999,9950792,9950.792,9.950792,999,,82741a684bedb435ad1796d62c6c4beeba3aba57264d5a3cf202f4935394c2a5,True,True,True,True,True,True,,999,999,521007,520483,0
gmcp_r,1000,100,1,27,1,716,716,2,97334,97.334,0.097334,901,039d1ef26cd7383d1ff238effdef17c25c7570e40daa2a76e2495f08d9c4d2db,,True,True,True,True,True,True,,1,1,862,431,387684
authenticated_hash_chain,1000,100,1,27,901,469361,469361,901,8757708,8757.708,8.757708,901,,26c88c3435276c9a1f325e53da5ea2d0266a1d9b9ff4f19327196f6e5b537ee9,True,True,True,True,True,True,,901,901,469882,469361,0
gmcp_r,1000,100,50,27,50,21835,21835,51,477667,477.667,0.477667,950,881f2d81445b17d801fe7e3cef816569f80f8c626ebb8f9ede7fa30c78ebba02,,True,True,True,True,True,True,,50,50,21981,21550,387684
authenticated_hash_chain,1000,100,50,27,950,494897,494897,950,9315792,9315.792,9.315792,950,,a9885ffaf9d78fda3c44339a32c09236c655f0831945d6c46f2b624d6da9386b,True,True,True,True,True,True,,950,950,495418,494897,0
gmcp_r,1000,100,99,27,99,42954,42954,100,958000,958.0,0.958,999,fbc29e498045d477be3c98d21760124420b7c166dcb5cc0a462e2fc034987d6e,,True,True,True,True,True,True,,99,99,43102,42669,387684
authenticated_hash_chain,1000,100,99,27,999,520436,520436,999,10262833,10262.833,10.262833,999,,39a83c9c3d4871e37c80e2dd41e0d003200549b19c002ff0484d72482edbf33b,True,True,True,True,True,True,,999,999,520959,520436,0
gmcp_r,1000,100,1,28,1,715,715,2,98708,98.708,0.098708,901,3f417b5ac5c27ab1a040de164a8a0a675ce326c6b7584fb5910d95d526252edd,,True,True,True,True,True,True,,1,1,862,431,387684
authenticated_hash_chain,1000,100,1,28,901,469372,469372,901,8400917,8400.917,8.400917,901,,563682ac66b3397e5530a4c91acf3683957eda16cea9cf05a76993315284b7e9,True,True,True,True,True,True,,901,901,469893,469372,0
gmcp_r,1000,100,50,28,50,21834,21834,51,615792,615.792,0.615792,950,bacb82dc241759cb434aeae1a40be5c7d61e7aa726e8acc17ed9f153b6144f8b,,True,True,True,True,True,True,,50,50,21981,21550,387684
authenticated_hash_chain,1000,100,50,28,950,494913,494913,950,9410000,9410.0,9.41,950,,d4ed5b0b00c92fbd6970ff0b797159ba253ca1500f569459b86e6d51281d7b72,True,True,True,True,True,True,,950,950,495435,494913,0
gmcp_r,1000,100,99,28,99,42953,42953,100,988875,988.875,0.988875,999,0ccaecc3bd53faa1931d717742323724a17b988b61a305ddca45b618ed52ec76,,True,True,True,True,True,True,,99,99,43102,42669,387684
authenticated_hash_chain,1000,100,99,28,999,520440,520440,999,9569625,9569.625,9.569625,999,,e96c7e8bab421856d7aa5c44f23e17c8ee5d3e07e444d7f7dc70d3ecd130531e,True,True,True,True,True,True,,999,999,520963,520440,0
gmcp_r,1000,100,1,29,1,715,715,2,82791,82.791,0.082791,901,b72b28480ff01cfe44b001d1825c9663b2e2b37c47143b4a039abe47fee7da56,,True,True,True,True,True,True,,1,1,862,431,387684
authenticated_hash_chain,1000,100,1,29,901,469403,469403,901,8676958,8676.958,8.676958,901,,fc3db7a516aa4a348f070a8b596a796e3df31947eb0b7bfdb14ff0b577d398a9,True,True,True,True,True,True,,901,901,469925,469403,0
gmcp_r,1000,100,50,29,50,21834,21834,51,452209,452.209,0.452209,950,2e0675e394a0231b7d79e5cb227b1149201fac52a15bf1f86bed132652005164,,True,True,True,True,True,True,,50,50,21981,21550,387684
authenticated_hash_chain,1000,100,50,29,950,494946,494946,950,9082416,9082.416,9.082416,950,,8dd6d24ca8d9acb149848287eae8dcfdcf58b61d18c7468f13e5acb65ded9f8b,True,True,True,True,True,True,,950,950,495467,494946,0
gmcp_r,1000,100,99,29,99,42953,42953,100,926375,926.375,0.926375,999,8c788e45bfadc4ebe64833eaafbb43cbbed74fc019825c924d18bc3594547012,,True,True,True,True,True,True,,99,99,43102,42669,387684
authenticated_hash_chain,1000,100,99,29,999,520477,520477,999,9803584,9803.584,9.803584,999,,12f26a36117d94998c316553599bac9a73dedfa7c762c2dc4ff74ec75630a768,True,True,True,True,True,True,,999,999,521001,520477,0
gmcp_r,1000,100,1,30,1,715,715,2,106375,106.375,0.106375,901,c0ecce79e9fe101c6871ca1f2da957f845e5ca3851ee6f963f8d78c64d7728b6,,True,True,True,True,True,True,,1,1,862,431,387684
authenticated_hash_chain,1000,100,1,30,901,469363,469363,901,8686417,8686.417,8.686417,901,,f09dd1d0d76a921ac372a3fa3da8b05ece420770cb208770702308c625e3bc36,True,True,True,True,True,True,,901,901,469884,469363,0
gmcp_r,1000,100,50,30,50,21834,21834,51,498458,498.458,0.498458,950,eb493cfb3f43f3c72706c358d449b89e77bdee24bae4333662cd3848e70be15a,,True,True,True,True,True,True,,50,50,21981,21550,387684
authenticated_hash_chain,1000,100,50,30,950,494895,494895,950,8904833,8904.833,8.904833,950,,fd3c5e5bd7e6a833a4384b46a208418650ab9ac451611c3547fde474650d57e9,True,True,True,True,True,True,,950,950,495416,494895,0
gmcp_r,1000,100,99,30,99,42953,42953,100,880542,880.542,0.880542,999,3fa40cb651a5dcb0015aed20d70d3b2499038ba45840c1da85e9f30b4b471b26,,True,True,True,True,True,True,,99,99,43102,42669,387684
authenticated_hash_chain,1000,100,99,30,999,520435,520435,999,9932417,9932.417,9.932417,999,,ff4536ac9376d94c973985378cd3c1054a1d7e2f938ea5981f1449ba5cdd22aa,True,True,True,True,True,True,,999,999,520958,520435,0
gmcp_r,1000,500,1,1,1,712,712,2,139167,139.167,0.139167,501,d4a54aeae3a8fa5c4c976a69611e6cb80c30db5561537f5ecf9e3e5cbb38f234,,True,True,True,True,True,True,,1,1,858,429,214284
authenticated_hash_chain,1000,500,1,1,501,259864,259864,501,4976417,4976.417,4.976417,501,,324277d6e9847d51bab78ff6bc90686962f393addccf9921729cf645970395ba,True,True,True,True,True,True,,501,501,260383,259864,0
gmcp_r,1000,500,250,1,250,107533,107533,251,2113833,2113.833,2.113833,750,4ddedfe4f7e6c7ea2f2f291e3b5bed45b0cd3a9d9f0a744f01bf09475bb7a168,,True,True,True,True,True,True,,250,250,107679,107250,214284
authenticated_hash_chain,1000,500,250,1,750,389130,389130,750,7253459,7253.459,7.253459,750,,18811a4c8e671bbabe73b1affdf03a189c777ae0c7cac9f0cd7448d28c569ab0,True,True,True,True,True,True,,750,750,389649,389130,0
gmcp_r,1000,500,499,1,499,214354,214354,500,4108416,4108.416,4.108416,999,ae1801a34e2b490c6eb41e56b74727d634795162d5c2e03d1ccc66a0623adf64,,True,True,True,True,True,True,,499,499,214502,214071,214284
authenticated_hash_chain,1000,500,499,1,999,518391,518391,999,9571667,9571.667,9.571667,999,,054e9b0906e1c43f24a8381fb528ab456c88732034e583970614203966264c5e,True,True,True,True,True,True,,999,999,518912,518391,0
gmcp_r,1000,500,1,2,1,712,712,2,100167,100.167,0.100167,501,39b09af8d183605d65339ebd76b5be8c951d3e7ab036f14adbb04316dda1fcb9,,True,True,True,True,True,True,,1,1,858,429,214284
authenticated_hash_chain,1000,500,1,2,501,259937,259937,501,5060167,5060.167,5.060167,501,,f9ffbad9ba12547db5d065cae4db0ae8778bcf1d2ec2675b3e5a22d4a0c54d91,True,True,True,True,True,True,,501,501,260455,259937,0
gmcp_r,1000,500,250,2,250,107533,107533,251,2110333,2110.333,2.110333,750,f9efdc3c1f4ef870ed40d203036b217b32431a93a81e19670e78a1fc1e29c68a,,True,True,True,True,True,True,,250,250,107679,107250,214284
authenticated_hash_chain,1000,500,250,2,750,389237,389237,750,7374709,7374.709,7.374709,750,,e152151f04a121ecfabcde6f3d1cd19eb811782aa68f48096ba058ae5b8873e7,True,True,True,True,True,True,,750,750,389756,389237,0
gmcp_r,1000,500,499,2,499,214354,214354,500,4249542,4249.542,4.249542,999,2ce8f34b41850e344267c66932f33c5d9601888e6b2c4539b04db83939d8a7e7,,True,True,True,True,True,True,,499,499,214502,214071,214284
authenticated_hash_chain,1000,500,499,2,999,518534,518534,999,9658167,9658.167,9.658167,999,,acad800a193d221584a417fdcf8abd93d6db2b4421f59cacd2b4b2a258e40aab,True,True,True,True,True,True,,999,999,519055,518534,0
gmcp_r,1000,500,1,3,1,713,713,2,100667,100.667,0.100667,501,6c08574203923898e7a4215df4c17198feb38d04164212fdc12de3568ba60ec9,,True,True,True,True,True,True,,1,1,858,429,214284
authenticated_hash_chain,1000,500,1,3,501,259904,259904,501,4684959,4684.959,4.684959,501,,10352b75eadec24dfb619d931d48afcb2936fea1db2a918518cb07a7b698e5bf,True,True,True,True,True,True,,501,501,260423,259904,0
gmcp_r,1000,500,250,3,250,107534,107534,251,2170667,2170.667,2.170667,750,00aa4cccf859c31254e17dccfe97f7ba8f7bf2a9e86946778e6abac3ec2d1fca,,True,True,True,True,True,True,,250,250,107679,107250,214284
authenticated_hash_chain,1000,500,250,3,750,389180,389180,750,7201333,7201.333,7.201333,750,,84c74296b94f297569c1c8a05def77efb31a9bfa38b6d8134fc45e4f626ad773,True,True,True,True,True,True,,750,750,389700,389180,0
gmcp_r,1000,500,499,3,499,214355,214355,500,4270750,4270.75,4.27075,999,f1c94639da85799d3c47a464dda83f04dc2826a28d59b6bb813f10bceab2a054,,True,True,True,True,True,True,,499,499,214502,214071,214284
authenticated_hash_chain,1000,500,499,3,999,518442,518442,999,9279333,9279.333,9.279333,999,,3cc67c350f7200bdc99203949238f952476a6605d903f327dd136e8bec709a4f,True,True,True,True,True,True,,999,999,518963,518442,0
gmcp_r,1000,500,1,4,1,712,712,2,64834,64.834,0.064834,501,b2ba72b245783db86d7ee98fd91f659db39aa5b681965c0e0d03a935c6433b7a,,True,True,True,True,True,True,,1,1,858,429,214284
authenticated_hash_chain,1000,500,1,4,501,259882,259882,501,4800916,4800.916,4.800916,501,,50c9746faef98a765ae9f170ab41d964362546ba3787a75c873b507ca395447e,True,True,True,True,True,True,,501,501,260401,259882,0
gmcp_r,1000,500,250,4,250,107533,107533,251,2160625,2160.625,2.160625,750,f7580c82a1d14e5c558ae27ec13fa2024a1696b0d11eb9098f2a04ae2cdcc374,,True,True,True,True,True,True,,250,250,107679,107250,214284
authenticated_hash_chain,1000,500,250,4,750,389165,389165,750,7028375,7028.375,7.028375,750,,4b3b16fc8a7b0a0a28e2302a009ba371e77f8feee26f2cd2cb83e6dc84a914c9,True,True,True,True,True,True,,750,750,389684,389165,0
gmcp_r,1000,500,499,4,499,214354,214354,500,4449541,4449.541,4.449541,999,53b9d7cc51f81dcb989d1a496d356987aa960b76b5ea7933070b77a4dbdc0200,,True,True,True,True,True,True,,499,499,214502,214071,214284
authenticated_hash_chain,1000,500,499,4,999,518424,518424,999,9306583,9306.583,9.306583,999,,1a0e7a5efe5803d6ea37fe404cc90ee2d08b9a7b5df855f1769ad2b6dafbcf39,True,True,True,True,True,True,,999,999,518946,518424,0
gmcp_r,1000,500,1,5,1,713,713,2,71083,71.083,0.071083,501,4de8852e3c16f242d2fa970832d4f4babace58b00096dd05bd8d9438c5d922fc,,True,True,True,True,True,True,,1,1,858,429,214284
authenticated_hash_chain,1000,500,1,5,501,259909,259909,501,5024458,5024.458,5.024458,501,,b8ae3c3fa26bb4c59210197fa5405d839c6e7758e8f574f317a794f9b00bce09,True,True,True,True,True,True,,501,501,260428,259909,0
gmcp_r,1000,500,250,5,250,107534,107534,251,2270792,2270.792,2.270792,750,543159c86102f25a758bf4e282a52afea3fb16603c9e045ad5dad56fbd066eb1,,True,True,True,True,True,True,,250,250,107679,107250,214284
authenticated_hash_chain,1000,500,250,5,750,389183,389183,750,7169125,7169.125,7.169125,750,,8ccb1ecd69575a55da1b589b149c3eed353c0a377485675c7c2bb75ff374ce9f,True,True,True,True,True,True,,750,750,389702,389183,0
gmcp_r,1000,500,499,5,499,214355,214355,500,4173292,4173.292,4.173292,999,90cfd8d502e9b7d903ba3fd19317ff41cde35ead5f4f6cfcf2d3d37b138fe681,,True,True,True,True,True,True,,499,499,214502,214071,214284
authenticated_hash_chain,1000,500,499,5,999,518452,518452,999,9694584,9694.584,9.694584,999,,97351ed12e3f49130e6ccfd659231b97921b6bc08c6aaea1ac051ff78e11175a,True,True,True,True,True,True,,999,999,518974,518452,0
gmcp_r,1000,500,1,6,1,713,713,2,127459,127.459,0.127459,501,73f39f2356a84012c4221bc5b6319ac03084dd4178ffbfbe3329db640b76fb8b,,True,True,True,True,True,True,,1,1,858,429,214284
authenticated_hash_chain,1000,500,1,6,501,259906,259906,501,5087208,5087.208,5.087208,501,,223a3c0410b879962646cb7e6011108b61c446d2f18624e3e419b1913a667675,True,True,True,True,True,True,,501,501,260425,259906,0
gmcp_r,1000,500,250,6,250,107534,107534,251,2118833,2118.833,2.118833,750,5a58bab629811767a7bfb4877857be1ee8919d3aab6bae3b624e0a11c2516bf9,,True,True,True,True,True,True,,250,250,107679,107250,214284
authenticated_hash_chain,1000,500,250,6,750,389181,389181,750,7236000,7236.0,7.236,750,,106109e25d3507f0bf532a74d02e23649b950581be6d9cfde21dd58a15e6b37d,True,True,True,True,True,True,,750,750,389699,389181,0
gmcp_r,1000,500,499,6,499,214355,214355,500,4238333,4238.333,4.238333,999,029ec2f76e2db100a591f0ff65baa1053b584abf2be5f9dcfb4deb6f208b1932,,True,True,True,True,True,True,,499,499,214502,214071,214284
authenticated_hash_chain,1000,500,499,6,999,518461,518461,999,9558125,9558.125,9.558125,999,,838305c738526cda4acff662b83e72cc88a5bc3d65d1e904146ab88f6c5d3724,True,True,True,True,True,True,,999,999,518983,518461,0
gmcp_r,1000,500,1,7,1,712,712,2,106541,106.541,0.106541,501,1b462a814f715d3b5c9c132f60db7b00282b6c042a9259460b545132303055fc,,True,True,True,True,True,True,,1,1,858,429,214284
authenticated_hash_chain,1000,500,1,7,501,259902,259902,501,4974917,4974.917,4.974917,501,,e26ee09d36a346df2fa1a033edcb797034f204c3241ef4389615be047a2e1458,True,True,True,True,True,True,,501,501,260421,259902,0
gmcp_r,1000,500,250,7,250,107533,107533,251,2297167,2297.167,2.297167,750,aa40bdaa8f8332c2080305260e27421892fcf723b0b6c8cfc2fcd506918750f7,,True,True,True,True,True,True,,250,250,107679,107250,214284
authenticated_hash_chain,1000,500,250,7,750,389154,389154,750,7139042,7139.042,7.139042,750,,054c3769a3cd0053b9f509615a87a4159f2eb3610bd1f387dd6655ab2a01ef4d,True,True,True,True,True,True,,750,750,389673,389154,0
gmcp_r,1000,500,499,7,499,214354,214354,500,4446459,4446.459,4.446459,999,97fc54f74e66e32457baeaa4a2409aa8e5eb4e37a6e92952311c40ca438f4b17,,True,True,True,True,True,True,,499,499,214502,214071,214284
authenticated_hash_chain,1000,500,499,7,999,518429,518429,999,9499875,9499.875,9.499875,999,,8016caa7bda3bdd3fb84ae7458e4c7582dc3194da61608d1bd86044bcbc967d1,True,True,True,True,True,True,,999,999,518949,518429,0
gmcp_r,1000,500,1,8,1,713,713,2,91583,91.583,0.091583,501,9951b087a08bb12df23936da136cfc42d76a54015f774ffdb5613d92d76f3327,,True,True,True,True,True,True,,1,1,858,429,214284
authenticated_hash_chain,1000,500,1,8,501,259900,259900,501,4963209,4963.209,4.963209,501,,baa469a5c28fcc30dfe2316f50d1127f40deb92cada39f80df3a564a1428b50d,True,True,True,True,True,True,,501,501,260420,259900,0
gmcp_r,1000,500,250,8,250,107534,107534,251,2105666,2105.666,2.105666,750,e0195d376f572f18da095ba8359fd185e8f7994fde6d68e5ce4b9d0709bbbd6a,,True,True,True,True,True,True,,250,250,107679,107250,214284
authenticated_hash_chain,1000,500,250,8,750,389177,389177,750,7237417,7237.417,7.237417,750,,fdd2231ee32bdb0241a5b07334ad6385bd82515b551b786df41ce5dabd85146b,True,True,True,True,True,True,,750,750,389696,389177,0
gmcp_r,1000,500,499,8,499,214355,214355,500,4248584,4248.584,4.248584,999,fb6a2e7c1bfd8a8cf04a37503f7833cde03c44fffecfd49fd02f8f12308a5e3e,,True,True,True,True,True,True,,499,499,214502,214071,214284
authenticated_hash_chain,1000,500,499,8,999,518442,518442,999,9627084,9627.084,9.627084,999,,97204c7a53e9030dd9e537a7455eed8c979a9ba82741f3e6341e25b1370885e2,True,True,True,True,True,True,,999,999,518963,518442,0
gmcp_r,1000,500,1,9,1,713,713,2,173584,173.584,0.173584,501,6627e65fde091fa5259c8049207a9db5ef2f93c018813870cdf2faf3aa5a236f,,True,True,True,True,True,True,,1,1,858,429,214284
authenticated_hash_chain,1000,500,1,9,501,259889,259889,501,5202875,5202.875,5.202875,501,,067d34312c58617045c1def10627edf4eb03143e634f076d17e025226830bad9,True,True,True,True,True,True,,501,501,260408,259889,0
gmcp_r,1000,500,250,9,250,107534,107534,251,2086667,2086.667,2.086667,750,65e77e6d898913b6b4e5f9a8fcfc7512eb74c9384bd53530579852b30fb17061,,True,True,True,True,True,True,,250,250,107679,107250,214284
authenticated_hash_chain,1000,500,250,9,750,389172,389172,750,7242750,7242.75,7.24275,750,,df89bc6b98eb90ae6e5f18e2f29899ff0c5140faf1071d0440337c904d430a6e,True,True,True,True,True,True,,750,750,389691,389172,0
gmcp_r,1000,500,499,9,499,214355,214355,500,4059625,4059.625,4.059625,999,f4439bcbd132dcbb93f2d4e7c35e433005f6c9f5dfb1ec1d338e27a0ed8b570a,,True,True,True,True,True,True,,499,499,214502,214071,214284
authenticated_hash_chain,1000,500,499,9,999,518431,518431,999,9491084,9491.084,9.491084,999,,5bb25e09092e53885877d861a547be954e0e383ba157cdd1c0874486e3244134,True,True,True,True,True,True,,999,999,518952,518431,0
gmcp_r,1000,500,1,10,1,715,715,2,114625,114.625,0.114625,501,8103805c9fff5adf2a384315b2750f4549f51c0f870da564f81913bea309e0ff,,True,True,True,True,True,True,,1,1,862,431,215284
authenticated_hash_chain,1000,500,1,10,501,260884,260884,501,4937500,4937.5,4.9375,501,,36333fd4a5d47764b4968d129330db98b6459b46315aae8c2a17be3ed1aac379,True,True,True,True,True,True,,501,501,261405,260884,0
gmcp_r,1000,500,250,10,250,108034,108034,251,2090916,2090.916,2.090916,750,60a0166b744f798cc6beec306390bf0ce67cf5f3b757f5377e8c71679087b320,,True,True,True,True,True,True,,250,250,108181,107750,215284
authenticated_hash_chain,1000,500,250,10,750,390662,390662,750,10639209,10639.209,10.639209,750,,638c2236a40a6fde2d12e447ca5d309a271509a728b4fefec76124fcb8eaffda,True,True,True,True,True,True,,750,750,391183,390662,0
gmcp_r,1000,500,499,10,499,215353,215353,500,5293667,5293.667,5.293667,999,ff011d832e7e79d63a16b04f49205c7ac16c8a0608266b7df2b2d4ee3666bf34,,True,True,True,True,True,True,,499,499,215502,215069,215284
authenticated_hash_chain,1000,500,499,10,999,520430,520430,999,12744458,12744.458,12.744458,999,,dd1fe8f108d28a989004d39dac57489662c2641065098244e57e1787ced128d5,True,True,True,True,True,True,,999,999,520953,520430,0
gmcp_r,1000,500,1,11,1,716,716,2,87333,87.333,0.087333,501,aa876827a5c499187d49e53980447c0f520368b7563361606db0adc22141d2d4,,True,True,True,True,True,True,,1,1,862,431,215284
authenticated_hash_chain,1000,500,1,11,501,260881,260881,501,5089833,5089.833,5.089833,501,,71c622aa3c81b83ba79c6e31a74a9d2ff148b79296bb46b5e7fb52607c785f71,True,True,True,True,True,True,,501,501,261403,260881,0
gmcp_r,1000,500,250,11,250,108035,108035,251,2254125,2254.125,2.254125,750,574fe1dc3ed0931444d9d176c731dfee08593071696094c3cfedd3791176b4ae,,True,True,True,True,True,True,,250,250,108181,107750,215284
authenticated_hash_chain,1000,500,250,11,750,390649,390649,750,6976709,6976.709,6.976709,750,,6d0e24c0b4d6451d2aff7336755c205d6b93a20821a8de454cfca3d87523f346,True,True,True,True,True,True,,750,750,391170,390649,0
gmcp_r,1000,500,499,11,499,215354,215354,500,4267625,4267.625,4.267625,999,2abee766d40dac52c6f77c2ef9d4e7279b1b705394b26c1058267a89ac113c55,,True,True,True,True,True,True,,499,499,215502,215069,215284
authenticated_hash_chain,1000,500,499,11,999,520420,520420,999,9441334,9441.334,9.441334,999,,1490e044cb654286abd7e18ea94957f1d28577a0a4facd3dec8ffb5d144d53ac,True,True,True,True,True,True,,999,999,520943,520420,0
gmcp_r,1000,500,1,12,1,715,715,2,56542,56.542,0.056542,501,3b72c2ca8ce27c7927bf9ff89a3fd9a7a2e4b5c05fa805e5d15c024c9335cbcc,,True,True,True,True,True,True,,1,1,862,431,215284
authenticated_hash_chain,1000,500,1,12,501,260910,260910,501,4697708,4697.708,4.697708,501,,12252d705c0ea9e3b1edd63c21aa7694a1b98117a2728d49d66092579393c27d,True,True,True,True,True,True,,501,501,261431,260910,0
gmcp_r,1000,500,250,12,250,108034,108034,251,2343167,2343.167,2.343167,750,486807e0a71c3235fef7c114e3a39b79e7fdf20f04e6969c3da01ec7abebb0d9,,True,True,True,True,True,True,,250,250,108181,107750,215284
authenticated_hash_chain,1000,500,250,12,750,390685,390685,750,6984250,6984.25,6.98425,750,,de53e97f85a58dc7c4c41435895208dfb5ce31aa3356625ffdc6837f6bf1a2b4,True,True,True,True,True,True,,750,750,391206,390685,0
gmcp_r,1000,500,499,12,499,215353,215353,500,4125000,4125.0,4.125,999,14a96c0cc8f84c03fba0d2d25ee1d47317f067aa80a82f677fcb31599b089dd2,,True,True,True,True,True,True,,499,499,215502,215069,215284
authenticated_hash_chain,1000,500,499,12,999,520464,520464,999,9693834,9693.834,9.693834,999,,03406590739175cd3e3dbc1a46f74c31eed607843dd5ae031cab094bc5fa9188,True,True,True,True,True,True,,999,999,520987,520464,0
gmcp_r,1000,500,1,13,1,715,715,2,66250,66.25,0.06625,501,a44825aeb700aad6781bb48bde29c27fc9ac6a05956af50e491acbb8673e3fe1,,True,True,True,True,True,True,,1,1,862,431,215284
authenticated_hash_chain,1000,500,1,13,501,260892,260892,501,4749250,4749.25,4.74925,501,,d195cf62e6b853930775e1950d19b945214e8c81c0fbdafb07b48a67576cdb27,True,True,True,True,True,True,,501,501,261413,260892,0
gmcp_r,1000,500,250,13,250,108034,108034,251,2277458,2277.458,2.277458,750,12bd822664336b304e472656d849a5c3b1a122de9d516ca9c88c56603098fa69,,True,True,True,True,True,True,,250,250,108181,107750,215284
authenticated_hash_chain,1000,500,250,13,750,390657,390657,750,7545000,7545.0,7.545,750,,f32348d337ee610d7cadb8a630254f9c1a1e37ef82635b81ab524bf0a8af944a,True,True,True,True,True,True,,750,750,391179,390657,0
gmcp_r,1000,500,499,13,499,215353,215353,500,4393209,4393.209,4.393209,999,ca2df338a1494c43b42e73b76072895ffdf5df97c112eac2b71cca65daa64ee9,,True,True,True,True,True,True,,499,499,215502,215069,215284
authenticated_hash_chain,1000,500,499,13,999,520434,520434,999,9678958,9678.958,9.678958,999,,bc8e8fd4b4afa05c5dbb35dc0f25d222ae4f2d88a6f166f336f4737c35de99da,True,True,True,True,True,True,,999,999,520957,520434,0
gmcp_r,1000,500,1,14,1,716,716,2,146459,146.459,0.146459,501,9539088caa885b120a3df7e6cd14bd4574a64e2cc779604da18ed53417cb56dd,,True,True,True,True,True,True,,1,1,862,431,215284
authenticated_hash_chain,1000,500,1,14,501,260904,260904,501,4898375,4898.375,4.898375,501,,dc204e4da9154dea0c429ab189173df022e3824d2f9a186679f8fd006a5fa598,True,True,True,True,True,True,,501,501,261425,260904,0
gmcp_r,1000,500,250,14,250,108035,108035,251,2069542,2069.542,2.069542,750,adcbb8e2a2ca1c8935a7a9f38d8283ca54facf454606e0792180b001af1bf7e4,,True,True,True,True,True,True,,250,250,108181,107750,215284
authenticated_hash_chain,1000,500,250,14,750,390670,390670,750,7185375,7185.375,7.185375,750,,78f8c41fdf6b2b170d0903229e9f3de0f53ae7cd0af9cf23aa2fe3ac8cbe1f6b,True,True,True,True,True,True,,750,750,391191,390670,0
gmcp_r,1000,500,499,14,499,215354,215354,500,4082500,4082.5,4.0825,999,652774376d34e0f2489fbde421500199a751f00c855bd40664c0e73ac2c134dc,,True,True,True,True,True,True,,499,499,215502,215069,215284
authenticated_hash_chain,1000,500,499,14,999,520436,520436,999,9287292,9287.292,9.287292,999,,584ed2a213e2dda6a61d6316a78507651e3bf0b5558305efb5f8ad11258c25a9,True,True,True,True,True,True,,999,999,520959,520436,0
gmcp_r,1000,500,1,15,1,716,716,2,147625,147.625,0.147625,501,9c4b63a310f36d006cceaaaf04085cd05f23c18545095f242a81239b61ba1d62,,True,True,True,True,True,True,,1,1,862,431,215284
authenticated_hash_chain,1000,500,1,15,501,260902,260902,501,4807750,4807.75,4.80775,501,,5fe5b6490767ba537f232047cc7cf5e7f2e2d81252ef63f14d8f48e7db779fb3,True,True,True,True,True,True,,501,501,261424,260902,0
gmcp_r,1000,500,250,15,250,108035,108035,251,2067541,2067.541,2.067541,750,7ea82a9b54e02611a107fd8aca448a4d3a2cdaa1266febd8f7fbd799363ba4c9,,True,True,True,True,True,True,,250,250,108181,107750,215284
authenticated_hash_chain,1000,500,250,15,750,390674,390674,750,7343583,7343.583,7.343583,750,,a704165b4c96af5fce5e7f8e31e2a4413404ef5acec58b50f2d9093e9224935a,True,True,True,True,True,True,,750,750,391195,390674,0
gmcp_r,1000,500,499,15,499,215354,215354,500,4248542,4248.542,4.248542,999,0dbf061defdf8b80c0b5bf5c6d1ec7152822c408a490fa490970fd5771ffdd40,,True,True,True,True,True,True,,499,499,215502,215069,215284
authenticated_hash_chain,1000,500,499,15,999,520469,520469,999,9874334,9874.334,9.874334,999,,68233dc371f98b4ebb9fa6cd2143a9623a1bf0ccc74943dec97f1ae93dfebb0f,True,True,True,True,True,True,,999,999,520992,520469,0
gmcp_r,1000,500,1,16,1,716,716,2,76875,76.875,0.076875,501,bd7ddf2b9b87ca2c57540b73adf2c0a824aaa20de7be8a9b8c6b85d555322553,,True,True,True,True,True,True,,1,1,862,431,215284
authenticated_hash_chain,1000,500,1,16,501,260907,260907,501,5096875,5096.875,5.096875,501,,ba730ad4574ac8d56052fc2005f62615858169666cbf6e599cdf43299a9cd31e,True,True,True,True,True,True,,501,501,261429,260907,0
gmcp_r,1000,500,250,16,250,108035,108035,251,2280375,2280.375,2.280375,750,553ddd1c5546217eb09b2dee5e09b1c5d415c83b79a9c196da67a4e40ab66697,,True,True,True,True,True,True,,250,250,108181,107750,215284
authenticated_hash_chain,1000,500,250,16,750,390686,390686,750,7551625,7551.625,7.551625,750,,4338d5d1cf154f671aa8438c036cf8f8cadda6ec9a303f0f387d3d7b791a32db,True,True,True,True,True,True,,750,750,391208,390686,0
gmcp_r,1000,500,499,16,499,215354,215354,500,4202625,4202.625,4.202625,999,ab7e1587cebca831fc97f4c6aa1ab3f6bb73f4927fe2ede24824dab8c8064d8e,,True,True,True,True,True,True,,499,499,215502,215069,215284
authenticated_hash_chain,1000,500,499,16,999,520446,520446,999,9599291,9599.291,9.599291,999,,c416f048ee1c5418fcb4b07ca284827976c6d157d0c9641c6c364355401f50ac,True,True,True,True,True,True,,999,999,520969,520446,0
gmcp_r,1000,500,1,17,1,716,716,2,116041,116.041,0.116041,501,cba1c36c252d639e2d9c650f779878029e8ab9ecfa12a1a5fa121ae34485fde4,,True,True,True,True,True,True,,1,1,862,431,215284
authenticated_hash_chain,1000,500,1,17,501,260902,260902,501,4886542,4886.542,4.886542,501,,70a9cda35459d56e389def30a5da0a194e1f236f1fa936d715927bbe6eb87ba1,True,True,True,True,True,True,,501,501,261423,260902,0
gmcp_r,1000,500,250,17,250,108035,108035,251,2101958,2101.958,2.101958,750,c244dd19de416843da47f0de01160d11ff2499b8c2cf00f4d3ab44136ae452d3,,True,True,True,True,True,True,,250,250,108181,107750,215284
authenticated_hash_chain,1000,500,250,17,750,390668,390668,750,7421667,7421.667,7.421667,750,,55a3240669ac041dd86354cbca8be6f92f682fcd76c6d228a262b223d6527bc9,True,True,True,True,True,True,,750,750,391190,390668,0
gmcp_r,1000,500,499,17,499,215354,215354,500,4219250,4219.25,4.21925,999,2f672f4951a1974e6e7c25033f30bec37695043b3ebaecb651870bc03030dc29,,True,True,True,True,True,True,,499,499,215502,215069,215284
authenticated_hash_chain,1000,500,499,17,999,520463,520463,999,9799667,9799.667,9.799667,999,,ccb037eda06fbc80fc2edd9df9b4e0f093c2dfa6e87fa4d0af60c038966b37c3,True,True,True,True,True,True,,999,999,520986,520463,0
gmcp_r,1000,500,1,18,1,716,716,2,74750,74.75,0.07475,501,48610c29e3d4aa78248488f0b5e2b5ab6eac467325c922fea6b935d2332b1a6b,,True,True,True,True,True,True,,1,1,862,431,215284
authenticated_hash_chain,1000,500,1,18,501,260920,260920,501,4715000,4715.0,4.715,501,,0cdd0079eb9ed19f781b58caf90a19589c45e7df99591166d47d9f47a35dd6e5,True,True,True,True,True,True,,501,501,261441,260920,0
gmcp_r,1000,500,250,18,250,108035,108035,251,2177125,2177.125,2.177125,750,80401d8bea694964132dfda4087f8f4a842b5b6c7f4ba14f327b597698c097e8,,True,True,True,True,True,True,,250,250,108181,107750,215284
authenticated_hash_chain,1000,500,250,18,750,390700,390700,750,7162208,7162.208,7.162208,750,,89352042e5b6dd6d25370bad647d0d6131ee54007ed0f61c17079a9a1e43aa8b,True,True,True,True,True,True,,750,750,391222,390700,0
gmcp_r,1000,500,499,18,499,215354,215354,500,4327666,4327.666,4.327666,999,4bd3cc7677218a7082953f46392477d05cb6cab43797f2cc0dce367a9ff0de6a,,True,True,True,True,True,True,,499,499,215502,215069,215284
authenticated_hash_chain,1000,500,499,18,999,520490,520490,999,9475583,9475.583,9.475583,999,,ad6868b3dda92f5ced67f90cd3087d715fccd7eeed44db64cd9988625923afe1,True,True,True,True,True,True,,999,999,521014,520490,0
gmcp_r,1000,500,1,19,1,715,715,2,133875,133.875,0.133875,501,6ef3b38d7457a1fe7556e0ff4752909cf0be429fb304f71778f0c7332e44ecc9,,True,True,True,True,True,True,,1,1,862,431,215284
authenticated_hash_chain,1000,500,1,19,501,260891,260891,501,5028083,5028.083,5.028083,501,,c20b165ed597bd291d28cfec6c3d8e9671acd0145fabe62c696ceaa4e75945dc,True,True,True,True,True,True,,501,501,261412,260891,0
gmcp_r,1000,500,250,19,250,108034,108034,251,2140209,2140.209,2.140209,750,ec969c1222f2bc132102078f5d62eba6fb9eb33d8eb0905139d0418b0b234e9e,,True,True,True,True,True,True,,250,250,108181,107750,215284
authenticated_hash_chain,1000,500,250,19,750,390673,390673,750,7254833,7254.833,7.254833,750,,b39549706a2e6b849ad6424a2855c32d8f0361859b661bf59d1bc1f66d2884e0,True,True,True,True,True,True,,750,750,391194,390673,0
gmcp_r,1000,500,499,19,499,215353,215353,500,4108500,4108.5,4.1085,999,d95e704cd25c5e9340bafeb6fb08f681eca6414bdb910253737f9183cc286a6d,,True,True,True,True,True,True,,499,499,215502,215069,215284
authenticated_hash_chain,1000,500,499,19,999,520439,520439,999,9698375,9698.375,9.698375,999,,6a8ab6ee87a5066800b890dd09407e51979a20459171e73010a6dfe82836d85a,True,True,True,True,True,True,,999,999,520963,520439,0
gmcp_r,1000,500,1,20,1,716,716,2,117459,117.459,0.117459,501,a4e18dd4529b68dbe22495a8cbf4464ac932a21dfc8bed28cd49c83977835298,,True,True,True,True,True,True,,1,1,862,431,215284
authenticated_hash_chain,1000,500,1,20,501,260926,260926,501,4876250,4876.25,4.87625,501,,3d77ef8eae75c564992033212c8c244f5bbe2432f6d318a7d6239f4f210dcbfe,True,True,True,True,True,True,,501,501,261447,260926,0
gmcp_r,1000,500,250,20,250,108035,108035,251,2072667,2072.667,2.072667,750,4a724bc33e49a2238e031ef7c7379009eee03c1a13d2c11b20427b884b2aa397,,True,True,True,True,True,True,,250,250,108181,107750,215284
authenticated_hash_chain,1000,500,250,20,750,390706,390706,750,7309666,7309.666,7.309666,750,,97933516b5e9724a5c4886b353e2085c207464f05c4d681db6c683286feee55f,True,True,True,True,True,True,,750,750,391227,390706,0
gmcp_r,1000,500,499,20,499,215354,215354,500,4245875,4245.875,4.245875,999,8ba4bf26c88329c1e2dd3ee9f7b41e71a8f5ecdff4ab74bac5f7f2beeb9c65a6,,True,True,True,True,True,True,,499,499,215502,215069,215284
authenticated_hash_chain,1000,500,499,20,999,520496,520496,999,9603875,9603.875,9.603875,999,,323fcde930f32426f4d71abb1b7b95a846256defff76d1e03970da0f4c6d485d,True,True,True,True,True,True,,999,999,521019,520496,0
gmcp_r,1000,500,1,21,1,715,715,2,174458,174.458,0.174458,501,973f91967dfce8ac7d0223b3b3892713514c05e7ac1f14ce63cecc9195eb3d18,,True,True,True,True,True,True,,1,1,862,431,215284
authenticated_hash_chain,1000,500,1,21,501,260905,260905,501,4887917,4887.917,4.887917,501,,30a9d08f7f7735c4931a158816b666050f583f9d20bc47f995dc7639968503ae,True,True,True,True,True,True,,501,501,261426,260905,0
gmcp_r,1000,500,250,21,250,108034,108034,251,2276166,2276.166,2.276166,750,9edf2a1e3d40c0d0d2d640f2cfa9e2bcd748e0661d1b7c30ea67269db30ce888,,True,True,True,True,True,True,,250,250,108181,107750,215284
authenticated_hash_chain,1000,500,250,21,750,390687,390687,750,6990459,6990.459,6.990459,750,,ed0e6bb97400d3847256fc30c21c474972f26c703eeb43bb6bba41f665ed5e4e,True,True,True,True,True,True,,750,750,391208,390687,0
gmcp_r,1000,500,499,21,499,215353,215353,500,4351417,4351.417,4.351417,999,d56c350b8785c19cd78a372c30f54ff8949e737389df3cb7513f5c1fa441efac,,True,True,True,True,True,True,,499,499,215502,215069,215284
authenticated_hash_chain,1000,500,499,21,999,520447,520447,999,9854333,9854.333,9.854333,999,,50ecab367fbef64a4c9ff19f050a4635c2f6ae112e12434505d8d91583f6c608,True,True,True,True,True,True,,999,999,520970,520447,0
gmcp_r,1000,500,1,22,1,715,715,2,96625,96.625,0.096625,501,4bea50a5b90e0f57c1f0f7f9fb4fac6e26374bf4b3efd85a5910adbb19f1d9e7,,True,True,True,True,True,True,,1,1,862,431,215284
authenticated_hash_chain,1000,500,1,22,501,260911,260911,501,4855167,4855.167,4.855167,501,,ce5a10fe6d536f9441d18fd526eae2be7395511561fc0e4503bdd480e225603e,True,True,True,True,True,True,,501,501,261432,260911,0
gmcp_r,1000,500,250,22,250,108034,108034,251,2148583,2148.583,2.148583,750,34540b9a42ccde8747e33cea5a1981c38e21ca413d989fa3c2814264dffd90b7,,True,True,True,True,True,True,,250,250,108181,107750,215284
authenticated_hash_chain,1000,500,250,22,750,390676,390676,750,7287625,7287.625,7.287625,750,,4c55f460520d53395d759ea81681c87e6536e33c1d42c7140facbc28433c105e,True,True,True,True,True,True,,750,750,391196,390676,0
gmcp_r,1000,500,499,22,499,215353,215353,500,4271417,4271.417,4.271417,999,096e6c059c3203121f3d7dfd01db213365987b4e4485dce4f09d1c96fa8e62e5,,True,True,True,True,True,True,,499,499,215502,215069,215284
authenticated_hash_chain,1000,500,499,22,999,520449,520449,999,9747000,9747.0,9.747,999,,cb67e30d2f4cebd61ca0d10e06202df9650a94b3b0b76aa7870cb12cd9e23669,True,True,True,True,True,True,,999,999,520972,520449,0
gmcp_r,1000,500,1,23,1,715,715,2,110125,110.125,0.110125,501,8a5f263d0191e5a3d64983c64aec3205901611f0a8e916b7b3eb972c5443725f,,True,True,True,True,True,True,,1,1,862,431,215284
authenticated_hash_chain,1000,500,1,23,501,260898,260898,501,4772917,4772.917,4.772917,501,,d8cf7d798ea2fdf6cccbb117715a77d7c7915164f90cee6a635e10b1d92a73fd,True,True,True,True,True,True,,501,501,261420,260898,0
gmcp_r,1000,500,250,23,250,108034,108034,251,2061458,2061.458,2.061458,750,64eac145e1cff9657a8d588e13c140dcb6a8efbdf3729ad8be593e9cbeb31a4a,,True,True,True,True,True,True,,250,250,108181,107750,215284
authenticated_hash_chain,1000,500,250,23,750,390674,390674,750,7288083,7288.083,7.288083,750,,ea30b0528e9d00819355140d8787e583cc18b116205ade155032434f306ed9b9,True,True,True,True,True,True,,750,750,391195,390674,0
gmcp_r,1000,500,499,23,499,215353,215353,500,4384583,4384.583,4.384583,999,0f52c945a423557830aa50e3450e87028ada74132341f1d0e5f26305da2c4d2a,,True,True,True,True,True,True,,499,499,215502,215069,215284
authenticated_hash_chain,1000,500,499,23,999,520460,520460,999,9713417,9713.417,9.713417,999,,1c04cbab511421d0f66a25eb9233fe69e09e54a8242da81247647b15ae2ad52f,True,True,True,True,True,True,,999,999,520983,520460,0
gmcp_r,1000,500,1,24,1,713,713,2,156125,156.125,0.156125,501,51eefddf92726ae611ad535bfc3fe7d663747df30778e5356f6dec13c162e63e,,True,True,True,True,True,True,,1,1,862,431,215284
authenticated_hash_chain,1000,500,1,24,501,260892,260892,501,5015000,5015.0,5.015,501,,eeba42e40c24e2e490aaea58f8e5c1ea838e6c8da397dd648d6213b01544155f,True,True,True,True,True,True,,501,501,261413,260892,0
gmcp_r,1000,500,250,24,250,108032,108032,251,2090667,2090.667,2.090667,750,16ccf2d40ae0071cdef45bb6dba9464e63221316ebed7db8d38d32a922e64f31,,True,True,True,True,True,True,,250,250,108181,107750,215284
authenticated_hash_chain,1000,500,250,24,750,390657,390657,750,7258500,7258.5,7.2585,750,,0ae0f31834d66be93522793f4dbc90f3498705e28be03323618827d242d1252b,True,True,True,True,True,True,,750,750,391178,390657,0
gmcp_r,1000,500,499,24,499,215351,215351,500,4371292,4371.292,4.371292,999,06d6301e1185f909c1ed6f54656ed7d8c0ac009f1ceddec2b4ee244ba8d50ed3,,True,True,True,True,True,True,,499,499,215502,215069,215284
authenticated_hash_chain,1000,500,499,24,999,520425,520425,999,9623208,9623.208,9.623208,999,,50f61bc353afc9300ba3ee818c6a289a9240909a868c9ecf700b14d2200f488f,True,True,True,True,True,True,,999,999,520948,520425,0
gmcp_r,1000,500,1,25,1,715,715,2,57417,57.417,0.057417,501,f133fb58527be9f50539b993f1bdfd8e4926c04274f9d35a98e9c21cc97c1085,,True,True,True,True,True,True,,1,1,862,431,215284
authenticated_hash_chain,1000,500,1,25,501,260914,260914,501,4716250,4716.25,4.71625,501,,1dd5ed4d6837925c9f30f30ea8dcb4a1b234e8a0d521c9e28db42a86836dcbb1,True,True,True,True,True,True,,501,501,261436,260914,0
gmcp_r,1000,500,250,25,250,108034,108034,251,2096417,2096.417,2.096417,750,407798754aeb0b2363caf9b8ae376cc7538cca5f6d6434d6aa64fc58f242c04e,,True,True,True,True,True,True,,250,250,108181,107750,215284
authenticated_hash_chain,1000,500,250,25,750,390678,390678,750,7296250,7296.25,7.29625,750,,3e2d7f710a3a98417d692b3d27e59b0e323824301ab1d0ae70663c69f3352184,True,True,True,True,True,True,,750,750,391200,390678,0
gmcp_r,1000,500,499,25,499,215353,215353,500,4457667,4457.667,4.457667,999,8656bf8587d6231f16997477a2d45268492b21eedee3e2df283c3f3185bf7e5f,,True,True,True,True,True,True,,499,499,215502,215069,215284
authenticated_hash_chain,1000,500,499,25,999,520470,520470,999,9729875,9729.875,9.729875,999,,9519b95c8b3fb84f29f9d04e1557bcf565bc57f3fad503bfa52a0d99d4933b4c,True,True,True,True,True,True,,999,999,520994,520470,0
gmcp_r,1000,500,1,26,1,715,715,2,120875,120.875,0.120875,501,d98f7a84d93ae03aee27624dcfe5a74a73eab5f922a868967f3bcfa9a1b5fd77,,True,True,True,True,True,True,,1,1,862,431,215284
authenticated_hash_chain,1000,500,1,26,501,260893,260893,501,4996208,4996.208,4.996208,501,,a67d6846ae96871e9d6bc9d7625c2653ffb98f3dcbb2bbe1ed28c3debbd4e378,True,True,True,True,True,True,,501,501,261414,260893,0
gmcp_r,1000,500,250,26,250,108034,108034,251,2110250,2110.25,2.11025,750,53ba82eef29fa21a74a13c2e2ad19afdab55bc0c1d357507311befe22ff8d9cd,,True,True,True,True,True,True,,250,250,108181,107750,215284
authenticated_hash_chain,1000,500,250,26,750,390679,390679,750,7232041,7232.041,7.232041,750,,9f4f5081d2cded46bb191860c070e5802480c84c40fc94a826b876a6ec88825d,True,True,True,True,True,True,,750,750,391201,390679,0
gmcp_r,1000,500,499,26,499,215353,215353,500,4234000,4234.0,4.234,999,b9df95e51a435f08bb59868d04d3f4946b6d193267dec968e5d61fdc24d5f6c7,,True,True,True,True,True,True,,499,499,215502,215069,215284
authenticated_hash_chain,1000,500,499,26,999,520428,520428,999,9349209,9349.209,9.349209,999,,e52acb9a1241fb5a8c38180eb9f10ecc11048c8d457cc5cc2a091328fa560efa,True,True,True,True,True,True,,999,999,520952,520428,0
gmcp_r,1000,500,1,27,1,715,715,2,158458,158.458,0.158458,501,db4bae8378650723de7de9fbd00371663c0de5b2486551619c057af640183e70,,True,True,True,True,True,True,,1,1,862,431,215284
authenticated_hash_chain,1000,500,1,27,501,260918,260918,501,4959542,4959.542,4.959542,501,,9bd9df2577f7556c257a39a255d7c1afb7b5f4653aeb1e815fd85b33fcf74f37,True,True,True,True,True,True,,501,501,261440,260918,0
gmcp_r,1000,500,250,27,250,108034,108034,251,2111167,2111.167,2.111167,750,64511137bf7d4c8c3200f392ec6cb005043dc676ef17bd0e32b8f3089831ffc6,,True,True,True,True,True,True,,250,250,108181,107750,215284
authenticated_hash_chain,1000,500,250,27,750,390703,390703,750,7332083,7332.083,7.332083,750,,2ef6a65f79d448cb01e0eadf7dee3b1cca3102388b42ea034ef2daa2345d4501,True,True,True,True,True,True,,750,750,391224,390703,0
gmcp_r,1000,500,499,27,499,215353,215353,500,4400208,4400.208,4.400208,999,1de1434d6b4d81f58eb064bc0dba3fde1a409728e486e3ecb886e86e8e4f8e22,,True,True,True,True,True,True,,499,499,215502,215069,215284
authenticated_hash_chain,1000,500,499,27,999,520491,520491,999,9834750,9834.75,9.83475,999,,ccfdeb8ccb9b5b660fd1b2b14b0d47512898b1996a0cec896267f9fb723d854d,True,True,True,True,True,True,,999,999,521015,520491,0
gmcp_r,1000,500,1,28,1,716,716,2,73334,73.334,0.073334,501,bff025dba12f4dd123a114681afc2442a47848212ebd0ea6a903cd6a7af56f8a,,True,True,True,True,True,True,,1,1,862,431,215284
authenticated_hash_chain,1000,500,1,28,501,260911,260911,501,4707917,4707.917,4.707917,501,,345ae932f4e47bf54aea8f3015194dadc497b1045d9fbf07bea5f997e74da217,True,True,True,True,True,True,,501,501,261433,260911,0
gmcp_r,1000,500,250,28,250,108035,108035,251,2106667,2106.667,2.106667,750,1f6823c653d0fb46b3a1901935411e2d1ae97a189ed0c34ad54d1ca1c69c70a3,,True,True,True,True,True,True,,250,250,108181,107750,215284
authenticated_hash_chain,1000,500,250,28,750,390709,390709,750,7437750,7437.75,7.43775,750,,3fa11c37642393c82c2c4e0b0d3e5ffa0985468e3fd36401ec54e039f085e604,True,True,True,True,True,True,,750,750,391231,390709,0
gmcp_r,1000,500,499,28,499,215354,215354,500,4253375,4253.375,4.253375,999,f131bc999832bc3a82463fec4be454d10e96c39ed749da98b37ef4429ffaa50e,,True,True,True,True,True,True,,499,499,215502,215069,215284
authenticated_hash_chain,1000,500,499,28,999,520482,520482,999,9608375,9608.375,9.608375,999,,fae5d4075c51cc4907081feb72aea16ec3acea25c0cafecdce7c807dccf3620b,True,True,True,True,True,True,,999,999,521004,520482,0
gmcp_r,1000,500,1,29,1,715,715,2,87792,87.792,0.087792,501,a328faf6376e0bac304d89fa9100aa9759c90f3932a41fa18a8f3f38347f6a98,,True,True,True,True,True,True,,1,1,862,431,215284
authenticated_hash_chain,1000,500,1,29,501,260908,260908,501,4852291,4852.291,4.852291,501,,7323f40eb5aca1dee30c81834a88d1e6b08daec62cffce930e60b8583331c8eb,True,True,True,True,True,True,,501,501,261429,260908,0
gmcp_r,1000,500,250,29,250,108034,108034,251,2115916,2115.916,2.115916,750,7fb84c9a0f96e9a3ff4255dff39b66faa755f4b34702eb5f18d5218db02436ba,,True,True,True,True,True,True,,250,250,108181,107750,215284
authenticated_hash_chain,1000,500,250,29,750,390668,390668,750,7462250,7462.25,7.46225,750,,98268126ab4532b66a377c5cba3e064d5411923b90b7ec29b304702a2ea18865,True,True,True,True,True,True,,750,750,391189,390668,0
gmcp_r,1000,500,499,29,499,215353,215353,500,4187792,4187.792,4.187792,999,45efd689cd455b701692ed05927807098ba938d5488418a1ce81c58fb00e9af8,,True,True,True,True,True,True,,499,499,215502,215069,215284
authenticated_hash_chain,1000,500,499,29,999,520443,520443,999,9552500,9552.5,9.5525,999,,cbc09fb9bd79a3b896f7e1701813a350ce20772eaf0c2d4c5b5e9e70d5367f18,True,True,True,True,True,True,,999,999,520966,520443,0
gmcp_r,1000,500,1,30,1,716,716,2,121333,121.333,0.121333,501,39e2fea5d0dad0780f50054f82f3bcbf4aa16b18ebd77f2050241b39be6d3b71,,True,True,True,True,True,True,,1,1,862,431,215284
authenticated_hash_chain,1000,500,1,30,501,260892,260892,501,4845792,4845.792,4.845792,501,,fb29a313339469d2aaf77c973380c5acc9860fa5104af376c2abb587162584cb,True,True,True,True,True,True,,501,501,261414,260892,0
gmcp_r,1000,500,250,30,250,108035,108035,251,2084959,2084.959,2.084959,750,03218adbb1efdb43498b10aacf73774b09651abf536af88f3f34340348631b3f,,True,True,True,True,True,True,,250,250,108181,107750,215284
authenticated_hash_chain,1000,500,250,30,750,390661,390661,750,7294375,7294.375,7.294375,750,,e791abb96ebb514bb3f8c5bbaef416ef90a02128c2ae1bcac0871484d1d0df9c,True,True,True,True,True,True,,750,750,391182,390661,0
gmcp_r,1000,500,499,30,499,215354,215354,500,4077958,4077.958,4.077958,999,ad68b5211d3551bf27e03ed50440b1721e05aa27bc311920c690b6b1f5385e2c,,True,True,True,True,True,True,,499,499,215502,215069,215284
authenticated_hash_chain,1000,500,499,30,999,520429,520429,999,9552125,9552.125,9.552125,999,,b0237298d9eee8d4e4ea03d9e6e84dcd7f33645dd2b72b647124f1c561e01fce,True,True,True,True,True,True,,999,999,520952,520429,0
gmcp_r,10000,10,1,1,1,717,717,2,158750,158.75,0.15875,9991,d6b47013f5f7dbd7d42c4467d9616a03065bee48d7ca848a7e89fffa97142a20,,True,True,True,True,True,True,,1,1,862,431,4303476
authenticated_hash_chain,10000,10,1,1,9991,5205071,5205071,9991,95387667,95387.667,95.387667,9991,,70fa7f1cc6f126c9ae15ef131e1c94de3b8c4807a365c631534654ccaf103bcf,True,True,True,True,True,True,,9991,9991,5205592,5205071,0
gmcp_r,10000,10,5,1,5,2441,2441,6,121250,121.25,0.12125,9995,c71354a02940589197f6055c04f8cede8ab26998db87edb0ea8ef48ddacdaade,,True,True,True,True,True,True,,5,5,2586,2155,4303476
authenticated_hash_chain,10000,10,5,1,9995,5207154,5207154,9995,95635083,95635.083,95.635083,9995,,05dfd193ad78f48747fe9bc06c423c4b8e00e617197cc2d286fc1f5fef8ad725,True,True,True,True,True,True,,9995,9995,5207675,5207154,0
gmcp_r,10000,10,9,1,9,4165,4165,10,170625,170.625,0.170625,9999,b074f79267d135734ac50cbed4bce069481a3b50bf7108ff9fc51d061a93f37c,,True,True,True,True,True,True,,9,9,4312,3879,4303476
authenticated_hash_chain,10000,10,9,1,9999,5209241,5209241,9999,96207000,96207.0,96.207,9999,,b0a9126a7139362ab8b6f236b0f264fe3d3992b95172085093c7a2629ecded2a,True,True,True,True,True,True,,9999,9999,5209764,5209241,0
gmcp_r,10000,10,1,2,1,717,717,2,185250,185.25,0.18525,9991,fef652b3533e21419cccb3185520827bf5a0759bb4a4c26b4e923f74e8d4ee10,,True,True,True,True,True,True,,1,1,862,431,4303476
authenticated_hash_chain,10000,10,1,2,9991,5204994,5204994,9991,95751083,95751.083,95.751083,9991,,a559e9df2655b4a1d4d8f45aad4b017c0878d3f44a74c5960dc711da99a9ace0,True,True,True,True,True,True,,9991,9991,5205515,5204994,0
gmcp_r,10000,10,5,2,5,2441,2441,6,147291,147.291,0.147291,9995,60a430914310d5cbed655b8a4c0fc0e1e2bad09a3d377c038589d8f859578260,,True,True,True,True,True,True,,5,5,2586,2155,4303476
authenticated_hash_chain,10000,10,5,2,9995,5207079,5207079,9995,96117291,96117.291,96.117291,9995,,98f9632cf14f36572986b8bd0a0bbd3aa14d21227e1f35a6ae6d521743bc0140,True,True,True,True,True,True,,9995,9995,5207600,5207079,0
gmcp_r,10000,10,9,2,9,4165,4165,10,163833,163.833,0.163833,9999,5d67c6062542d78a883366465fe81aeed3f20090862ef0b27fbd19a4f8bdaa6d,,True,True,True,True,True,True,,9,9,4312,3879,4303476
authenticated_hash_chain,10000,10,9,2,9999,5209163,5209163,9999,96290791,96290.791,96.290791,9999,,c8b0b223274990e8e12d4b6bd60fd0ee0bed6d6e734592b04959ea1629a279a5,True,True,True,True,True,True,,9999,9999,5209686,5209163,0
gmcp_r,10000,10,1,3,1,717,717,2,117250,117.25,0.11725,9991,c68fe25ec0d56bf26a1a9a5d71c66c077aeb80d906a1db31c031f4370c19b6e2,,True,True,True,True,True,True,,1,1,862,431,4303476
authenticated_hash_chain,10000,10,1,3,9991,5204992,5204992,9991,121429041,121429.041,121.429041,9991,,309ea8f3c703a08694b14da3c13acec58bfc296334178dc3123edee9ff9f9e99,True,True,True,True,True,True,,9991,9991,5205514,5204992,0
gmcp_r,10000,10,5,3,5,2441,2441,6,109250,109.25,0.10925,9995,d804d2224dd784213168281af1772e1a50945834f038eea706fdbf0acdd788fb,,True,True,True,True,True,True,,5,5,2586,2155,4303476
authenticated_hash_chain,10000,10,5,3,9995,5207079,5207079,9995,96079166,96079.166,96.079166,9995,,8fa5be269a911a66e0ababbb484b0aef9f85051351ca7d284902027fc1836d2b,True,True,True,True,True,True,,9995,9995,5207600,5207079,0
gmcp_r,10000,10,9,3,9,4165,4165,10,141750,141.75,0.14175,9999,98b2ef0259a0b3fdc0220f4adf82986bbb3c3cfeadd8001e1c9f8ecfa9ee87cd,,True,True,True,True,True,True,,9,9,4312,3879,4303476
authenticated_hash_chain,10000,10,9,3,9999,5209163,5209163,9999,95405000,95405.0,95.405,9999,,f92256854c6ea62140ac59f09cb3ecbcc4bc3c4269bf091325420572078fefdd,True,True,True,True,True,True,,9999,9999,5209687,5209163,0
gmcp_r,10000,10,1,4,1,717,717,2,162500,162.5,0.1625,9991,8f8722cd12b460e3ca4be4c9acbf4404b6d6ba68046dc2e59ebf0bfc595460da,,True,True,True,True,True,True,,1,1,862,431,4303476
authenticated_hash_chain,10000,10,1,4,9991,5205043,5205043,9991,107804125,107804.125,107.804125,9991,,6418c3c5223a8491e529ce7c4a8eaf827e8a82e3715cf67af8a6e97c3a4fe69f,True,True,True,True,True,True,,9991,9991,5205564,5205043,0
gmcp_r,10000,10,5,4,5,2441,2441,6,144500,144.5,0.1445,9995,c281bd8aee0e2a45d98e08389156baff34ec45ee5dd869cbc7facb5d0c02b1f2,,True,True,True,True,True,True,,5,5,2586,2155,4303476
authenticated_hash_chain,10000,10,5,4,9995,5207127,5207127,9995,108571334,108571.334,108.571334,9995,,46a4187d77386a52d28b2e360a4265bab810aa10d9f78ea7d10a4c6ee04a2c18,True,True,True,True,True,True,,9995,9995,5207648,5207127,0
gmcp_r,10000,10,9,4,9,4165,4165,10,177708,177.708,0.177708,9999,7602552fe3f91585ec7c561b669f6ff4588e5bf851c8a9b15168069e5d919b27,,True,True,True,True,True,True,,9,9,4312,3879,4303476
authenticated_hash_chain,10000,10,9,4,9999,5209210,5209210,9999,112947583,112947.583,112.947583,9999,,5bf6730cd7c05a7cddf6b0d929d62e8e0dabf4d916b894f9e3252da15d9cdf8a,True,True,True,True,True,True,,9999,9999,5209734,5209210,0
gmcp_r,10000,10,1,5,1,718,718,2,276583,276.583,0.276583,9991,5da5a9241402f21a866acf48e80e3e50d09917adbb3bb6cf0be1e6ad67956755,,True,True,True,True,True,True,,1,1,862,431,4303476
authenticated_hash_chain,10000,10,1,5,9991,5205052,5205052,9991,111540083,111540.083,111.540083,9991,,96c5927b58368c930baef9ba4e5e17db54fd7a379a3eb0ede4bda442ac044329,True,True,True,True,True,True,,9991,9991,5205574,5205052,0
gmcp_r,10000,10,5,5,5,2442,2442,6,285750,285.75,0.28575,9995,d040083dccb083969f3d5ca2d1e270b9ab15abb61f50811461e1e27897581e4d,,True,True,True,True,True,True,,5,5,2586,2155,4303476
authenticated_hash_chain,10000,10,5,5,9995,5207139,5207139,9995,108674792,108674.792,108.674792,9995,,6b71c7c303a468a57dae6f0b0b98699f63cdf73702a4554fcea342807982dd4a,True,True,True,True,True,True,,9995,9995,5207660,5207139,0
gmcp_r,10000,10,9,5,9,4166,4166,10,168333,168.333,0.168333,9999,c410c2b7fe55b7aad13af07cdf4c3c0c2f9af1c97f15d12ae5d5f9f508877239,,True,True,True,True,True,True,,9,9,4312,3879,4303476
authenticated_hash_chain,10000,10,9,5,9999,5209224,5209224,9999,130661042,130661.042,130.661042,9999,,51a899143cd1afb41a27b0ef6f7f6be973a021fd3df4ce6da799f7b14a2ef911,True,True,True,True,True,True,,9999,9999,5209748,5209224,0
gmcp_r,10000,10,1,6,1,717,717,2,146042,146.042,0.146042,9991,6a9eadd28a537907c2fa0b1daa45b03c528f818a8ebaa2a8370b99c61fe74d0d,,True,True,True,True,True,True,,1,1,862,431,4303476
authenticated_hash_chain,10000,10,1,6,9991,5204973,5204973,9991,99520000,99520.0,99.52,9991,,61cbc472d7d94410e9c62ff75a5fcfe43c3290fc1f72a844f6b5059caf938857,True,True,True,True,True,True,,9991,9991,5205494,5204973,0
gmcp_r,10000,10,5,6,5,2441,2441,6,165250,165.25,0.16525,9995,36d5261dff6821117a40bbd8e501af00a7069b2b7267519ac1310af4e8e43842,,True,True,True,True,True,True,,5,5,2586,2155,4303476
authenticated_hash_chain,10000,10,5,6,9995,5207057,5207057,9995,116105292,116105.292,116.105292,9995,,eea06bc1d112c36ea06e064c6fd4738f049737d7d34d698d9ad1d74937331349,True,True,True,True,True,True,,9995,9995,5207578,5207057,0
gmcp_r,10000,10,9,6,9,4165,4165,10,219292,219.292,0.219292,9999,14544eebb7b1ace93083e139c4ec3a81f7b9373c5aa648fe9fc52c2313d33074,,True,True,True,True,True,True,,9,9,4312,3879,4303476
authenticated_hash_chain,10000,10,9,6,9999,5209141,5209141,9999,115220458,115220.458,115.220458,9999,,df1d2b30505043b4aa23c00c34b7ae282e64e5d2409ce1bb92b266b363db4b08,True,True,True,True,True,True,,9999,9999,5209664,5209141,0
gmcp_r,10000,10,1,7,1,717,717,2,201416,201.416,0.201416,9991,3ff7a1b9a129f1658bf4ae009341130a46e6d0ed0830f7988b22325ea582b092,,True,True,True,True,True,True,,1,1,862,431,4303476
authenticated_hash_chain,10000,10,1,7,9991,5204977,5204977,9991,100631084,100631.084,100.631084,9991,,88beabdd19890b370a96043caba94af2f4db9d7925c1f780177d37ab25314510,True,True,True,True,True,True,,9991,9991,5205498,5204977,0
gmcp_r,10000,10,5,7,5,2441,2441,6,208083,208.083,0.208083,9995,70e599f97a91c624b62292f89d9cc56def592f3bd8a26035bb2fc15e7373eae4,,True,True,True,True,True,True,,5,5,2586,2155,4303476
authenticated_hash_chain,10000,10,5,7,9995,5207061,5207061,9995,96307708,96307.708,96.307708,9995,,4350e67b908c75d11a1c2aecef0d03a095721f1c3484f08e06cae0b9adf989bf,True,True,True,True,True,True,,9995,9995,5207583,5207061,0
gmcp_r,10000,10,9,7,9,4165,4165,10,151959,151.959,0.151959,9999,c52590ae7e90c33acb2802ce57742edce282a66ac6ddebc7ed105cc0b0066d03,,True,True,True,True,True,True,,9,9,4312,3879,4303476
authenticated_hash_chain,10000,10,9,7,9999,5209147,5209147,9999,98284167,98284.167,98.284167,9999,,8b5bbcd3c5b313c0abefe228a60969a68a5521b8e87f110df819935f6480be80,True,True,True,True,True,True,,9999,9999,5209670,5209147,0
gmcp_r,10000,10,1,8,1,717,717,2,123208,123.208,0.123208,9991,136d59e15276c39db424e9948ebb11dd504e010b06a5e24edc2cb435b53af426,,True,True,True,True,True,True,,1,1,862,431,4303476
authenticated_hash_chain,10000,10,1,8,9991,5205045,5205045,9991,96059458,96059.458,96.059458,9991,,ee1bdb2ea302cbfb8db8f5977c78ffdc543a098e166bb7563e7e32877518b188,True,True,True,True,True,True,,9991,9991,5205566,5205045,0
gmcp_r,10000,10,5,8,5,2441,2441,6,125042,125.042,0.125042,9995,a8413e2fe3178c3d019c414c5d79052f2218371c7f181b08aadd236ba9b518f4,,True,True,True,True,True,True,,5,5,2586,2155,4303476
authenticated_hash_chain,10000,10,5,8,9995,5207130,5207130,9995,95311583,95311.583,95.311583,9995,,74eb751c8291cade026c92a8560a7853332d32b90c1dd30af193a405da7610ab,True,True,True,True,True,True,,9995,9995,5207651,5207130,0
gmcp_r,10000,10,9,8,9,4165,4165,10,155459,155.459,0.155459,9999,a4dd182e63b92efdd4ab17a9aba9f1faa1c370deacdb4cd7a51e54367f238496,,True,True,True,True,True,True,,9,9,4312,3879,4303476
authenticated_hash_chain,10000,10,9,8,9999,5209216,5209216,9999,95043917,95043.917,95.043917,9999,,9cc3856668ec0c425a5e8717c15d6ad103448d020f0cf15b868aca0c72b402ae,True,True,True,True,True,True,,9999,9999,5209739,5209216,0
gmcp_r,10000,10,1,9,1,715,715,2,111209,111.209,0.111209,9991,44e00e7fdd9b958eaec0fe56c90fa2e91d91bf824bfecb9034bd9f923ea401f7,,True,True,True,True,True,True,,1,1,862,431,4303476
authenticated_hash_chain,10000,10,1,9,9991,5205071,5205071,9991,95456375,95456.375,95.456375,9991,,db9cf37cd6396903791bff82675f07c9f309fb5cfff9113991816b03134b209a,True,True,True,True,True,True,,9991,9991,5205592,5205071,0
gmcp_r,10000,10,5,9,5,2439,2439,6,129792,129.792,0.129792,9995,d7d1b27a8d564e60cce2bbe620e6ed8982851593020d18bc31b1bab1195cfee7,,True,True,True,True,True,True,,5,5,2586,2155,4303476
authenticated_hash_chain,10000,10,5,9,9995,5207155,5207155,9995,96209542,96209.542,96.209542,9995,,bce41e76c8c92a623378bee53de8c89efabf70577bd2e810405321f9879ec946,True,True,True,True,True,True,,9995,9995,5207676,5207155,0
gmcp_r,10000,10,9,9,9,4163,4163,10,178250,178.25,0.17825,9999,834fb165c13c6c18f5adfd7d14ed2af3657ecff0d3fe8ad4630428c1f7b28c43,,True,True,True,True,True,True,,9,9,4312,3879,4303476
authenticated_hash_chain,10000,10,9,9,9999,5209239,5209239,9999,96927792,96927.792,96.927792,9999,,3b3c0526de708e295bdd7c913d21c1b23f2dc9a23b2330ca248f51ab84c376a1,True,True,True,True,True,True,,9999,9999,5209762,5209239,0
gmcp_r,10000,10,1,10,1,720,720,2,140834,140.834,0.140834,9991,bc1aae6e97ebb876ec9506526c0f23102ae02fdc8a202f35bd574494cd1210fa,,True,True,True,True,True,True,,1,1,866,433,4323456
authenticated_hash_chain,10000,10,1,10,9991,5225080,5225080,9991,97844500,97844.5,97.8445,9991,,4d2ea7a121da7be12b7a1a1b8423a68aad4dc21ffc37dcbe5329c3c030e9ebe8,True,True,True,True,True,True,,9991,9991,5225603,5225080,0
gmcp_r,10000,10,5,10,5,2452,2452,6,157583,157.583,0.157583,9995,6df6c34cfa54b99a7b91be5e07e26b5e626f85c68abf925fdccc3edcc9d4b6a1,,True,True,True,True,True,True,,5,5,2598,2165,4323456
authenticated_hash_chain,10000,10,5,10,9995,5227172,5227172,9995,120835583,120835.583,120.835583,9995,,90e54508652861cd0e66595914c5a1e8d84f602a5ca194fa1e355cef120647b8,True,True,True,True,True,True,,9995,9995,5227696,5227172,0
gmcp_r,10000,10,9,10,9,4184,4184,10,174084,174.084,0.174084,9999,a19d44048c317320c68f57a6954a9eedb50d7d25ad55bd693ab5659fe2d030f1,,True,True,True,True,True,True,,9,9,4332,3897,4323456
authenticated_hash_chain,10000,10,9,10,9999,5229265,5229265,9999,95721417,95721.417,95.721417,9999,,6b1da5aa397c4316bde8769cd08893a2b21bdac47be39330d69cc3672e53a9a5,True,True,True,True,True,True,,9999,9999,5229789,5229265,0
gmcp_r,10000,10,1,11,1,720,720,2,137417,137.417,0.137417,9991,75353a684b7716c9eaf17e248747f4358937f9fe9bf870ec32042ca134c323a4,,True,True,True,True,True,True,,1,1,866,433,4323456
authenticated_hash_chain,10000,10,1,11,9991,5224843,5224843,9991,95623417,95623.417,95.623417,9991,,a2eb668d52e033b7ee3a7c61565ade1e98d01faeb49adec94b129ed20c5ad46d,True,True,True,True,True,True,,9991,9991,5225367,5224843,0
gmcp_r,10000,10,5,11,5,2452,2452,6,117792,117.792,0.117792,9995,2c38cfd3068af64904594fbc7f3ced9eeccaa522ca3e828564866ada37a6d6e4,,True,True,True,True,True,True,,5,5,2598,2165,4323456
authenticated_hash_chain,10000,10,5,11,9995,5226937,5226937,9995,97809083,97809.083,97.809083,9995,,16ee2be455fb8360e9e39b47bac58306283c36398076232c187db2b21743f856,True,True,True,True,True,True,,9995,9995,5227460,5226937,0
gmcp_r,10000,10,9,11,9,4184,4184,10,162166,162.166,0.162166,9999,c97dff45e6529ce240e1cf7975528246cb6544d9b68ff6afd04bca8d31f5dcd5,,True,True,True,True,True,True,,9,9,4332,3897,4323456
authenticated_hash_chain,10000,10,9,11,9999,5229030,5229030,9999,95913917,95913.917,95.913917,9999,,885f3bbfab67e2fa9b936a559003e119e84be85411974c1f8af51c622ca200a2,True,True,True,True,True,True,,9999,9999,5229555,5229030,0
gmcp_r,10000,10,1,12,1,719,719,2,118958,118.958,0.118958,9991,241dadc0757f34cef43af7f82d21f070cb3fed771dcc1e02616ecad99363dd6d,,True,True,True,True,True,True,,1,1,866,433,4323456
authenticated_hash_chain,10000,10,1,12,9991,5225014,5225014,9991,97642333,97642.333,97.642333,9991,,32c4b09cdd94ecb2882c16e95b8daaa6df835ee524d1d05859f8cb7aa1613e29,True,True,True,True,True,True,,9991,9991,5225538,5225014,0
gmcp_r,10000,10,5,12,5,2451,2451,6,139250,139.25,0.13925,9995,fce122cd6d45251963bdcc4a6b3ad561b85e9b798af8f4122db39264393e1c6c,,True,True,True,True,True,True,,5,5,2598,2165,4323456
authenticated_hash_chain,10000,10,5,12,9995,5227107,5227107,9995,96993208,96993.208,96.993208,9995,,074b1f7669ee62a521ed78e305f11df1597151cf83bb1ef6cfa238d3add98af5,True,True,True,True,True,True,,9995,9995,5227630,5227107,0
gmcp_r,10000,10,9,12,9,4183,4183,10,259833,259.833,0.259833,9999,b1bbaad008b2ddad068c8af7631ed4448efc58440b784a8741c42d7c1bb33504,,True,True,True,True,True,True,,9,9,4332,3897,4323456
authenticated_hash_chain,10000,10,9,12,9999,5229200,5229200,9999,97380417,97380.417,97.380417,9999,,c7356f28da32e8adab0edbfb5ebc90c24d4e48b4db50525c8168f05333f2ed4c,True,True,True,True,True,True,,9999,9999,5229725,5229200,0
gmcp_r,10000,10,1,13,1,721,721,2,171750,171.75,0.17175,9991,d178cce45b468a919e2139b1bc81b8f5802e2d313d5271ff7d5962e012c281d9,,True,True,True,True,True,True,,1,1,866,433,4323456
authenticated_hash_chain,10000,10,1,13,9991,5225003,5225003,9991,98145042,98145.042,98.145042,9991,,66236832c559c86425f8db2aee5cd69f719e28eb9246dc8954ca3828eeb236da,True,True,True,True,True,True,,9991,9991,5225526,5225003,0
gmcp_r,10000,10,5,13,5,2453,2453,6,126959,126.959,0.126959,9995,308d1c2302231e164d15d9c0217dd898710c4ab2a3a49c1ea3c87cf1bb694294,,True,True,True,True,True,True,,5,5,2598,2165,4323456
authenticated_hash_chain,10000,10,5,13,9995,5227094,5227094,9995,98207958,98207.958,98.207958,9995,,c05b01df95601a32e14af6f837aa62b744bc0fe70d922e72639f11afbfcf7ea5,True,True,True,True,True,True,,9995,9995,5227618,5227094,0
gmcp_r,10000,10,9,13,9,4185,4185,10,155625,155.625,0.155625,9999,0916de77d4f92da21c880f558f24a03e9be1acc0f82930bb233a4b25304b7765,,True,True,True,True,True,True,,9,9,4332,3897,4323456
authenticated_hash_chain,10000,10,9,13,9999,5229189,5229189,9999,98721084,98721.084,98.721084,9999,,e48b5f49aad94259582349a4d3fb912498f38600209836a48e2cf359dd631386,True,True,True,True,True,True,,9999,9999,5229714,5229189,0
gmcp_r,10000,10,1,14,1,721,721,2,151416,151.416,0.151416,9991,46100a858b5e4364e6b1702f9b96d87db8e407c23f0e1f241465b44c48dac626,,True,True,True,True,True,True,,1,1,866,433,4323456
authenticated_hash_chain,10000,10,1,14,9991,5224854,5224854,9991,98010500,98010.5,98.0105,9991,,449f5f3bc0e01454af55651d15bf2669db5972338bcba93f1d033f482fa847ac,True,True,True,True,True,True,,9991,9991,5225378,5224854,0
gmcp_r,10000,10,5,14,5,2453,2453,6,122459,122.459,0.122459,9995,3130bde4756a64612244bd11cb8013eed355421458f7affc29004c8ae5ba390b,,True,True,True,True,True,True,,5,5,2598,2165,4323456
authenticated_hash_chain,10000,10,5,14,9995,5226949,5226949,9995,98330209,98330.209,98.330209,9995,,63c9c5a5a3ee29295cac996bcb2677bc8fa710139f779ed467623d77991dfb98,True,True,True,True,True,True,,9995,9995,5227472,5226949,0
gmcp_r,10000,10,9,14,9,4185,4185,10,180584,180.584,0.180584,9999,cfa755b2886fba6a5f313887ced2007b69e85163a83019e25f0a473368b79a84,,True,True,True,True,True,True,,9,9,4332,3897,4323456
authenticated_hash_chain,10000,10,9,14,9999,5229039,5229039,9999,97891708,97891.708,97.891708,9999,,c743ee2619aeedffcf9e5920d0fe0687908687d80dc9dd7ad7846312d1be80f5,True,True,True,True,True,True,,9999,9999,5229564,5229039,0
gmcp_r,10000,10,1,15,1,720,720,2,129833,129.833,0.129833,9991,0be3c1a0795c140bdf905b3926f6df80ffbe965e6329af9d817ec43cc1358e4e,,True,True,True,True,True,True,,1,1,866,433,4323456
authenticated_hash_chain,10000,10,1,15,9991,5224771,5224771,9991,96944083,96944.083,96.944083,9991,,77a97d3f25097712567ba685d23f0381770736ac6e934e48a78245dff75cf51a,True,True,True,True,True,True,,9991,9991,5225294,5224771,0
gmcp_r,10000,10,5,15,5,2452,2452,6,125625,125.625,0.125625,9995,8c11cd282743029553a085eb902d3ac2320dcf962b0c95da06ebafdea865b4f9,,True,True,True,True,True,True,,5,5,2598,2165,4323456
authenticated_hash_chain,10000,10,5,15,9995,5226865,5226865,9995,96162667,96162.667,96.162667,9995,,04a1b83a957a138df2da47c31e7dc4a7146396cf080acc0cd7ba8ae429356e31,True,True,True,True,True,True,,9995,9995,5227389,5226865,0
gmcp_r,10000,10,9,15,9,4184,4184,10,174667,174.667,0.174667,9999,643ca976928a25e8b33afc3f2bffabb78e3bf65edd30b6e07a56d4c260f6fdce,,True,True,True,True,True,True,,9,9,4332,3897,4323456
authenticated_hash_chain,10000,10,9,15,9999,5228959,5228959,9999,95183792,95183.792,95.183792,9999,,78e6974a87ba8b290f7a95ad6aad697f5cc38f1b6115b81b95bf9a33d3d54571,True,True,True,True,True,True,,9999,9999,5229483,5228959,0
gmcp_r,10000,10,1,16,1,721,721,2,178875,178.875,0.178875,9991,3ce5c171ac4b0468efb84b6cab61f9029c8d5c118d19f36e1152db3042c195fe,,True,True,True,True,True,True,,1,1,866,433,4323456
authenticated_hash_chain,10000,10,1,16,9991,5225082,5225082,9991,95840417,95840.417,95.840417,9991,,f6dad610ccb2d7cbe9be9f1a186f2a18491898730a13dcff56db066644948fc2,True,True,True,True,True,True,,9991,9991,5225605,5225082,0
gmcp_r,10000,10,5,16,5,2453,2453,6,131250,131.25,0.13125,9995,da6ca487391d92cfa9750ce43b642049b980a7b872b1edd3e000642acc896601,,True,True,True,True,True,True,,5,5,2598,2165,4323456
authenticated_hash_chain,10000,10,5,16,9995,5227175,5227175,9995,95658458,95658.458,95.658458,9995,,aaa065712134b928a26b05a9600e95c7012c1a87bb52041c788f7ea5af0d9cad,True,True,True,True,True,True,,9995,9995,5227698,5227175,0
gmcp_r,10000,10,9,16,9,4185,4185,10,160167,160.167,0.160167,9999,d68e89bfc538e63f18ae9a5c299ea74a363edfea71b41688bfd5bae6544d72cf,,True,True,True,True,True,True,,9,9,4332,3897,4323456
authenticated_hash_chain,10000,10,9,16,9999,5229267,5229267,9999,96076167,96076.167,96.076167,9999,,172f146ee640a3c51cd255861817069eaaf007067db7bb70e4f9c800ad14d57f,True,True,True,True,True,True,,9999,9999,5229792,5229267,0
gmcp_r,10000,10,1,17,1,720,720,2,145375,145.375,0.145375,9991,135897551090f35da1f8980bdab64b8c51744cd9698d1a04f6da280b0f9a5325,,True,True,True,True,True,True,,1,1,866,433,4323456
authenticated_hash_chain,10000,10,1,17,9991,5224978,5224978,9991,96257917,96257.917,96.257917,9991,,ecc953b61fbc56a220f3f71c72bb62b9bff8e62952aa4c9106826fe04602ce7d,True,True,True,True,True,True,,9991,9991,5225501,5224978,0
gmcp_r,10000,10,5,17,5,2452,2452,6,139084,139.084,0.139084,9995,be0f737590a88ea3896c32096aeb8fea35a577e28f8ab460bc57f7f02a209c9b,,True,True,True,True,True,True,,5,5,2598,2165,4323456
authenticated_hash_chain,10000,10,5,17,9995,5227070,5227070,9995,96903334,96903.334,96.903334,9995,,a182c01b20df0102b020e71e2807931f19331592eb4217f1014ace87f1d70db6,True,True,True,True,True,True,,9995,9995,5227593,5227070,0
gmcp_r,10000,10,9,17,9,4184,4184,10,166916,166.916,0.166916,9999,3c06483c7e32809a82c6931e22bc2753d16783b86cab063698cce3578c146761,,True,True,True,True,True,True,,9,9,4332,3897,4323456
authenticated_hash_chain,10000,10,9,17,9999,5229163,5229163,9999,96830833,96830.833,96.830833,9999,,04d76b35cdf6100c548526e32091fe476d53702b22a645e26ee00f94c5503293,True,True,True,True,True,True,,9999,9999,5229689,5229163,0
gmcp_r,10000,10,1,18,1,721,721,2,163584,163.584,0.163584,9991,8035c7ed34c80e36de3506030b356c4aeb48f735ecb3213f5d447823a71b528f,,True,True,True,True,True,True,,1,1,866,433,4323456
authenticated_hash_chain,10000,10,1,18,9991,5225019,5225019,9991,95352083,95352.083,95.352083,9991,,57c26011f1401c76eebabaa1ed8909386cb10ba7ee97625667379617ad750611,True,True,True,True,True,True,,9991,9991,5225542,5225019,0
gmcp_r,10000,10,5,18,5,2453,2453,6,123583,123.583,0.123583,9995,9d3ce9bdecc3b2b3b6ab2fb6c970fb66361f77a156f75c6c9848ba566f265dcc,,True,True,True,True,True,True,,5,5,2598,2165,4323456
authenticated_hash_chain,10000,10,5,18,9995,5227111,5227111,9995,96375291,96375.291,96.375291,9995,,0bfce55da2e2b8934749f06ff2dededfac4094d2a81704e71ae79e21112e53d1,True,True,True,True,True,True,,9995,9995,5227634,5227111,0
gmcp_r,10000,10,9,18,9,4185,4185,10,136250,136.25,0.13625,9999,2a7dc1f24212e56534d0afba6ac3605d560798d854a375fa31e858bab5e8ba2c,,True,True,True,True,True,True,,9,9,4332,3897,4323456
authenticated_hash_chain,10000,10,9,18,9999,5229203,5229203,9999,96285583,96285.583,96.285583,9999,,5b4c1c470c65ba50d9c08f5ed8a15cd9398d8dce815cbc79df5dec06aa5e0f70,True,True,True,True,True,True,,9999,9999,5229729,5229203,0
gmcp_r,10000,10,1,19,1,720,720,2,142125,142.125,0.142125,9991,c6deb5ed5dfdfa6a0d09a51cf5b592ed2c2d92a6393e9c6f2329e4ea3a315d60,,True,True,True,True,True,True,,1,1,866,433,4323456
authenticated_hash_chain,10000,10,1,19,9991,5224998,5224998,9991,95924708,95924.708,95.924708,9991,,870e2fcbda254f63e096ce855ed8629a8865e9ae857514e8266e15e766a29129,True,True,True,True,True,True,,9991,9991,5225521,5224998,0
gmcp_r,10000,10,5,19,5,2452,2452,6,125584,125.584,0.125584,9995,4cfc70370b86977380c32029384507647ec45eb163ec1a1a9b8c54d049ff3264,,True,True,True,True,True,True,,5,5,2598,2165,4323456
authenticated_hash_chain,10000,10,5,19,9995,5227090,5227090,9995,95908417,95908.417,95.908417,9995,,19f9f94926b1edb63146cd13394aac962e1fdcd2f34edf59b15cef656c81bddb,True,True,True,True,True,True,,9995,9995,5227613,5227090,0
gmcp_r,10000,10,9,19,9,4184,4184,10,158917,158.917,0.158917,9999,03dbe8b9e582fd9b63e1350fa4ba9a752d61c4563f064fc380e2d797a843e218,,True,True,True,True,True,True,,9,9,4332,3897,4323456
authenticated_hash_chain,10000,10,9,19,9999,5229184,5229184,9999,96253333,96253.333,96.253333,9999,,4ed236fe4d42f7ce32636139bcfcbe6b0fb8e703a8e6c9ce5436d0eba95e53de,True,True,True,True,True,True,,9999,9999,5229710,5229184,0
gmcp_r,10000,10,1,20,1,720,720,2,161375,161.375,0.161375,9991,e7f6c073f7985a2148945ef723df493b39875a650ebf7b16802e6921f33e99ab,,True,True,True,True,True,True,,1,1,866,433,4323456
authenticated_hash_chain,10000,10,1,20,9991,5224918,5224918,9991,95895084,95895.084,95.895084,9991,,1860f7f0ae8b4a78dc67d05049d700eb684bfc8e4d8a7540ab9f549f5f1b0c41,True,True,True,True,True,True,,9991,9991,5225441,5224918,0
gmcp_r,10000,10,5,20,5,2452,2452,6,124833,124.833,0.124833,9995,a70fa85d289e6f01c03193b6ce494fe7d0c0b88b3065b9cde7d56316e95ec624,,True,True,True,True,True,True,,5,5,2598,2165,4323456
authenticated_hash_chain,10000,10,5,20,9995,5227011,5227011,9995,95778584,95778.584,95.778584,9995,,4d288137f2085aa25b2a59061521c19df140632c6c6ad338c89924aee6e7ee52,True,True,True,True,True,True,,9995,9995,5227535,5227011,0
gmcp_r,10000,10,9,20,9,4184,4184,10,150792,150.792,0.150792,9999,3536e242b39e0b222dc9b82b6b07a709845c9f847efeb8a8ca994469992a5253,,True,True,True,True,True,True,,9,9,4332,3897,4323456
authenticated_hash_chain,10000,10,9,20,9999,5229107,5229107,9999,96370916,96370.916,96.370916,9999,,e242a016cad1de43b90d1f9af8f4624a276b458bafb932ec6f00b782c95d21b3,True,True,True,True,True,True,,9999,9999,5229632,5229107,0
gmcp_r,10000,10,1,21,1,720,720,2,120167,120.167,0.120167,9991,a12050bdd42e49b7a29633896aa3cf2b769473e992e737182a1cf38841f3274d,,True,True,True,True,True,True,,1,1,866,433,4323456
authenticated_hash_chain,10000,10,1,21,9991,5224962,5224962,9991,96194583,96194.583,96.194583,9991,,451efc33aece43c88e64b419f8af9bfbf9dfae5166ab249fa42b1facd7c99244,True,True,True,True,True,True,,9991,9991,5225484,5224962,0
gmcp_r,10000,10,5,21,5,2452,2452,6,128000,128.0,0.128,9995,daf5f38bdc85e4016920e74eb056e2b183d5b85c0bc3dc82af069ab7b3f57eeb,,True,True,True,True,True,True,,5,5,2598,2165,4323456
authenticated_hash_chain,10000,10,5,21,9995,5227050,5227050,9995,99734125,99734.125,99.734125,9995,,cab45c315147678c2dc6a6838157b17eed586cb0bd1c5c05647866d61a5927ab,True,True,True,True,True,True,,9995,9995,5227573,5227050,0
gmcp_r,10000,10,9,21,9,4184,4184,10,146958,146.958,0.146958,9999,6ca6984d41f68599395dd8d761d8d881780959ac98c84ccfe912760d69fe4df3,,True,True,True,True,True,True,,9,9,4332,3897,4323456
authenticated_hash_chain,10000,10,9,21,9999,5229144,5229144,9999,96396250,96396.25,96.39625,9999,,d93ad2c6f3b55f28d962dcc9f1c7cd898696353691fa42a194976dfe13b75ca6,True,True,True,True,True,True,,9999,9999,5229668,5229144,0
gmcp_r,10000,10,1,22,1,721,721,2,168000,168.0,0.168,9991,29b660926425e301e1c650b413fe7296c795f36030404844b8ec68ff009b37e6,,True,True,True,True,True,True,,1,1,866,433,4323456
authenticated_hash_chain,10000,10,1,22,9991,5225079,5225079,9991,95841250,95841.25,95.84125,9991,,32f73d6e5dfb04a4b623b7d29c2e13826ad4dba14102e56b4ec01c47cdaa1c92,True,True,True,True,True,True,,9991,9991,5225602,5225079,0
gmcp_r,10000,10,5,22,5,2453,2453,6,169542,169.542,0.169542,9995,72b7c8d4b429301f7ec51f33625aa977bba96e670c8fb1b47809372a692c5032,,True,True,True,True,True,True,,5,5,2598,2165,4323456
authenticated_hash_chain,10000,10,5,22,9995,5227171,5227171,9995,97429583,97429.583,97.429583,9995,,5afaae332eecf5712c54f59bb7186eebfdaaf03aacce07011b2a68aa4feda632,True,True,True,True,True,True,,9995,9995,5227695,5227171,0
gmcp_r,10000,10,9,22,9,4185,4185,10,177750,177.75,0.17775,9999,862964aba4ea68addffd8d689b0667adcdefef1a91e1310c0879106b684fced5,,True,True,True,True,True,True,,9,9,4332,3897,4323456
authenticated_hash_chain,10000,10,9,22,9999,5229267,5229267,9999,97579458,97579.458,97.579458,9999,,d7a0ca1e90bd588576fc4bb652f9f0f33b763c97f65241e6eb35395f56c15751,True,True,True,True,True,True,,9999,9999,5229792,5229267,0
gmcp_r,10000,10,1,23,1,720,720,2,132833,132.833,0.132833,9991,62b27b61f7c82f1eb2a04942b2cfce9c1487131840b20d11674b69c4ce439c0d,,True,True,True,True,True,True,,1,1,866,433,4323456
authenticated_hash_chain,10000,10,1,23,9991,5225053,5225053,9991,95406083,95406.083,95.406083,9991,,aedec03d5cb60e7e960070b6005bf60734a4a733b0cb18ae9bdafed155168ae7,True,True,True,True,True,True,,9991,9991,5225576,5225053,0
gmcp_r,10000,10,5,23,5,2452,2452,6,113958,113.958,0.113958,9995,ab26acb16ffded5fb4b5a22e428c85b9916127815a136f14d7e8662f501ffc03,,True,True,True,True,True,True,,5,5,2598,2165,4323456
authenticated_hash_chain,10000,10,5,23,9995,5227145,5227145,9995,96378833,96378.833,96.378833,9995,,cb35afaeb836b908eb5494855546a0de2e1ba879684f50e13071f0b4f2ecc27e,True,True,True,True,True,True,,9995,9995,5227668,5227145,0
gmcp_r,10000,10,9,23,9,4184,4184,10,149750,149.75,0.14975,9999,909c66f2765600b0688324d2e98890f9f604d66ced3adef072a15806f3f29e9b,,True,True,True,True,True,True,,9,9,4332,3897,4323456
authenticated_hash_chain,10000,10,9,23,9999,5229238,5229238,9999,119661250,119661.25,119.66125,9999,,5f07192a3a2571a59a68a4cecd38c52dfee9a8a17766fb75034f8bc1208563d0,True,True,True,True,True,True,,9999,9999,5229763,5229238,0
gmcp_r,10000,10,1,24,1,720,720,2,152708,152.708,0.152708,9991,040717b0b3b9da19bba0d5d723cbdd860b8361084d0c6676068483f1e9a4a84c,,True,True,True,True,True,True,,1,1,866,433,4323456
authenticated_hash_chain,10000,10,1,24,9991,5225018,5225018,9991,95821250,95821.25,95.82125,9991,,13367d6d824264cf669d81944e7bcf217341ea1333b5d87464356104111b3ebb,True,True,True,True,True,True,,9991,9991,5225541,5225018,0
gmcp_r,10000,10,5,24,5,2452,2452,6,135584,135.584,0.135584,9995,64f5abd3a61d50bce553d0b69e082e5bb2b776c84ad60f899eed986fb0cb6b95,,True,True,True,True,True,True,,5,5,2598,2165,4323456
authenticated_hash_chain,10000,10,5,24,9995,5227112,5227112,9995,96318667,96318.667,96.318667,9995,,a5bc8ad28ed87ce9fd77e808b1854276e114b7d8eb92f2cc988676e205ad8fb9,True,True,True,True,True,True,,9995,9995,5227635,5227112,0
gmcp_r,10000,10,9,24,9,4184,4184,10,165167,165.167,0.165167,9999,7586217cb6f80df1b0ff5d0c96197bd371b5bb57a8ef61b9a061c33a1061d6c7,,True,True,True,True,True,True,,9,9,4332,3897,4323456
authenticated_hash_chain,10000,10,9,24,9999,5229203,5229203,9999,95555333,95555.333,95.555333,9999,,0fdb5c67c44aefb68a88eb085b4b3fbbaa946048d208d1bc6e54d609cc7c59b2,True,True,True,True,True,True,,9999,9999,5229728,5229203,0
gmcp_r,10000,10,1,25,1,721,721,2,155416,155.416,0.155416,9991,01c2fc51a994d7e91d5c94430cf684e5e2f4e0fb0e43cad8daca21e41c678837,,True,True,True,True,True,True,,1,1,866,433,4323456
authenticated_hash_chain,10000,10,1,25,9991,5225018,5225018,9991,97681917,97681.917,97.681917,9991,,cd8431d4f3639fa2f33b607b3e1935b41d4c6c68092466dd11d032ee08ec5018,True,True,True,True,True,True,,9991,9991,5225541,5225018,0
gmcp_r,10000,10,5,25,5,2453,2453,6,126167,126.167,0.126167,9995,e29177aa5f0c967f5ea76bf2d781b3fadf64132739b8762a953005231ea972c6,,True,True,True,True,True,True,,5,5,2598,2165,4323456
authenticated_hash_chain,10000,10,5,25,9995,5227110,5227110,9995,97022833,97022.833,97.022833,9995,,afaa2ea9cdf493c90f06e84eda0b0215b5b6ad29e70a7fd95b17a4bfcf348384,True,True,True,True,True,True,,9995,9995,5227633,5227110,0
gmcp_r,10000,10,9,25,9,4185,4185,10,172166,172.166,0.172166,9999,7e1f2aaca81b7d3c6a25c309bb580d0f4f36cd9829e62e767ea0b9cbca07a5d5,,True,True,True,True,True,True,,9,9,4332,3897,4323456
authenticated_hash_chain,10000,10,9,25,9999,5229201,5229201,9999,97302209,97302.209,97.302209,9999,,e8eccf4bac86c9584d5ac25168308e2e1f62b0b35197b42477008eda055242fd,True,True,True,True,True,True,,9999,9999,5229726,5229201,0
gmcp_r,10000,10,1,26,1,720,720,2,161833,161.833,0.161833,9991,179c07e58ea7d832dd4182fb439835835727fe9dabee800f0e082d6c564f5a74,,True,True,True,True,True,True,,1,1,866,433,4323456
authenticated_hash_chain,10000,10,1,26,9991,5224960,5224960,9991,96085375,96085.375,96.085375,9991,,f1fec296b01d27a5cfa663bb680c13ce4d3dc27982a5ad67b61f80274c07c0a0,True,True,True,True,True,True,,9991,9991,5225484,5224960,0
gmcp_r,10000,10,5,26,5,2452,2452,6,147958,147.958,0.147958,9995,91f755487e6e80d9b434d6bdefcab6e171af8cb73c4713f1f7175ad40f60c191,,True,True,True,True,True,True,,5,5,2598,2165,4323456
authenticated_hash_chain,10000,10,5,26,9995,5227055,5227055,9995,96447750,96447.75,96.44775,9995,,5c96af65294a0c4eabee7f1fd8cca27fc20973fe72d60d3dca159a549077a3a2,True,True,True,True,True,True,,9995,9995,5227578,5227055,0
gmcp_r,10000,10,9,26,9,4184,4184,10,146250,146.25,0.14625,9999,68dc46d2e52081ff4b639a9b6be3addff05fc25d144530cb2472770d686d730c,,True,True,True,True,True,True,,9,9,4332,3897,4323456
authenticated_hash_chain,10000,10,9,26,9999,5229146,5229146,9999,97846375,97846.375,97.846375,9999,,db4eb8ac94c7239a73b005365057844dbc62cc74887c23e64e4eaf8609b9b0aa,True,True,True,True,True,True,,9999,9999,5229672,5229146,0
gmcp_r,10000,10,1,27,1,720,720,2,154292,154.292,0.154292,9991,c072aed5d80b2e7902ce28b6a68b71bb5f946efccdbe6a19aedb7a7b72d82011,,True,True,True,True,True,True,,1,1,866,433,4323456
authenticated_hash_chain,10000,10,1,27,9991,5224996,5224996,9991,96764292,96764.292,96.764292,9991,,1da00ce6b05b6fc344f93e51e79609687856c5f4871b30fdf70c80b00c0473d3,True,True,True,True,True,True,,9991,9991,5225519,5224996,0
gmcp_r,10000,10,5,27,5,2452,2452,6,144917,144.917,0.144917,9995,54c604763e68abc36c3fd9fa15beeec577921b795824b3bca504668ae87e5f2f,,True,True,True,True,True,True,,5,5,2598,2165,4323456
authenticated_hash_chain,10000,10,5,27,9995,5227089,5227089,9995,99987792,99987.792,99.987792,9995,,455c5db8cb99c8fc7226776aea1b5e81b1b6444f221225b6b470777ac59fc470,True,True,True,True,True,True,,9995,9995,5227613,5227089,0
gmcp_r,10000,10,9,27,9,4184,4184,10,166917,166.917,0.166917,9999,a4153abdceafe9617a7ea59b72d80ab76b42c3fa57213468b29feb2104d19ff7,,True,True,True,True,True,True,,9,9,4332,3897,4323456
authenticated_hash_chain,10000,10,9,27,9999,5229183,5229183,9999,94841500,94841.5,94.8415,9999,,6a6520b601d3b4cd9edce0f989be651eda06abeb100af5d7623b85665f0b0f2d,True,True,True,True,True,True,,9999,9999,5229708,5229183,0
gmcp_r,10000,10,1,28,1,721,721,2,132584,132.584,0.132584,9991,4ee11f0cc338a5694d7126900aa37d4bfe16ae426cc3f2948eafc4c4a3bc8975,,True,True,True,True,True,True,,1,1,866,433,4323456
authenticated_hash_chain,10000,10,1,28,9991,5224904,5224904,9991,95836750,95836.75,95.83675,9991,,0176015e58bcc8210abd082b4801ba2d48441395d35aa6f1435f9b004f5dfe7a,True,True,True,True,True,True,,9991,9991,5225428,5224904,0
gmcp_r,10000,10,5,28,5,2453,2453,6,124667,124.667,0.124667,9995,1b9e0645060757b1688d52db3734a7416233425ae76d64fc952aa1e925e04805,,True,True,True,True,True,True,,5,5,2598,2165,4323456
authenticated_hash_chain,10000,10,5,28,9995,5226999,5226999,9995,96418000,96418.0,96.418,9995,,88624f0fca77a6f86cc8b9539ab2c2b47c3aa85b4298429b395391e5593fbeb6,True,True,True,True,True,True,,9995,9995,5227522,5226999,0
gmcp_r,10000,10,9,28,9,4185,4185,10,184417,184.417,0.184417,9999,826b6c1e90779cff82a3c74f403e11cc48f35ef923e088abf1c1b7723d03468a,,True,True,True,True,True,True,,9,9,4332,3897,4323456
authenticated_hash_chain,10000,10,9,28,9999,5229092,5229092,9999,96330416,96330.416,96.330416,9999,,8ab645dcfeaa35b3af6898b1ba438914ecc28e0280da43b5d5212c4c3e520de5,True,True,True,True,True,True,,9999,9999,5229616,5229092,0
gmcp_r,10000,10,1,29,1,721,721,2,165292,165.292,0.165292,9991,88c62c751974ea151cdf89cfdfc8d133dce4ecd6fd0329587cf5566dd7e5fd9e,,True,True,True,True,True,True,,1,1,866,433,4323456
authenticated_hash_chain,10000,10,1,29,9991,5224840,5224840,9991,95482459,95482.459,95.482459,9991,,6b84d473ba2bac6f22a32f7c1be44583035ae0dcca6b787adae06b5f70ace2f0,True,True,True,True,True,True,,9991,9991,5225364,5224840,0
gmcp_r,10000,10,5,29,5,2453,2453,6,105500,105.5,0.1055,9995,d22c87bffa3d181d9d0ce98a470de6c6285330e64b50f2aea5c5ecdb2b7a441d,,True,True,True,True,True,True,,5,5,2598,2165,4323456
authenticated_hash_chain,10000,10,5,29,9995,5226933,5226933,9995,96002375,96002.375,96.002375,9995,,02c807758b2694fc8daeac7cbecbaef9671eb399a697d3b1861f876fb9e4218c,True,True,True,True,True,True,,9995,9995,5227456,5226933,0
gmcp_r,10000,10,9,29,9,4185,4185,10,149500,149.5,0.1495,9999,abe1b87f5c84c341def93d10f335608f497e89ceed24b5f599a75e5df4ac40b3,,True,True,True,True,True,True,,9,9,4332,3897,4323456
authenticated_hash_chain,10000,10,9,29,9999,5229026,5229026,9999,96301209,96301.209,96.301209,9999,,93ce0902518304eb6c324ed8c368efcbe7548f9bcbdaa7499399addae70e97cd,True,True,True,True,True,True,,9999,9999,5229551,5229026,0
gmcp_r,10000,10,1,30,1,720,720,2,182083,182.083,0.182083,9991,4fab08260c45bee1043c0674554e1e5c9bcc60ae7fd8d9742799a2e757abe1fd,,True,True,True,True,True,True,,1,1,866,433,4323456
authenticated_hash_chain,10000,10,1,30,9991,5225088,5225088,9991,96866041,96866.041,96.866041,9991,,4f00d82dc9bdd2deed9752766359cadb3fc47337c6662c47ae4d66a870b9a923,True,True,True,True,True,True,,9991,9991,5225611,5225088,0
gmcp_r,10000,10,5,30,5,2452,2452,6,122875,122.875,0.122875,9995,ac6f5a206508b763694023d7066316b3290dacf0ce052ff58cb3a32785a9e1a1,,True,True,True,True,True,True,,5,5,2598,2165,4323456
authenticated_hash_chain,10000,10,5,30,9995,5227180,5227180,9995,97092125,97092.125,97.092125,9995,,1d2c19099fea4621d8b702313df7d33d83596f208df88f9a34c40bcdbbed856b,True,True,True,True,True,True,,9995,9995,5227703,5227180,0
gmcp_r,10000,10,9,30,9,4184,4184,10,160792,160.792,0.160792,9999,a6e2a76582c9c73711e95d22d3f0ab584ef416a0c9a45285ba26234249b16c28,,True,True,True,True,True,True,,9,9,4332,3897,4323456
authenticated_hash_chain,10000,10,9,30,9999,5229273,5229273,9999,95674542,95674.542,95.674542,9999,,2edf3ee3c51940dc0a585de0879080f2635ab0059ea2b6659c05a50438a0a2d9,True,True,True,True,True,True,,9999,9999,5229799,5229273,0
gmcp_r,10000,50,1,1,1,718,718,2,117792,117.792,0.117792,9951,3e151bb931138e5a3fbabc03f56f697a33bf761f8c6a12e87b679434c9517974,,True,True,True,True,True,True,,1,1,862,431,4286236
authenticated_hash_chain,10000,50,1,1,9951,5184193,5184193,9951,95780250,95780.25,95.78025,9951,,a92c3cf460eea45dcce9c8689609abe9fddd10f19a47a5aae199ecb2f0f89002,True,True,True,True,True,True,,9951,9951,5184714,5184193,0
gmcp_r,10000,50,25,1,25,11062,11062,26,303958,303.958,0.303958,9975,f29b238cc14a5f972f112661c6774b6ad3cf8cb3db943727fdeacf0d2f741062,,True,True,True,True,True,True,,25,25,11206,10775,4286236
authenticated_hash_chain,10000,50,25,1,9975,5196702,5196702,9975,95066291,95066.291,95.066291,9975,,6f7142c1691f505550009eeb1a73dd48e14f8c2ae264a3c7aa7b230e0200b7e0,True,True,True,True,True,True,,9975,9975,5197223,5196702,0
gmcp_r,10000,50,49,1,49,21406,21406,50,480958,480.958,0.480958,9999,7ee7d368132f6a79b1ba8dc70021aaf8e2eddbbb0439a6a0068c71c1f4908191,,True,True,True,True,True,True,,49,49,21552,21119,4286236
authenticated_hash_chain,10000,50,49,1,9999,5209211,5209211,9999,122108584,122108.584,122.108584,9999,,f064bf52029522ae2fb1d950ebcd55d95b13f7f674f622597f15fd95ef6702e3,True,True,True,True,True,True,,9999,9999,5209734,5209211,0
gmcp_r,10000,50,1,2,1,717,717,2,143000,143.0,0.143,9951,ff2e89308a70c4d6e60cad7e79e4bed7abd5361075b77cb2b774f03203ecf7c4,,True,True,True,True,True,True,,1,1,862,431,4286236
authenticated_hash_chain,10000,50,1,2,9951,5184184,5184184,9951,96391541,96391.541,96.391541,9951,,7d0501b144f97d283d3eb57f0f794403d931ef3114f9f5621c3e870a530f6f31,True,True,True,True,True,True,,9951,9951,5184706,5184184,0
gmcp_r,10000,50,25,2,25,11061,11061,26,297917,297.917,0.297917,9975,8ea49e0816602a594393c17eb4d857a2b23bd918efaf23e699787ec8217a9a5c,,True,True,True,True,True,True,,25,25,11206,10775,4286236
authenticated_hash_chain,10000,50,25,2,9975,5196690,5196690,9975,95954917,95954.917,95.954917,9975,,a0c893d706322b917949927a67fd9692431ef3c0cfa4800758f733788d8de154,True,True,True,True,True,True,,9975,9975,5197211,5196690,0
gmcp_r,10000,50,49,2,49,21405,21405,50,466292,466.292,0.466292,9999,4489d72bd72ed2a1a236c22a1157ad7c72a52f1583a8a68573138aa34b92223e,,True,True,True,True,True,True,,49,49,21552,21119,4286236
authenticated_hash_chain,10000,50,49,2,9999,5209196,5209196,9999,96207417,96207.417,96.207417,9999,,dc3d69319c8ec29265d51097485e1549bb071784c845485cb65135e16aee4def,True,True,True,True,True,True,,9999,9999,5209720,5209196,0
gmcp_r,10000,50,1,3,1,717,717,2,122584,122.584,0.122584,9951,e1e83e81f38a5d9645935700a0ba2444195d0c5b79c0a050cfdffe7959440707,,True,True,True,True,True,True,,1,1,862,431,4286236
authenticated_hash_chain,10000,50,1,3,9951,5184223,5184223,9951,95955333,95955.333,95.955333,9951,,0670af7b781b4e4d1f9a7da3e38d0837ebb7506d032d360478e53b56b7a76373,True,True,True,True,True,True,,9951,9951,5184744,5184223,0
gmcp_r,10000,50,25,3,25,11061,11061,26,307125,307.125,0.307125,9975,569dc998d7c47f6fd0e5c5e4c9f91dc95f936341f8c3dfe24492065969764ea4,,True,True,True,True,True,True,,25,25,11206,10775,4286236
authenticated_hash_chain,10000,50,25,3,9975,5196732,5196732,9975,95861792,95861.792,95.861792,9975,,25841edb617aa909d04a567d1dec2a3a49377f6cd0f159701efec4f4f0ad183f,True,True,True,True,True,True,,9975,9975,5197254,5196732,0
gmcp_r,10000,50,49,3,49,21405,21405,50,480708,480.708,0.480708,9999,456757dd7bac37e93001cddfc4d44a66ff32ef4267eb80e6e939097d99273409,,True,True,True,True,True,True,,49,49,21552,21119,4286236
authenticated_hash_chain,10000,50,49,3,9999,5209239,5209239,9999,96309750,96309.75,96.30975,9999,,88043ee115cd215c505623f0d3a36eff8dd6371db11fb402fa772bb378f4ccb1,True,True,True,True,True,True,,9999,9999,5209762,5209239,0
gmcp_r,10000,50,1,4,1,717,717,2,125750,125.75,0.12575,9951,0d31e21a32f058b678d6e8254f1c9cd2a1ca90e73fa491bb4cb3e0ed2f38aa4b,,True,True,True,True,True,True,,1,1,862,431,4286236
authenticated_hash_chain,10000,50,1,4,9951,5184318,5184318,9951,95551667,95551.667,95.551667,9951,,2668417ac13d76917b8b2a05f92cc31058270ff50a2c3a04f551e43828de43fd,True,True,True,True,True,True,,9951,9951,5184839,5184318,0
gmcp_r,10000,50,25,4,25,11061,11061,26,296667,296.667,0.296667,9975,73d1910be193b9171353dbf2f4cb1d8801c604b48fb65fe0e5de97b883dc2552,,True,True,True,True,True,True,,25,25,11206,10775,4286236
authenticated_hash_chain,10000,50,25,4,9975,5196824,5196824,9975,95998167,95998.167,95.998167,9975,,0a7426a22c421679c40d1b7ce9f87e17ed177bbf3dfcea6e1bd118c4253a5fc6,True,True,True,True,True,True,,9975,9975,5197345,5196824,0
gmcp_r,10000,50,49,4,49,21405,21405,50,520792,520.792,0.520792,9999,2d83ec13845f1937e1cf137d1e2ed660bdbdb06f06a7ee1ca3405ffc28443670,,True,True,True,True,True,True,,49,49,21552,21119,4286236
authenticated_hash_chain,10000,50,49,4,9999,5209329,5209329,9999,96580667,96580.667,96.580667,9999,,f0c76b2d2910e4b16de8e08cd614e4cbd8e95535daed28a34b0b8e389c71953d,True,True,True,True,True,True,,9999,9999,5209852,5209329,0
gmcp_r,10000,50,1,5,1,717,717,2,157959,157.959,0.157959,9951,f66ed7a99ae2c021a64d1124a0d1314a35682717ea7ed778454921507c67d426,,True,True,True,True,True,True,,1,1,862,431,4286236
authenticated_hash_chain,10000,50,1,5,9951,5184140,5184140,9951,95599917,95599.917,95.599917,9951,,6b19fb3b50315023212ad26abdc20c4d094c896958307dffa6d5f82ac5d63aba,True,True,True,True,True,True,,9951,9951,5184661,5184140,0
gmcp_r,10000,50,25,5,25,11061,11061,26,402834,402.834,0.402834,9975,156692618e0e82c7d530615c0aee349b6e0755bb51d16a19e73efd760418a2b4,,True,True,True,True,True,True,,25,25,11206,10775,4286236
authenticated_hash_chain,10000,50,25,5,9975,5196646,5196646,9975,95370750,95370.75,95.37075,9975,,cfb7e849c033391c2deb0be622d14fe032d6f8ce711a5bbbb6667fc364179fce,True,True,True,True,True,True,,9975,9975,5197167,5196646,0
gmcp_r,10000,50,49,5,49,21405,21405,50,478917,478.917,0.478917,9999,e1c9e2357457793e0fcf31110aa09b46e5cfc5a1abb88b7bdb1db9385b39517b,,True,True,True,True,True,True,,49,49,21552,21119,4286236
authenticated_hash_chain,10000,50,49,5,9999,5209153,5209153,9999,95055209,95055.209,95.055209,9999,,1b1b989bdf051282f8a39cee5829663ac660add260af4fe9acf00abbcf7e26ca,True,True,True,True,True,True,,9999,9999,5209676,5209153,0
gmcp_r,10000,50,1,6,1,717,717,2,137917,137.917,0.137917,9951,8cac508e75376e54c7dbc730d18256e1864b700fa409065bafd3a79a9237b504,,True,True,True,True,True,True,,1,1,862,431,4286236
authenticated_hash_chain,10000,50,1,6,9951,5184270,5184270,9951,95313792,95313.792,95.313792,9951,,19d476eb9a8d4b288d3e93d895f164894e3adc61ef775ed93f013522344dff24,True,True,True,True,True,True,,9951,9951,5184791,5184270,0
gmcp_r,10000,50,25,6,25,11061,11061,26,282250,282.25,0.28225,9975,a2f2a123a1c40ac494cc71d58208b05d165c0b1212ca90d9622c80d4cf886fa6,,True,True,True,True,True,True,,25,25,11206,10775,4286236
authenticated_hash_chain,10000,50,25,6,9975,5196782,5196782,9975,95352750,95352.75,95.35275,9975,,deeef7678f3dbcd644fa4217d5f83073772548fa380894407f17f5138063b373,True,True,True,True,True,True,,9975,9975,5197302,5196782,0
gmcp_r,10000,50,49,6,49,21405,21405,50,451958,451.958,0.451958,9999,e0a6e635d8de6ba7b44d9e60095f71197ab67ee21c725b1ec3b9849af6bf0934,,True,True,True,True,True,True,,49,49,21552,21119,4286236
authenticated_hash_chain,10000,50,49,6,9999,5209291,5209291,9999,96096250,96096.25,96.09625,9999,,61b9ddfd4919122c33203ee51f253fbb1e602aaf3774466af44cb1b4921873b0,True,True,True,True,True,True,,9999,9999,5209813,5209291,0
gmcp_r,10000,50,1,7,1,717,717,2,134000,134.0,0.134,9951,8bb6f4069a55d0c2d7385c6c3aead770888e423565c1ca3e0d712c5361a9ec59,,True,True,True,True,True,True,,1,1,862,431,4286236
authenticated_hash_chain,10000,50,1,7,9951,5184201,5184201,9951,95392458,95392.458,95.392458,9951,,445d0f2362d0b4ea634704b4258c0e4da04eec300c5d8ef179858b5ef0dbe12f,True,True,True,True,True,True,,9951,9951,5184722,5184201,0
gmcp_r,10000,50,25,7,25,11061,11061,26,292167,292.167,0.292167,9975,e880c6a52d8be04ed53cd6d0baad4ec1313555d1990785127b23f9cc459d666e,,True,True,True,True,True,True,,25,25,11206,10775,4286236
authenticated_hash_chain,10000,50,25,7,9975,5196705,5196705,9975,96353458,96353.458,96.353458,9975,,30e56cf04b83917180ff91a52c004337aadd1462bc3fbfc8525b6b2b4758ae28,True,True,True,True,True,True,,9975,9975,5197226,5196705,0
gmcp_r,10000,50,49,7,49,21405,21405,50,517792,517.792,0.517792,9999,fae877481e86e5964cc4322c31c848326d9aef37f7605f960f10fc5a2a1e5b91,,True,True,True,True,True,True,,49,49,21552,21119,4286236
authenticated_hash_chain,10000,50,49,7,9999,5209213,5209213,9999,99023750,99023.75,99.02375,9999,,82edb209bd8c94993a7d13c684d3fc71e8fd4d841873e567334663e92cf181ac,True,True,True,True,True,True,,9999,9999,5209737,5209213,0
gmcp_r,10000,50,1,8,1,717,717,2,153416,153.416,0.153416,9951,74fe8b9c571fb06391e9c8f8dd4e9db005fb3a323e17868d8125efd097d8f56e,,True,True,True,True,True,True,,1,1,862,431,4286236
authenticated_hash_chain,10000,50,1,8,9951,5184126,5184126,9951,95298334,95298.334,95.298334,9951,,89e4c91dbad52cdc0b6c91cdc8e8e6f0efd7f7262722f4a0912512c39498aedf,True,True,True,True,True,True,,9951,9951,5184647,5184126,0
gmcp_r,10000,50,25,8,25,11061,11061,26,277667,277.667,0.277667,9975,cc44e73519f2e4b6581b3e387f1d9fb3e2c99790fff89a61ffb418167b7b871f,,True,True,True,True,True,True,,25,25,11206,10775,4286236
authenticated_hash_chain,10000,50,25,8,9975,5196633,5196633,9975,96573667,96573.667,96.573667,9975,,54130bcb8bf5acb37df788a1e4d8ca33fdfecba91e3e044097cb9051b6a47423,True,True,True,True,True,True,,9975,9975,5197154,5196633,0
gmcp_r,10000,50,49,8,49,21405,21405,50,466292,466.292,0.466292,9999,2533342c07df104685eb32478f2b3025841b32982d49241bcde2ed1ecfe492b5,,True,True,True,True,True,True,,49,49,21552,21119,4286236
authenticated_hash_chain,10000,50,49,8,9999,5209143,5209143,9999,96834334,96834.334,96.834334,9999,,63b8773c08265f4c34864a9f891f13f1c6566c49ebf18406cc7b334875913db4,True,True,True,True,True,True,,9999,9999,5209666,5209143,0
gmcp_r,10000,50,1,9,1,717,717,2,117834,117.834,0.117834,9951,7a1cb2accdf2bf7d857ada900001e0dc67bef7a1812ca785ba2413fe0f3a2bee,,True,True,True,True,True,True,,1,1,862,431,4286236
authenticated_hash_chain,10000,50,1,9,9951,5184204,5184204,9951,95418791,95418.791,95.418791,9951,,af13324678d8f8868e977bf0a069c1870165ccc0153b48b66859e1f83bfd1323,True,True,True,True,True,True,,9951,9951,5184726,5184204,0
gmcp_r,10000,50,25,9,25,11061,11061,26,261459,261.459,0.261459,9975,9f0552a4f497e881eac73267ccc5105115f4a14c2ea10c90c795b4593d51c5dd,,True,True,True,True,True,True,,25,25,11206,10775,4286236
authenticated_hash_chain,10000,50,25,9,9975,5196718,5196718,9975,96226250,96226.25,96.22625,9975,,dadf65f93583e88d12f79b5cdbc91746553c36bce0247c9aa9632ae62acd3dc7,True,True,True,True,True,True,,9975,9975,5197239,5196718,0
gmcp_r,10000,50,49,9,49,21405,21405,50,465583,465.583,0.465583,9999,481ad0118ed018da80d4230cd17f418e1a591eb4a534779e6486be092cd2bd53,,True,True,True,True,True,True,,49,49,21552,21119,4286236
authenticated_hash_chain,10000,50,49,9,9999,5209237,5209237,9999,120521125,120521.125,120.521125,9999,,ea9ed9011c3375358161dfa9d7a4e231ebaed27560920c4f6b553b04880643a4,True,True,True,True,True,True,,9999,9999,5209760,5209237,0
gmcp_r,10000,50,1,10,1,720,720,2,144500,144.5,0.1445,9951,0540239e10d24bee53c6f0c53f3e0891be6b40e49295fdb270752dfe7a1173b4,,True,True,True,True,True,True,,1,1,866,433,4306136
authenticated_hash_chain,10000,50,1,10,9951,5204051,5204051,9951,95699542,95699.542,95.699542,9951,,81f1756f97ad78e16ea67b9545be0d29db0c27a8a4651d2c04bc9e3a20012f4b,True,True,True,True,True,True,,9951,9951,5204574,5204051,0
gmcp_r,10000,50,25,10,25,11112,11112,26,274166,274.166,0.274166,9975,1303195e94e81f91f23ea70ceed0d166a313eab68dae059d3bf9041bc38d1468,,True,True,True,True,True,True,,25,25,11258,10825,4306136
authenticated_hash_chain,10000,50,25,10,9975,5216608,5216608,9975,95172125,95172.125,95.172125,9975,,7758c3cf0d190e0c2e6b4a19b3fbee704849fa1676afb2d683aeab583058b509,True,True,True,True,True,True,,9975,9975,5217132,5216608,0
gmcp_r,10000,50,49,10,49,21504,21504,50,474917,474.917,0.474917,9999,697bdff0f8bc9c293bc14e34fedc2bbff054d4e05af069d07b6ed7569f6c7e01,,True,True,True,True,True,True,,49,49,21652,21217,4306136
authenticated_hash_chain,10000,50,49,10,9999,5229167,5229167,9999,96482333,96482.333,96.482333,9999,,0e816bf3672dfeeddbff41901997a52ab54192b1c5f3067c2856c45a0cd2983b,True,True,True,True,True,True,,9999,9999,5229692,5229167,0
gmcp_r,10000,50,1,11,1,720,720,2,117208,117.208,0.117208,9951,a712e7927639d7d2a3a4c20613b4526aee7e5dd936f71252845155386f704361,,True,True,True,True,True,True,,1,1,866,433,4306136
authenticated_hash_chain,10000,50,1,11,9951,5204092,5204092,9951,95396292,95396.292,95.396292,9951,,9743d26dfbff9d45bc6ba761cb3b764762ee413a0c633ea87cd3e62ba34ccb7e,True,True,True,True,True,True,,9951,9951,5204615,5204092,0
gmcp_r,10000,50,25,11,25,11112,11112,26,271792,271.792,0.271792,9975,2c71666dcc3e29d9fcb106862bb9448c6a3ea810baca43cb16e8338787062806,,True,True,True,True,True,True,,25,25,11258,10825,4306136
authenticated_hash_chain,10000,50,25,11,9975,5216651,5216651,9975,94749625,94749.625,94.749625,9975,,b1e563192e15ea290e575080958c150393111b29b149195bbfa9061a5d4d4b00,True,True,True,True,True,True,,9975,9975,5217174,5216651,0
gmcp_r,10000,50,49,11,49,21504,21504,50,456041,456.041,0.456041,9999,59d7b0f9e8c92ad7b30304a428e931a79100e8b9a31399494932c5b2243bef60,,True,True,True,True,True,True,,49,49,21652,21217,4306136
authenticated_hash_chain,10000,50,49,11,9999,5229217,5229217,9999,96112625,96112.625,96.112625,9999,,5d14bbd5da5f09aca693babe82f4f60e036fc9411d1af48f7ca0933093786a8e,True,True,True,True,True,True,,9999,9999,5229743,5229217,0
gmcp_r,10000,50,1,12,1,720,720,2,117708,117.708,0.117708,9951,a5b69c7dbe51fb9822af136ba54fe41283b195b220898b02b10811d73bc6f327,,True,True,True,True,True,True,,1,1,866,433,4306136
authenticated_hash_chain,10000,50,1,12,9951,5204028,5204028,9951,95370333,95370.333,95.370333,9951,,7a90b12597123af7c3884ca73991afbf8b7a050cc1d4104cbaf8dce4ad1cbcb6,True,True,True,True,True,True,,9951,9951,5204551,5204028,0
gmcp_r,10000,50,25,12,25,11112,11112,26,288542,288.542,0.288542,9975,81519ef4a13192d542b4a40897c8fe63fb7bb5b59c0ba4abff19658f4f08eae3,,True,True,True,True,True,True,,25,25,11258,10825,4306136
authenticated_hash_chain,10000,50,25,12,9975,5216590,5216590,9975,95580250,95580.25,95.58025,9975,,0cc9be6a744f5022a3f0bff05c6816edfd8f40bf5ea0110f238b40af640ea641,True,True,True,True,True,True,,9975,9975,5217113,5216590,0
gmcp_r,10000,50,49,12,49,21504,21504,50,489792,489.792,0.489792,9999,dd67de9444b19e2172d4986a9a5491d00164c40e1faf48ca8f1d5986ae6ba79f,,True,True,True,True,True,True,,49,49,21652,21217,4306136
authenticated_hash_chain,10000,50,49,12,9999,5229146,5229146,9999,96353417,96353.417,96.353417,9999,,f7324e7d98fc2b29ce0e12e59f30a33aff7bc101719b8a4639452f205fe24851,True,True,True,True,True,True,,9999,9999,5229672,5229146,0
gmcp_r,10000,50,1,13,1,720,720,2,168834,168.834,0.168834,9951,1f21dd6aa1e6e447975d80f1984685fece9f34684caf4d9ff0bd8acd98588cc7,,True,True,True,True,True,True,,1,1,866,433,4306136
authenticated_hash_chain,10000,50,1,13,9951,5204010,5204010,9951,94915708,94915.708,94.915708,9951,,1b205e5790a0f7817ce95ff0d391dda651395fd8c444386a3f047259a9c406cd,True,True,True,True,True,True,,9951,9951,5204534,5204010,0
gmcp_r,10000,50,25,13,25,11112,11112,26,297791,297.791,0.297791,9975,8b747b7f77ce32698c62c5cd050d6ed44f3f18bc045e1cd79f4c5875756881b4,,True,True,True,True,True,True,,25,25,11258,10825,4306136
authenticated_hash_chain,10000,50,25,13,9975,5216570,5216570,9975,96381875,96381.875,96.381875,9975,,a324b95dacddcd471375c6056ed52b225a22013726672aeca4ba5782ec5e2ad3,True,True,True,True,True,True,,9975,9975,5217094,5216570,0
gmcp_r,10000,50,49,13,49,21504,21504,50,496750,496.75,0.49675,9999,4f7136e62d30bebc49092790d017d112a26d2854dd3066496a3649695938dfeb,,True,True,True,True,True,True,,49,49,21652,21217,4306136
authenticated_hash_chain,10000,50,49,13,9999,5229124,5229124,9999,98060458,98060.458,98.060458,9999,,bbdc39b023501a33097a1bf4a270ce512d02b7a30075cbb76ba92dad334f638a,True,True,True,True,True,True,,9999,9999,5229649,5229124,0
gmcp_r,10000,50,1,14,1,721,721,2,223667,223.667,0.223667,9951,53ad6056109b943441070f5868b7f3199dedf9abc7d5f0361b779da34611e2e9,,True,True,True,True,True,True,,1,1,866,433,4306136
authenticated_hash_chain,10000,50,1,14,9951,5203883,5203883,9951,96253667,96253.667,96.253667,9951,,7cf36cc16657ff571f7f53599cea7425fbd33a61c4b9f63dba9ff5caec306831,True,True,True,True,True,True,,9951,9951,5204406,5203883,0
gmcp_r,10000,50,25,14,25,11113,11113,26,302875,302.875,0.302875,9975,2cd9e601e69ea74a0f6ee0eaaa05d1d13e0eb886b02298b9f2065c9cd7fe45ce,,True,True,True,True,True,True,,25,25,11258,10825,4306136
authenticated_hash_chain,10000,50,25,14,9975,5216447,5216447,9975,97148541,97148.541,97.148541,9975,,e839f1d25d7b2b694d6a942aaa913ee92e224d7e50a284c711fdd1dfd7a0720b,True,True,True,True,True,True,,9975,9975,5216970,5216447,0
gmcp_r,10000,50,49,14,49,21505,21505,50,472959,472.959,0.472959,9999,fc5c2ae71546774dc5b17a3f4b1f5682ce5f9afcae482eb6f5d1403686e66aba,,True,True,True,True,True,True,,49,49,21652,21217,4306136
authenticated_hash_chain,10000,50,49,14,9999,5229003,5229003,9999,96047583,96047.583,96.047583,9999,,a9e12b45498ee568f587e2af5af4eba49cde9a5dc37eea15f16778259aeece7b,True,True,True,True,True,True,,9999,9999,5229528,5229003,0
gmcp_r,10000,50,1,15,1,719,719,2,117291,117.291,0.117291,9951,42382d7d3b5d9d7067ab08fb5683c8b93140b2a08162deb03db432e1ba119b39,,True,True,True,True,True,True,,1,1,866,433,4306136
authenticated_hash_chain,10000,50,1,15,9951,5204072,5204072,9951,95178458,95178.458,95.178458,9951,,4a0d6ce6ba00497aea2d7212edabb218837ca10993657e4fc09ad846103db02d,True,True,True,True,True,True,,9951,9951,5204595,5204072,0
gmcp_r,10000,50,25,15,25,11111,11111,26,306792,306.792,0.306792,9975,b2bc4cadbc12b58e24d6b5b09eefe7ebba4f9271c8908968ea324600486a6a12,,True,True,True,True,True,True,,25,25,11258,10825,4306136
authenticated_hash_chain,10000,50,25,15,9975,5216631,5216631,9975,96941916,96941.916,96.941916,9975,,64f2a09b4fde7323328305ff32a45b29515b46cb6700817cb3cab08ba393f994,True,True,True,True,True,True,,9975,9975,5217154,5216631,0
gmcp_r,10000,50,49,15,49,21503,21503,50,475125,475.125,0.475125,9999,38fb7da85a5f78b6aea570a78aa866be0b94835b8f5622a937ba5bb829376960,,True,True,True,True,True,True,,49,49,21652,21217,4306136
authenticated_hash_chain,10000,50,49,15,9999,5229194,5229194,9999,98374333,98374.333,98.374333,9999,,7c6ed552194953717e28c7ff85b8556341b0c7798f05b077520fbea83383172d,True,True,True,True,True,True,,9999,9999,5229719,5229194,0
gmcp_r,10000,50,1,16,1,721,721,2,118417,118.417,0.118417,9951,f54ba616ee26cfdac552328a920f8a1699bb2ba81ab7fc8501efdb6ce2f00c55,,True,True,True,True,True,True,,1,1,866,433,4306136
authenticated_hash_chain,10000,50,1,16,9951,5204059,5204059,9951,95965833,95965.833,95.965833,9951,,d0f513efe5bb0094fe9577caa24c915cc049ebf3ef006be24f689a71f3e9aad8,True,True,True,True,True,True,,9951,9951,5204582,5204059,0
gmcp_r,10000,50,25,16,25,11113,11113,26,312125,312.125,0.312125,9975,7f7799b7239da5b596f0a616140c0d3be1854a3d4aee59aa276dba25d5333913,,True,True,True,True,True,True,,25,25,11258,10825,4306136
authenticated_hash_chain,10000,50,25,16,9975,5216615,5216615,9975,95725417,95725.417,95.725417,9975,,033bfa9b2eb297ea72ec735de1ec0f5e48380cd6bb4cc3ad4fef26180c7fd2d0,True,True,True,True,True,True,,9975,9975,5217139,5216615,0
gmcp_r,10000,50,49,16,49,21505,21505,50,480250,480.25,0.48025,9999,c6d70a160d3042d9be4827dc4c0b1c9fab4917d05c45f915774d1ebc712255e2,,True,True,True,True,True,True,,49,49,21652,21217,4306136
authenticated_hash_chain,10000,50,49,16,9999,5229173,5229173,9999,95948875,95948.875,95.948875,9999,,5390063fee4f380cc3a297020d2d78060955f8092879c76f10046bfda907b8c8,True,True,True,True,True,True,,9999,9999,5229698,5229173,0
gmcp_r,10000,50,1,17,1,721,721,2,122625,122.625,0.122625,9951,66f49199899a551dd6089226bb615d7a0de7033e4366216caffd9ac0f85c806a,,True,True,True,True,True,True,,1,1,866,433,4306136
authenticated_hash_chain,10000,50,1,17,9951,5204087,5204087,9951,95304042,95304.042,95.304042,9951,,5f6ee9e05d79c5f176fe8c7f0eb8063694cf2ef42a7c467261a9a88f691e205a,True,True,True,True,True,True,,9951,9951,5204610,5204087,0
gmcp_r,10000,50,25,17,25,11113,11113,26,312667,312.667,0.312667,9975,ecbab3d6e1880a2082571565a24ce47b53e5bcdb8ca58c19c732e7f54ca2ba39,,True,True,True,True,True,True,,25,25,11258,10825,4306136
authenticated_hash_chain,10000,50,25,17,9975,5216640,5216640,9975,96212833,96212.833,96.212833,9975,,29a2accd57857e6aa7d940bb8664e551c4536667b9b407623561edc5ae6c05db,True,True,True,True,True,True,,9975,9975,5217163,5216640,0
gmcp_r,10000,50,49,17,49,21505,21505,50,469209,469.209,0.469209,9999,3290696f7a04641cd13d137604688de32ecdbbce6e29efce960ce162d08dd0c8,,True,True,True,True,True,True,,49,49,21652,21217,4306136
authenticated_hash_chain,10000,50,49,17,9999,5229198,5229198,9999,96785083,96785.083,96.785083,9999,,7df7c1056e35eccc4deb2f9f61b9076246263d633ea07b4912b679987409d3a7,True,True,True,True,True,True,,9999,9999,5229724,5229198,0
gmcp_r,10000,50,1,18,1,720,720,2,96250,96.25,0.09625,9951,69058d983d958af16ac1e19b843175a7c43c6113a49dbd95d2d3072ab1307ea7,,True,True,True,True,True,True,,1,1,866,433,4306136
authenticated_hash_chain,10000,50,1,18,9951,5204139,5204139,9951,97641583,97641.583,97.641583,9951,,5e4ff64b7c2ebe65c822db462f717c43c1437cde45def254441f1f7c0e9b2db9,True,True,True,True,True,True,,9951,9951,5204661,5204139,0
gmcp_r,10000,50,25,18,25,11112,11112,26,283875,283.875,0.283875,9975,6406da917d4aebac7a1fe8f315f75bf596330aa8c53f61ea891c8f36d2527e96,,True,True,True,True,True,True,,25,25,11258,10825,4306136
authenticated_hash_chain,10000,50,25,18,9975,5216696,5216696,9975,96363209,96363.209,96.363209,9975,,56bb8bcce6382090ffe55bfc42ba55ed41de6e888c07cfaba438c00d0b34fd2e,True,True,True,True,True,True,,9975,9975,5217220,5216696,0
gmcp_r,10000,50,49,18,49,21504,21504,50,505125,505.125,0.505125,9999,ff3533df8e84fa291e70b26f40e86db7a7a024414299c78310e516d2ab8935ae,,True,True,True,True,True,True,,49,49,21652,21217,4306136
authenticated_hash_chain,10000,50,49,18,9999,5229252,5229252,9999,95284084,95284.084,95.284084,9999,,39f6bea89ff785013ab76d038496cc1cea6860b2389ea1eff50e770456e08c00,True,True,True,True,True,True,,9999,9999,5229777,5229252,0
gmcp_r,10000,50,1,19,1,720,720,2,128792,128.792,0.128792,9951,e06d8de13c35006043a71564012dfa9e4bc0864241645da5710b615d1c190bdb,,True,True,True,True,True,True,,1,1,866,433,4306136
authenticated_hash_chain,10000,50,1,19,9951,5204027,5204027,9951,95437792,95437.792,95.437792,9951,,5a1ecfb6596b52d9a69aaca810d59372d45ac8e180e5e30b44d2ec4bdb755d85,True,True,True,True,True,True,,9951,9951,5204551,5204027,0
gmcp_r,10000,50,25,19,25,11112,11112,26,268084,268.084,0.268084,9975,66f8fdb615ecf322f7589d896b7eea4239a7db55659bb2653c0885ef49160507,,True,True,True,True,True,True,,25,25,11258,10825,4306136
authenticated_hash_chain,10000,50,25,19,9975,5216585,5216585,9975,96266208,96266.208,96.266208,9975,,1135f7e504bec06301060a25243158cfd514f0d653ad7d62957c48bc9d89be89,True,True,True,True,True,True,,9975,9975,5217108,5216585,0
gmcp_r,10000,50,49,19,49,21504,21504,50,506292,506.292,0.506292,9999,ded701a4f9699bd6e0c4f73fa2def30189f0e19776b24c507e724972f40eb31f,,True,True,True,True,True,True,,49,49,21652,21217,4306136
authenticated_hash_chain,10000,50,49,19,9999,5229145,5229145,9999,96356625,96356.625,96.356625,9999,,c625f8085f8dac454a2d8a0c8b8d5d0fc31ea17540157d7cc4e5f3eea5572d22,True,True,True,True,True,True,,9999,9999,5229670,5229145,0
gmcp_r,10000,50,1,20,1,720,720,2,129333,129.333,0.129333,9951,c7febd45a827aaa54637b56536d3e67422f0a056d9144c55c8c7fd57cf135dad,,True,True,True,True,True,True,,1,1,866,433,4306136
authenticated_hash_chain,10000,50,1,20,9951,5204001,5204001,9951,97423625,97423.625,97.423625,9951,,7f6b6e611d36b7fdd027546e10285e814aff349255705a207068e2aaa915983d,True,True,True,True,True,True,,9951,9951,5204524,5204001,0
gmcp_r,10000,50,25,20,25,11112,11112,26,294167,294.167,0.294167,9975,45a0dc7edcca22edd27fcd63730606f3e26c021805c01706774faf91f0e0ed8e,,True,True,True,True,True,True,,25,25,11258,10825,4306136
authenticated_hash_chain,10000,50,25,20,9975,5216563,5216563,9975,97950375,97950.375,97.950375,9975,,66650239f6401007235c8ac0ad14049e262e7ca94576fcdefb19e4de22ed594f,True,True,True,True,True,True,,9975,9975,5217086,5216563,0
gmcp_r,10000,50,49,20,49,21504,21504,50,489709,489.709,0.489709,9999,ed435639ff4a487f3c6329b8761abfe00035c8db26aa4c895709608fa6b0dc5e,,True,True,True,True,True,True,,49,49,21652,21217,4306136
authenticated_hash_chain,10000,50,49,20,9999,5229126,5229126,9999,95752458,95752.458,95.752458,9999,,3a77425dac284436759117a626e2da3458987b00b9b79b610a9a8173a64f4377,True,True,True,True,True,True,,9999,9999,5229651,5229126,0
gmcp_r,10000,50,1,21,1,721,721,2,141917,141.917,0.141917,9951,1c2a057b1b1576ed2cf16e1e2609117e11ca1df2dbc29358494481a3d2aef571,,True,True,True,True,True,True,,1,1,866,433,4306136
authenticated_hash_chain,10000,50,1,21,9951,5204141,5204141,9951,96687250,96687.25,96.68725,9951,,2be3cbf8e61cb0d4548583200da63848c1baac6c8b3a8b2c8e2617b756dac71e,True,True,True,True,True,True,,9951,9951,5204664,5204141,0
gmcp_r,10000,50,25,21,25,11113,11113,26,312625,312.625,0.312625,9975,82f6f8a97c783cce9fdea4539d3e6149cf8f97337de88573c01a9c3a057e0c9a,,True,True,True,True,True,True,,25,25,11258,10825,4306136
authenticated_hash_chain,10000,50,25,21,9975,5216695,5216695,9975,95228375,95228.375,95.228375,9975,,a4b56595182444ba3ee8564135f3553dad112185b2cb875341561b5e44138875,True,True,True,True,True,True,,9975,9975,5217219,5216695,0
gmcp_r,10000,50,49,21,49,21505,21505,50,469084,469.084,0.469084,9999,0b77b80bc64c52df242097609f42a85fa0095bb86bd0dada75ea9da8979ca4e4,,True,True,True,True,True,True,,49,49,21652,21217,4306136
authenticated_hash_chain,10000,50,49,21,9999,5229248,5229248,9999,96188583,96188.583,96.188583,9999,,cbb22914a6bc6e21499467853adbbbf15117c24cfadcd16709a264568f9b0f4e,True,True,True,True,True,True,,9999,9999,5229773,5229248,0
gmcp_r,10000,50,1,22,1,720,720,2,151458,151.458,0.151458,9951,fa57e29579edd33b19a224b5632b4e2b43cfd1f33f11410b626bdb194f39874c,,True,True,True,True,True,True,,1,1,866,433,4306136
authenticated_hash_chain,10000,50,1,22,9951,5204017,5204017,9951,95668791,95668.791,95.668791,9951,,f9a121e0376102c4a08477a85e1ece5cb4a911bc3db549e80ddbcaedf8576187,True,True,True,True,True,True,,9951,9951,5204540,5204017,0
gmcp_r,10000,50,25,22,25,11112,11112,26,273583,273.583,0.273583,9975,ff065d7e27af0c0348724dc2867cd6aa688c2b45747ec29d52d5e29951facb0c,,True,True,True,True,True,True,,25,25,11258,10825,4306136
authenticated_hash_chain,10000,50,25,22,9975,5216571,5216571,9975,95958958,95958.958,95.958958,9975,,d346969dcb89126de01ce9fd64cc174e16a8bcbdbcbf87d2de051f87fb750707,True,True,True,True,True,True,,9975,9975,5217095,5216571,0
gmcp_r,10000,50,49,22,49,21504,21504,50,631125,631.125,0.631125,9999,28a6243862ba9d6457a3ae93f757a7d3e9e2a1d74b86cd5e0031bf3bedfde42a,,True,True,True,True,True,True,,49,49,21652,21217,4306136
authenticated_hash_chain,10000,50,49,22,9999,5229132,5229132,9999,95292708,95292.708,95.292708,9999,,7fd0d09910ed132a3d2bd150850ef3f6472eb2b332760fb701bae0ac325802bf,True,True,True,True,True,True,,9999,9999,5229656,5229132,0
gmcp_r,10000,50,1,23,1,720,720,2,122833,122.833,0.122833,9951,bc8502cc27e4f369fd71dec1fe3afc00c349ab6e5c907eea063af68e769bfa42,,True,True,True,True,True,True,,1,1,866,433,4306136
authenticated_hash_chain,10000,50,1,23,9951,5204124,5204124,9951,95559333,95559.333,95.559333,9951,,ef75653015a41b5245c1e6b9510344df0f0a6eb4bca50ccbd290079af585f778,True,True,True,True,True,True,,9951,9951,5204647,5204124,0
gmcp_r,10000,50,25,23,25,11112,11112,26,335875,335.875,0.335875,9975,e2a2e5ef20bbf7f85db5372fe0e2dcb36bbe6ecec4f60279fc3b70adb0301a57,,True,True,True,True,True,True,,25,25,11258,10825,4306136
authenticated_hash_chain,10000,50,25,23,9975,5216677,5216677,9975,95588292,95588.292,95.588292,9975,,2a8061c7bdc8c119f3e696548f37ec06adb7f088cc804330535fcce9b0c7df48,True,True,True,True,True,True,,9975,9975,5217200,5216677,0
gmcp_r,10000,50,49,23,49,21504,21504,50,488208,488.208,0.488208,9999,bed155148c27ff7e7bf596fec14480b91fa0c0943b190e1bbe20aca732aa20f9,,True,True,True,True,True,True,,49,49,21652,21217,4306136
authenticated_hash_chain,10000,50,49,23,9999,5229235,5229235,9999,96684917,96684.917,96.684917,9999,,a792aefcc0e6ed5b94a8b15cd00760decc1a938cc8855778fb50a8fd45c681fc,True,True,True,True,True,True,,9999,9999,5229760,5229235,0
gmcp_r,10000,50,1,24,1,721,721,2,130208,130.208,0.130208,9951,7719abe2e974632a555441330b4a3ac13c4c886136b8903bb2bea28612bb9592,,True,True,True,True,True,True,,1,1,866,433,4306136
authenticated_hash_chain,10000,50,1,24,9951,5204017,5204017,9951,96341833,96341.833,96.341833,9951,,a69604bb954a667693c0e4e0e7166514fcfcc236d20d347d34ee8c0e1360fc14,True,True,True,True,True,True,,9951,9951,5204540,5204017,0
gmcp_r,10000,50,25,24,25,11113,11113,26,285667,285.667,0.285667,9975,62aba56830bd89905370b44a51207f305e546edc536a510895f29f19cbb111dc,,True,True,True,True,True,True,,25,25,11258,10825,4306136
authenticated_hash_chain,10000,50,25,24,9975,5216574,5216574,9975,99600542,99600.542,99.600542,9975,,fc0cd224845ac9737bb91c1b1a6d621feb960c9823bf47889b4a4c18c593f141,True,True,True,True,True,True,,9975,9975,5217097,5216574,0
gmcp_r,10000,50,49,24,49,21505,21505,50,486541,486.541,0.486541,9999,b701088dfbb67333e16b9ec9027922f3387c7733d80473cae6ffb8e035453de6,,True,True,True,True,True,True,,49,49,21652,21217,4306136
authenticated_hash_chain,10000,50,49,24,9999,5229132,5229132,9999,95967750,95967.75,95.96775,9999,,82acd86f9362ffed4f06ecda3524034bec5221cc0b1c1167ee543ee08fe4e0bf,True,True,True,True,True,True,,9999,9999,5229657,5229132,0
gmcp_r,10000,50,1,25,1,720,720,2,144292,144.292,0.144292,9951,75292f94c44a998f9eda0519166e089fa69a110f0661d1effb2c47dc2d854460,,True,True,True,True,True,True,,1,1,866,433,4306136
authenticated_hash_chain,10000,50,1,25,9951,5204108,5204108,9951,95967833,95967.833,95.967833,9951,,aded751465e531bb2e0a56993ca5a27c7ce05fa2484819b66be93277f128e193,True,True,True,True,True,True,,9951,9951,5204631,5204108,0
gmcp_r,10000,50,25,25,25,11112,11112,26,269792,269.792,0.269792,9975,c345a097451b08ec173e30a3a7a14adb943d897aa9aa2e906f41ddb72bf37341,,True,True,True,True,True,True,,25,25,11258,10825,4306136
authenticated_hash_chain,10000,50,25,25,9975,5216656,5216656,9975,96491458,96491.458,96.491458,9975,,73a90d3f0d83bf360e8e7d1c7cb504cdb9e3cac080c401cf275d5ce27e06e42e,True,True,True,True,True,True,,9975,9975,5217180,5216656,0
gmcp_r,10000,50,49,25,49,21504,21504,50,488625,488.625,0.488625,9999,b55eb3847948275bea2409ef28981284067a3263dd99b3af04ecb9d66544dd04,,True,True,True,True,True,True,,49,49,21652,21217,4306136
authenticated_hash_chain,10000,50,49,25,9999,5229207,5229207,9999,96442625,96442.625,96.442625,9999,,ae591c3f9caa0b6cf1d2a32b400c47303d4653df5887ef830b696f4354b5bf92,True,True,True,True,True,True,,9999,9999,5229732,5229207,0
gmcp_r,10000,50,1,26,1,720,720,2,121333,121.333,0.121333,9951,1a07be780e868723912618d7c0bb5ca0ed546cbf65916de348679d289488d21d,,True,True,True,True,True,True,,1,1,866,433,4306136
authenticated_hash_chain,10000,50,1,26,9951,5203986,5203986,9951,96000042,96000.042,96.000042,9951,,52d921cfe896793aa032ca931e5c7f07beddc0623b23c7966374e5e334e26bd9,True,True,True,True,True,True,,9951,9951,5204510,5203986,0
gmcp_r,10000,50,25,26,25,11112,11112,26,287125,287.125,0.287125,9975,e2d960187333f4ec6186ca041f0791fd8ddc8c21c965e7fc98a2faf56ca905bb,,True,True,True,True,True,True,,25,25,11258,10825,4306136
authenticated_hash_chain,10000,50,25,26,9975,5216537,5216537,9975,96019792,96019.792,96.019792,9975,,f571abf042f7cb3acd7dfc56f5b573097c5b9115c68f74b8260046d2f3ee073b,True,True,True,True,True,True,,9975,9975,5217059,5216537,0
gmcp_r,10000,50,49,26,49,21504,21504,50,520292,520.292,0.520292,9999,5e199dde9f28d57853ed8a30003fc913ddab78a325f3ce85197b2c4373e7ed9a,,True,True,True,True,True,True,,49,49,21652,21217,4306136
authenticated_hash_chain,10000,50,49,26,9999,5229099,5229099,9999,96109709,96109.709,96.109709,9999,,370bc5cdaf5c784591fae8a2641216eac05d964ecc445f375823a03d6e1c5d02,True,True,True,True,True,True,,9999,9999,5229624,5229099,0
gmcp_r,10000,50,1,27,1,721,721,2,161875,161.875,0.161875,9951,4efcdec76623b5658af5ce0d0c353b22f3301a5e50b064faf439a18a25e7f879,,True,True,True,True,True,True,,1,1,866,433,4306136
authenticated_hash_chain,10000,50,1,27,9951,5204132,5204132,9951,96301417,96301.417,96.301417,9951,,588e9d3ea20832e28649fb880362045b9b1759792fc079e24c584e303cfcd2d7,True,True,True,True,True,True,,9951,9951,5204655,5204132,0
gmcp_r,10000,50,25,27,25,11113,11113,26,294584,294.584,0.294584,9975,0f86f44acea363bd05841f1f69767f446ed0af8ee295cf9154eb3333ee3f14f5,,True,True,True,True,True,True,,25,25,11258,10825,4306136
authenticated_hash_chain,10000,50,25,27,9975,5216689,5216689,9975,95813209,95813.209,95.813209,9975,,fcbf72be4a51f98e0b80289ead4e23ac2963daa7c895bcc1e4e6cbfefd0f90d5,True,True,True,True,True,True,,9975,9975,5217213,5216689,0
gmcp_r,10000,50,49,27,49,21505,21505,50,453708,453.708,0.453708,9999,7a02f93ee1f45d66f888585f30dce5c614817926bfbdc764c4d058d9faa99f00,,True,True,True,True,True,True,,49,49,21652,21217,4306136
authenticated_hash_chain,10000,50,49,27,9999,5229248,5229248,9999,96051583,96051.583,96.051583,9999,,d3d016a1a8cfd62775929ab560552ba1e6e0a50703b1a087d662048ec2443eeb,True,True,True,True,True,True,,9999,9999,5229773,5229248,0
gmcp_r,10000,50,1,28,1,720,720,2,169458,169.458,0.169458,9951,f72b98a2b319b964c1d2d607f72c422146dc290a435fdfc88ffc09e04796e2ab,,True,True,True,True,True,True,,1,1,866,433,4306136
authenticated_hash_chain,10000,50,1,28,9951,5203959,5203959,9951,94992417,94992.417,94.992417,9951,,e6d1565d0ec7db4ab4916820afcb67ea61dd14e34471789b49b639ca1b0aa603,True,True,True,True,True,True,,9951,9951,5204482,5203959,0
gmcp_r,10000,50,25,28,25,11112,11112,26,283625,283.625,0.283625,9975,6cbc2a97d73fa98ee06b95499f4111151b551893f3892708d3778840cb4c5aea,,True,True,True,True,True,True,,25,25,11258,10825,4306136
authenticated_hash_chain,10000,50,25,28,9975,5216511,5216511,9975,95421459,95421.459,95.421459,9975,,4393b4d7c3f567d7042dc813ec386925e8b3bb64eae6bba86afa65f4e229084c,True,True,True,True,True,True,,9975,9975,5217035,5216511,0
gmcp_r,10000,50,49,28,49,21504,21504,50,504083,504.083,0.504083,9999,904b2747a1a4ad5cadc8a0b3b77655109b4d77847ed4394ce90b6260cd50baa9,,True,True,True,True,True,True,,49,49,21652,21217,4306136
authenticated_hash_chain,10000,50,49,28,9999,5229076,5229076,9999,96275958,96275.958,96.275958,9999,,8d0d0c5cbc356d44c703de92b41c4a93fcd413748a62dd43eca0b248814d6300,True,True,True,True,True,True,,9999,9999,5229601,5229076,0
gmcp_r,10000,50,1,29,1,720,720,2,143958,143.958,0.143958,9951,1958852692ab5d4bd3ef055e944086f07d9cedca569933aff404ff9839d9c29f,,True,True,True,True,True,True,,1,1,866,433,4306136
authenticated_hash_chain,10000,50,1,29,9951,5204033,5204033,9951,97268917,97268.917,97.268917,9951,,cf71f869ec016f4585394377f5833fd344b86019c5dfb80d1bd06adb67d5ef10,True,True,True,True,True,True,,9951,9951,5204557,5204033,0
gmcp_r,10000,50,25,29,25,11112,11112,26,293708,293.708,0.293708,9975,79b20e5f4b8b663b0e5f674b035622b25be90e74851299bf6fb3079c354410cc,,True,True,True,True,True,True,,25,25,11258,10825,4306136
authenticated_hash_chain,10000,50,25,29,9975,5216592,5216592,9975,95836875,95836.875,95.836875,9975,,9be8a1db6afd76015b280cc6bcc811adfce2af3b216a3ecefd6fc5234042ad6f,True,True,True,True,True,True,,9975,9975,5217115,5216592,0
gmcp_r,10000,50,49,29,49,21504,21504,50,479000,479.0,0.479,9999,d0389e2a6467ad85717a774e77515ffd72147605699430816b028e7e18c49c98,,True,True,True,True,True,True,,49,49,21652,21217,4306136
authenticated_hash_chain,10000,50,49,29,9999,5229148,5229148,9999,96851875,96851.875,96.851875,9999,,3873450086e519a5ca06f4fb60385e24f9dfbcdd6287a73a05dc92a0f3adabe6,True,True,True,True,True,True,,9999,9999,5229674,5229148,0
gmcp_r,10000,50,1,30,1,720,720,2,120792,120.792,0.120792,9951,741732789394e50993c76a2f265053747e76ab0c9725e115d44af5d6cc09ff59,,True,True,True,True,True,True,,1,1,866,433,4306136
authenticated_hash_chain,10000,50,1,30,9951,5204026,5204026,9951,95998459,95998.459,95.998459,9951,,1772aab90dcc7c9d0fc619c2804a6cf0b4316344cb701a9d8d2db795b991eb8b,True,True,True,True,True,True,,9951,9951,5204550,5204026,0
gmcp_r,10000,50,25,30,25,11112,11112,26,277750,277.75,0.27775,9975,c946b3a3162a8c9a76722a02529674a2e67b34782aee42dd496a42d27edb5d1c,,True,True,True,True,True,True,,25,25,11258,10825,4306136
authenticated_hash_chain,10000,50,25,30,9975,5216584,5216584,9975,95765667,95765.667,95.765667,9975,,d54de9f4cac3edb7d6b5ebb58f2ff40eeee77ae65756edade618f3f17e5bc477,True,True,True,True,True,True,,9975,9975,5217107,5216584,0
gmcp_r,10000,50,49,30,49,21504,21504,50,457458,457.458,0.457458,9999,e104165b68c42b1de04a34c3a0b4ca1fb5803d39e0b20361e0b3537e17b1544d,,True,True,True,True,True,True,,49,49,21652,21217,4306136
authenticated_hash_chain,10000,50,49,30,9999,5229133,5229133,9999,96946000,96946.0,96.946,9999,,17ee10ccfbe962e24b89e49a15b0f1d408690840121fc22fcf5693f9febec405,True,True,True,True,True,True,,9999,9999,5229658,5229133,0
gmcp_r,10000,100,1,1,1,718,718,2,277583,277.583,0.277583,9901,07443fa9701833085c3c9024d6149daf0e7a5ae7cdaa262ec96e9bc77db717d3,,True,True,True,True,True,True,,1,1,864,432,4274586
authenticated_hash_chain,10000,100,1,1,9901,5167911,5167911,9901,95111709,95111.709,95.111709,9901,,cb1caca8162d0d2142f32c097822868c319385c74327523e7a787df9f75ec360,True,True,True,True,True,True,,9901,9901,5168433,5167911,0
gmcp_r,10000,100,50,1,50,21886,21886,51,485250,485.25,0.48525,9950,b4f99ea97d010c13ce307a2eb034b4957c376c885286566562439e69ec9db7fe,,True,True,True,True,True,True,,50,50,22032,21600,4274586
authenticated_hash_chain,10000,100,50,1,9950,5193497,5193497,9950,95632166,95632.166,95.632166,9950,,913bafe9968766358cfbbac4dbc4d094bbc346208cb33789fecaf5d038312f33,True,True,True,True,True,True,,9950,9950,5194018,5193497,0
gmcp_r,10000,100,99,1,99,43054,43054,100,869583,869.583,0.869583,9999,ab2768fa8140de2923d9ee519cf63415943e40671b584a8deecec20bc1a9b1b8,,True,True,True,True,True,True,,99,99,43202,42768,4274586
authenticated_hash_chain,10000,100,99,1,9999,5219082,5219082,9999,97036042,97036.042,97.036042,9999,,924f729d66d869e9830d5e7df8a8003a2eef24dd684beaf562ff2a3083a89285,True,True,True,True,True,True,,9999,9999,5219607,5219082,0
gmcp_r,10000,100,1,2,1,719,719,2,131125,131.125,0.131125,9901,ef92b4254ee54f91455ff7d2c72c6c7f914b53c9ebba97353573f055cf130d9f,,True,True,True,True,True,True,,1,1,864,432,4274586
authenticated_hash_chain,10000,100,1,2,9901,5168041,5168041,9901,99333500,99333.5,99.3335,9901,,44ea94c0cd63c6a7e26570466bba9c16588ea7fcd25fc17d0101f6b63273fc92,True,True,True,True,True,True,,9901,9901,5168564,5168041,0
gmcp_r,10000,100,50,2,50,21887,21887,51,522916,522.916,0.522916,9950,c80bf66a06f5a4224851e4bfc3f0dd2d18c01ec5770d93972efa0ba9c2d80ee3,,True,True,True,True,True,True,,50,50,22032,21600,4274586
authenticated_hash_chain,10000,100,50,2,9950,5193639,5193639,9950,95124833,95124.833,95.124833,9950,,9f664debe0a089e4205cbcaedbb6d32eeffc6b59c854dc4321d28f790f5ccd52,True,True,True,True,True,True,,9950,9950,5194162,5193639,0
gmcp_r,10000,100,99,2,99,43055,43055,100,909083,909.083,0.909083,9999,b8318f68ecd6750bb1e1f8e6ee078b713b21e6a18bf6d8ae667a6d673999215a,,True,True,True,True,True,True,,99,99,43202,42768,4274586
authenticated_hash_chain,10000,100,99,2,9999,5219214,5219214,9999,96395834,96395.834,96.395834,9999,,4349ac3e201beaea2399528d0bf7e913b5e00fd8f5022008d5ceec68dd0fc843,True,True,True,True,True,True,,9999,9999,5219738,5219214,0
gmcp_r,10000,100,1,3,1,720,720,2,150625,150.625,0.150625,9901,0d4886c458d1b1c9c58cd0e68c3167f114b56418a51b7649f8ec73e927b82e8b,,True,True,True,True,True,True,,1,1,864,432,4274586
authenticated_hash_chain,10000,100,1,3,9901,5168016,5168016,9901,94421083,94421.083,94.421083,9901,,304f2ef7d9de3cf7b0336ad688f7467748f57293e7cbf88c742931ff0247c65c,True,True,True,True,True,True,,9901,9901,5168538,5168016,0
gmcp_r,10000,100,50,3,50,21888,21888,51,662750,662.75,0.66275,9950,9a0785520cc2113fa74d5dc33d759f47a39c4628304a87a8b96412ac785197d4,,True,True,True,True,True,True,,50,50,22032,21600,4274586
authenticated_hash_chain,10000,100,50,3,9950,5193605,5193605,9950,95147833,95147.833,95.147833,9950,,62e8323a32f4bdd0d3b8173da63456f6e74194f958610b7829d3ced1116338c3,True,True,True,True,True,True,,9950,9950,5194127,5193605,0
gmcp_r,10000,100,99,3,99,43056,43056,100,876292,876.292,0.876292,9999,d5480e5fb7c3593a62245ced8bbce8d86de0f2d1cfdceb6f08d3d1a543b1b5de,,True,True,True,True,True,True,,99,99,43202,42768,4274586
authenticated_hash_chain,10000,100,99,3,9999,5219192,5219192,9999,96233375,96233.375,96.233375,9999,,f18bf596ef2538b3fec0e3bbd77e7213ec5d2ae3ed7d09778740ece4577575c7,True,True,True,True,True,True,,9999,9999,5219716,5219192,0
gmcp_r,10000,100,1,4,1,720,720,2,149167,149.167,0.149167,9901,eec84561675dd0adec3c221830a624afcf4c2b728aa8d85375a247ef1d8985bf,,True,True,True,True,True,True,,1,1,864,432,4274586
authenticated_hash_chain,10000,100,1,4,9901,5168030,5168030,9901,103630958,103630.958,103.630958,9901,,a4305fde5202cba9324738f21eaa4b8be5067051ef82ddb11c928b5762f37aa6,True,True,True,True,True,True,,9901,9901,5168552,5168030,0
gmcp_r,10000,100,50,4,50,21888,21888,51,479709,479.709,0.479709,9950,c67886ff66e1bc6163ae0ab5d87a9a8c567b3915529145e33e4dae1664542994,,True,True,True,True,True,True,,50,50,22032,21600,4274586
authenticated_hash_chain,10000,100,50,4,9950,5193618,5193618,9950,96787583,96787.583,96.787583,9950,,8c460049f79bc6663441d2f4b0a41244fed60fab33c168a87c96c8c3633d9f4b,True,True,True,True,True,True,,9950,9950,5194141,5193618,0
gmcp_r,10000,100,99,4,99,43056,43056,100,910375,910.375,0.910375,9999,e31c066d1a050edbe34fe7eb332036f63dcf75f020a2426fb2dc11b0d89a5a43,,True,True,True,True,True,True,,99,99,43202,42768,4274586
authenticated_hash_chain,10000,100,99,4,9999,5219197,5219197,9999,98419583,98419.583,98.419583,9999,,ab708479c25957ae7d041155e7ef8a156af59645ec8347827725c51b494b6d42,True,True,True,True,True,True,,9999,9999,5219722,5219197,0
gmcp_r,10000,100,1,5,1,719,719,2,227041,227.041,0.227041,9901,d11fc14967ef3232b8ada4ac8b2b5fefd3428919392cc02080e2ba5c6597ff53,,True,True,True,True,True,True,,1,1,864,432,4274586
authenticated_hash_chain,10000,100,1,5,9901,5167821,5167821,9901,95267375,95267.375,95.267375,9901,,1cbc414ce8bd595b05021c738e40f6e9a6ce4454af930718033810d7a3db76a1,True,True,True,True,True,True,,9901,9901,5168344,5167821,0
gmcp_r,10000,100,50,5,50,21887,21887,51,482416,482.416,0.482416,9950,0999b9840d92ffa9f2109f07f79d9754861690c3410f5ddb6bdd60e10d1f2684,,True,True,True,True,True,True,,50,50,22032,21600,4274586
authenticated_hash_chain,10000,100,50,5,9950,5193413,5193413,9950,95558750,95558.75,95.55875,9950,,64ec4984c3586fc9c783d3948ad22bf924e47ce22500b9362e3a75cf77c9cba7,True,True,True,True,True,True,,9950,9950,5193935,5193413,0
gmcp_r,10000,100,99,5,99,43055,43055,100,1045708,1045.708,1.045708,9999,0992cfb541271e40822c3466249afe74dc929a213ef0a3213d2a43570f09ba58,,True,True,True,True,True,True,,99,99,43202,42768,4274586
authenticated_hash_chain,10000,100,99,5,9999,5219004,5219004,9999,96829917,96829.917,96.829917,9999,,af903cda099208f28e12fef911b27bb770fdf764a42cd54be8a202e1678adcce,True,True,True,True,True,True,,9999,9999,5219528,5219004,0
gmcp_r,10000,100,1,6,1,719,719,2,135250,135.25,0.13525,9901,ff0c86758c973a194a1fd387f422b38de72238e6366af1040b013cb99092a867,,True,True,True,True,True,True,,1,1,864,432,4274586
authenticated_hash_chain,10000,100,1,6,9901,5167916,5167916,9901,95234000,95234.0,95.234,9901,,5bb022a8993630d8cf2d584b461861da7e10518cc7a57e8e425826bfcef0c614,True,True,True,True,True,True,,9901,9901,5168438,5167916,0
gmcp_r,10000,100,50,6,50,21887,21887,51,504750,504.75,0.50475,9950,002213553a6c97d3a4f7354aa2e9963957def23068ce895c90b19cd17aba82cb,,True,True,True,True,True,True,,50,50,22032,21600,4274586
authenticated_hash_chain,10000,100,50,6,9950,5193501,5193501,9950,95467625,95467.625,95.467625,9950,,74809d6e81d191d6da2833a1901f6817d9113c3f25af6629aa15d662a0f75b3e,True,True,True,True,True,True,,9950,9950,5194023,5193501,0
gmcp_r,10000,100,99,6,99,43055,43055,100,884833,884.833,0.884833,9999,142c3221360aa1f69b063da3fa382542a2020d943d57899593eeee5c8f3c5782,,True,True,True,True,True,True,,99,99,43202,42768,4274586
authenticated_hash_chain,10000,100,99,6,9999,5219099,5219099,9999,96837167,96837.167,96.837167,9999,,1d331d11ac444dfe7660eebcea4f176f0a831e0a6e224e33d00e5ff4f7520589,True,True,True,True,True,True,,9999,9999,5219623,5219099,0
gmcp_r,10000,100,1,7,1,719,719,2,115792,115.792,0.115792,9901,9ab7bf34728cf725440adc380d7b11105f950768ee929af0ab221c4eea6cc23e,,True,True,True,True,True,True,,1,1,864,432,4274586
authenticated_hash_chain,10000,100,1,7,9901,5168129,5168129,9901,96825666,96825.666,96.825666,9901,,490da7085970e5bf25a15db60a48d69a260c966c35e38c2570d768d6fc5e5c22,True,True,True,True,True,True,,9901,9901,5168652,5168129,0
gmcp_r,10000,100,50,7,50,21887,21887,51,518583,518.583,0.518583,9950,cc863dcc7e8e038e2480f8bc7c82156d4b21f356391dee36bfcd8dd85981d3ec,,True,True,True,True,True,True,,50,50,22032,21600,4274586
authenticated_hash_chain,10000,100,50,7,9950,5193717,5193717,9950,95668667,95668.667,95.668667,9950,,7991fa4a385c111431eb50e64d4c0dc3baca698abd3bac101fcda1d3ca14cb75,True,True,True,True,True,True,,9950,9950,5194239,5193717,0
gmcp_r,10000,100,99,7,99,43055,43055,100,950625,950.625,0.950625,9999,d8c851cdb817e8ea87636665a309ad76cb6c4148af295d43021614485f99da65,,True,True,True,True,True,True,,99,99,43202,42768,4274586
authenticated_hash_chain,10000,100,99,7,9999,5219302,5219302,9999,96325542,96325.542,96.325542,9999,,c879198c3df49978f8392971f4c3e32ebed559c45983346e210ce77b18fc0225,True,True,True,True,True,True,,9999,9999,5219826,5219302,0
gmcp_r,10000,100,1,8,1,719,719,2,134000,134.0,0.134,9901,681934d477896ba436a088e0770f6cf708d75ef1cfd1c91d27d68f27bea8f5f7,,True,True,True,True,True,True,,1,1,864,432,4274586
authenticated_hash_chain,10000,100,1,8,9901,5168118,5168118,9901,94626292,94626.292,94.626292,9901,,95592ec971cfaa49d53418a0418ff7fe778a58fd4c40c05818ead901dcbefe90,True,True,True,True,True,True,,9901,9901,5168641,5168118,0
gmcp_r,10000,100,50,8,50,21887,21887,51,466958,466.958,0.466958,9950,fd2eb341f98b0595044e4adbfcfbcff095ee91fb83311ec50cca3d14d09539a0,,True,True,True,True,True,True,,50,50,22032,21600,4274586
authenticated_hash_chain,10000,100,50,8,9950,5193714,5193714,9950,95967750,95967.75,95.96775,9950,,e34fbdd8dac135afa470d3d68b3a7cdf66590d3d012c77cd2dd5487d5200ca03,True,True,True,True,True,True,,9950,9950,5194237,5193714,0
gmcp_r,10000,100,99,8,99,43055,43055,100,868583,868.583,0.868583,9999,2f68719441cc51fdb4fdfc144293c46ea370fc4b7a3c1a96e51739f7ee46324e,,True,True,True,True,True,True,,99,99,43202,42768,4274586
authenticated_hash_chain,10000,100,99,8,9999,5219302,5219302,9999,95229959,95229.959,95.229959,9999,,80489aaf87bc388fbc368619e67e2b8a976be9b6978305886aadf10bf2469cf3,True,True,True,True,True,True,,9999,9999,5219825,5219302,0
gmcp_r,10000,100,1,9,1,719,719,2,116000,116.0,0.116,9901,1089025d51d74e962c5dd7f5d9e7c713757999a7d66fc2f3606f530ac5461b4e,,True,True,True,True,True,True,,1,1,864,432,4274586
authenticated_hash_chain,10000,100,1,9,9901,5168024,5168024,9901,95337084,95337.084,95.337084,9901,,3d36cc9fa27568f42d62b9277b39e69881ddd68763078d9f980c565e9ec77d8a,True,True,True,True,True,True,,9901,9901,5168545,5168024,0
gmcp_r,10000,100,50,9,50,21887,21887,51,474791,474.791,0.474791,9950,b7c8fb9b18c809efcb8bafdf258148987085013c740d0892f418c46f025791d9,,True,True,True,True,True,True,,50,50,22032,21600,4274586
authenticated_hash_chain,10000,100,50,9,9950,5193614,5193614,9950,95827167,95827.167,95.827167,9950,,87739dbd13d5d9d16a3ca52d777b90ce58c950b66ba70b44ad4a80b4da40a25e,True,True,True,True,True,True,,9950,9950,5194136,5193614,0
gmcp_r,10000,100,99,9,99,43055,43055,100,887583,887.583,0.887583,9999,6a984ea46c7793b542892087e3d5a9bd415540dc10b446c75878fc5cb319c4da,,True,True,True,True,True,True,,99,99,43202,42768,4274586
authenticated_hash_chain,10000,100,99,9,9999,5219205,5219205,9999,95743625,95743.625,95.743625,9999,,64577b1df68d1fc9c84c1814a52e45c59246324e178bd0ce1c7c7ed666bd7a06,True,True,True,True,True,True,,9999,9999,5219729,5219205,0
gmcp_r,10000,100,1,10,1,723,723,2,146917,146.917,0.146917,9901,a450ff19cae1858d7fa52898cca5bd52c0d46839d15f0ec1fc3011b8dfa40639,,True,True,True,True,True,True,,1,1,868,434,4294386
authenticated_hash_chain,10000,100,1,10,9901,5187786,5187786,9901,98632208,98632.208,98.632208,9901,,f8498bad453e43269411171ff8723dd7de037fb7097d3b6156b416578f4d9baf,True,True,True,True,True,True,,9901,9901,5188310,5187786,0
gmcp_r,10000,100,50,10,50,21989,21989,51,609875,609.875,0.609875,9950,d15375a02b8dddc725d55225cbe6ee4e458f98a34eeabc8923a091f851029046,,True,True,True,True,True,True,,50,50,22134,21700,4294386
authenticated_hash_chain,10000,100,50,10,9950,5213462,5213462,9950,96329875,96329.875,96.329875,9950,,3a2688e041498a698d663facfa2c5804f1ede1e8d16b9e6fcf87d055b1649c3c,True,True,True,True,True,True,,9950,9950,5213987,5213462,0
gmcp_r,10000,100,99,10,99,43255,43255,100,888375,888.375,0.888375,9999,cc3d34f6a8e9f65fee0b3320597a30563ead14dbc9e2d4d8040a5a9ba0efe8f8,,True,True,True,True,True,True,,99,99,43402,42966,4294386
authenticated_hash_chain,10000,100,99,10,9999,5239144,5239144,9999,96714417,96714.417,96.714417,9999,,12a0b995c945e42d437e5794f0d5554d7bdb1a681522a4f6b459dd9b5974617b,True,True,True,True,True,True,,9999,9999,5239670,5239144,0
gmcp_r,10000,100,1,11,1,720,720,2,126209,126.209,0.126209,9901,7b27ccc90fa15c5988589942a25bd6f6223f0abf084b3e8ec01436b252b4c743,,True,True,True,True,True,True,,1,1,868,434,4294386
authenticated_hash_chain,10000,100,1,11,9901,5187746,5187746,9901,95383542,95383.542,95.383542,9901,,ac5dbe172619afa9e6e981771ba4d6baa9f95a4a3358b6551440681bcd9655c2,True,True,True,True,True,True,,9901,9901,5188271,5187746,0
gmcp_r,10000,100,50,11,50,21986,21986,51,494459,494.459,0.494459,9950,e17ea54eb4f4aa76983f81cb14521fb29dfbd42e298d009cc25289db4369f04f,,True,True,True,True,True,True,,50,50,22134,21700,4294386
authenticated_hash_chain,10000,100,50,11,9950,5213428,5213428,9950,95584042,95584.042,95.584042,9950,,1d107a257c2822f871d718cb63ebbbcbcede0d0c8fdc3a915537f747b0bb2fba,True,True,True,True,True,True,,9950,9950,5213952,5213428,0
gmcp_r,10000,100,99,11,99,43252,43252,100,892667,892.667,0.892667,9999,9aab3c873f3bcd8e24c64ce8d0556c4d2327d2039c285419f82eafc7d620374d,,True,True,True,True,True,True,,99,99,43402,42966,4294386
authenticated_hash_chain,10000,100,99,11,9999,5239117,5239117,9999,95511042,95511.042,95.511042,9999,,7d15dcbebb59b3773dcee2ca674e9d22055f58c4ca941088c86be1d34de6b8d8,True,True,True,True,True,True,,9999,9999,5239643,5239117,0
gmcp_r,10000,100,1,12,1,721,721,2,123750,123.75,0.12375,9901,cb0f7d0ddd497a006dce2464cb21014e122990e6142f31b0c4439b9e8c52284a,,True,True,True,True,True,True,,1,1,868,434,4294386
authenticated_hash_chain,10000,100,1,12,9901,5187720,5187720,9901,96808375,96808.375,96.808375,9901,,eb48a9c83a001ed91b93e8173f16b89e9f25bb46c7bedac31806fe1c508a52d6,True,True,True,True,True,True,,9901,9901,5188244,5187720,0
gmcp_r,10000,100,50,12,50,21987,21987,51,489500,489.5,0.4895,9950,bd8ff2e634d9c66d5e371d304e50803dacd8e5f55f07517b8f3a31ba48f3206a,,True,True,True,True,True,True,,50,50,22134,21700,4294386
authenticated_hash_chain,10000,100,50,12,9950,5213409,5213409,9950,95764042,95764.042,95.764042,9950,,68e0a2845db02ce8c7083928ca9a2d2a9d4fa8aecbc46f2df7774041eff0b9d4,True,True,True,True,True,True,,9950,9950,5213934,5213409,0
gmcp_r,10000,100,99,12,99,43253,43253,100,893500,893.5,0.8935,9999,b88c828f944694b08768d3b032dd55fc6607b6f6ca7780ae57a37a5483458529,,True,True,True,True,True,True,,99,99,43402,42966,4294386
authenticated_hash_chain,10000,100,99,12,9999,5239097,5239097,9999,97434750,97434.75,97.43475,9999,,e839a9bdd82a4391016a338cab5435650f9d2c005024eda97b95ecfde075fcd3,True,True,True,True,True,True,,9999,9999,5239622,5239097,0
gmcp_r,10000,100,1,13,1,723,723,2,139250,139.25,0.13925,9901,c960f375aadc2f59d7d4eb260877845e6b3f2cf145277777ca83aa547a4607b8,,True,True,True,True,True,True,,1,1,868,434,4294386
authenticated_hash_chain,10000,100,1,13,9901,5187911,5187911,9901,94698583,94698.583,94.698583,9901,,e3de7d3bcea3dc6045abb0b203cb4aeaa9a03cdeb93039b7fdeebd90d8a09b0b,True,True,True,True,True,True,,9901,9901,5188435,5187911,0
gmcp_r,10000,100,50,13,50,21989,21989,51,493709,493.709,0.493709,9950,cf353b28990c828694a3464801bd2f0df9199ddf0192cf826ef339796dbcb56a,,True,True,True,True,True,True,,50,50,22134,21700,4294386
authenticated_hash_chain,10000,100,50,13,9950,5213599,5213599,9950,96886000,96886.0,96.886,9950,,2483b951cedf4b4eddafa64f7e0a3669b12d749d95c99e6d2fd1ca17ca86c9bf,True,True,True,True,True,True,,9950,9950,5214123,5213599,0
gmcp_r,10000,100,99,13,99,43255,43255,100,897750,897.75,0.89775,9999,e43e9519d2994b52774106b3d766ea4854583b04213a0efe0f8a40a13a89f96b,,True,True,True,True,True,True,,99,99,43402,42966,4294386
authenticated_hash_chain,10000,100,99,13,9999,5239283,5239283,9999,96261917,96261.917,96.261917,9999,,a219d06c55a87588ecf2222a572f7a717cfcd02979d3a4d3408473d4eb8f8b27,True,True,True,True,True,True,,9999,9999,5239810,5239283,0
gmcp_r,10000,100,1,14,1,722,722,2,116458,116.458,0.116458,9901,b19418bd89bf52de7e6bec7885bb6ed9c7ede7c8727d890f6dd084e9a38e8cad,,True,True,True,True,True,True,,1,1,868,434,4294386
authenticated_hash_chain,10000,100,1,14,9901,5187622,5187622,9901,95431500,95431.5,95.4315,9901,,23dddda136988a371a38236a61d7a8ecbc38d00c45c9e11c471e34cd30ce85a0,True,True,True,True,True,True,,9901,9901,5188147,5187622,0
gmcp_r,10000,100,50,14,50,21988,21988,51,508750,508.75,0.50875,9950,6afaccf2db7dd278cfc4d96bdb98cc1aea4b789de1be62fef72ec98d6888468e,,True,True,True,True,True,True,,50,50,22134,21700,4294386
authenticated_hash_chain,10000,100,50,14,9950,5213314,5213314,9950,96255209,96255.209,96.255209,9950,,f975fb40d33dc08e143f035f8ff1addbb21b5557935077ee63602fe3e51697fc,True,True,True,True,True,True,,9950,9950,5213839,5213314,0
gmcp_r,10000,100,99,14,99,43254,43254,100,1072750,1072.75,1.07275,9999,145f6eb027ac40cebd1ebfea50be89d9d3ebb9248c2f30825da5739990119e64,,True,True,True,True,True,True,,99,99,43402,42966,4294386
authenticated_hash_chain,10000,100,99,14,9999,5238996,5238996,9999,95352667,95352.667,95.352667,9999,,ed5d17b67fed95f7781970383c44a33caf8835c13d3dea5a8f5833752e35fc0a,True,True,True,True,True,True,,9999,9999,5239522,5238996,0
gmcp_r,10000,100,1,15,1,722,722,2,117958,117.958,0.117958,9901,09b73cdd5243677f072b2342972dbbf3fd135c6a09835cdeb9b8fc2138425559,,True,True,True,True,True,True,,1,1,868,434,4294386
authenticated_hash_chain,10000,100,1,15,9901,5187858,5187858,9901,95825167,95825.167,95.825167,9901,,bc7af53afa70a0a1fa68d2d2b3afb90b4d62de2b02ddb47e102da7a5d534862f,True,True,True,True,True,True,,9901,9901,5188382,5187858,0
gmcp_r,10000,100,50,15,50,21988,21988,51,576459,576.459,0.576459,9950,92867b43c583867d756928dd27b5eeeca817332e68f1bf04b49590b65559bb8d,,True,True,True,True,True,True,,50,50,22134,21700,4294386
authenticated_hash_chain,10000,100,50,15,9950,5213539,5213539,9950,94802000,94802.0,94.802,9950,,2cf860487ad2f258b43380ebab38bb9daecc070ac0ef36dd2c77fa6b515c59cf,True,True,True,True,True,True,,9950,9950,5214063,5213539,0
gmcp_r,10000,100,99,15,99,43254,43254,100,882125,882.125,0.882125,9999,c9e3bc1eb1039c9f3ae76d6e2fff221bbebb59ae24be3803683fe1d37031bc43,,True,True,True,True,True,True,,99,99,43402,42966,4294386
authenticated_hash_chain,10000,100,99,15,9999,5239228,5239228,9999,96237750,96237.75,96.23775,9999,,23b19afd6a2d5cf23cc2b3dda1f70d06d082515902cbdae0dfe88d4508bb0934,True,True,True,True,True,True,,9999,9999,5239755,5239228,0
gmcp_r,10000,100,1,16,1,722,722,2,117542,117.542,0.117542,9901,638792ff0429ee9bc955b44a2938a4798eb72f44c6995ce8c695f2226ccd7a7a,,True,True,True,True,True,True,,1,1,868,434,4294386
authenticated_hash_chain,10000,100,1,16,9901,5187826,5187826,9901,95817000,95817.0,95.817,9901,,01f7dc325b3ba72448da0233e910b1368d6fda93d8272e190f6ce3f63fb23990,True,True,True,True,True,True,,9901,9901,5188351,5187826,0
gmcp_r,10000,100,50,16,50,21988,21988,51,488042,488.042,0.488042,9950,e1993b36744d51fdf2491ae2c0405324a124bdf4a713ddcf502d60577e40221e,,True,True,True,True,True,True,,50,50,22134,21700,4294386
authenticated_hash_chain,10000,100,50,16,9950,5213506,5213506,9950,95416000,95416.0,95.416,9950,,547c99201d7519b2c1799a1adf67a07772c0a33635be941685738acc6b1fbee9,True,True,True,True,True,True,,9950,9950,5214030,5213506,0
gmcp_r,10000,100,99,16,99,43254,43254,100,1092250,1092.25,1.09225,9999,80395f9890abdc4623eafd18a86951b40641c640de5d68efe98fe83a27de26cd,,True,True,True,True,True,True,,99,99,43402,42966,4294386
authenticated_hash_chain,10000,100,99,16,9999,5239192,5239192,9999,95588292,95588.292,95.588292,9999,,a6eb5c1ec016b4ad1e55a74016b07050dd310d3a3ec320b00c4fa0813c0bae3e,True,True,True,True,True,True,,9999,9999,5239718,5239192,0
gmcp_r,10000,100,1,17,1,721,721,2,124125,124.125,0.124125,9901,3e287491b1d9a5b112cbbf20e61f3ace2582f15b4177ed7bc6cad9231f7fa687,,True,True,True,True,True,True,,1,1,868,434,4294386
authenticated_hash_chain,10000,100,1,17,9901,5187820,5187820,9901,95345542,95345.542,95.345542,9901,,88353319818303d4ea3066267fd4b224b7ee90c373b80e9a610d0e3d2073ad6b,True,True,True,True,True,True,,9901,9901,5188345,5187820,0
gmcp_r,10000,100,50,17,50,21987,21987,51,468000,468.0,0.468,9950,bbab4d8997221b5f75b19ec1c7070435693bf15694b19cf5e207a48c1dd67dec,,True,True,True,True,True,True,,50,50,22134,21700,4294386
authenticated_hash_chain,10000,100,50,17,9950,5213510,5213510,9950,95398125,95398.125,95.398125,9950,,abdf5a8234bb854149c250106642a0ccc19d5d1368c6b87cffb7e1809d801055,True,True,True,True,True,True,,9950,9950,5214034,5213510,0
gmcp_r,10000,100,99,17,99,43253,43253,100,1015250,1015.25,1.01525,9999,79336d9f67b1094330fc6f00449d684ae6521c0b81cfe39895a4eb833e86e4a6,,True,True,True,True,True,True,,99,99,43402,42966,4294386
authenticated_hash_chain,10000,100,99,17,9999,5239185,5239185,9999,96334375,96334.375,96.334375,9999,,37a7dd6841776466365700e2186bc42158b1f839958f5939ede25b881ed3885b,True,True,True,True,True,True,,9999,9999,5239709,5239185,0
gmcp_r,10000,100,1,18,1,722,722,2,106417,106.417,0.106417,9901,ce252030eba5008cfc8b5d32094af6aa3c08ee8f3aa1d15167411c4b8feec1fe,,True,True,True,True,True,True,,1,1,868,434,4294386
authenticated_hash_chain,10000,100,1,18,9901,5187900,5187900,9901,95377792,95377.792,95.377792,9901,,161ec4f65e66b2cf5c096cf820c0d216384ac8093fd1869324e17b906e8c499f,True,True,True,True,True,True,,9901,9901,5188425,5187900,0
gmcp_r,10000,100,50,18,50,21988,21988,51,585209,585.209,0.585209,9950,6df383e285cddfb5d0b7860157f9745bbbca2df5b0d28ab1bb14427c577241b1,,True,True,True,True,True,True,,50,50,22134,21700,4294386
authenticated_hash_chain,10000,100,50,18,9950,5213593,5213593,9950,95037834,95037.834,95.037834,9950,,ec5d5c4a9d5250eedfe379393f1fc0220ed5162088ade79b1f346142e9832c31,True,True,True,True,True,True,,9950,9950,5214117,5213593,0
gmcp_r,10000,100,99,18,99,43254,43254,100,861042,861.042,0.861042,9999,24e2e5046e83daaf245d057f8166ab651aa17472dc74b7e6d044acc14bda288b,,True,True,True,True,True,True,,99,99,43402,42966,4294386
authenticated_hash_chain,10000,100,99,18,9999,5239281,5239281,9999,96123708,96123.708,96.123708,9999,,22214a299949f0eda0f3af384c8879134c0f44c53d0671280d28e32d6624db88,True,True,True,True,True,True,,9999,9999,5239808,5239281,0
gmcp_r,10000,100,1,19,1,721,721,2,116958,116.958,0.116958,9901,4cdea1572334338fa450a61e7a850c2e4ba3a057d2e1d0c17d7965a1eb38617b,,True,True,True,True,True,True,,1,1,868,434,4294386
authenticated_hash_chain,10000,100,1,19,9901,5187823,5187823,9901,95775250,95775.25,95.77525,9901,,bcc18026a55fcc2d0c43156203de8ab68cdad75a34418253592586a8f5b0b53b,True,True,True,True,True,True,,9901,9901,5188347,5187823,0
gmcp_r,10000,100,50,19,50,21987,21987,51,506333,506.333,0.506333,9950,9e6c958e692823ceb00f7fa6bd3b9fd59c3c9b747935357e165e9024aa7691ec,,True,True,True,True,True,True,,50,50,22134,21700,4294386
authenticated_hash_chain,10000,100,50,19,9950,5213510,5213510,9950,95377875,95377.875,95.377875,9950,,2718e64fe4fae8e213968008be3f0c894f5ba2a7f151f96f53cb26d40fd0969d,True,True,True,True,True,True,,9950,9950,5214035,5213510,0
gmcp_r,10000,100,99,19,99,43253,43253,100,987042,987.042,0.987042,9999,3c005e28952cfb85df38fc6d436578286de4362dfab31d0d1486ea40cb3fc36a,,True,True,True,True,True,True,,99,99,43402,42966,4294386
authenticated_hash_chain,10000,100,99,19,9999,5239204,5239204,9999,96122500,96122.5,96.1225,9999,,8db09c3325e005cc9fd4724b823f9fa42db520a885d37693d2a23c4f72f55855,True,True,True,True,True,True,,9999,9999,5239730,5239204,0
gmcp_r,10000,100,1,20,1,723,723,2,109208,109.208,0.109208,9901,133ac61f3f3a9b33eb58b21e1201ae269bda5b2d1751286d2a8582167867c39f,,True,True,True,True,True,True,,1,1,868,434,4294386
authenticated_hash_chain,10000,100,1,20,9901,5187796,5187796,9901,95358125,95358.125,95.358125,9901,,a276b1cbcd7c4a1d24edca191b67f65a074e8d70c37fdc4f7f3a20cc4fd7a450,True,True,True,True,True,True,,9901,9901,5188321,5187796,0
gmcp_r,10000,100,50,20,50,21989,21989,51,482208,482.208,0.482208,9950,0238a7e01de6d613ded93b4128c189d45037bf5e1307d656009bb13598e585ac,,True,True,True,True,True,True,,50,50,22134,21700,4294386
authenticated_hash_chain,10000,100,50,20,9950,5213487,5213487,9950,96246042,96246.042,96.246042,9950,,704abc9b69e864efaf194931f129b96aefc926e061e5d353b071bfda874215f3,True,True,True,True,True,True,,9950,9950,5214012,5213487,0
gmcp_r,10000,100,99,20,99,43255,43255,100,1004416,1004.416,1.004416,9999,6cef00081f1358c3cd09443a6085c0418d579550efd2a46c84e4fdea11b861db,,True,True,True,True,True,True,,99,99,43402,42966,4294386
authenticated_hash_chain,10000,100,99,20,9999,5239166,5239166,9999,95971541,95971.541,95.971541,9999,,d320441070d53b1bf38b9f545ffe3282b94596b24694c2488c80a420ce941d8e,True,True,True,True,True,True,,9999,9999,5239693,5239166,0
gmcp_r,10000,100,1,21,1,721,721,2,122959,122.959,0.122959,9901,f3702cf474b6f99b1d195dedb80a3acf49282560963f4ba20b76ed4da87fd101,,True,True,True,True,True,True,,1,1,868,434,4294386
authenticated_hash_chain,10000,100,1,21,9901,5187699,5187699,9901,95680083,95680.083,95.680083,9901,,f2f969b4a391c35e9a41a6116b0f80b5905d413762c2a57a9121048bfe652106,True,True,True,True,True,True,,9901,9901,5188223,5187699,0
gmcp_r,10000,100,50,21,50,21987,21987,51,469792,469.792,0.469792,9950,a097bee31a4fea7e0376ad5590ea060c22e487b751a4574edb082d47a1ad87e1,,True,True,True,True,True,True,,50,50,22134,21700,4294386
authenticated_hash_chain,10000,100,50,21,9950,5213385,5213385,9950,95870291,95870.291,95.870291,9950,,61892cc23cf4c9be9f91d923195307987931420031bc18388d8009050ce9c35e,True,True,True,True,True,True,,9950,9950,5213909,5213385,0
gmcp_r,10000,100,99,21,99,43253,43253,100,885750,885.75,0.88575,9999,9e81590474def335d1e8ac14325ed603127704122e5a00783e651ef8a94ba5ca,,True,True,True,True,True,True,,99,99,43402,42966,4294386
authenticated_hash_chain,10000,100,99,21,9999,5239069,5239069,9999,96279875,96279.875,96.279875,9999,,e0ed334e04d6f2ec160f7e25ab51d489cc32da162af6796435c129ff23f3f8e5,True,True,True,True,True,True,,9999,9999,5239595,5239069,0
gmcp_r,10000,100,1,22,1,722,722,2,148458,148.458,0.148458,9901,6acd9da53ae8cee828d2ddf0e363fdaa2a0dd35076972d0df06d8ba47fb84091,,True,True,True,True,True,True,,1,1,868,434,4294386
authenticated_hash_chain,10000,100,1,22,9901,5187740,5187740,9901,95329250,95329.25,95.32925,9901,,60142fb7397705777c32865add8e08bd1fedddfccadf6018ead3ddbe772e41c2,True,True,True,True,True,True,,9901,9901,5188265,5187740,0
gmcp_r,10000,100,50,22,50,21988,21988,51,477417,477.417,0.477417,9950,749c9e3e7e7d800571dbcdcb5896650d05d656204d7950e926be46313cc339b2,,True,True,True,True,True,True,,50,50,22134,21700,4294386
authenticated_hash_chain,10000,100,50,22,9950,5213436,5213436,9950,95818042,95818.042,95.818042,9950,,005b768723e641acd1f312e7b390c13823cbaa79632c0dc646b7a27c97203bce,True,True,True,True,True,True,,9950,9950,5213958,5213436,0
gmcp_r,10000,100,99,22,99,43254,43254,100,890625,890.625,0.890625,9999,23c3c3151343327b82cdc022eb68bf860015f7316ea901b999c7751339b296ff,,True,True,True,True,True,True,,99,99,43402,42966,4294386
authenticated_hash_chain,10000,100,99,22,9999,5239113,5239113,9999,96222792,96222.792,96.222792,9999,,dc2695762fd46e3ca65a8ebb6716cc7e93b5825309fa2450a8f06f2969da3c61,True,True,True,True,True,True,,9999,9999,5239639,5239113,0
gmcp_r,10000,100,1,23,1,722,722,2,114166,114.166,0.114166,9901,96fdabf5a5565d759d853bc078ded766d90af08c24a0a0dcb54ac3c6897cac00,,True,True,True,True,True,True,,1,1,868,434,4294386
authenticated_hash_chain,10000,100,1,23,9901,5187752,5187752,9901,95411875,95411.875,95.411875,9901,,54d752c625f2efc54eec791bce053f3c9459fb5f872903aa5443dcf51f44dd67,True,True,True,True,True,True,,9901,9901,5188276,5187752,0
gmcp_r,10000,100,50,23,50,21988,21988,51,474792,474.792,0.474792,9950,42647ddad0fd0eff4090348d9741f1410d7f1a803ce3c9e9931bd6647b4531a0,,True,True,True,True,True,True,,50,50,22134,21700,4294386
authenticated_hash_chain,10000,100,50,23,9950,5213443,5213443,9950,95942583,95942.583,95.942583,9950,,8c98be2abc84a9ca3bddb91b858287391f9f0a6621bbda9fe36935b452d34f6d,True,True,True,True,True,True,,9950,9950,5213968,5213443,0
gmcp_r,10000,100,99,23,99,43254,43254,100,875917,875.917,0.875917,9999,ab1728fdfce227007fd63f96b0d6161d625ba0371e10bbf0d317bc7d56101de5,,True,True,True,True,True,True,,99,99,43402,42966,4294386
authenticated_hash_chain,10000,100,99,23,9999,5239124,5239124,9999,96713208,96713.208,96.713208,9999,,ef1a9664ebecb1bb577f46b17c61a4cb9908a3d3016191e85638761e67357fce,True,True,True,True,True,True,,9999,9999,5239650,5239124,0
gmcp_r,10000,100,1,24,1,723,723,2,121958,121.958,0.121958,9901,25f5a297212e12de8e2a852718d4a559101196ef2ddd75cb6c4a89c3e9bd69cf,,True,True,True,True,True,True,,1,1,868,434,4294386
authenticated_hash_chain,10000,100,1,24,9901,5187836,5187836,9901,94980333,94980.333,94.980333,9901,,e57306994dc4aea0638f59218d3ed7320740c19ea904301d2a9671b2f21b5646,True,True,True,True,True,True,,9901,9901,5188360,5187836,0
gmcp_r,10000,100,50,24,50,21989,21989,51,517875,517.875,0.517875,9950,9f9ba4f5177983e44af8c97cc265fdb4256a33bec1ee94f4fc952db2f3e271b0,,True,True,True,True,True,True,,50,50,22134,21700,4294386
authenticated_hash_chain,10000,100,50,24,9950,5213514,5213514,9950,95863000,95863.0,95.863,9950,,4cbb2728326b536abbba7124562486762b703c40c0c6df4501db06ab97ed78c0,True,True,True,True,True,True,,9950,9950,5214037,5213514,0
gmcp_r,10000,100,99,24,99,43255,43255,100,1074417,1074.417,1.074417,9999,fc30c14e77b1722441c06c3a02cffbd317a0318f1194e990e4b9758f2ea88045,,True,True,True,True,True,True,,99,99,43402,42966,4294386
authenticated_hash_chain,10000,100,99,24,9999,5239195,5239195,9999,96391959,96391.959,96.391959,9999,,b2ae1bcc3cfa71076582c0f0584b84c462f637578d1f774976ebb71d2bdde15c,True,True,True,True,True,True,,9999,9999,5239722,5239195,0
gmcp_r,10000,100,1,25,1,723,723,2,128375,128.375,0.128375,9901,b45eb3c3d8b617bfdd07f03dfcb4feaaaabcbf11ce2d324c3359e21511621544,,True,True,True,True,True,True,,1,1,868,434,4294386
authenticated_hash_chain,10000,100,1,25,9901,5187836,5187836,9901,97748208,97748.208,97.748208,9901,,f5d266e57feb1b5ad4ef5cf7f3fca957d7777d7b3cc4987798b45793adbc7f34,True,True,True,True,True,True,,9901,9901,5188360,5187836,0
gmcp_r,10000,100,50,25,50,21989,21989,51,474958,474.958,0.474958,9950,fd1d666fd2b64da8189338130880e586e89c13d6520f900f2d68abc3d47d5cbf,,True,True,True,True,True,True,,50,50,22134,21700,4294386
authenticated_hash_chain,10000,100,50,25,9950,5213519,5213519,9950,95210667,95210.667,95.210667,9950,,4e82ad8f2cd4258618b313165a01ee5482fffb98f26f4435843ccb3c61812148,True,True,True,True,True,True,,9950,9950,5214044,5213519,0
gmcp_r,10000,100,99,25,99,43255,43255,100,861125,861.125,0.861125,9999,cea26f1fc55e41f9e572af9c1e481ec54a8ad6b3d888ee6490db98adf002e244,,True,True,True,True,True,True,,99,99,43402,42966,4294386
authenticated_hash_chain,10000,100,99,25,9999,5239208,5239208,9999,96002625,96002.625,96.002625,9999,,0cd96360a81b9b3abf3465cb1db5c7eebef2c1d9694b363e81c26aa901b5cc55,True,True,True,True,True,True,,9999,9999,5239735,5239208,0
gmcp_r,10000,100,1,26,1,723,723,2,165083,165.083,0.165083,9901,a5a07bc3344f1df86ff0ea313498b48afc86f98a28760a6057bb575b09ea6bd8,,True,True,True,True,True,True,,1,1,868,434,4294386
authenticated_hash_chain,10000,100,1,26,9901,5187771,5187771,9901,94821584,94821.584,94.821584,9901,,3cb06c7c96a17dde0def5da9c3f97c735b9269bf3ca795b58fecf59b88731949,True,True,True,True,True,True,,9901,9901,5188295,5187771,0
gmcp_r,10000,100,50,26,50,21989,21989,51,514500,514.5,0.5145,9950,5535b941a263809c8cac4353740be61061fda5e097f4864d601cfd147ee48e45,,True,True,True,True,True,True,,50,50,22134,21700,4294386
authenticated_hash_chain,10000,100,50,26,9950,5213459,5213459,9950,96891334,96891.334,96.891334,9950,,fb2ae31082076929355eb615d72e187817a5d222b1e5f4edd1eefedec69b114f,True,True,True,True,True,True,,9950,9950,5213984,5213459,0
gmcp_r,10000,100,99,26,99,43255,43255,100,1077834,1077.834,1.077834,9999,9031377be168c4ee4813c863032f1b4b0c6f0caec4132ff679e36579a0d8961a,,True,True,True,True,True,True,,99,99,43402,42966,4294386
authenticated_hash_chain,10000,100,99,26,9999,5239143,5239143,9999,95724458,95724.458,95.724458,9999,,744790a818f74ed653df9341e985a82e152a4796c15e42dc7d45b7340b10f44b,True,True,True,True,True,True,,9999,9999,5239669,5239143,0
gmcp_r,10000,100,1,27,1,722,722,2,189583,189.583,0.189583,9901,9d315d0a63368535aa732106154ebcb12383296582d9c5cd9665e6f370c06612,,True,True,True,True,True,True,,1,1,868,434,4294386
authenticated_hash_chain,10000,100,1,27,9901,5187859,5187859,9901,95434750,95434.75,95.43475,9901,,2a96ffea576946629035e700a46e06f00184a930e0e2e076393c8767842278a6,True,True,True,True,True,True,,9901,9901,5188383,5187859,0
gmcp_r,10000,100,50,27,50,21988,21988,51,504875,504.875,0.504875,9950,e631847b384a8ab6082b201edc0feab7b68165277af1d13decd95f127befd7b6,,True,True,True,True,True,True,,50,50,22134,21700,4294386
authenticated_hash_chain,10000,100,50,27,9950,5213545,5213545,9950,96401042,96401.042,96.401042,9950,,6cb6c986160a99fdeac740f8dab189e172f357b6a5c7cf8a2c975c207e0268e3,True,True,True,True,True,True,,9950,9950,5214069,5213545,0
gmcp_r,10000,100,99,27,99,43254,43254,100,870667,870.667,0.870667,9999,3f1ceb1597ac1236ffc6a28a43a9c6ef4d4fa52b111fee3a7b861d07efa2efb4,,True,True,True,True,True,True,,99,99,43402,42966,4294386
authenticated_hash_chain,10000,100,99,27,9999,5239230,5239230,9999,95846917,95846.917,95.846917,9999,,1a0c0e591460b8ec7367bf20093def9c9e190ddd4c0323c5c8914cd9cc238d0f,True,True,True,True,True,True,,9999,9999,5239756,5239230,0
gmcp_r,10000,100,1,28,1,722,722,2,127542,127.542,0.127542,9901,fdccacc1765b684b54e597bbcbcfd9d461fc29460e2376ae7adaf145ac94b1d2,,True,True,True,True,True,True,,1,1,868,434,4294386
authenticated_hash_chain,10000,100,1,28,9901,5187594,5187594,9901,94175083,94175.083,94.175083,9901,,8d0d0bb5a43d806a398859f2a95adb4422985bf9963f178812c7065d0c599620,True,True,True,True,True,True,,9901,9901,5188118,5187594,0
gmcp_r,10000,100,50,28,50,21988,21988,51,476792,476.792,0.476792,9950,04a2291d8df863a47c7ccba2fbc07427c535555cf4b9ebf57a5c4d6ec9a7ccf8,,True,True,True,True,True,True,,50,50,22134,21700,4294386
authenticated_hash_chain,10000,100,50,28,9950,5213277,5213277,9950,96013417,96013.417,96.013417,9950,,e6c98b39012d745dd3c79ea034d7996cb1ff47b72fd556ddca1aae488e8ddfbd,True,True,True,True,True,True,,9950,9950,5213801,5213277,0
gmcp_r,10000,100,99,28,99,43254,43254,100,897084,897.084,0.897084,9999,64428e392f8fc99a5ca4da765ef11b20b9f569f72cac802745650cfcb505ee3d,,True,True,True,True,True,True,,99,99,43402,42966,4294386
authenticated_hash_chain,10000,100,99,28,9999,5238962,5238962,9999,95704417,95704.417,95.704417,9999,,30ffec5ffe68aac69b538d4d73144d76a368fd899c832c551166b7161b054f60,True,True,True,True,True,True,,9999,9999,5239488,5238962,0
gmcp_r,10000,100,1,29,1,722,722,2,137542,137.542,0.137542,9901,819298cae897a3d520946f9d669c63c436f8d44405c7e3978ad8fa47c7af6f85,,True,True,True,True,True,True,,1,1,868,434,4294386
authenticated_hash_chain,10000,100,1,29,9901,5187834,5187834,9901,94416542,94416.542,94.416542,9901,,6ac8cdc6b15e0c6ea836945006772be0f428eb42064bff945fd368cf8762081e,True,True,True,True,True,True,,9901,9901,5188358,5187834,0
gmcp_r,10000,100,50,29,50,21988,21988,51,462042,462.042,0.462042,9950,1b28fe9936fd6203271bf1328b2b55ca4842ceec22b0430029c4ea04748b1fd6,,True,True,True,True,True,True,,50,50,22134,21700,4294386
authenticated_hash_chain,10000,100,50,29,9950,5213524,5213524,9950,95102209,95102.209,95.102209,9950,,d88dfe7e09df4d0b09da02f54fc17d8b855f3816a5aa3b8ede6b5550fc54fe54,True,True,True,True,True,True,,9950,9950,5214047,5213524,0
gmcp_r,10000,100,99,29,99,43254,43254,100,887000,887.0,0.887,9999,b56232ffc379fa6919f5f4140ff3ff6ecb25f05b4705834cb70e8448d0c9847c,,True,True,True,True,True,True,,99,99,43402,42966,4294386
authenticated_hash_chain,10000,100,99,29,9999,5239204,5239204,9999,95824500,95824.5,95.8245,9999,,3998f0666866890de3ad9dfbc043d2efb98c31d07de1b45e46a5ba143f58c0b1,True,True,True,True,True,True,,9999,9999,5239730,5239204,0
gmcp_r,10000,100,1,30,1,722,722,2,120667,120.667,0.120667,9901,c6cf1c9f2941f2fee34bfc8ad8d437c45f84e944aeca9df15d43ef80b5e0f397,,True,True,True,True,True,True,,1,1,868,434,4294386
authenticated_hash_chain,10000,100,1,30,9901,5187777,5187777,9901,95508458,95508.458,95.508458,9901,,cb58b42a1cf87ec92edc2b46b683c765e7bae0bfcd277c5c0e4ee48b51ae5b07,True,True,True,True,True,True,,9901,9901,5188302,5187777,0
gmcp_r,10000,100,50,30,50,21988,21988,51,623833,623.833,0.623833,9950,e4616a39e9a21a9c1a1990f2eaf3dcfd4861742876e9086bb45f26caf0dc0470,,True,True,True,True,True,True,,50,50,22134,21700,4294386
authenticated_hash_chain,10000,100,50,30,9950,5213469,5213469,9950,96553250,96553.25,96.55325,9950,,d981ed60500ac169b9280208751e56814c0f5aa712991f03aee95126f8f7cde7,True,True,True,True,True,True,,9950,9950,5213993,5213469,0
gmcp_r,10000,100,99,30,99,43254,43254,100,883000,883.0,0.883,9999,fbbbca57856204465120ef6bc7e5f27a053d3928a0ec4f76fa49440aa205bb4d,,True,True,True,True,True,True,,99,99,43402,42966,4294386
authenticated_hash_chain,10000,100,99,30,9999,5239159,5239159,9999,97347084,97347.084,97.347084,9999,,826b10c408862adb37a767f3bac23f751c848aa6aa2060294f5dccba21ffe8df,True,True,True,True,True,True,,9999,9999,5239685,5239159,0
gmcp_r,10000,500,1,1,1,719,719,2,137875,137.875,0.137875,9501,e90a3ea3cf942a41d1b5ac9ea2ee7d32c0e3997dcca4180b57ca6d6e6b12664d,,True,True,True,True,True,True,,1,1,864,432,4101786
authenticated_hash_chain,10000,500,1,1,9501,4959149,4959149,9501,90471625,90471.625,90.471625,9501,,1e9d6d1977376ca6b91cccb4fb6e4b7ec1bba015773b068d0a7dab82d06ecffd,True,True,True,True,True,True,,9501,9501,4959671,4959149,0
gmcp_r,10000,500,250,1,250,108287,108287,251,2128708,2128.708,2.128708,9750,43772e4ce4695427d22e39c99ab32b7ced815d194d153d40aae6d16365b16089,,True,True,True,True,True,True,,250,250,108432,108000,4101786
authenticated_hash_chain,10000,500,250,1,9750,5089186,5089186,9750,94204208,94204.208,94.204208,9750,,65554c0fb1a854df5fa83ab8d603433c311a1aa57465d4944be56a0903189713,True,True,True,True,True,True,,9750,9750,5089708,5089186,0
gmcp_r,10000,500,499,1,499,215855,215855,500,4124750,4124.75,4.12475,9999,121a153e8edbc4a327b2bf34a77bdf2353d959743dd9aad868f6e8759df8ce05,,True,True,True,True,True,True,,499,499,216002,215568,4101786
authenticated_hash_chain,10000,500,499,1,9999,5219195,5219195,9999,95795834,95795.834,95.795834,9999,,7e83ef924e86ee6177ccdcc62b5d76a8071996988abfacec0d4eb5b862483665,True,True,True,True,True,True,,9999,9999,5219720,5219195,0
gmcp_r,10000,500,1,2,1,719,719,2,121708,121.708,0.121708,9501,26e9b5890854c3b327d2fa0259a2df40b20cca9de90f6af700b1eab3081e2a99,,True,True,True,True,True,True,,1,1,864,432,4101786
authenticated_hash_chain,10000,500,1,2,9501,4959088,4959088,9501,92803625,92803.625,92.803625,9501,,a8f3217d143bf085b450f34f02e2ae24f1b7542933f894f9dc599b3b2e0cc591,True,True,True,True,True,True,,9501,9501,4959611,4959088,0
gmcp_r,10000,500,250,2,250,108287,108287,251,2349667,2349.667,2.349667,9750,93e4e4d2078cfa7670a240d6759598c410ef75c3288b58e2ab4f2da1f22d6c8c,,True,True,True,True,True,True,,250,250,108432,108000,4101786
authenticated_hash_chain,10000,500,250,2,9750,5089110,5089110,9750,93716250,93716.25,93.71625,9750,,b512eb43a0869baf2787578437d60ef08ece743654820bc3b438703f260f41d8,True,True,True,True,True,True,,9750,9750,5089631,5089110,0
gmcp_r,10000,500,499,2,499,215855,215855,500,4241167,4241.167,4.241167,9999,0dc72138a30892f06ba0817072246ae52cef66c26cfb3fbd732f07d32f9b2b6d,,True,True,True,True,True,True,,499,499,216002,215568,4101786
authenticated_hash_chain,10000,500,499,2,9999,5219145,5219145,9999,96494458,96494.458,96.494458,9999,,5c80700601096ffb6b5d9ceaf9ebfb4419ce58a237e4b01fd59d71631752a65f,True,True,True,True,True,True,,9999,9999,5219669,5219145,0
gmcp_r,10000,500,1,3,1,719,719,2,124541,124.541,0.124541,9501,244f4b21a15bc9a9def5e82575eefdcfe5e4bec327816925b26ec239cf37d24e,,True,True,True,True,True,True,,1,1,864,432,4101786
authenticated_hash_chain,10000,500,1,3,9501,4959208,4959208,9501,91403000,91403.0,91.403,9501,,04699a28090a9d738c0802cde1018185360d3016cbe35066ce7aa87adc9a0fb4,True,True,True,True,True,True,,9501,9501,4959730,4959208,0
gmcp_r,10000,500,250,3,250,108287,108287,251,2179666,2179.666,2.179666,9750,d4beb7744d62b1570a75983995adc8e637b33ddca996da01f747d29acdeaac41,,True,True,True,True,True,True,,250,250,108432,108000,4101786
authenticated_hash_chain,10000,500,250,3,9750,5089248,5089248,9750,94465333,94465.333,94.465333,9750,,a9d0b789d07da2402007141929eb00a0f769345460e28400ecbe37529a391188,True,True,True,True,True,True,,9750,9750,5089769,5089248,0
gmcp_r,10000,500,499,3,499,215855,215855,500,4276458,4276.458,4.276458,9999,554979cbc9fb9fb8f8260a37f3634150032f4a9c8335c363387820bc1d0f3a4d,,True,True,True,True,True,True,,499,499,216002,215568,4101786
authenticated_hash_chain,10000,500,499,3,9999,5219288,5219288,9999,99702709,99702.709,99.702709,9999,,5f88b4d063a943928dab7dcd15407f33716e970bd2966fc7a9bc971f0f7253d0,True,True,True,True,True,True,,9999,9999,5219812,5219288,0
gmcp_r,10000,500,1,4,1,718,718,2,119584,119.584,0.119584,9501,53b5619d24cba872f9601595b3358580006f855a059d906ba22d053127beeeb4,,True,True,True,True,True,True,,1,1,864,432,4101786
authenticated_hash_chain,10000,500,1,4,9501,4959122,4959122,9501,91465250,91465.25,91.46525,9501,,4c78310a34d350a6e7fc22d44d5b89f90b172799db2094abe88b20a0b6623cd0,True,True,True,True,True,True,,9501,9501,4959644,4959122,0
gmcp_r,10000,500,250,4,250,108286,108286,251,2098250,2098.25,2.09825,9750,92dbe9859109e3d9b40925b12d07f8c769b8def6ea87990076b9a94e3ac76bd6,,True,True,True,True,True,True,,250,250,108432,108000,4101786
authenticated_hash_chain,10000,500,250,4,9750,5089154,5089154,9750,94355458,94355.458,94.355458,9750,,92853ee7230b5061eca47b1581682181ee4648daa9758417fe315a53f9b094b9,True,True,True,True,True,True,,9750,9750,5089677,5089154,0
gmcp_r,10000,500,499,4,499,215854,215854,500,4433791,4433.791,4.433791,9999,011f1f41bf9bf38c62fe3c0e16b38556d8a66c9c0404afc7bb112335903eb791,,True,True,True,True,True,True,,499,499,216002,215568,4101786
authenticated_hash_chain,10000,500,499,4,9999,5219180,5219180,9999,95195334,95195.334,95.195334,9999,,a72376d493d3e9cb48e2f7e1cf3a260abe71cd5df758bddb31f611d02aa1c594,True,True,True,True,True,True,,9999,9999,5219705,5219180,0
gmcp_r,10000,500,1,5,1,719,719,2,215750,215.75,0.21575,9501,c54ffccfdca4e838e16f8779703be6515e724a9323df40e78c4422618eed1bff,,True,True,True,True,True,True,,1,1,864,432,4101786
authenticated_hash_chain,10000,500,1,5,9501,4959168,4959168,9501,91206000,91206.0,91.206,9501,,fedad3a78d8060c857e5f27c4185650bd2fd8e707c9bbea6139047eb40bd0209,True,True,True,True,True,True,,9501,9501,4959690,4959168,0
gmcp_r,10000,500,250,5,250,108287,108287,251,2257334,2257.334,2.257334,9750,7a744d39dde6c3f40dc2fc585cd0ab7c62233afb46e8a00ec7a54e615f9f0047,,True,True,True,True,True,True,,250,250,108432,108000,4101786
authenticated_hash_chain,10000,500,250,5,9750,5089156,5089156,9750,93348083,93348.083,93.348083,9750,,7fc6eff8da592fd4b92146ed7a4cb1643c4073ff40d7a3d12fe6ed59234f6a08,True,True,True,True,True,True,,9750,9750,5089678,5089156,0
gmcp_r,10000,500,499,5,499,215855,215855,500,4422542,4422.542,4.422542,9999,9b4329c40cbadc5bb1b28637ebdb9385cdbc4f5e6f64bf76a258568c48a1cf9d,,True,True,True,True,True,True,,499,499,216002,215568,4101786
authenticated_hash_chain,10000,500,499,5,9999,5219193,5219193,9999,97100750,97100.75,97.10075,9999,,58a9a46916e6ccc87af388e1e8f55806036e5dd2f41f6ca25e38cd4ccc02ac92,True,True,True,True,True,True,,9999,9999,5219718,5219193,0
gmcp_r,10000,500,1,6,1,720,720,2,168666,168.666,0.168666,9501,62c8e12aad605b40ace366a71c5b6841b2b8ac1737554a7cf6e636db080bcf1f,,True,True,True,True,True,True,,1,1,864,432,4101786
authenticated_hash_chain,10000,500,1,6,9501,4959213,4959213,9501,91816959,91816.959,91.816959,9501,,951cf62d3aabd08a012632ef877386abecc34e5b7085cd4fa3f9c98478e40801,True,True,True,True,True,True,,9501,9501,4959736,4959213,0
gmcp_r,10000,500,250,6,250,108288,108288,251,2134625,2134.625,2.134625,9750,29bae875c9ea0f37101c0b9eba893fa691f064f1f519ddec0ce0562693822c0f,,True,True,True,True,True,True,,250,250,108432,108000,4101786
authenticated_hash_chain,10000,500,250,6,9750,5089251,5089251,9750,93828292,93828.292,93.828292,9750,,f34be56b82161f18ab8b344d2c8766edb5bf23d1c3733c26e9bb919128d9bda7,True,True,True,True,True,True,,9750,9750,5089774,5089251,0
gmcp_r,10000,500,499,6,499,215856,215856,500,4344708,4344.708,4.344708,9999,445eaa920b1994594f18e10d76beafc9872a7cfb3dba12154ababc8af8cd533f,,True,True,True,True,True,True,,499,499,216002,215568,4101786
authenticated_hash_chain,10000,500,499,6,9999,5219283,5219283,9999,95299834,95299.834,95.299834,9999,,f59f6a0ea5fa6bcb921e83fe08758b8aabb1dd9362d25733c79c4ded1c0379f2,True,True,True,True,True,True,,9999,9999,5219808,5219283,0
gmcp_r,10000,500,1,7,1,719,719,2,117875,117.875,0.117875,9501,0c0232a92f10d8dc6e755b4c00d3f29ee53889a1db4389a22abb31da39764498,,True,True,True,True,True,True,,1,1,864,432,4101786
authenticated_hash_chain,10000,500,1,7,9501,4959163,4959163,9501,91907500,91907.5,91.9075,9501,,f0f89cac5696bca87f43c59adcf76992968b45ebcfca20c9d1820cd79aaefd1a,True,True,True,True,True,True,,9501,9501,4959685,4959163,0
gmcp_r,10000,500,250,7,250,108287,108287,251,2281583,2281.583,2.281583,9750,a628faf09c9f18a98bc12bca35c43acc80d642112d30ac6c4a0fee2ce5ae20c5,,True,True,True,True,True,True,,250,250,108432,108000,4101786
authenticated_hash_chain,10000,500,250,7,9750,5089180,5089180,9750,93464875,93464.875,93.464875,9750,,0408e165520abb4f6d96ea42191ba1a00e94fd8bc0e0c3296dc3d0e020d9b508,True,True,True,True,True,True,,9750,9750,5089702,5089180,0
gmcp_r,10000,500,499,7,499,215855,215855,500,4129666,4129.666,4.129666,9999,54d573f6a35e7e55bfc45d995a34028df68fca67fc77e61914c9efc58fe0679a,,True,True,True,True,True,True,,499,499,216002,215568,4101786
authenticated_hash_chain,10000,500,499,7,9999,5219177,5219177,9999,96383917,96383.917,96.383917,9999,,4ac930583c2c53325acfafe120ab10cc56f716dc9defa360346163f3e3a74a7c,True,True,True,True,True,True,,9999,9999,5219701,5219177,0
gmcp_r,10000,500,1,8,1,719,719,2,147625,147.625,0.147625,9501,671a9fc14bf7cbde335bdbda9d69647bc122bc4fcfac481e2b15d8792a46037e,,True,True,True,True,True,True,,1,1,864,432,4101786
authenticated_hash_chain,10000,500,1,8,9501,4959275,4959275,9501,92383166,92383.166,92.383166,9501,,7e8212cade37e97b372850ec0f1ad59d7d58198913859a346f447db82b262cd3,True,True,True,True,True,True,,9501,9501,4959797,4959275,0
gmcp_r,10000,500,250,8,250,108287,108287,251,2138792,2138.792,2.138792,9750,f58780c312c81223ee30c2811ea677634b1a7e27a43c5f557c0f46b2de6f8a14,,True,True,True,True,True,True,,250,250,108432,108000,4101786
authenticated_hash_chain,10000,500,250,8,9750,5089309,5089309,9750,94284458,94284.458,94.284458,9750,,8b44184013e4d2c46dfb3997669799bb8c70fa2a45edb7bc2f5022f4fd75587e,True,True,True,True,True,True,,9750,9750,5089832,5089309,0
gmcp_r,10000,500,499,8,499,215855,215855,500,4459667,4459.667,4.459667,9999,82b25bb77a41118d065ed9f06a627954ce6bfe1aba4ccb08b631438fe3e1567c,,True,True,True,True,True,True,,499,499,216002,215568,4101786
authenticated_hash_chain,10000,500,499,8,9999,5219324,5219324,9999,96802916,96802.916,96.802916,9999,,b6a2be8e37b64d066de95c7400dc86a6503eb4f1b4f7e62e02ec2e8b0e1a21e9,True,True,True,True,True,True,,9999,9999,5219849,5219324,0
gmcp_r,10000,500,1,9,1,720,720,2,151166,151.166,0.151166,9501,05bfeca729c167abcb195a375766b592591b43cc79b10e7127d516dd9be599cf,,True,True,True,True,True,True,,1,1,864,432,4101786
authenticated_hash_chain,10000,500,1,9,9501,4959223,4959223,9501,90833041,90833.041,90.833041,9501,,8460f4888570e677fdcf8b088bbae5463b4bbdec8db97b95d017e586a46ca27f,True,True,True,True,True,True,,9501,9501,4959745,4959223,0
gmcp_r,10000,500,250,9,250,108288,108288,251,2131000,2131.0,2.131,9750,58fc1fbd86d560e2f436bf3db612d9e58c3b55e05cea17ad427cb6e4b7a42e1e,,True,True,True,True,True,True,,250,250,108432,108000,4101786
authenticated_hash_chain,10000,500,250,9,9750,5089256,5089256,9750,93528500,93528.5,93.5285,9750,,5f17b360f39a3dc3393640c201482cbfc26b9a9b66f116c10b5ac895bfdc2ff8,True,True,True,True,True,True,,9750,9750,5089779,5089256,0
gmcp_r,10000,500,499,9,499,215856,215856,500,4381792,4381.792,4.381792,9999,94ed4d99b07830e19c5104f771c555db7187bb7913ddfb674797ae2926aad386,,True,True,True,True,True,True,,499,499,216002,215568,4101786
authenticated_hash_chain,10000,500,499,9,9999,5219281,5219281,9999,96285583,96285.583,96.285583,9999,,23a70270584cf46ea171ae3ff5b89515c36a22e0f54ffd9282f89ad9a9eb1b48,True,True,True,True,True,True,,9999,9999,5219806,5219281,0
gmcp_r,10000,500,1,10,1,723,723,2,120875,120.875,0.120875,9501,f4f29762f9062704ad248b5d9f7f4c705520065b665cd686e0d7ed11729350c8,,True,True,True,True,True,True,,1,1,868,434,4120786
authenticated_hash_chain,10000,500,1,10,9501,4978198,4978198,9501,91434792,91434.792,91.434792,9501,,b8bae9a6a87b2ed16ad84046facc0c119417c04cecd14110c7ac3b8d12fc25ae,True,True,True,True,True,True,,9501,9501,4978723,4978198,0
gmcp_r,10000,500,250,10,250,108789,108789,251,2149667,2149.667,2.149667,9750,99d6c6cc870aa36eefac7eb96f229c08313499885df58d6f142b2a9111bd6c74,,True,True,True,True,True,True,,250,250,108934,108500,4120786
authenticated_hash_chain,10000,500,250,10,9750,5108695,5108695,9750,94134458,94134.458,94.134458,9750,,5b3cecbd3318dbb07fe20676ce3aefa535ab414fbdd187fb8ee044cb3866d4c9,True,True,True,True,True,True,,9750,9750,5109218,5108695,0
gmcp_r,10000,500,499,10,499,216855,216855,500,4155292,4155.292,4.155292,9999,e7978e3dc285ae9b2aded794f1e2568e832b087227d4201dfa79ee482660f33e,,True,True,True,True,True,True,,499,499,217002,216566,4120786
authenticated_hash_chain,10000,500,499,10,9999,5239202,5239202,9999,95614209,95614.209,95.614209,9999,,75459f0c70df74e04b7d2a5d8f543f6ba4a586b2c691f5138665c9deb4eafd85,True,True,True,True,True,True,,9999,9999,5239729,5239202,0
gmcp_r,10000,500,1,11,1,722,722,2,191125,191.125,0.191125,9501,a469d0021723870256f46fb54b9f202958cfa244bc5da1b8a688374d260c1d27,,True,True,True,True,True,True,,1,1,868,434,4120786
authenticated_hash_chain,10000,500,1,11,9501,4977978,4977978,9501,92790792,92790.792,92.790792,9501,,b3b4f64a8d27b353f0e478ab7aa7e76f65f39693f997944b799db1df3707ee90,True,True,True,True,True,True,,9501,9501,4978502,4977978,0
gmcp_r,10000,500,250,11,250,108788,108788,251,2304792,2304.792,2.304792,9750,c5b8dd8a2943fb198093011a48d44f23c41de2d03de7d90adbd7eb9ac895e9ca,,True,True,True,True,True,True,,250,250,108934,108500,4120786
authenticated_hash_chain,10000,500,250,11,9750,5108515,5108515,9750,94138000,94138.0,94.138,9750,,56bf487b66363284739fdaeecc7f91bc2585c2c1f93d6717e4912a5dc12eed4d,True,True,True,True,True,True,,9750,9750,5109039,5108515,0
gmcp_r,10000,500,499,11,499,216854,216854,500,4169666,4169.666,4.169666,9999,399b057c2ee8ad97322b049a38273933077a8f30db29d27bc39cce9dc9e8f412,,True,True,True,True,True,True,,499,499,217002,216566,4120786
authenticated_hash_chain,10000,500,499,11,9999,5239013,5239013,9999,96031042,96031.042,96.031042,9999,,33eb42b79bab806137fb1ab5446863c2f00f12f11be92ea0a7b563c2e360d169,True,True,True,True,True,True,,9999,9999,5239539,5239013,0
gmcp_r,10000,500,1,12,1,722,722,2,114500,114.5,0.1145,9501,445cfc0657f0c0b7fc325914d4ad64bf26eabc01af669c69c9f6a4b05f37d962,,True,True,True,True,True,True,,1,1,868,434,4120786
authenticated_hash_chain,10000,500,1,12,9501,4978267,4978267,9501,91326917,91326.917,91.326917,9501,,791168fc7f05a1c4278bfb83ee5f55e80f3ec5b44188157560467518cd4d90f5,True,True,True,True,True,True,,9501,9501,4978791,4978267,0
gmcp_r,10000,500,250,12,250,108788,108788,251,2150292,2150.292,2.150292,9750,0038ff9875a58a6cb559a60cb38f6e27c477a158076ff5718c58b7036be9bf09,,True,True,True,True,True,True,,250,250,108934,108500,4120786
authenticated_hash_chain,10000,500,250,12,9750,5108793,5108793,9750,94051250,94051.25,94.05125,9750,,050ea52cdca92faae4c87d68a281f579855efbaed4c53d1256a5116fdeb60e0a,True,True,True,True,True,True,,9750,9750,5109317,5108793,0
gmcp_r,10000,500,499,12,499,216854,216854,500,4133584,4133.584,4.133584,9999,138a0c75d31c3a389000d7b3a2c5e44015eb24aaf4a03ea6c8b8b2e24e5fd897,,True,True,True,True,True,True,,499,499,217002,216566,4120786
authenticated_hash_chain,10000,500,499,12,9999,5239320,5239320,9999,94983083,94983.083,94.983083,9999,,eabdccc6da1f258b0f4162acea9f26452552ff62d5cd0bc81d66badb51057e65,True,True,True,True,True,True,,9999,9999,5239846,5239320,0
gmcp_r,10000,500,1,13,1,722,722,2,126666,126.666,0.126666,9501,f2c1bc57432531ee0ebfb7bc0a624c2b3f3429579210259a997e1dc1e3c77cc8,,True,True,True,True,True,True,,1,1,868,434,4120786
authenticated_hash_chain,10000,500,1,13,9501,4978095,4978095,9501,93632708,93632.708,93.632708,9501,,740b62d8a31b1f2a7eb07705dde636d55db5e5f5cf89ee0f47468952b1fdd906,True,True,True,True,True,True,,9501,9501,4978620,4978095,0
gmcp_r,10000,500,250,13,250,108788,108788,251,2163583,2163.583,2.163583,9750,37a5b8c64b8c772c6a40d68aa679ec884edf50f8f3cf2767b3b837d7e02c51b1,,True,True,True,True,True,True,,250,250,108934,108500,4120786
authenticated_hash_chain,10000,500,250,13,9750,5108614,5108614,9750,94004416,94004.416,94.004416,9750,,b3b9d08ad8805bbb34159d6f51442c6b071eac43899c5b024f4681b8eb2a341b,True,True,True,True,True,True,,9750,9750,5109139,5108614,0
gmcp_r,10000,500,499,13,499,216854,216854,500,4240375,4240.375,4.240375,9999,55be6a617c3cb8fdfb01acc31a80f0445dd0f95c72f5c9e57cd85a5f886e1826,,True,True,True,True,True,True,,499,499,217002,216566,4120786
authenticated_hash_chain,10000,500,499,13,9999,5239137,5239137,9999,96315584,96315.584,96.315584,9999,,7aa89597909dce5afeff08c9ac97c3c4b60350372e7f84dc63d814afd4712118,True,True,True,True,True,True,,9999,9999,5239663,5239137,0
gmcp_r,10000,500,1,14,1,722,722,2,112625,112.625,0.112625,9501,02376886d022b7af2ec13eeca281bf161eba987eea7b7f454a6626f91c87c247,,True,True,True,True,True,True,,1,1,868,434,4120786
authenticated_hash_chain,10000,500,1,14,9501,4978201,4978201,9501,91565666,91565.666,91.565666,9501,,76458520f6d8c6735aec89e3a3f3390e1437175a4aa2250b0c759daac97029d3,True,True,True,True,True,True,,9501,9501,4978725,4978201,0
gmcp_r,10000,500,250,14,250,108788,108788,251,2135500,2135.5,2.1355,9750,4ed578560e7476e96cbbf780ee3c6cab5eed0cb9ec6019b6863d875150be8cb7,,True,True,True,True,True,True,,250,250,108934,108500,4120786
authenticated_hash_chain,10000,500,250,14,9750,5108683,5108683,9750,93845916,93845.916,93.845916,9750,,abc53d91edbbb9001355055d66d581c961d03f0569c6a80a0c715f44e4117780,True,True,True,True,True,True,,9750,9750,5109207,5108683,0
gmcp_r,10000,500,499,14,499,216854,216854,500,4121750,4121.75,4.12175,9999,7058cea73bf646b0ab30e566483820d8197bcf6bf72dfde5b1d2ffea7a1264a2,,True,True,True,True,True,True,,499,499,217002,216566,4120786
authenticated_hash_chain,10000,500,499,14,9999,5239242,5239242,9999,96360208,96360.208,96.360208,9999,,0ce9c383b6e053bcb82c89b14d15c516bf2d82e971fa3f66b87ed273a00ab3dd,True,True,True,True,True,True,,9999,9999,5239769,5239242,0
gmcp_r,10000,500,1,15,1,722,722,2,140792,140.792,0.140792,9501,5cd702cadc5bd43f71ae02d802fee7d5747fec2f309a9c17b56f5cc838ae76c9,,True,True,True,True,True,True,,1,1,868,434,4120786
authenticated_hash_chain,10000,500,1,15,9501,4978011,4978011,9501,91569792,91569.792,91.569792,9501,,498c18a02bad6ebca4333be0fd3bab88c0d2c5c70796962a79cf0b1cc146f3ce,True,True,True,True,True,True,,9501,9501,4978535,4978011,0
gmcp_r,10000,500,250,15,250,108788,108788,251,2149125,2149.125,2.149125,9750,842a7533a563a92b3e22fa6a6623ed2d420a36e9d54d0e8586b283d82eb8d183,,True,True,True,True,True,True,,250,250,108934,108500,4120786
authenticated_hash_chain,10000,500,250,15,9750,5108543,5108543,9750,92870917,92870.917,92.870917,9750,,00b431924f32f3a06089bf4d283c55419cedecbe4a382c5d16fe85800652557e,True,True,True,True,True,True,,9750,9750,5109067,5108543,0
gmcp_r,10000,500,499,15,499,216854,216854,500,4145042,4145.042,4.145042,9999,200ed5f4f66a263dd6837f264222cc163438160012f438600cf4e072b79590fb,,True,True,True,True,True,True,,499,499,217002,216566,4120786
authenticated_hash_chain,10000,500,499,15,9999,5239071,5239071,9999,96783750,96783.75,96.78375,9999,,1af31ed25791258d074e781fffa5374b64e76bbb4296f06e03c73be1bf2297d9,True,True,True,True,True,True,,9999,9999,5239598,5239071,0
gmcp_r,10000,500,1,16,1,723,723,2,160334,160.334,0.160334,9501,7c40505b2b3a4dc3421f4f3c7f821f741cf13bc1703851e4275b3667a1e46669,,True,True,True,True,True,True,,1,1,868,434,4120786
authenticated_hash_chain,10000,500,1,16,9501,4978222,4978222,9501,90540625,90540.625,90.540625,9501,,11ceab108f7fd998ead1d59e533c527aeb756a41b15b08190f5a0b0472148670,True,True,True,True,True,True,,9501,9501,4978746,4978222,0
gmcp_r,10000,500,250,16,250,108789,108789,251,2151125,2151.125,2.151125,9750,b6a416e32dfaf05b24821b8a88e30ada8a6dab1c647bf98abf4590b5910e174b,,True,True,True,True,True,True,,250,250,108934,108500,4120786
authenticated_hash_chain,10000,500,250,16,9750,5108758,5108758,9750,93653583,93653.583,93.653583,9750,,fb9f03967c615d480269dfe592fc6c4487f3bcf7a7454960a3c1e62be17a889c,True,True,True,True,True,True,,9750,9750,5109283,5108758,0
gmcp_r,10000,500,499,16,499,216855,216855,500,4465458,4465.458,4.465458,9999,2994773e43d300f9ff78f764627b0319710f4362f2d5be143ade7bca7f8d3b45,,True,True,True,True,True,True,,499,499,217002,216566,4120786
authenticated_hash_chain,10000,500,499,16,9999,5239272,5239272,9999,95541292,95541.292,95.541292,9999,,356f3f3d518d75f5b079caf825b05795c00a6fd398a69698e317cb9d28cbc45f,True,True,True,True,True,True,,9999,9999,5239797,5239272,0
gmcp_r,10000,500,1,17,1,723,723,2,122833,122.833,0.122833,9501,626f23b1f0e35e7013d1a5b4fd6d43d66f2daecca587bcf997b03a5becc52dc3,,True,True,True,True,True,True,,1,1,868,434,4120786
authenticated_hash_chain,10000,500,1,17,9501,4978109,4978109,9501,91636250,91636.25,91.63625,9501,,84b8945af0cb3848ac41e7399a37dd21f8d3f022cbca6a5f1226fbdbbbbcf825,True,True,True,True,True,True,,9501,9501,4978633,4978109,0
gmcp_r,10000,500,250,17,250,108789,108789,251,2147791,2147.791,2.147791,9750,05c7e25a1bbb8499048b26e952835057e81a49dbd399eea6762271acf11a38bc,,True,True,True,True,True,True,,250,250,108934,108500,4120786
authenticated_hash_chain,10000,500,250,17,9750,5108614,5108614,9750,93071250,93071.25,93.07125,9750,,04464e63eeb89a4130887e28cdc5c38d44f0c0faf9f6b1b046f785d3ecc5a095,True,True,True,True,True,True,,9750,9750,5109138,5108614,0
gmcp_r,10000,500,499,17,499,216855,216855,500,4157583,4157.583,4.157583,9999,0594b01546ae7351d9bcfe0fbfb84fd91cf2c091c425cde3fac5b27912503a33,,True,True,True,True,True,True,,499,499,217002,216566,4120786
authenticated_hash_chain,10000,500,499,17,9999,5239148,5239148,9999,95485958,95485.958,95.485958,9999,,1fa090927b0486441673cefa7d5e25b542237885b4a0379089bba4f36ad3d38f,True,True,True,True,True,True,,9999,9999,5239674,5239148,0
gmcp_r,10000,500,1,18,1,722,722,2,146625,146.625,0.146625,9501,3fe08241d4a1810368e88f7de49615cc8e4c808e4d5b9a538bf2f1d1632e9b0f,,True,True,True,True,True,True,,1,1,868,434,4120786
authenticated_hash_chain,10000,500,1,18,9501,4978121,4978121,9501,91091125,91091.125,91.091125,9501,,0ff2274c80fa9c2f67b7d5bc841ad7f795be721d6fd6c9d23068a7a2f9ceda72,True,True,True,True,True,True,,9501,9501,4978644,4978121,0
gmcp_r,10000,500,250,18,250,108788,108788,251,2146167,2146.167,2.146167,9750,1ae6065a3d5542a0061257dd7b6dfeeedd75e37fcaeb5902ece2245dcd4a5541,,True,True,True,True,True,True,,250,250,108934,108500,4120786
authenticated_hash_chain,10000,500,250,18,9750,5108647,5108647,9750,93202875,93202.875,93.202875,9750,,7ded055ac93ec8edf5470a5292559f8369183d3da3ed9ea75deecb0988254b31,True,True,True,True,True,True,,9750,9750,5109171,5108647,0
gmcp_r,10000,500,499,18,499,216854,216854,500,4292709,4292.709,4.292709,9999,988c3e4ba9fe5be2ed656192e0981e045a76af9c819362ee228b81e6e72f646f,,True,True,True,True,True,True,,499,499,217002,216566,4120786
authenticated_hash_chain,10000,500,499,18,9999,5239162,5239162,9999,96126500,96126.5,96.1265,9999,,1feed3e2de6a6c45a435e4de2073798e6be066b050c31552532ab0856be4a465,True,True,True,True,True,True,,9999,9999,5239689,5239162,0
gmcp_r,10000,500,1,19,1,722,722,2,167791,167.791,0.167791,9501,9429763d1e6918ee9326dd343d6ce73fd58b2b82452de54a3e027e02b6a1f4c9,,True,True,True,True,True,True,,1,1,868,434,4120786
authenticated_hash_chain,10000,500,1,19,9501,4977963,4977963,9501,91359541,91359.541,91.359541,9501,,e6b07dd193bb91f36b63395d8b6335b19eab557efb53a1b45016495f4ebb89b7,True,True,True,True,True,True,,9501,9501,4978487,4977963,0
gmcp_r,10000,500,250,19,250,108788,108788,251,2352875,2352.875,2.352875,9750,da6bf1f7ff4017b23585f413a3cd40e14a34437df7972980f24aa0244a24d666,,True,True,True,True,True,True,,250,250,108934,108500,4120786
authenticated_hash_chain,10000,500,250,19,9750,5108497,5108497,9750,93425125,93425.125,93.425125,9750,,1545a8ee9df9f6e4846c082bbb75164bfe2ac580a3f57a6adb3d09fc43e62786,True,True,True,True,True,True,,9750,9750,5109021,5108497,0
gmcp_r,10000,500,499,19,499,216854,216854,500,4405750,4405.75,4.40575,9999,0a31d23bd726ec201e1fe88d2ba17d46dc52c70b9eb598c8af8ef695d55ed122,,True,True,True,True,True,True,,499,499,217002,216566,4120786
authenticated_hash_chain,10000,500,499,19,9999,5239032,5239032,9999,95551542,95551.542,95.551542,9999,,4993fe5835136441b21a55c7ea8765fc1b8313604616fd5c4aeb303d12623267,True,True,True,True,True,True,,9999,9999,5239558,5239032,0
gmcp_r,10000,500,1,20,1,722,722,2,207167,207.167,0.207167,9501,4fcb8489f328983694a8673a316d8c2c6cccede923083e4fd70829491e01764a,,True,True,True,True,True,True,,1,1,868,434,4120786
authenticated_hash_chain,10000,500,1,20,9501,4978050,4978050,9501,91202875,91202.875,91.202875,9501,,5ff37b128ffc9449cffb384ba74b749ad658c3bbc16b0b1c6344e39602bc3653,True,True,True,True,True,True,,9501,9501,4978574,4978050,0
gmcp_r,10000,500,250,20,250,108788,108788,251,2151292,2151.292,2.151292,9750,8d0d1739ddab6601907dc52b58d4ddbdd1c57d83a49e0ba36e8381de6d9c0322,,True,True,True,True,True,True,,250,250,108934,108500,4120786
authenticated_hash_chain,10000,500,250,20,9750,5108554,5108554,9750,92881375,92881.375,92.881375,9750,,307e5245b5c41294634a64fbf467d0cef2c2065d7bdcd631cad7a73b267d995d,True,True,True,True,True,True,,9750,9750,5109079,5108554,0
gmcp_r,10000,500,499,20,499,216854,216854,500,4385250,4385.25,4.38525,9999,dae626e04a4309035b49a496e4e3bc7a3c2292041df92691746cbf76161c30fd,,True,True,True,True,True,True,,499,499,217002,216566,4120786
authenticated_hash_chain,10000,500,499,20,9999,5239070,5239070,9999,95685875,95685.875,95.685875,9999,,3848152aa0fb40b92b3b28f58ae1d4dfe4a552b60454103403119587d7e3c7ce,True,True,True,True,True,True,,9999,9999,5239596,5239070,0
gmcp_r,10000,500,1,21,1,722,722,2,122584,122.584,0.122584,9501,3ef38568abfed4d45b748ba1137db4cfba2d0ede9065b605d9a4f304e66e1fba,,True,True,True,True,True,True,,1,1,868,434,4120786
authenticated_hash_chain,10000,500,1,21,9501,4978057,4978057,9501,91948125,91948.125,91.948125,9501,,5454a8f54eb8d95b4123d224777e22bc322ef79aff0adf212ed89fa39205d017,True,True,True,True,True,True,,9501,9501,4978581,4978057,0
gmcp_r,10000,500,250,21,250,108788,108788,251,2131875,2131.875,2.131875,9750,56a7ef8a1d253430084b55b0755df7956c8e8ad93aa7696edea9c62102c200dc,,True,True,True,True,True,True,,250,250,108934,108500,4120786
authenticated_hash_chain,10000,500,250,21,9750,5108593,5108593,9750,101034209,101034.209,101.034209,9750,,2b11fe785527f7d5aad20c1707c08e762934b7f347621ae28f387bf333b67a19,True,True,True,True,True,True,,9750,9750,5109118,5108593,0
gmcp_r,10000,500,499,21,499,216854,216854,500,4619125,4619.125,4.619125,9999,9889a09684925f7002753861350356c73ebb16cad3b3983571399b659d103447,,True,True,True,True,True,True,,499,499,217002,216566,4120786
authenticated_hash_chain,10000,500,499,21,9999,5239140,5239140,9999,96261083,96261.083,96.261083,9999,,ac369d041b9308265cf8505d82f11ef3cfa20090ae45d20c7617db8c53c79286,True,True,True,True,True,True,,9999,9999,5239666,5239140,0
gmcp_r,10000,500,1,22,1,722,722,2,146041,146.041,0.146041,9501,6ce2b696e0367054330635fd0ca0c5ebe58e0f4624a743fbd7b698b531fbc747,,True,True,True,True,True,True,,1,1,868,434,4120786
authenticated_hash_chain,10000,500,1,22,9501,4978051,4978051,9501,91795167,91795.167,91.795167,9501,,177b25bd536ada31331e4f407dd97900a5e447c97281850d42c96c325b592848,True,True,True,True,True,True,,9501,9501,4978575,4978051,0
gmcp_r,10000,500,250,22,250,108788,108788,251,2139000,2139.0,2.139,9750,3e17a32b852fdd2ec85544fde5da0831676fb51ad1c5922006ddaf84788f7f3b,,True,True,True,True,True,True,,250,250,108934,108500,4120786
authenticated_hash_chain,10000,500,250,22,9750,5108563,5108563,9750,94047834,94047.834,94.047834,9750,,1ba69ef6b15464bb04946789045df8fa89c88dbaaa337e0e7f8c02ceae7c8adc,True,True,True,True,True,True,,9750,9750,5109087,5108563,0
gmcp_r,10000,500,499,22,499,216854,216854,500,4335958,4335.958,4.335958,9999,f588fc8a249be2f1a184f0142e79e5a953e54960ca5c9d11c33d1e5ee1a4c432,,True,True,True,True,True,True,,499,499,217002,216566,4120786
authenticated_hash_chain,10000,500,499,22,9999,5239107,5239107,9999,96601375,96601.375,96.601375,9999,,869d1226369187ccc44122b68ce9c4e93ba2dfcd12d579cb8aba0966b353d549,True,True,True,True,True,True,,9999,9999,5239633,5239107,0
gmcp_r,10000,500,1,23,1,722,722,2,110667,110.667,0.110667,9501,29c0758ac319d00ebd1b12894808ec90ae8212507d0be5b21900b38341fdd766,,True,True,True,True,True,True,,1,1,868,434,4120786
authenticated_hash_chain,10000,500,1,23,9501,4978127,4978127,9501,92218292,92218.292,92.218292,9501,,c2638a3510d74e1eb792816036156de02777a8b6c29bab646e64e9036d095482,True,True,True,True,True,True,,9501,9501,4978652,4978127,0
gmcp_r,10000,500,250,23,250,108788,108788,251,2239916,2239.916,2.239916,9750,dc69d267fe2e6c5ffdcf37d32e15421d8387803806f51d5145dfd56a56622ad1,,True,True,True,True,True,True,,250,250,108934,108500,4120786
authenticated_hash_chain,10000,500,250,23,9750,5108635,5108635,9750,94551166,94551.166,94.551166,9750,,d15e82d9d6bb582a4dc21e0c313badffd4a65eaebcb1bd9b7be5e0c10b10f503,True,True,True,True,True,True,,9750,9750,5109160,5108635,0
gmcp_r,10000,500,499,23,499,216854,216854,500,4517958,4517.958,4.517958,9999,24365403988a41d7f60f0d652e86d7c339764f1af92a86eaac9bcd61306b66e9,,True,True,True,True,True,True,,499,499,217002,216566,4120786
authenticated_hash_chain,10000,500,499,23,9999,5239165,5239165,9999,98367708,98367.708,98.367708,9999,,a867ee04cb02fa5c2ced3a6aac50f765ba65460259d0abf6944d6bdaa13e9eaa,True,True,True,True,True,True,,9999,9999,5239691,5239165,0
gmcp_r,10000,500,1,24,1,722,722,2,183625,183.625,0.183625,9501,10806f2ff4ffdbca64d9cebb036f4873cca9a258da4a84b8dcbbc51f428c16b7,,True,True,True,True,True,True,,1,1,868,434,4120786
authenticated_hash_chain,10000,500,1,24,9501,4978125,4978125,9501,92612083,92612.083,92.612083,9501,,242a507fe68c66f15fe9cd8fb152841d85722ca87687a2924600926741d5ae4e,True,True,True,True,True,True,,9501,9501,4978650,4978125,0
gmcp_r,10000,500,250,24,250,108788,108788,251,2268000,2268.0,2.268,9750,029fb1a3b528bc87843e01ffee0b837e8a3e7982339e5224eef68d5df19c57ad,,True,True,True,True,True,True,,250,250,108934,108500,4120786
authenticated_hash_chain,10000,500,250,24,9750,5108638,5108638,9750,93705625,93705.625,93.705625,9750,,c87a2e298bd2b2dfc0db2597e59a2905a8870cea7bd1a2fc9be3d680fb5befe3,True,True,True,True,True,True,,9750,9750,5109162,5108638,0
gmcp_r,10000,500,499,24,499,216854,216854,500,4407167,4407.167,4.407167,9999,e1ff096fb69fa5a5980be6e0596575d115848b194dbfe8f14d63dfea6d922e7b,,True,True,True,True,True,True,,499,499,217002,216566,4120786
authenticated_hash_chain,10000,500,499,24,9999,5239165,5239165,9999,96622000,96622.0,96.622,9999,,5562c960d0bbafda489a642e2d3576b4c0e2fc267124180ab718b6dcf7ef4be2,True,True,True,True,True,True,,9999,9999,5239691,5239165,0
gmcp_r,10000,500,1,25,1,722,722,2,131625,131.625,0.131625,9501,895d1872ec5690a3148ede450edc7c4db3f368de4287a222a663108d05992159,,True,True,True,True,True,True,,1,1,868,434,4120786
authenticated_hash_chain,10000,500,1,25,9501,4978054,4978054,9501,91752083,91752.083,91.752083,9501,,9230e6721b34317988c7a573907836d60b432a7aa944b8836d40353ae2eb8e0b,True,True,True,True,True,True,,9501,9501,4978578,4978054,0
gmcp_r,10000,500,250,25,250,108788,108788,251,2141500,2141.5,2.1415,9750,f0eb2baf7fa33d55c24cbd392275c741c6b2e60fdb8e1c996929e53646d03328,,True,True,True,True,True,True,,250,250,108934,108500,4120786
authenticated_hash_chain,10000,500,250,25,9750,5108581,5108581,9750,94972250,94972.25,94.97225,9750,,4a26073909824d2ed0fae42a405b859ec7887058e28abd40585d65700ff1df17,True,True,True,True,True,True,,9750,9750,5109106,5108581,0
gmcp_r,10000,500,499,25,499,216854,216854,500,4302084,4302.084,4.302084,9999,9a2a21486b37bd3e0cb624c0cc4fae82e35f644a72e058f713acc08286980a8e,,True,True,True,True,True,True,,499,499,217002,216566,4120786
authenticated_hash_chain,10000,500,499,25,9999,5239112,5239112,9999,95734375,95734.375,95.734375,9999,,90c5e3366c1822daf12ea71cc8fc47b7fd14950e338ec601d90c806969abdcdd,True,True,True,True,True,True,,9999,9999,5239639,5239112,0
gmcp_r,10000,500,1,26,1,722,722,2,151000,151.0,0.151,9501,e9f3f5538052746701c3cd087f69c0f8653143e045b70fd0954d5836f16efe12,,True,True,True,True,True,True,,1,1,868,434,4120786
authenticated_hash_chain,10000,500,1,26,9501,4978131,4978131,9501,92117250,92117.25,92.11725,9501,,8375ec91ddf1fd9ecfa9979fa546814c893d08fc45d941de0cff3b559ae7ed4b,True,True,True,True,True,True,,9501,9501,4978656,4978131,0
gmcp_r,10000,500,250,26,250,108788,108788,251,2266125,2266.125,2.266125,9750,cbbd3ececca3dac9432d49ccec2a327b2a92938fb362264b613beacef4d2a110,,True,True,True,True,True,True,,250,250,108934,108500,4120786
authenticated_hash_chain,10000,500,250,26,9750,5108662,5108662,9750,93107083,93107.083,93.107083,9750,,11e8a612b95d47bb7ebc5ebeac3d373f06c907e4872050bf3b0a8add60af87eb,True,True,True,True,True,True,,9750,9750,5109187,5108662,0
gmcp_r,10000,500,499,26,499,216854,216854,500,4209709,4209.709,4.209709,9999,0eb8043c13e65be9006ee80bbe71c0244fee19ecbc002d476c918d633fa2f854,,True,True,True,True,True,True,,499,499,217002,216566,4120786
authenticated_hash_chain,10000,500,499,26,9999,5239182,5239182,9999,97692250,97692.25,97.69225,9999,,e332aedf6d48e9d703dfe60316e8418a2a151c22e3f47e403deff6e16e32f730,True,True,True,True,True,True,,9999,9999,5239708,5239182,0
gmcp_r,10000,500,1,27,1,722,722,2,149125,149.125,0.149125,9501,2983ca767b4a1ecb77c100f91ad69b42966180124927c895e433396e10157556,,True,True,True,True,True,True,,1,1,868,434,4120786
authenticated_hash_chain,10000,500,1,27,9501,4978096,4978096,9501,91602917,91602.917,91.602917,9501,,d5fc334e61092bd8c69212872d15e5da30251c071b16d363dcae454925ac643d,True,True,True,True,True,True,,9501,9501,4978620,4978096,0
gmcp_r,10000,500,250,27,250,108788,108788,251,2130625,2130.625,2.130625,9750,a8d4f31f0cbfc44bc1023f813fa1032993ce10efa5ab228521fe33945928bf1a,,True,True,True,True,True,True,,250,250,108934,108500,4120786
authenticated_hash_chain,10000,500,250,27,9750,5108606,5108606,9750,95052333,95052.333,95.052333,9750,,3a91240c56464e9f9008d9f84689818b9c89d77c8e3807f129ccfbc6e4852507,True,True,True,True,True,True,,9750,9750,5109131,5108606,0
gmcp_r,10000,500,499,27,499,216854,216854,500,4408334,4408.334,4.408334,9999,6a61080091c0635b9c4d774a6e054fff9157e233caea912103ce6d0630f739ec,,True,True,True,True,True,True,,499,499,217002,216566,4120786
authenticated_hash_chain,10000,500,499,27,9999,5239129,5239129,9999,95484959,95484.959,95.484959,9999,,f8ad8cb851ce5eb039b79d12f4264a3c60117e55f400bad0593aa4a596287595,True,True,True,True,True,True,,9999,9999,5239656,5239129,0
gmcp_r,10000,500,1,28,1,722,722,2,135334,135.334,0.135334,9501,e3251db8c5dac26934531d28884312cdd4f025889c8376fe587ebb7f40c26c9e,,True,True,True,True,True,True,,1,1,868,434,4120786
authenticated_hash_chain,10000,500,1,28,9501,4978121,4978121,9501,91846500,91846.5,91.8465,9501,,d92ad6a2f24eef37df129fd4a05de792175ed064814d5ee6f7db0f75f62f4d11,True,True,True,True,True,True,,9501,9501,4978645,4978121,0
gmcp_r,10000,500,250,28,250,108788,108788,251,2314666,2314.666,2.314666,9750,b3f9037bd5f62f43a250a92ae7b594ba6f8a14176d2189e3ab93b783a870e02c,,True,True,True,True,True,True,,250,250,108934,108500,4120786
authenticated_hash_chain,10000,500,250,28,9750,5108656,5108656,9750,94254708,94254.708,94.254708,9750,,723058ff08c5ebb871db0a29330114b56155df04391b5a07d7c28c27eb1071f7,True,True,True,True,True,True,,9750,9750,5109180,5108656,0
gmcp_r,10000,500,499,28,499,216854,216854,500,4337000,4337.0,4.337,9999,76c472e488b62ddd45879c64042d3da1520ea6cece71dce5646b7f95e6c847e3,,True,True,True,True,True,True,,499,499,217002,216566,4120786
authenticated_hash_chain,10000,500,499,28,9999,5239188,5239188,9999,97817542,97817.542,97.817542,9999,,de702c6a15692f5e69bd75551fc41f51eccdb631b0168fe2dbcbba73c459b70a,True,True,True,True,True,True,,9999,9999,5239714,5239188,0
gmcp_r,10000,500,1,29,1,722,722,2,128833,128.833,0.128833,9501,30666b1b665e61e226c2c43747ead08e147f3824bd43f76e1c5b48e9f07b0167,,True,True,True,True,True,True,,1,1,868,434,4120786
authenticated_hash_chain,10000,500,1,29,9501,4978071,4978071,9501,91874958,91874.958,91.874958,9501,,0ba8e63ba7e41da6c6e1ba08ca64f91a0b57a029219835246f7546339894edf8,True,True,True,True,True,True,,9501,9501,4978596,4978071,0
gmcp_r,10000,500,250,29,250,108788,108788,251,2125709,2125.709,2.125709,9750,d82b8b131d241611dc85ff336bba9ade00568f6642ee9f774fa02ade65186e80,,True,True,True,True,True,True,,250,250,108934,108500,4120786
authenticated_hash_chain,10000,500,250,29,9750,5108604,5108604,9750,94957917,94957.917,94.957917,9750,,cb20f9cca5122f1104ce2f36179b0b6a503b95bf4b3729340ff8d0158587f3b3,True,True,True,True,True,True,,9750,9750,5109128,5108604,0
gmcp_r,10000,500,499,29,499,216854,216854,500,4292000,4292.0,4.292,9999,1a75c1cb001b48e4065a4ffba119088b9d0df82f64be9dc341b48e42da90c858,,True,True,True,True,True,True,,499,499,217002,216566,4120786
authenticated_hash_chain,10000,500,499,29,9999,5239127,5239127,9999,95214792,95214.792,95.214792,9999,,5e44bc0706f4c24afc28b8f80fde63e65da7b4440112e7b7a28123d6581f788b,True,True,True,True,True,True,,9999,9999,5239653,5239127,0
gmcp_r,10000,500,1,30,1,722,722,2,161916,161.916,0.161916,9501,d286f3c84b393546bfbee5b05ef43bb398a9a1f1731f5e7ddfaf0cc2de6ccb66,,True,True,True,True,True,True,,1,1,868,434,4120786
authenticated_hash_chain,10000,500,1,30,9501,4978203,4978203,9501,91876333,91876.333,91.876333,9501,,16779d9895f4cb80036ab2b349fcbbd938c7e418e6daf0c28f408d863675e431,True,True,True,True,True,True,,9501,9501,4978727,4978203,0
gmcp_r,10000,500,250,30,250,108788,108788,251,2631250,2631.25,2.63125,9750,a147447e47b2a64aa67ce1abfba7fe66c06545c4e5d9b571dbbfefb582283b29,,True,True,True,True,True,True,,250,250,108934,108500,4120786
authenticated_hash_chain,10000,500,250,30,9750,5108723,5108723,9750,94945334,94945.334,94.945334,9750,,981f82b47389ce82ec32f19adc50b71f5f570606308f7970c7aab99840df8288,True,True,True,True,True,True,,9750,9750,5109247,5108723,0
gmcp_r,10000,500,499,30,499,216854,216854,500,4147917,4147.917,4.147917,9999,9ed1d9baf99106f2b970c8dff12c97147fe7fd9eafd0ef716d49d2bfb35abae7,,True,True,True,True,True,True,,499,499,217002,216566,4120786
authenticated_hash_chain,10000,500,499,30,9999,5239247,5239247,9999,96059875,96059.875,96.059875,9999,,70255ab8202bd2970190db16c81a5e986cf2d433b4b229bd9accb012fa07d3a6,True,True,True,True,True,True,,9999,9999,5239772,5239247,0
gmcp_r,100000,10,1,1,1,724,724,2,172250,172.25,0.17225,99991,add9be65353f63c68ab7b7f6f1d45f44f186fe484af94e2f9a30d905bc7b595f,,True,True,True,True,True,True,,1,1,868,434,43373448
authenticated_hash_chain,100000,10,1,1,99991,52391840,52391840,99991,962726708,962726.708,962.726708,99991,,bbac4933995524eaac74c2ca72cfcc479932dd938e9a0d7c8b59a41d5139a9e2,True,True,True,True,True,True,,99991,99991,52392364,52391840,0
gmcp_r,100000,10,5,1,5,2460,2460,6,123958,123.958,0.123958,99995,939ef4114dcafb5cb568a75e2e4827515062de7ca1570da66fa6c6266ca2707c,,True,True,True,True,True,True,,5,5,2604,2170,43373448
authenticated_hash_chain,100000,10,5,1,99995,52393938,52393938,99995,985967791,985967.791,985.967791,99995,,afc75fa39dfdb0c6726ac3e0fd83954a408fb5950344d3f60423f203df8654d0,True,True,True,True,True,True,,99995,99995,52394462,52393938,0
gmcp_r,100000,10,9,1,9,4196,4196,10,162375,162.375,0.162375,99999,a19373a0260f46e6dd10ce468b442e6ed7c5d4fa7c9743cd75bc0e1563a2a8a2,,True,True,True,True,True,True,,9,9,4342,3906,43373448
authenticated_hash_chain,100000,10,9,1,99999,52396035,52396035,99999,955327458,955327.458,955.327458,99999,,c0d27c0b447d752bc2ff3f6d8f07ebc1ec5c09fa92a464c260aeb14c08035c7c,True,True,True,True,True,True,,99999,99999,52396561,52396035,0
gmcp_r,100000,10,1,2,1,724,724,2,166333,166.333,0.166333,99991,886daee3de96a9336e651f3d23e2e9ed5bedf8c4251d62185dbfd501d4dd6df8,,True,True,True,True,True,True,,1,1,868,434,43373448
authenticated_hash_chain,100000,10,1,2,99991,52392261,52392261,99991,965864375,965864.375,965.864375,99991,,d8ec3b03588b77af04592cd6ea451ad3f3da86894bcf46cf6f38570b0397b943,True,True,True,True,True,True,,99991,99991,52392784,52392261,0
gmcp_r,100000,10,5,2,5,2460,2460,6,140333,140.333,0.140333,99995,fbcd528edbab028aea6550dadae4d8d024c712ecd63c2e6f20e609eeca5bf1d8,,True,True,True,True,True,True,,5,5,2604,2170,43373448
authenticated_hash_chain,100000,10,5,2,99995,52394356,52394356,99995,1052825166,1052825.166,1052.825166,99995,,6921b69743cf9f53fd328e9966e18c91c02791f9a2aca21ee2a836851fa324bc,True,True,True,True,True,True,,99995,99995,52394880,52394356,0
gmcp_r,100000,10,9,2,9,4196,4196,10,196625,196.625,0.196625,99999,2cd788400e6c3c32a1e7d0125e88ca9a8408bf1a34bae2cd7196582f4edfd87c,,True,True,True,True,True,True,,9,9,4342,3906,43373448
authenticated_hash_chain,100000,10,9,2,99999,52396452,52396452,99999,1188890875,1188890.875,1188.890875,99999,,7e19b3f49908429309156fb97d1615e54e809b20de4d80e6fbec31753e53ced8,True,True,True,True,True,True,,99999,99999,52396979,52396452,0
gmcp_r,100000,10,1,3,1,722,722,2,158875,158.875,0.158875,99991,f509dac0b068c7106d61d30fab6d079b1baf2e9b0ab3b27ed9c17e6b7571c465,,True,True,True,True,True,True,,1,1,868,434,43373448
authenticated_hash_chain,100000,10,1,3,99991,52391839,52391839,99991,1018208125,1018208.125,1018.208125,99991,,1a0ba81446ab865202e2ff29ac9b3a90bd6e60d9d312a0a80aa236012a43f9a4,True,True,True,True,True,True,,99991,99991,52392363,52391839,0
gmcp_r,100000,10,5,3,5,2458,2458,6,126250,126.25,0.12625,99995,ac37df4af94e03cb7ad5a7882c06dfdd416bfda86484348db7741073509d7b86,,True,True,True,True,True,True,,5,5,2604,2170,43373448
authenticated_hash_chain,100000,10,5,3,99995,52393935,52393935,99995,984638833,984638.833,984.638833,99995,,d0b6d21807a9b851807a15b1b576aae78187852115d93a97b19f5b149204abf0,True,True,True,True,True,True,,99995,99995,52394460,52393935,0
gmcp_r,100000,10,9,3,9,4194,4194,10,155042,155.042,0.155042,99999,cc115c7d79dc7d37eab13ff5040c5a1fc10f3804a80bd1177453acde17620cad,,True,True,True,True,True,True,,9,9,4342,3906,43373448
authenticated_hash_chain,100000,10,9,3,99999,52396032,52396032,99999,1002703750,1002703.75,1002.70375,99999,,e74a2d47ca3035e8ab18f40986c8d96f2f41102919d77f2dd8fdf5a2527b6128,True,True,True,True,True,True,,99999,99999,52396558,52396032,0
gmcp_r,100000,10,1,4,1,724,724,2,151834,151.834,0.151834,99991,4d0f4c2da367e373b39cc073bf87a5c6686b89ed520a14477920cb93c9fc3000,,True,True,True,True,True,True,,1,1,868,434,43373448
authenticated_hash_chain,100000,10,1,4,99991,52392170,52392170,99991,1015338625,1015338.625,1015.338625,99991,,982b0e21513668b1b413a2f58be32c0b9f200fedc5c8755166a7a5bad34bc022,True,True,True,True,True,True,,99991,99991,52392694,52392170,0
gmcp_r,100000,10,5,4,5,2460,2460,6,137541,137.541,0.137541,99995,bd97229be38730c3d32c9959fd3ac821a7b98c02c93678b7aed7a72590d4c354,,True,True,True,True,True,True,,5,5,2604,2170,43373448
authenticated_hash_chain,100000,10,5,4,99995,52394266,52394266,99995,1002704875,1002704.875,1002.704875,99995,,7f111b3471e774ef2b7ba8deab2c65b8a1d58489d84ab7acfe844e171a0d91a2,True,True,True,True,True,True,,99995,99995,52394791,52394266,0
gmcp_r,100000,10,9,4,9,4196,4196,10,159709,159.709,0.159709,99999,34ce74d44af6e7ee772f8b56c37664f4ec7f8d69c65b68fa3d7c60c3cc22f404,,True,True,True,True,True,True,,9,9,4342,3906,43373448
authenticated_hash_chain,100000,10,9,4,99999,52396365,52396365,99999,1006539750,1006539.75,1006.53975,99999,,ca2dfbfc9fa146bccbe8ba15ef1d443ef8fcbb98a5b27e6095212bca7783341b,True,True,True,True,True,True,,99999,99999,52396891,52396365,0
gmcp_r,100000,10,1,5,1,724,724,2,178167,178.167,0.178167,99991,55bbf054a4fe7a4f4b6f29ef0523c1d7338a719d9806453f4922c7d69af5993d,,True,True,True,True,True,True,,1,1,868,434,43373448
authenticated_hash_chain,100000,10,1,5,99991,52391635,52391635,99991,1031514875,1031514.875,1031.514875,99991,,d40b859b11990bed0f2c33e8e121a2b78d4dcb95358a2343ebeb018ea9399430,True,True,True,True,True,True,,99991,99991,52392158,52391635,0
gmcp_r,100000,10,5,5,5,2460,2460,6,162792,162.792,0.162792,99995,bcb9d66f3d4cd145be33aacd8c3701133f72142b2a8357552db65f25978595cd,,True,True,True,True,True,True,,5,5,2604,2170,43373448
authenticated_hash_chain,100000,10,5,5,99995,52393731,52393731,99995,993552041,993552.041,993.552041,99995,,45f188e3e7280e0dbebe4bd0ad1214aa2c4a192eecd0eeb99f30df789ace845d,True,True,True,True,True,True,,99995,99995,52394255,52393731,0
gmcp_r,100000,10,9,5,9,4196,4196,10,159667,159.667,0.159667,99999,7dade70a6359d1341024e0c9e20b5754c859c0db74ff3da5694a4d1d5d5b42a6,,True,True,True,True,True,True,,9,9,4342,3906,43373448
authenticated_hash_chain,100000,10,9,5,99999,52395830,52395830,99999,1034502083,1034502.083,1034.502083,99999,,af1b36ef8b661a79f812ded2b1871b8d3f6b3acc6c295e41b71220c1f5e3fb62,True,True,True,True,True,True,,99999,99999,52396356,52395830,0
gmcp_r,100000,10,1,6,1,724,724,2,181750,181.75,0.18175,99991,76e122bbfec1974fa7e0665dc4f4f91e60d6bd611a461cf1b7dc66c8895a40cf,,True,True,True,True,True,True,,1,1,868,434,43373448
authenticated_hash_chain,100000,10,1,6,99991,52391919,52391919,99991,966434708,966434.708,966.434708,99991,,056aa79dfd6b07e54eb0a324451013ec0dfe851550b2b4de1b392ecb72cceb63,True,True,True,True,True,True,,99991,99991,52392443,52391919,0
gmcp_r,100000,10,5,6,5,2460,2460,6,112834,112.834,0.112834,99995,552bbe57158dd2efa2401b4e4e38c3cd1061d77ce3282e86534663f0de30ee91,,True,True,True,True,True,True,,5,5,2604,2170,43373448
authenticated_hash_chain,100000,10,5,6,99995,52394015,52394015,99995,1001907042,1001907.042,1001.907042,99995,,beaafa5582767b718e554efe992b1ffc3b1b1eaf3268ba3a1507fc3ab5bee4b5,True,True,True,True,True,True,,99995,99995,52394539,52394015,0
gmcp_r,100000,10,9,6,9,4196,4196,10,159666,159.666,0.159666,99999,10c6e22b00e51ba5a476521851c0485d4cfeb0893699d58edd47698d0a9b6f99,,True,True,True,True,True,True,,9,9,4342,3906,43373448
authenticated_hash_chain,100000,10,9,6,99999,52396112,52396112,99999,985205417,985205.417,985.205417,99999,,85a661e867862dfcbc497354efddf3b076dbbe8b97697db0eb54d52eb500eed1,True,True,True,True,True,True,,99999,99999,52396638,52396112,0
gmcp_r,100000,10,1,7,1,724,724,2,184291,184.291,0.184291,99991,86918ef21cefb9afe4c481b513f20e26113865643f48ee65f74b8562d95a8b60,,True,True,True,True,True,True,,1,1,868,434,43373448
authenticated_hash_chain,100000,10,1,7,99991,52392157,52392157,99991,974998000,974998.0,974.998,99991,,107c7b8cdccf8041ec476186a5d374c822dea4bc61516a83c21e05d9fc43d1d1,True,True,True,True,True,True,,99991,99991,52392681,52392157,0
gmcp_r,100000,10,5,7,5,2460,2460,6,126791,126.791,0.126791,99995,969bd90367fd0aa325895637f7ef2ec0f39f2f318b8fc4feea62b7ed2ff1da8a,,True,True,True,True,True,True,,5,5,2604,2170,43373448
authenticated_hash_chain,100000,10,5,7,99995,52394253,52394253,99995,975014708,975014.708,975.014708,99995,,334807a11797c37b4906a0fed0744d0ac4a1622c8d07193741ec9060f22b174b,True,True,True,True,True,True,,99995,99995,52394777,52394253,0
gmcp_r,100000,10,9,7,9,4196,4196,10,151458,151.458,0.151458,99999,d3a3e5e75a72e457ece8fd614e7af37415cb8af180473c4e0f332ca19c64789c,,True,True,True,True,True,True,,9,9,4342,3906,43373448
authenticated_hash_chain,100000,10,9,7,99999,52396350,52396350,99999,963349208,963349.208,963.349208,99999,,aaa9f8a945a5f9451b56c8b7201afc47e4632bdd5878c46e5abe9302209ee234,True,True,True,True,True,True,,99999,99999,52396876,52396350,0
gmcp_r,100000,10,1,8,1,724,724,2,160666,160.666,0.160666,99991,20c0904e270d683cab78747dbe9e37c7d3688ad11d0f1e248f011ebb613b5d88,,True,True,True,True,True,True,,1,1,868,434,43373448
authenticated_hash_chain,100000,10,1,8,99991,52392139,52392139,99991,963133625,963133.625,963.133625,99991,,4cb84a735b3a1198acc74dfe96e845ec96d339c54ed9b5463c622d856ba8d1f5,True,True,True,True,True,True,,99991,99991,52392663,52392139,0
gmcp_r,100000,10,5,8,5,2460,2460,6,142125,142.125,0.142125,99995,885701df55b993d73a786feac8767d8fa5f069fe0cca41a3e733852453bb711d,,True,True,True,True,True,True,,5,5,2604,2170,43373448
authenticated_hash_chain,100000,10,5,8,99995,52394235,52394235,99995,956770083,956770.083,956.770083,99995,,c800a1f99a098222b056c19336fa1111f667541a5a2e6e8dacec8397a2728d75,True,True,True,True,True,True,,99995,99995,52394759,52394235,0
gmcp_r,100000,10,9,8,9,4196,4196,10,159917,159.917,0.159917,99999,a92640c3bac8a958ccac882b2c53759f738fc1ca663480b711b9bf39e4489f17,,True,True,True,True,True,True,,9,9,4342,3906,43373448
authenticated_hash_chain,100000,10,9,8,99999,52396333,52396333,99999,951862458,951862.458,951.862458,99999,,e1a609bc762a4845961460051afadc8dba4107304e2feb80b3f6db121142f244,True,True,True,True,True,True,,99999,99999,52396859,52396333,0
gmcp_r,100000,10,1,9,1,725,725,2,196250,196.25,0.19625,99991,8e28bb1e997e1443190c69522f806ab66ec43f7538314072e61a6ba7247f96ac,,True,True,True,True,True,True,,1,1,868,434,43373448
authenticated_hash_chain,100000,10,1,9,99991,52392598,52392598,99991,956344208,956344.208,956.344208,99991,,098f471e2b289ba08823596e4d5ee9414e1e0887129e167e449ed4ade41228c6,True,True,True,True,True,True,,99991,99991,52393123,52392598,0
gmcp_r,100000,10,5,9,5,2461,2461,6,112041,112.041,0.112041,99995,b1470350e2ea5992ef24982c5cc903b735aba20f5951b3aa8c2ff12750afe3d7,,True,True,True,True,True,True,,5,5,2604,2170,43373448
authenticated_hash_chain,100000,10,5,9,99995,52394695,52394695,99995,961024791,961024.791,961.024791,99995,,7b35cb17d0eb89631c743af0bca412971ef13367297d72b3a9b03384e8982cd1,True,True,True,True,True,True,,99995,99995,52395219,52394695,0
gmcp_r,100000,10,9,9,9,4197,4197,10,154875,154.875,0.154875,99999,9ec4ce664e948e1edd57b0907feee8490ba3f44571b76b3496048a3d46d208a2,,True,True,True,True,True,True,,9,9,4342,3906,43373448
authenticated_hash_chain,100000,10,9,9,99999,52396794,52396794,99999,990924292,990924.292,990.924292,99999,,f226eca3e050a1619b8fc63d22f35ea6bdb8ba3f3722e0c47ec2ef1d0523ea77,True,True,True,True,True,True,,99999,99999,52397320,52396794,0
gmcp_r,100000,10,1,10,1,727,727,2,169375,169.375,0.169375,99991,6ef4c23991f782ce0cfb16f2e74691b2b72a77744f80a00c9e86fbb5ab53c8c1,,True,True,True,True,True,True,,1,1,872,436,43573428
authenticated_hash_chain,100000,10,1,10,99991,52592451,52592451,99991,968016958,968016.958,968.016958,99991,,39b234820ecefb791e40767051439b1ee5bffbff8ceaeef04c8a10abf1b064cd,True,True,True,True,True,True,,99991,99991,52592978,52592451,0
gmcp_r,100000,10,5,10,5,2471,2471,6,123541,123.541,0.123541,99995,5b684cb2c5d04b4783b676bf4d70e78934b29e6ffafed56d9949e1881a2f318c,,True,True,True,True,True,True,,5,5,2616,2180,43573428
authenticated_hash_chain,100000,10,5,10,99995,52594558,52594558,99995,964497042,964497.042,964.497042,99995,,c10df8614af89e5884740cc8c8677e5cef43a548a2036973dc91d0defbb14f21,True,True,True,True,True,True,,99995,99995,52595084,52594558,0
gmcp_r,100000,10,9,10,9,4215,4215,10,159958,159.958,0.159958,99999,383c64e816a04d24413f30fb10f5bdec559f4a3da9d3731584c97c1d647af842,,True,True,True,True,True,True,,9,9,4362,3924,43573428
authenticated_hash_chain,100000,10,9,10,99999,52596662,52596662,99999,963744834,963744.834,963.744834,99999,,0835cbca39469ab38f51e23562b8f878426c97590d95f16c24dd98bc96f309f1,True,True,True,True,True,True,,99999,99999,52597191,52596662,0
gmcp_r,100000,10,1,11,1,727,727,2,157333,157.333,0.157333,99991,e98741d2adbdcaa0ec30d1e9626a02a9f2e6679f0415854740add0d5927e73e5,,True,True,True,True,True,True,,1,1,872,436,43573428
authenticated_hash_chain,100000,10,1,11,99991,52591504,52591504,99991,967118125,967118.125,967.118125,99991,,56a1eb5bbca40d1fe4a27d51f1b8fbb0a86a66798cad0106efd6021b10509219,True,True,True,True,True,True,,99991,99991,52592030,52591504,0
gmcp_r,100000,10,5,11,5,2471,2471,6,137375,137.375,0.137375,99995,480391224d06d803d27283380efb8fec43b15283ade02bf377e1b134e639e50d,,True,True,True,True,True,True,,5,5,2616,2180,43573428
authenticated_hash_chain,100000,10,5,11,99995,52593609,52593609,99995,968843958,968843.958,968.843958,99995,,ebd6fd64016830cd7de45e8d4e9a16e340bc49f4c1b9d8ded2bd66e90df55444,True,True,True,True,True,True,,99995,99995,52594136,52593609,0
gmcp_r,100000,10,9,11,9,4215,4215,10,151458,151.458,0.151458,99999,2726b234830c785b44484ab0c5ccb628626b637317be612fc7f602c499e291ab,,True,True,True,True,True,True,,9,9,4362,3924,43573428
authenticated_hash_chain,100000,10,9,11,99999,52595715,52595715,99999,967536166,967536.166,967.536166,99999,,0dbb85c7eac297d73f2370560ac7399daf2aeb9deec327daa075d19755a2aad8,True,True,True,True,True,True,,99999,99999,52596243,52595715,0
gmcp_r,100000,10,1,12,1,727,727,2,175166,175.166,0.175166,99991,8a6c2a70c5598dce2b8093bb17899841f94f84a9bea9c6de4a2b846d6da2a510,,True,True,True,True,True,True,,1,1,872,436,43573428
authenticated_hash_chain,100000,10,1,12,99991,52592212,52592212,99991,966764708,966764.708,966.764708,99991,,1708087cbf1f8dce468a16bfda3251be0bc3fc64cde96385e5ddba00f716acdb,True,True,True,True,True,True,,99991,99991,52592738,52592212,0
gmcp_r,100000,10,5,12,5,2471,2471,6,119042,119.042,0.119042,99995,c9edf82eba152722f9faea1213559772919704ae5155d635d17ad5c0b70fab8b,,True,True,True,True,True,True,,5,5,2616,2180,43573428
authenticated_hash_chain,100000,10,5,12,99995,52594316,52594316,99995,977971166,977971.166,977.971166,99995,,828caf4d60df3afcff9bb5db83b8e95db239260b62c5fcd47f266414e97da64d,True,True,True,True,True,True,,99995,99995,52594842,52594316,0
gmcp_r,100000,10,9,12,9,4215,4215,10,161333,161.333,0.161333,99999,b0791bce17c32a36c98d29c392fe6cc026da159551318aac543fbbf3abf471f0,,True,True,True,True,True,True,,9,9,4362,3924,43573428
authenticated_hash_chain,100000,10,9,12,99999,52596422,52596422,99999,986002583,986002.583,986.002583,99999,,0180d65b16dc1f78d2d3c290decd4560cb8a3031717677a3f8f04ecf38c8641b,True,True,True,True,True,True,,99999,99999,52596951,52596422,0
gmcp_r,100000,10,1,13,1,727,727,2,203250,203.25,0.20325,99991,50824fc435c46957ac234e60370ecd679b95826896a9a747b9f416a9e0c22b13,,True,True,True,True,True,True,,1,1,872,436,43573428
authenticated_hash_chain,100000,10,1,13,99991,52592491,52592491,99991,986386666,986386.666,986.386666,99991,,97ffd0809610b409167eb6d4495007e0b4679ad52c9a5a67de784eb4f0ef17fd,True,True,True,True,True,True,,99991,99991,52593017,52592491,0
gmcp_r,100000,10,5,13,5,2471,2471,6,145958,145.958,0.145958,99995,4b2b24e6afd56e0e09dae43eff2ef2b8756919edd62726e93e1209d94e1fe7c1,,True,True,True,True,True,True,,5,5,2616,2180,43573428
authenticated_hash_chain,100000,10,5,13,99995,52594594,52594594,99995,964685958,964685.958,964.685958,99995,,9dfdc991f6a9a7e9490f9a423e55f1a91f583bbc0c16b591e6686fcea4b5f37c,True,True,True,True,True,True,,99995,99995,52595119,52594594,0
gmcp_r,100000,10,9,13,9,4215,4215,10,158041,158.041,0.158041,99999,cdd85da47afb9479a9ad390cdf730dfe56c46a889d1350decf1c634c441e2eed,,True,True,True,True,True,True,,9,9,4362,3924,43573428
authenticated_hash_chain,100000,10,9,13,99999,52596697,52596697,99999,967680333,967680.333,967.680333,99999,,4c3053f2093f9e58b2a29208de5427c6f46bdab094336ef7473f4b21245fb3da,True,True,True,True,True,True,,99999,99999,52597225,52596697,0
gmcp_r,100000,10,1,14,1,728,728,2,184708,184.708,0.184708,99991,d45a009d61066ee34559a6e035898e7aac38d6a71d3a16f3a927c0b52169d9bb,,True,True,True,True,True,True,,1,1,872,436,43573428
authenticated_hash_chain,100000,10,1,14,99991,52592034,52592034,99991,969239958,969239.958,969.239958,99991,,382598f23599d7362b9ad6dfc4bf0eddb020098efa8efa8ba252d7b2fd7b9504,True,True,True,True,True,True,,99991,99991,52592560,52592034,0
gmcp_r,100000,10,5,14,5,2472,2472,6,133500,133.5,0.1335,99995,b187669dde83731f4aa542916e3901d9f90e8c7568349316d18d5346a89d905f,,True,True,True,True,True,True,,5,5,2616,2180,43573428
authenticated_hash_chain,100000,10,5,14,99995,52594138,52594138,99995,967215083,967215.083,967.215083,99995,,1ec699ba12d2b37e1f8c31f3319170447b1be70502ecf7c9629e9e93f0ee6565,True,True,True,True,True,True,,99995,99995,52594665,52594138,0
gmcp_r,100000,10,9,14,9,4216,4216,10,177916,177.916,0.177916,99999,d896ee1167c02aadc880a3ea7f07beb39ecd326d97ebb6909c88cb99e7011d9e,,True,True,True,True,True,True,,9,9,4362,3924,43573428
authenticated_hash_chain,100000,10,9,14,99999,52596242,52596242,99999,965599167,965599.167,965.599167,99999,,53eda05f8b2d470e230bb22969b0b88e4fc4b364c79abd2e05aacfc83dda9b5d,True,True,True,True,True,True,,99999,99999,52596771,52596242,0
gmcp_r,100000,10,1,15,1,728,728,2,172250,172.25,0.17225,99991,710e368d1af9ead5b28e7327d4f14f2f1643469a5d924a662faac86d9d39b344,,True,True,True,True,True,True,,1,1,872,436,43573428
authenticated_hash_chain,100000,10,1,15,99991,52592480,52592480,99991,964502416,964502.416,964.502416,99991,,92d26fdad769ee207570662a4ca6923f03a0f02105b7d537d598fa931247ae3a,True,True,True,True,True,True,,99991,99991,52593006,52592480,0
gmcp_r,100000,10,5,15,5,2472,2472,6,155834,155.834,0.155834,99995,443796163ed46433e2a8d143ed5a175e211fe560e3e63767ab0428fe04fe266f,,True,True,True,True,True,True,,5,5,2616,2180,43573428
authenticated_hash_chain,100000,10,5,15,99995,52594584,52594584,99995,969644083,969644.083,969.644083,99995,,44598f408aeff81c63df6c6320e06f4a65851fc67d1c05f4981e7d89f900d0d6,True,True,True,True,True,True,,99995,99995,52595110,52594584,0
gmcp_r,100000,10,9,15,9,4216,4216,10,297333,297.333,0.297333,99999,02765f060c9baedba075e23b0b90569ffc085e8b7d2b1c14549a7d130913faaf,,True,True,True,True,True,True,,9,9,4362,3924,43573428
authenticated_hash_chain,100000,10,9,15,99999,52596689,52596689,99999,988156666,988156.666,988.156666,99999,,47fe5b4dba3beeada4c623e7466167f7f839481b9abd277a0ab2b6853f6e10d9,True,True,True,True,True,True,,99999,99999,52597217,52596689,0
gmcp_r,100000,10,1,16,1,728,728,2,236667,236.667,0.236667,99991,95679732ed6f735019d4a29e4267e3aed1a11d8241d17be4a50914c76769f866,,True,True,True,True,True,True,,1,1,872,436,43573428
authenticated_hash_chain,100000,10,1,16,99991,52592475,52592475,99991,988817208,988817.208,988.817208,99991,,b4ffec79ca4f08c59afbf3c06046aa4b5749467bd36f2166040235d913c0adc9,True,True,True,True,True,True,,99991,99991,52593002,52592475,0
gmcp_r,100000,10,5,16,5,2472,2472,6,194333,194.333,0.194333,99995,fd11656becb826eba257e93fcb2e08fd892d3cc3f942d8015011340a4fd1680d,,True,True,True,True,True,True,,5,5,2616,2180,43573428
authenticated_hash_chain,100000,10,5,16,99995,52594583,52594583,99995,967403750,967403.75,967.40375,99995,,5eb94605a1f528929e2ff29fa31a70ea2899633315f404dfa20c8b4992cdb514,True,True,True,True,True,True,,99995,99995,52595109,52594583,0
gmcp_r,100000,10,9,16,9,4216,4216,10,165709,165.709,0.165709,99999,77117f99df74e26f923b6fdb121989cbf189721f88d0cf22ccb482f43cec1240,,True,True,True,True,True,True,,9,9,4362,3924,43573428
authenticated_hash_chain,100000,10,9,16,99999,52596687,52596687,99999,968450625,968450.625,968.450625,99999,,c861c400af2397b4e9dbe62014f9dd721c8583d37e7638fac6e1047b651c4b23,True,True,True,True,True,True,,99999,99999,52597214,52596687,0
gmcp_r,100000,10,1,17,1,727,727,2,186708,186.708,0.186708,99991,411ae0edc8ff9faecba70e58f0c16dbe5ffc9f45779044ee0727884530e3a190,,True,True,True,True,True,True,,1,1,872,436,43573428
authenticated_hash_chain,100000,10,1,17,99991,52592281,52592281,99991,967751458,967751.458,967.751458,99991,,596b84c3d876cbd26cc28a648604056db5e342cc83d3c8efdc70c93f922540f0,True,True,True,True,True,True,,99991,99991,52592807,52592281,0
gmcp_r,100000,10,5,17,5,2471,2471,6,137292,137.292,0.137292,99995,eed33d7f8c7917fce9e6a84cf3067dcd690cbba9cc53c680c8000bdd0bc3483a,,True,True,True,True,True,True,,5,5,2616,2180,43573428
authenticated_hash_chain,100000,10,5,17,99995,52594383,52594383,99995,970162792,970162.792,970.162792,99995,,4ae65154620a33e970c0eb08373ce8bbcc2f6e24b1ad26e1c37f5bcfc6c273d6,True,True,True,True,True,True,,99995,99995,52594908,52594383,0
gmcp_r,100000,10,9,17,9,4215,4215,10,179708,179.708,0.179708,99999,822973c49cf5a11eed5705ce26525d7b09c6b77c66bf2262ab4305c3772b223d,,True,True,True,True,True,True,,9,9,4362,3924,43573428
authenticated_hash_chain,100000,10,9,17,99999,52596486,52596486,99999,966215083,966215.083,966.215083,99999,,610ae21be0292cada570facff649e6c75b1901cf6a0727ca4b54d4dbb3695ea9,True,True,True,True,True,True,,99999,99999,52597014,52596486,0
gmcp_r,100000,10,1,18,1,727,727,2,174708,174.708,0.174708,99991,5287615949c29322453527ef6111fc76d4ce43def9d5a14ec7f0414dbe7a6c12,,True,True,True,True,True,True,,1,1,872,436,43573428
authenticated_hash_chain,100000,10,1,18,99991,52592005,52592005,99991,969771375,969771.375,969.771375,99991,,2425da917fa7bd25c7e6b4e830094751314922d6a0a7f10e5f195614bdde09c4,True,True,True,True,True,True,,99991,99991,52592532,52592005,0
gmcp_r,100000,10,5,18,5,2471,2471,6,221291,221.291,0.221291,99995,fd296f54da36fff3842c545cadcbd4598afb904423a8d4e1ab23634e47d65451,,True,True,True,True,True,True,,5,5,2616,2180,43573428
authenticated_hash_chain,100000,10,5,18,99995,52594112,52594112,99995,959961750,959961.75,959.96175,99995,,31e09c4b8cfc6c58b2ec8733606844febb9b40b71aa1f3a35a6eaf25bf69713a,True,True,True,True,True,True,,99995,99995,52594638,52594112,0
gmcp_r,100000,10,9,18,9,4215,4215,10,154167,154.167,0.154167,99999,ac1cc42819b74ea5b4f71e3d989a5f6b76fa4cd8f7bd16d4d725eed5bdc97ea3,,True,True,True,True,True,True,,9,9,4362,3924,43573428
authenticated_hash_chain,100000,10,9,18,99999,52596218,52596218,99999,997164625,997164.625,997.164625,99999,,9d2196c52bcde7faf9de0bdc0d989059c9b3a8abda519af9026d5b346827eefd,True,True,True,True,True,True,,99999,99999,52596747,52596218,0
gmcp_r,100000,10,1,19,1,727,727,2,177167,177.167,0.177167,99991,7ecfa5d64f0722e901938b08cd1aa48e74394248f954455ee1c3496c24f181f8,,True,True,True,True,True,True,,1,1,872,436,43573428
authenticated_hash_chain,100000,10,1,19,99991,52592063,52592063,99991,987485875,987485.875,987.485875,99991,,3a3f45a4e5e6c666ce09cdf29dd8598d02c21cf0ffa95c37098e0550209ae6a1,True,True,True,True,True,True,,99991,99991,52592589,52592063,0
gmcp_r,100000,10,5,19,5,2471,2471,6,121125,121.125,0.121125,99995,345e87db0103435529843d4223584fe16c4b2ebcb2783b2e68fa8aa43dd35cc2,,True,True,True,True,True,True,,5,5,2616,2180,43573428
authenticated_hash_chain,100000,10,5,19,99995,52594169,52594169,99995,959071667,959071.667,959.071667,99995,,55dd7ce13fdc74ef96808d9bfb97679bf9f34a2f174e4b6e5aef070d04dd5472,True,True,True,True,True,True,,99995,99995,52594696,52594169,0
gmcp_r,100000,10,9,19,9,4215,4215,10,160250,160.25,0.16025,99999,579d9cc6c0834dfed2f0de77b8a43ecb2f36b65787a27a29c293ccf538ffb71d,,True,True,True,True,True,True,,9,9,4362,3924,43573428
authenticated_hash_chain,100000,10,9,19,99999,52596275,52596275,99999,967765625,967765.625,967.765625,99999,,a6d240134cbbf2fd5aa5a38a2b779118730105c085c31450c48031bbb506510a,True,True,True,True,True,True,,99999,99999,52596803,52596275,0
gmcp_r,100000,10,1,20,1,726,726,2,170125,170.125,0.170125,99991,2f6874649d8ba8ed1ab74b83e12ca6f838100e1fc3eca08c00ae548da4d64943,,True,True,True,True,True,True,,1,1,872,436,43573428
authenticated_hash_chain,100000,10,1,20,99991,52592277,52592277,99991,973606583,973606.583,973.606583,99991,,86ebf1c555b446aea1a0ffb3f3516e9ea69c48f1d4923ed2d6d7f03f9e5ec327,True,True,True,True,True,True,,99991,99991,52592803,52592277,0
gmcp_r,100000,10,5,20,5,2470,2470,6,141792,141.792,0.141792,99995,ab8f08d28f15d97b061d85c2172c9f41feaa749e0a7b5ff851b4c83ed4e912c0,,True,True,True,True,True,True,,5,5,2616,2180,43573428
authenticated_hash_chain,100000,10,5,20,99995,52594384,52594384,99995,958949000,958949.0,958.949,99995,,91c3bc554c579ad78032d9ac3ce93514b1ed04cb357672dafc72309ba9a6e441,True,True,True,True,True,True,,99995,99995,52594911,52594384,0
gmcp_r,100000,10,9,20,9,4214,4214,10,180833,180.833,0.180833,99999,da512aa86c1c575e6923444ee189597070a206e1d8b2506a4cdcb603752262a6,,True,True,True,True,True,True,,9,9,4362,3924,43573428
authenticated_hash_chain,100000,10,9,20,99999,52596490,52596490,99999,964601583,964601.583,964.601583,99999,,dcd71e7a45cb0554337178fdfc6305b0b108d3bab31630e7f3b36492bf35d7eb,True,True,True,True,True,True,,99999,99999,52597019,52596490,0
gmcp_r,100000,10,1,21,1,727,727,2,310542,310.542,0.310542,99991,fda386cabb8a064e0db07bb15d0b14623f4db8fc2ac1715424d2ca7afd9e7bec,,True,True,True,True,True,True,,1,1,872,436,43573428
authenticated_hash_chain,100000,10,1,21,99991,52592306,52592306,99991,961399625,961399.625,961.399625,99991,,610a79242b7ad45965d86c9ee2acbc0e9780bd67b0ddeb152eaeb7cfd90e0ea9,True,True,True,True,True,True,,99991,99991,52592832,52592306,0
gmcp_r,100000,10,5,21,5,2471,2471,6,120833,120.833,0.120833,99995,c120604f89cc9c4151948d234caa5a97814cedd8b9e16140035ac8739fdc03d7,,True,True,True,True,True,True,,5,5,2616,2180,43573428
authenticated_hash_chain,100000,10,5,21,99995,52594411,52594411,99995,1002344375,1002344.375,1002.344375,99995,,50c293858f13245ec1d6790d82405f1a3fab10e900e824cb711009b1bb8eb707,True,True,True,True,True,True,,99995,99995,52594937,52594411,0
gmcp_r,100000,10,9,21,9,4215,4215,10,173333,173.333,0.173333,99999,e9d78f7b36472a2a0186cb38b36c480ab1c63d00b6c2cdf83f3e07f5983bc4b1,,True,True,True,True,True,True,,9,9,4362,3924,43573428
authenticated_hash_chain,100000,10,9,21,99999,52596517,52596517,99999,961210375,961210.375,961.210375,99999,,fa37e5885eeb0cfd9b8f4478ee5fdf583b8564b1769c072e1a2fe09b616c7477,True,True,True,True,True,True,,99999,99999,52597044,52596517,0
gmcp_r,100000,10,1,22,1,728,728,2,159417,159.417,0.159417,99991,f3aa5b3f7bdf4003771e34ea5fcf908e656ec54c3ce74293f85f805f89ba4582,,True,True,True,True,True,True,,1,1,872,436,43573428
authenticated_hash_chain,100000,10,1,22,99991,52592763,52592763,99991,973149458,973149.458,973.149458,99991,,0a8c0ddc22752049c27a3003c3a6dc666c8e150e96835199d2dbdaf2341aa838,True,True,True,True,True,True,,99991,99991,52593290,52592763,0
gmcp_r,100000,10,5,22,5,2472,2472,6,126750,126.75,0.12675,99995,16635423eb1ce2bb9d59f56869d887cfba3a19af56ceaac303924d1223aa93fc,,True,True,True,True,True,True,,5,5,2616,2180,43573428
authenticated_hash_chain,100000,10,5,22,99995,52594869,52594869,99995,994449708,994449.708,994.449708,99995,,cff28f16cec661317882e969160e7462f7faa1f2c6a692684093b6e3bde64d54,True,True,True,True,True,True,,99995,99995,52595395,52594869,0
gmcp_r,100000,10,9,22,9,4216,4216,10,151917,151.917,0.151917,99999,def8637ed7843631c39eb669d820d1b5aa1abc9e48945d6bfdab90351560fb28,,True,True,True,True,True,True,,9,9,4362,3924,43573428
authenticated_hash_chain,100000,10,9,22,99999,52596973,52596973,99999,970127000,970127.0,970.127,99999,,2d99ccf7b769f54653bc9b253feffef589dd51133f625e749896f802eb462bf8,True,True,True,True,True,True,,99999,99999,52597501,52596973,0
gmcp_r,100000,10,1,23,1,728,728,2,201167,201.167,0.201167,99991,252d9fc3df02647e673cb65aed012067b8bac71bc5f74eec683303918e6cd72e,,True,True,True,True,True,True,,1,1,872,436,43573428
authenticated_hash_chain,100000,10,1,23,99991,52592647,52592647,99991,982845708,982845.708,982.845708,99991,,fa3fd22aab21898cb0adc6c345cf1bc67c6cf32a64e4a572a2a7b43126080eed,True,True,True,True,True,True,,99991,99991,52593173,52592647,0
gmcp_r,100000,10,5,23,5,2472,2472,6,177834,177.834,0.177834,99995,0cbd4d9912bb9d787ffdd7730dc250bea97aa4a321906b0bf7f1c92e708e1f4b,,True,True,True,True,True,True,,5,5,2616,2180,43573428
authenticated_hash_chain,100000,10,5,23,99995,52594753,52594753,99995,960728959,960728.959,960.728959,99995,,72df51abe3461505c30610551948f46080aa0089dddb650380bb8e3fb836494f,True,True,True,True,True,True,,99995,99995,52595278,52594753,0
gmcp_r,100000,10,9,23,9,4216,4216,10,147417,147.417,0.147417,99999,006a3a4e854914047e3a4b70754a8fa3447747c7da5afd293440e0618ea3edaf,,True,True,True,True,True,True,,9,9,4362,3924,43573428
authenticated_hash_chain,100000,10,9,23,99999,52596856,52596856,99999,963397333,963397.333,963.397333,99999,,7cae166fe0ac985646c565682e58259352eff4fcf7be56e38a7c405fbb8905fa,True,True,True,True,True,True,,99999,99999,52597384,52596856,0
gmcp_r,100000,10,1,24,1,727,727,2,171375,171.375,0.171375,99991,fa4e8878397d4f46e2a97591a283b0e4739589091e433d46a2b0304b80295651,,True,True,True,True,True,True,,1,1,872,436,43573428
authenticated_hash_chain,100000,10,1,24,99991,52592385,52592385,99991,967814292,967814.292,967.814292,99991,,2d65c76c6502b98b77e2ad001fb68c0e48ee0b9da803f755c761566be3cd21f8,True,True,True,True,True,True,,99991,99991,52592911,52592385,0
gmcp_r,100000,10,5,24,5,2471,2471,6,137334,137.334,0.137334,99995,0478307392b5db14c4de6680a95a7a0166f2f523df66084cd7266696d163c565,,True,True,True,True,True,True,,5,5,2616,2180,43573428
authenticated_hash_chain,100000,10,5,24,99995,52594489,52594489,99995,958844666,958844.666,958.844666,99995,,720559b38ee4857b7cab993814c5eb0d9047bece6071f6a5b21bd8b2a7f028a1,True,True,True,True,True,True,,99995,99995,52595015,52594489,0
gmcp_r,100000,10,9,24,9,4215,4215,10,294958,294.958,0.294958,99999,daef042033bdf4c02fb29ed46a9be0f7dc12af58a4b90c99b7017e8b3566f59b,,True,True,True,True,True,True,,9,9,4362,3924,43573428
authenticated_hash_chain,100000,10,9,24,99999,52596593,52596593,99999,986670792,986670.792,986.670792,99999,,0f86903c40aed8f3a2a62be08934e872f59406755bf99116a90fbefb27cd294a,True,True,True,True,True,True,,99999,99999,52597122,52596593,0
gmcp_r,100000,10,1,25,1,727,727,2,171834,171.834,0.171834,99991,d277827f0767759f15db0b5b7e1f89cd1050dc1175ccf4bf62c5b9ae4dbd7b3b,,True,True,True,True,True,True,,1,1,872,436,43573428
authenticated_hash_chain,100000,10,1,25,99991,52592342,52592342,99991,966090917,966090.917,966.090917,99991,,98c3225e0129ff198434657d23c3dbd8f2bb50edcdc5b79cd110e2eda6f4ef21,True,True,True,True,True,True,,99991,99991,52592869,52592342,0
gmcp_r,100000,10,5,25,5,2471,2471,6,132042,132.042,0.132042,99995,ab4cc3d802945431807b4cc844ba2882960c8a5f6afec542b01dc22bb41c2cab,,True,True,True,True,True,True,,5,5,2616,2180,43573428
authenticated_hash_chain,100000,10,5,25,99995,52594447,52594447,99995,979989208,979989.208,979.989208,99995,,e55aeca109935c87137048486ff29b0b68848f710c58e431b021168b0c191bd1,True,True,True,True,True,True,,99995,99995,52594973,52594447,0
gmcp_r,100000,10,9,25,9,4215,4215,10,167334,167.334,0.167334,99999,ebc8c359a5c0e198277135d7686fcf1217afdc26f535a554a6a3ed07dacb01ce,,True,True,True,True,True,True,,9,9,4362,3924,43573428
authenticated_hash_chain,100000,10,9,25,99999,52596552,52596552,99999,967637250,967637.25,967.63725,99999,,714f0fc4b63c648601228db39003f1013648691794325a13a66f3f0c34c5cd78,True,True,True,True,True,True,,99999,99999,52597080,52596552,0
gmcp_r,100000,10,1,26,1,727,727,2,151667,151.667,0.151667,99991,41c355a2bb850fd78b3af39f2378ab3320b2b8b21bffbdbcf1b19564e63bbee6,,True,True,True,True,True,True,,1,1,872,436,43573428
authenticated_hash_chain,100000,10,1,26,99991,52592274,52592274,99991,989790250,989790.25,989.79025,99991,,6b42a3295fe4f9f5cdb960b0b829bbddf2fbd191f4e4aef232d53dc4476fbeca,True,True,True,True,True,True,,99991,99991,52592800,52592274,0
gmcp_r,100000,10,5,26,5,2471,2471,6,148500,148.5,0.1485,99995,98daea4c646744a6bf39d6527ce881db25f974c39c86a17adf87228ef6072460,,True,True,True,True,True,True,,5,5,2616,2180,43573428
authenticated_hash_chain,100000,10,5,26,99995,52594380,52594380,99995,965283583,965283.583,965.283583,99995,,30d95c06fcc67e28980ad8a92927183e9d20ff8bfa4679d9e1645f75d097d97a,True,True,True,True,True,True,,99995,99995,52594906,52594380,0
gmcp_r,100000,10,9,26,9,4215,4215,10,181292,181.292,0.181292,99999,5b624c03ed972f040e9b96f8adfef58ff9773cd8acba71bcca1255d99ca2c1fa,,True,True,True,True,True,True,,9,9,4362,3924,43573428
authenticated_hash_chain,100000,10,9,26,99999,52596484,52596484,99999,962826208,962826.208,962.826208,99999,,3996c85d27200c89ca862d13bde11686039aa79db9721936fbe1e9ed6c26056b,True,True,True,True,True,True,,99999,99999,52597012,52596484,0
gmcp_r,100000,10,1,27,1,728,728,2,169083,169.083,0.169083,99991,ed44447420eeea33ea12774b5b3c656fb1d7a8e9dba68c72a4f6810b0a417e37,,True,True,True,True,True,True,,1,1,872,436,43573428
authenticated_hash_chain,100000,10,1,27,99991,52592406,52592406,99991,995200167,995200.167,995.200167,99991,,e5a949e8d19d1a1c1d088e3e21b80a865aa6fd3db47d0de744afbc5502a1ec6c,True,True,True,True,True,True,,99991,99991,52592932,52592406,0
gmcp_r,100000,10,5,27,5,2472,2472,6,141584,141.584,0.141584,99995,b87213241e424fe696fe08ffafe187278b3644a9689452134457cdce0c371ba7,,True,True,True,True,True,True,,5,5,2616,2180,43573428
authenticated_hash_chain,100000,10,5,27,99995,52594510,52594510,99995,969660875,969660.875,969.660875,99995,,fd4789a9f14da49593c62f593261d5e319fa3cf3857eaf583d0ef493e0276ef9,True,True,True,True,True,True,,99995,99995,52595037,52594510,0
gmcp_r,100000,10,9,27,9,4216,4216,10,184250,184.25,0.18425,99999,2bf1769d1c348dc404bb06c679d9d00e79e3ee7917fafdfa4150013e65c5826d,,True,True,True,True,True,True,,9,9,4362,3924,43573428
authenticated_hash_chain,100000,10,9,27,99999,52596612,52596612,99999,994868542,994868.542,994.868542,99999,,8f4c9c93b024aec29e120753f45c7af7fc6d10a8d214e840fa5e3ed220a31137,True,True,True,True,True,True,,99999,99999,52597140,52596612,0
gmcp_r,100000,10,1,28,1,728,728,2,221917,221.917,0.221917,99991,bdf38b64d969992e16592338596b8da7c5952d59ab47f19764fd6fcfd86dd516,,True,True,True,True,True,True,,1,1,872,436,43573428
authenticated_hash_chain,100000,10,1,28,99991,52592082,52592082,99991,952634834,952634.834,952.634834,99991,,872889c97183524840d9366f06642f733b86de34d97c52f5e39e123f31bf6ede,True,True,True,True,True,True,,99991,99991,52592608,52592082,0
gmcp_r,100000,10,5,28,5,2472,2472,6,114167,114.167,0.114167,99995,2e2a8434715de01ef93f0f9725eab0a01e0c703b0e1dbad16723f9324ec12785,,True,True,True,True,True,True,,5,5,2616,2180,43573428
authenticated_hash_chain,100000,10,5,28,99995,52594186,52594186,99995,976843209,976843.209,976.843209,99995,,7f17921ebe662ee6e6b56c26a7f35d8464ed79c38305a9cf6ea30af5798adf6f,True,True,True,True,True,True,,99995,99995,52594712,52594186,0
gmcp_r,100000,10,9,28,9,4216,4216,10,184458,184.458,0.184458,99999,60ef19251c86abe9171fa663d6398b13e8e0cfbef7d0ea8b4a8425b472967dd6,,True,True,True,True,True,True,,9,9,4362,3924,43573428
authenticated_hash_chain,100000,10,9,28,99999,52596291,52596291,99999,964015292,964015.292,964.015292,99999,,b2a22dd79504c3c4287846def600e802ae0a86027311dc857e15398ea73cbc08,True,True,True,True,True,True,,99999,99999,52596819,52596291,0
gmcp_r,100000,10,1,29,1,727,727,2,242333,242.333,0.242333,99991,9060105639b40b85dc12f63c637f4352b19e93a59cce6e2a81a5c912ed5420c7,,True,True,True,True,True,True,,1,1,872,436,43573428
authenticated_hash_chain,100000,10,1,29,99991,52592104,52592104,99991,986726042,986726.042,986.726042,99991,,1069c4f63bf8bb0bb36540aba285543baa23cacb291aeb76147cf38c0c69aa37,True,True,True,True,True,True,,99991,99991,52592630,52592104,0
gmcp_r,100000,10,5,29,5,2471,2471,6,123666,123.666,0.123666,99995,4060b4b800dec26db63b88f52e78281c84a088deb184cbe936a77d910e560a24,,True,True,True,True,True,True,,5,5,2616,2180,43573428
authenticated_hash_chain,100000,10,5,29,99995,52594205,52594205,99995,968140833,968140.833,968.140833,99995,,daec975aa1b072e5319ce650ea6fbf4e0b928a00b7ab658b7467936a09338e05,True,True,True,True,True,True,,99995,99995,52594731,52594205,0
gmcp_r,100000,10,9,29,9,4215,4215,10,161042,161.042,0.161042,99999,ef27d63e44aaa67a6a2941b64bf86e66c459bd3274dd0e180289cf430457d809,,True,True,True,True,True,True,,9,9,4362,3924,43573428
authenticated_hash_chain,100000,10,9,29,99999,52596309,52596309,99999,961667000,961667.0,961.667,99999,,9609c1f43a9b00fbe8eda2615b062829c766c2c45b33dde66a4932c0ce5e9de1,True,True,True,True,True,True,,99999,99999,52596837,52596309,0
gmcp_r,100000,10,1,30,1,727,727,2,155458,155.458,0.155458,99991,287ef345da3ace07ae3a6850250e03e6ccafe19b5cf41bb3eedb4a0d50898674,,True,True,True,True,True,True,,1,1,872,436,43573428
authenticated_hash_chain,100000,10,1,30,99991,52592446,52592446,99991,962764125,962764.125,962.764125,99991,,dd018c37099daa5d0857f8a84231bd608369cd3968505dfb520fd3f533898d8c,True,True,True,True,True,True,,99991,99991,52592971,52592446,0
gmcp_r,100000,10,5,30,5,2471,2471,6,133166,133.166,0.133166,99995,0ddc811c8a64c0acf7f8c23702c75f7a976d31680046b1ecfcd7bd41254481bf,,True,True,True,True,True,True,,5,5,2616,2180,43573428
authenticated_hash_chain,100000,10,5,30,99995,52594549,52594549,99995,970424041,970424.041,970.424041,99995,,9721bfdc2ed1f786fa57f67a9553a9e154d1dc3ab6c421c8874e9b4c3c1912d8,True,True,True,True,True,True,,99995,99995,52595076,52594549,0
gmcp_r,100000,10,9,30,9,4215,4215,10,144542,144.542,0.144542,99999,1445c7ebed310f879c6f392f12ac66f1b878d1ba48e7ab0b0babb968afc7ad4b,,True,True,True,True,True,True,,9,9,4362,3924,43573428
authenticated_hash_chain,100000,10,9,30,99999,52596654,52596654,99999,987699708,987699.708,987.699708,99999,,99e9517549410e8c9df8cce0dbed890e346b22d90a581b7128e5085334fad42a,True,True,True,True,True,True,,99999,99999,52597182,52596654,0
gmcp_r,100000,50,1,1,1,725,725,2,167791,167.791,0.167791,99951,d6e648cb6e5bcf4e01af3877765bbd0f52282ba2830921c19bd2122c83b77a99,,True,True,True,True,True,True,,1,1,868,434,43356088
authenticated_hash_chain,100000,50,1,1,99951,52371457,52371457,99951,966815667,966815.667,966.815667,99951,,8a9b8cda038f817b20fa23d7a5e0db5aea5b9dda28a9cfb38954efd7c99ec703,True,True,True,True,True,True,,99951,99951,52371982,52371457,0
gmcp_r,100000,50,25,1,25,11141,11141,26,382958,382.958,0.382958,99975,5125ba8048796e343abe6820ac646f1c091a8f0cbd33cc31bfbae6a14757e4fc,,True,True,True,True,True,True,,25,25,11284,10850,43356088
authenticated_hash_chain,100000,50,25,1,99975,52384042,52384042,99975,989115042,989115.042,989.115042,99975,,8fe930ffa73f865b2ec63068356bbe85a39b495bc0ef6b5424ebd1a315998d5c,True,True,True,True,True,True,,99975,99975,52384565,52384042,0
gmcp_r,100000,50,49,1,49,21557,21557,50,494167,494.167,0.494167,99999,f7b86f6613706501ede48f506e1bfd0df89bb5cc470a9ccb1b04e2d7d04979d0,,True,True,True,True,True,True,,49,49,21702,21266,43356088
authenticated_hash_chain,100000,50,49,1,99999,52396620,52396620,99999,962500375,962500.375,962.500375,99999,,1333dccf7bd35a7af0de7d0116b6089ccaca518707797b08acde0b0bc6238de2,True,True,True,True,True,True,,99999,99999,52397146,52396620,0
gmcp_r,100000,50,1,2,1,725,725,2,176041,176.041,0.176041,99951,2871dbf4848951c4abedc9a6c6758e0dfe9ebeea4c010cd64898a1f485119f47,,True,True,True,True,True,True,,1,1,868,434,43356088
authenticated_hash_chain,100000,50,1,2,99951,52371403,52371403,99951,988228250,988228.25,988.22825,99951,,7093c0da4c3bbbd4bf117b65f9228b3e1c738de9904f3471ed527ac2615cf533,True,True,True,True,True,True,,99951,99951,52371927,52371403,0
gmcp_r,100000,50,25,2,25,11141,11141,26,283416,283.416,0.283416,99975,078e4346c925ab918c444afc41af3374053034d92bafe9dddcb3a5cfeff9071c,,True,True,True,True,True,True,,25,25,11284,10850,43356088
authenticated_hash_chain,100000,50,25,2,99975,52383986,52383986,99975,967963708,967963.708,967.963708,99975,,319575254d5080ceadbe89b31a20a42af3080ecf0d40aa75b7175ada4cc98dc8,True,True,True,True,True,True,,99975,99975,52384510,52383986,0
gmcp_r,100000,50,49,2,49,21557,21557,50,575125,575.125,0.575125,99999,9675812e5d0a4c075a63252ba6ca1366e63a701de9c23329ed4de8b2445541d2,,True,True,True,True,True,True,,49,49,21702,21266,43356088
authenticated_hash_chain,100000,50,49,2,99999,52396566,52396566,99999,968619583,968619.583,968.619583,99999,,812bd06f9b57534671daad42395d291a7a899579cbd5bf5b30469e5787c88a29,True,True,True,True,True,True,,99999,99999,52397092,52396566,0
gmcp_r,100000,50,1,3,1,725,725,2,160291,160.291,0.160291,99951,6c3d08e572378048b162987dfe3dee086cda211356a7a522ca8aa050ebc35ec8,,True,True,True,True,True,True,,1,1,868,434,43356088
authenticated_hash_chain,100000,50,1,3,99951,52371524,52371524,99951,958578417,958578.417,958.578417,99951,,fcb1f2bf1b76f11963cc64b2ab8a9ef0edf49bf580699e9f8ce2c42a19ac00fd,True,True,True,True,True,True,,99951,99951,52372049,52371524,0
gmcp_r,100000,50,25,3,25,11141,11141,26,281792,281.792,0.281792,99975,d2b7753c6e4936cad5865f78ef92f55a36ce5d3e4b2dbb3481bdad3f4c856307,,True,True,True,True,True,True,,25,25,11284,10850,43356088
authenticated_hash_chain,100000,50,25,3,99975,52384111,52384111,99975,968049000,968049.0,968.049,99975,,4e2d4df083c3e7fe21b2f62b63712f48669a97e52d98838d84f3f9255d77d32f,True,True,True,True,True,True,,99975,99975,52384635,52384111,0
gmcp_r,100000,50,49,3,49,21557,21557,50,481625,481.625,0.481625,99999,e8e563047f9b8c5489c706af2c4ca486041786421b1618f99d2e60de6c4c7187,,True,True,True,True,True,True,,49,49,21702,21266,43356088
authenticated_hash_chain,100000,50,49,3,99999,52396688,52396688,99999,985066833,985066.833,985.066833,99999,,9610f99755876bd54aec3435a295f34db73ab5745d1c653d3c30058926312d31,True,True,True,True,True,True,,99999,99999,52397214,52396688,0
gmcp_r,100000,50,1,4,1,724,724,2,263417,263.417,0.263417,99951,a11afe390c26bddb6b8b88b5baa13c766d3551b9beacd572cb864f3cd631b0a0,,True,True,True,True,True,True,,1,1,868,434,43356088
authenticated_hash_chain,100000,50,1,4,99951,52371607,52371607,99951,966765583,966765.583,966.765583,99951,,7b7eec52c53a069ce8c4fc719dd6768d669f25ea10b6fb81fa55e411fae9657b,True,True,True,True,True,True,,99951,99951,52372131,52371607,0
gmcp_r,100000,50,25,4,25,11140,11140,26,390834,390.834,0.390834,99975,d6a20e909567bc63d9b0439682d59de2caa137e59a37726b9b233a8a94d909e9,,True,True,True,True,True,True,,25,25,11284,10850,43356088
authenticated_hash_chain,100000,50,25,4,99975,52384187,52384187,99975,976576625,976576.625,976.576625,99975,,4f5b3a8c2bda2ecd8ec026e8a8cff42462bb1daf721c31014277b059ba8fa22c,True,True,True,True,True,True,,99975,99975,52384711,52384187,0
gmcp_r,100000,50,49,4,49,21556,21556,50,486042,486.042,0.486042,99999,bf0b0284bf8032667e2c742308cd93fc79a59fee92a696cbc012a64c6cbe9094,,True,True,True,True,True,True,,49,49,21702,21266,43356088
authenticated_hash_chain,100000,50,49,4,99999,52396771,52396771,99999,954744375,954744.375,954.744375,99999,,984ef32cb7c678eda50584a49a291d866029c3cb99ed191747fb865adb93a682,True,True,True,True,True,True,,99999,99999,52397298,52396771,0
gmcp_r,100000,50,1,5,1,725,725,2,172417,172.417,0.172417,99951,763dc8ab763cddfc896e03fcf9620855412c64af90c70cdff54c06fc71466d3c,,True,True,True,True,True,True,,1,1,868,434,43356088
authenticated_hash_chain,100000,50,1,5,99951,52371313,52371313,99951,986113458,986113.458,986.113458,99951,,83120b7cdec819d940ca3cdc73344ddf9e7870a28df20c01c45041e97f6b2d86,True,True,True,True,True,True,,99951,99951,52371838,52371313,0
gmcp_r,100000,50,25,5,25,11141,11141,26,317458,317.458,0.317458,99975,9c2fa86d9cdd2827713720d06f57dc74beb7ab6c7460b6049b3fc6a4126a664e,,True,True,True,True,True,True,,25,25,11284,10850,43356088
authenticated_hash_chain,100000,50,25,5,99975,52383899,52383899,99975,958843417,958843.417,958.843417,99975,,e4d695796675cc3986dc388a2f8398a3cfdfdb9ea640d00b8bf42aa69fb389ef,True,True,True,True,True,True,,99975,99975,52384424,52383899,0
gmcp_r,100000,50,49,5,49,21557,21557,50,577833,577.833,0.577833,99999,80f4ff988286aef3d59a6d621d7cd1e20efcb718c0ee4cc9f7bffbced8d4e7f3,,True,True,True,True,True,True,,49,49,21702,21266,43356088
authenticated_hash_chain,100000,50,49,5,99999,52396478,52396478,99999,959348041,959348.041,959.348041,99999,,124660a91ad19ff9eddcb7bf43493d57456734925f2a5246a6f5af5d6be48a1f,True,True,True,True,True,True,,99999,99999,52397005,52396478,0
gmcp_r,100000,50,1,6,1,724,724,2,174334,174.334,0.174334,99951,3d61010fccfba9790415a6caea403d395bc5b88f959f1eb89f59bf14b2b638e0,,True,True,True,True,True,True,,1,1,868,434,43356088
authenticated_hash_chain,100000,50,1,6,99951,52371348,52371348,99951,963933125,963933.125,963.933125,99951,,9b22cf27281353dfacc1a3f7222e03a53ac4818fb7a9845a8d2f8037f97ae8a1,True,True,True,True,True,True,,99951,99951,52371872,52371348,0
gmcp_r,100000,50,25,6,25,11140,11140,26,271667,271.667,0.271667,99975,b83730eeefaccff346d5453e746504dad80a20f2f5cc796a3489ea59803c1584,,True,True,True,True,True,True,,25,25,11284,10850,43356088
authenticated_hash_chain,100000,50,25,6,99975,52383932,52383932,99975,960250042,960250.042,960.250042,99975,,1f81e38667392c18ac90fef8f18293916c4bec28c6845b2cf3b38f7712151bc1,True,True,True,True,True,True,,99975,99975,52384456,52383932,0
gmcp_r,100000,50,49,6,49,21556,21556,50,491042,491.042,0.491042,99999,71de16d51c2a9f7ce0d320a466727e6fe98093a968cd2115785f29467e21dffa,,True,True,True,True,True,True,,49,49,21702,21266,43356088
authenticated_hash_chain,100000,50,49,6,99999,52396513,52396513,99999,958064167,958064.167,958.064167,99999,,50d088ae596b6b0475576aa389bdf98f179286d7484b40f882fa8877e04bb57b,True,True,True,True,True,True,,99999,99999,52397039,52396513,0
gmcp_r,100000,50,1,7,1,724,724,2,152042,152.042,0.152042,99951,752681eee181807298fb054d7bb1f1a7cf814a5718321a4aaf54a2ef7e98f347,,True,True,True,True,True,True,,1,1,868,434,43356088
authenticated_hash_chain,100000,50,1,7,99951,52371276,52371276,99951,960576042,960576.042,960.576042,99951,,f1ca4e6f780ae0344cb251d1f8ec6549e7daa7ae03173b348021c2fe500444cf,True,True,True,True,True,True,,99951,99951,52371800,52371276,0
gmcp_r,100000,50,25,7,25,11140,11140,26,283166,283.166,0.283166,99975,6156b3beac6b9f45c024029189c81ac5216422e30e8e6e56c5636b4486cbaa53,,True,True,True,True,True,True,,25,25,11284,10850,43356088
authenticated_hash_chain,100000,50,25,7,99975,52383851,52383851,99975,965503542,965503.542,965.503542,99975,,de4d1d090833379b269cff5a985040c5a2b1a5ba1c81f3b500fe475e0b8227ce,True,True,True,True,True,True,,99975,99975,52384375,52383851,0
gmcp_r,100000,50,49,7,49,21556,21556,50,513958,513.958,0.513958,99999,b45aab973b57016022c598aa770ff8983b6ce18544c8f909caf8773cc2ff47d4,,True,True,True,True,True,True,,49,49,21702,21266,43356088
authenticated_hash_chain,100000,50,49,7,99999,52396437,52396437,99999,987589416,987589.416,987.589416,99999,,67102498519feb3264780ea1ae9be3181ce3d139146be7975ede4fb5181828a7,True,True,True,True,True,True,,99999,99999,52396963,52396437,0
gmcp_r,100000,50,1,8,1,725,725,2,205042,205.042,0.205042,99951,a70399dd7e7ec3b57210dd23b044f615d258129d26ba75da0f4782b818d75a6d,,True,True,True,True,True,True,,1,1,868,434,43356088
authenticated_hash_chain,100000,50,1,8,99951,52371263,52371263,99951,963225166,963225.166,963.225166,99951,,3ba6c66ca7aba1c662b19658254b92e2e87ab815ea94df44bf3427fad202385a,True,True,True,True,True,True,,99951,99951,52371787,52371263,0
gmcp_r,100000,50,25,8,25,11141,11141,26,288542,288.542,0.288542,99975,b2441f1006e005a1c14b4fa97df8b14e9e40b9786dc8690b40e95b0c6cdb16ae,,True,True,True,True,True,True,,25,25,11284,10850,43356088
authenticated_hash_chain,100000,50,25,8,99975,52383841,52383841,99975,982674041,982674.041,982.674041,99975,,2f3910da57c144305e3a8a11c813c4e4795900b055a0c2237f63e5b1ffff4015,True,True,True,True,True,True,,99975,99975,52384365,52383841,0
gmcp_r,100000,50,49,8,49,21557,21557,50,480291,480.291,0.480291,99999,422ed421a4e9b974d85a380dd0f80b7c8553cb995504873399c8e470576eb3ec,,True,True,True,True,True,True,,49,49,21702,21266,43356088
authenticated_hash_chain,100000,50,49,8,99999,52396428,52396428,99999,963552709,963552.709,963.552709,99999,,96fdbd85050d30e6b29cbb54bf7a3007a49004ed2f797b0c0e7e4f06bce36c57,True,True,True,True,True,True,,99999,99999,52396954,52396428,0
gmcp_r,100000,50,1,9,1,724,724,2,198416,198.416,0.198416,99951,cd0aa411f28f7955b5edb9943cc4ce5c8088ef0106d41b03636c353b99f6e96d,,True,True,True,True,True,True,,1,1,868,434,43356088
authenticated_hash_chain,100000,50,1,9,99951,52371540,52371540,99951,960004291,960004.291,960.004291,99951,,dc65f0631634f44534f6d926f2cd0c6182a1be9a172d26f5758f0543ca9649de,True,True,True,True,True,True,,99951,99951,52372064,52371540,0
gmcp_r,100000,50,25,9,25,11140,11140,26,327792,327.792,0.327792,99975,85fa80b3c25be3660f701960b8c921d6aaef6b4751c43ff61b41464797ed647d,,True,True,True,True,True,True,,25,25,11284,10850,43356088
authenticated_hash_chain,100000,50,25,9,99975,52384124,52384124,99975,962155666,962155.666,962.155666,99975,,bd8c7a0538c9841e448f7fe927e62ef68678d52f2947c8b82157dd66e827fc81,True,True,True,True,True,True,,99975,99975,52384648,52384124,0
gmcp_r,100000,50,49,9,49,21556,21556,50,493959,493.959,0.493959,99999,670b7dc6d2a2c694a908d34dd67221d2da97daeac287fb29841c14e8aa8ff828,,True,True,True,True,True,True,,49,49,21702,21266,43356088
authenticated_hash_chain,100000,50,49,9,99999,52396706,52396706,99999,964989333,964989.333,964.989333,99999,,ae2f5e8d49aa6fbb490b293db79677e82a0fac2a472af9ca77d68bee96aa31e5,True,True,True,True,True,True,,99999,99999,52397233,52396706,0
gmcp_r,100000,50,1,10,1,728,728,2,154833,154.833,0.154833,99951,72182c80cc6b6117f87014166dc2e9e51fd7a0f60d8d03f3f7d9f1558cdef793,,True,True,True,True,True,True,,1,1,872,436,43555988
authenticated_hash_chain,100000,50,1,10,99951,52571298,52571298,99951,968333583,968333.583,968.333583,99951,,4a8e158a447da0d682cd13be871acb795e0a7c1fd4ba2e283b2107fa5a1a5e48,True,True,True,True,True,True,,99951,99951,52571824,52571298,0
gmcp_r,100000,50,25,10,25,11192,11192,26,303083,303.083,0.303083,99975,440ef547bea08e47a48411a5ce6a54422e0c51998b820186d17481c5ebc3912f,,True,True,True,True,True,True,,25,25,11336,10900,43555988
authenticated_hash_chain,100000,50,25,10,99975,52583923,52583923,99975,961750041,961750.041,961.750041,99975,,0851a03e5352fff67ddfa9859febb745da3771f2c7b13aaa4e3dd95fdfe48606,True,True,True,True,True,True,,99975,99975,52584449,52583923,0
gmcp_r,100000,50,49,10,49,21656,21656,50,565792,565.792,0.565792,99999,29284207c8dbe9ae7a03541184d076bb3b55742240758b50ad272fd3164b3db0,,True,True,True,True,True,True,,49,49,21802,21364,43555988
authenticated_hash_chain,100000,50,49,10,99999,52596548,52596548,99999,979579916,979579.916,979.579916,99999,,c98c3f12898a573f9f3e54a668cd84964ce0e83b2846198360272e94df7d1b9c,True,True,True,True,True,True,,99999,99999,52597076,52596548,0
gmcp_r,100000,50,1,11,1,728,728,2,191750,191.75,0.19175,99951,f1d6a11a14c6f355528a1cf213f418cbab6b6d11126d114cae3b2150abc9da7c,,True,True,True,True,True,True,,1,1,872,436,43555988
authenticated_hash_chain,100000,50,1,11,99951,52570986,52570986,99951,959422250,959422.25,959.42225,99951,,6591e396732da7c1d673530c104253e267bf2d144a5c5fcc02a62ea59a232213,True,True,True,True,True,True,,99951,99951,52571512,52570986,0
gmcp_r,100000,50,25,11,25,11192,11192,26,302375,302.375,0.302375,99975,42ddb0ad3cbbe4b44241d6fcc14a82d926a406056fe933c267ef42a64c9d74e6,,True,True,True,True,True,True,,25,25,11336,10900,43555988
authenticated_hash_chain,100000,50,25,11,99975,52583618,52583618,99975,993573250,993573.25,993.57325,99975,,8852de5723b2d99d0b2d75b9cbdb4cce50ebe6ee1ea80eb02e080acf21002ad9,True,True,True,True,True,True,,99975,99975,52584145,52583618,0
gmcp_r,100000,50,49,11,49,21656,21656,50,501333,501.333,0.501333,99999,56786f2c8e06fff24730486b0a337c76507f25bfb62000cd9d450ca8520f074e,,True,True,True,True,True,True,,49,49,21802,21364,43555988
authenticated_hash_chain,100000,50,49,11,99999,52596248,52596248,99999,986446916,986446.916,986.446916,99999,,e68146e59633b52f86f65544c9d65e66d63976a45d9f56cbe26fb8500c5099cd,True,True,True,True,True,True,,99999,99999,52596776,52596248,0
gmcp_r,100000,50,1,12,1,727,727,2,238541,238.541,0.238541,99951,ed41d6b4727e9f0ec0f7ab6a853a89dc369c1386a8c7a2272cc23d4805234533,,True,True,True,True,True,True,,1,1,872,436,43555988
authenticated_hash_chain,100000,50,1,12,99951,52571352,52571352,99951,967123459,967123.459,967.123459,99951,,9cc0d5eaef080504adb7b174f304fb67f10dfb4847ca63350aafef87dda9a00a,True,True,True,True,True,True,,99951,99951,52571878,52571352,0
gmcp_r,100000,50,25,12,25,11191,11191,26,308458,308.458,0.308458,99975,f8b9c5b0be900a3aa1192103ab6c32fcc9172083d1b511c0ac37b8722e779f97,,True,True,True,True,True,True,,25,25,11336,10900,43555988
authenticated_hash_chain,100000,50,25,12,99975,52583980,52583980,99975,959325167,959325.167,959.325167,99975,,7fe72805a62aa8a5460fcfb2533523ac8abc9b52e00dbddbcd6d74ff1cf56be2,True,True,True,True,True,True,,99975,99975,52584506,52583980,0
gmcp_r,100000,50,49,12,49,21655,21655,50,496208,496.208,0.496208,99999,e0c29c080062329baa10b368cca3a1510d593fa071a5ca36f6f980558d6b82b5,,True,True,True,True,True,True,,49,49,21802,21364,43555988
authenticated_hash_chain,100000,50,49,12,99999,52596608,52596608,99999,962337750,962337.75,962.33775,99999,,079add24c3dafb1205f8d0074cad81d1a2706de9d5be55e5a2093e678fcc2d11,True,True,True,True,True,True,,99999,99999,52597136,52596608,0
gmcp_r,100000,50,1,13,1,728,728,2,182208,182.208,0.182208,99951,469a282da57ac6d6af940af4be326aaf5a917f44a6aa58dbe07b77d21e737243,,True,True,True,True,True,True,,1,1,872,436,43555988
authenticated_hash_chain,100000,50,1,13,99951,52571290,52571290,99951,958790292,958790.292,958.790292,99951,,88985c659a8f3bcf4daf1ea801f383ab73b42c774c70c9128c3bfa248c9a933b,True,True,True,True,True,True,,99951,99951,52571817,52571290,0
gmcp_r,100000,50,25,13,25,11192,11192,26,310459,310.459,0.310459,99975,18287e09e5d713e7c238ebd1b893bcafb3c6439baa0da3d75c66b263aa96b1cf,,True,True,True,True,True,True,,25,25,11336,10900,43555988
authenticated_hash_chain,100000,50,25,13,99975,52583921,52583921,99975,960007667,960007.667,960.007667,99975,,90712cd527951a8c62596630b351e02d4b01edbb05a4c106b4ccc114022159aa,True,True,True,True,True,True,,99975,99975,52584448,52583921,0
gmcp_r,100000,50,49,13,49,21656,21656,50,488625,488.625,0.488625,99999,c0787248650716c9b5473533a7e6c2c6812a68a52028828ed0d60f56fd7bbbc2,,True,True,True,True,True,True,,49,49,21802,21364,43555988
authenticated_hash_chain,100000,50,49,13,99999,52596552,52596552,99999,982637375,982637.375,982.637375,99999,,8ca518e4b978cf61cbb103a01c6fa4a4754ab7e8bec0c91a73dbaae8a580ad83,True,True,True,True,True,True,,99999,99999,52597080,52596552,0
gmcp_r,100000,50,1,14,1,727,727,2,220708,220.708,0.220708,99951,be1ebfa9b5b911b0c28e0a6808a343961a9216ba86004882964e5b8ed5b4a657,,True,True,True,True,True,True,,1,1,872,436,43555988
authenticated_hash_chain,100000,50,1,14,99951,52571373,52571373,99951,967244125,967244.125,967.244125,99951,,18bb3ee0e8b2892d2334d7899cbccb44a21904e8eb4fa477916bbc6a24da95d6,True,True,True,True,True,True,,99951,99951,52571899,52571373,0
gmcp_r,100000,50,25,14,25,11191,11191,26,289209,289.209,0.289209,99975,728fedbe444d02330a889a06bfe31138036c201cedf29b576e6b9a84437dff01,,True,True,True,True,True,True,,25,25,11336,10900,43555988
authenticated_hash_chain,100000,50,25,14,99975,52584004,52584004,99975,982939208,982939.208,982.939208,99975,,28875b7de28ac29c82982f5b0ade07b87fddcc62fb560f6812ca8831da0345f7,True,True,True,True,True,True,,99975,99975,52584531,52584004,0
gmcp_r,100000,50,49,14,49,21655,21655,50,494083,494.083,0.494083,99999,aa1d0adfa6bd5087b08247eaf696239b6b9d1bf724baf6562649ad1bf1b1a854,,True,True,True,True,True,True,,49,49,21802,21364,43555988
authenticated_hash_chain,100000,50,49,14,99999,52596636,52596636,99999,969721417,969721.417,969.721417,99999,,546592063ebc8a14cdb4fa5bd99661b3f0ab1c312c47608ab5c1aed2832bf7bf,True,True,True,True,True,True,,99999,99999,52597164,52596636,0
gmcp_r,100000,50,1,15,1,727,727,2,156875,156.875,0.156875,99951,ac5e298a9c372783b9c87b49c069e325fe383fc64508e509b38e5d8338338607,,True,True,True,True,True,True,,1,1,872,436,43555988
authenticated_hash_chain,100000,50,1,15,99951,52571046,52571046,99951,976303083,976303.083,976.303083,99951,,a56af4610aeb8f52a247928859c22fed825503fb909a6281bc59b709466a8590,True,True,True,True,True,True,,99951,99951,52571572,52571046,0
gmcp_r,100000,50,25,15,25,11191,11191,26,386375,386.375,0.386375,99975,7246670bf76e94b4b1e13de41433847f2dd512601f97762f05b7f91d43ce88ec,,True,True,True,True,True,True,,25,25,11336,10900,43555988
authenticated_hash_chain,100000,50,25,15,99975,52583676,52583676,99975,980430625,980430.625,980.430625,99975,,077c14adbd24f0ad30878946e276936ac29f97d67e0f749909581216da34cb79,True,True,True,True,True,True,,99975,99975,52584202,52583676,0
gmcp_r,100000,50,49,15,49,21655,21655,50,516125,516.125,0.516125,99999,849feb185fc3e09eaec7524b8c4d20e905bf213bc1f9733bdeae50603936654d,,True,True,True,True,True,True,,49,49,21802,21364,43555988
authenticated_hash_chain,100000,50,49,15,99999,52596304,52596304,99999,972699750,972699.75,972.69975,99999,,2a75c34d6f0b5e8688164ee196278c0d129a496a291026e006430449269e65e7,True,True,True,True,True,True,,99999,99999,52596832,52596304,0
gmcp_r,100000,50,1,16,1,727,727,2,199500,199.5,0.1995,99951,1be1e85e8d733c9f37b867224636baae925b6018817fa7bb1cc78fcc84cea4f4,,True,True,True,True,True,True,,1,1,872,436,43555988
authenticated_hash_chain,100000,50,1,16,99951,52570994,52570994,99951,987636125,987636.125,987.636125,99951,,c1d5b8d33cc9870f4d81d2f1425d7480111f9e722c6c49d72901dc4d84e40ee0,True,True,True,True,True,True,,99951,99951,52571520,52570994,0
gmcp_r,100000,50,25,16,25,11191,11191,26,279875,279.875,0.279875,99975,9b57fa350e5f85042f4425d5a0b3dcdf79ca5468e0fe78e26fb4de637725ed07,,True,True,True,True,True,True,,25,25,11336,10900,43555988
authenticated_hash_chain,100000,50,25,16,99975,52583625,52583625,99975,978376250,978376.25,978.37625,99975,,81ba1d4b267714585223224191fa24664c7ab6727949a09dd35d143e19680f5e,True,True,True,True,True,True,,99975,99975,52584152,52583625,0
gmcp_r,100000,50,49,16,49,21655,21655,50,642208,642.208,0.642208,99999,e3661186660d6ad6a8d6ecc7b9b490e5012cbd2e8fec8e5f97e04b79c30bd828,,True,True,True,True,True,True,,49,49,21802,21364,43555988
authenticated_hash_chain,100000,50,49,16,99999,52596260,52596260,99999,998305750,998305.75,998.30575,99999,,ddfc1abb886e556a3980723568144cede17c79eae27926e89b9492b8b33ed9a4,True,True,True,True,True,True,,99999,99999,52596789,52596260,0
gmcp_r,100000,50,1,17,1,728,728,2,156875,156.875,0.156875,99951,8bf6fa0464dac40ba0a39907adca62464d75c5070a7eaee699f2ff78a57ed34e,,True,True,True,True,True,True,,1,1,872,436,43555988
authenticated_hash_chain,100000,50,1,17,99951,52570296,52570296,99951,1011853583,1011853.583,1011.853583,99951,,613914d2ff2f434ea11216f6c4fafb127929c2d65465baeb0d0669880ce679ac,True,True,True,True,True,True,,99951,99951,52570822,52570296,0
gmcp_r,100000,50,25,17,25,11192,11192,26,324500,324.5,0.3245,99975,50853acb81cc562b0709e84929665b84c8c95c4c72ee97c6c7bedc3d8eabf284,,True,True,True,True,True,True,,25,25,11336,10900,43555988
authenticated_hash_chain,100000,50,25,17,99975,52582924,52582924,99975,962063083,962063.083,962.063083,99975,,9792dcf13bc215ab84acc6e9e1595237ee34f886969da4e32d48d2a6e4dc50a3,True,True,True,True,True,True,,99975,99975,52583450,52582924,0
gmcp_r,100000,50,49,17,49,21656,21656,50,471500,471.5,0.4715,99999,afb09022a4bcff1567e71f86d8e63861e9ad745a7b777b0de2760a3aa6881b13,,True,True,True,True,True,True,,49,49,21802,21364,43555988
authenticated_hash_chain,100000,50,49,17,99999,52595553,52595553,99999,959437334,959437.334,959.437334,99999,,65ad08c793b4e784f0f5517a5d9b7a81b0fc238023862f10199e60f8eda7ef75,True,True,True,True,True,True,,99999,99999,52596082,52595553,0
gmcp_r,100000,50,1,18,1,727,727,2,189583,189.583,0.189583,99951,99e087de531185bcd5edf47904f981c39912a7f26da818015ab53ce5b0693d6c,,True,True,True,True,True,True,,1,1,872,436,43555988
authenticated_hash_chain,100000,50,1,18,99951,52571505,52571505,99951,960958375,960958.375,960.958375,99951,,b03401d9e18f7d0e209be5f21a3c59657e244d648373d02101c8af6616bbf56e,True,True,True,True,True,True,,99951,99951,52572032,52571505,0
gmcp_r,100000,50,25,18,25,11191,11191,26,275333,275.333,0.275333,99975,100a4a5a0825824d9ad5c74be6f40795b6a544932f4ddc8fee5bba9fe542e737,,True,True,True,True,True,True,,25,25,11336,10900,43555988
authenticated_hash_chain,100000,50,25,18,99975,52584133,52584133,99975,967708250,967708.25,967.70825,99975,,ba070940fc9cc5de2a3dfc0789b50e869b4b2dd27d17367b1fe37e632cfca22c,True,True,True,True,True,True,,99975,99975,52584659,52584133,0
gmcp_r,100000,50,49,18,49,21655,21655,50,485750,485.75,0.48575,99999,234b1e174055f73c10b9791b51d63ef509811b4c8ae68966969c4f30eb018ad5,,True,True,True,True,True,True,,49,49,21802,21364,43555988
authenticated_hash_chain,100000,50,49,18,99999,52596761,52596761,99999,966365459,966365.459,966.365459,99999,,1ddcebc87ac614a0dbb76f73a1f7392bc249784a9bee3188140796d7e766c937,True,True,True,True,True,True,,99999,99999,52597289,52596761,0
gmcp_r,100000,50,1,19,1,727,727,2,292375,292.375,0.292375,99951,e6700500778b75e1ada7e48db83c1f66ac8b21ad09c360c3c790df8f39cb4bf7,,True,True,True,True,True,True,,1,1,872,436,43555988
authenticated_hash_chain,100000,50,1,19,99951,52571260,52571260,99951,960779041,960779.041,960.779041,99951,,30dabe885850620faa82811a2361c76d8a5ad2a48a7022c52e64db74b486e8a3,True,True,True,True,True,True,,99951,99951,52571787,52571260,0
gmcp_r,100000,50,25,19,25,11191,11191,26,306166,306.166,0.306166,99975,85d84f579fc397b1985b300466c1aa2be8d1a8b102c4d804f928088a05b8e317,,True,True,True,True,True,True,,25,25,11336,10900,43555988
authenticated_hash_chain,100000,50,25,19,99975,52583886,52583886,99975,968188500,968188.5,968.1885,99975,,824c06ea6a54ca74299faf441c17b7d2f8a51a911729bcaeed928487af07d15d,True,True,True,True,True,True,,99975,99975,52584412,52583886,0
gmcp_r,100000,50,49,19,49,21655,21655,50,504333,504.333,0.504333,99999,1e61adf1d52b48e7ec1b60360b59fd507c2307707322d0b1bfe558c0f321ab61,,True,True,True,True,True,True,,49,49,21802,21364,43555988
authenticated_hash_chain,100000,50,49,19,99999,52596514,52596514,99999,992105791,992105.791,992.105791,99999,,622992697afdcbac2a7034b838ca43a98b992b200096f3ec0bb5d13d7231f44e,True,True,True,True,True,True,,99999,99999,52597042,52596514,0
gmcp_r,100000,50,1,20,1,728,728,2,171250,171.25,0.17125,99951,1d379182a1417413daad59e2e22363f1e3da470e458b3ebb1fb212ec0ad70fa6,,True,True,True,True,True,True,,1,1,872,436,43555988
authenticated_hash_chain,100000,50,1,20,99951,52571368,52571368,99951,977927208,977927.208,977.927208,99951,,b84af055b60a5007b85f8825c4171fe1264cc7b382ca9175f8e0332ca787c0c9,True,True,True,True,True,True,,99951,99951,52571894,52571368,0
gmcp_r,100000,50,25,20,25,11192,11192,26,294042,294.042,0.294042,99975,588ad54c4330d8a71f9fbe2f869ac57a2384d3303362b31b21b4a0ea1e7c7157,,True,True,True,True,True,True,,25,25,11336,10900,43555988
authenticated_hash_chain,100000,50,25,20,99975,52584000,52584000,99975,992564250,992564.25,992.56425,99975,,675e2908193afa5d7ebc407f8a9f227f8bda91373e12d039e423f2d5b5b4fca7,True,True,True,True,True,True,,99975,99975,52584526,52584000,0
gmcp_r,100000,50,49,20,49,21656,21656,50,505750,505.75,0.50575,99999,2c1ea917fd489943cb84a2572c18b87b3105e2a466e586e5b15d2eb45d59c6b4,,True,True,True,True,True,True,,49,49,21802,21364,43555988
authenticated_hash_chain,100000,50,49,20,99999,52596631,52596631,99999,964830083,964830.083,964.830083,99999,,70880a392b0feef4225e0a54c1fd84fcf735bc7d1b0189e3eae14cf9e67f542d,True,True,True,True,True,True,,99999,99999,52597159,52596631,0
gmcp_r,100000,50,1,21,1,727,727,2,154250,154.25,0.15425,99951,cf73d51165d2546fd863abff3aa24cf91c723b98a857dde75afcd025cecc71e9,,True,True,True,True,True,True,,1,1,872,436,43555988
authenticated_hash_chain,100000,50,1,21,99951,52571475,52571475,99951,958052084,958052.084,958.052084,99951,,9fca3c41fa0533837a80d7e294713246656109b8007f427292913b0c8222c1f0,True,True,True,True,True,True,,99951,99951,52572000,52571475,0
gmcp_r,100000,50,25,21,25,11191,11191,26,299375,299.375,0.299375,99975,1ce3c5ce5c168dc719709db47dcb4fbc73d327d8a96e465a58a9e1c07ff17fb7,,True,True,True,True,True,True,,25,25,11336,10900,43555988
authenticated_hash_chain,100000,50,25,21,99975,52584101,52584101,99975,967637958,967637.958,967.637958,99975,,125a968414459d49985f8df988510474cabf1e1b3832853399af2f18c1f3324f,True,True,True,True,True,True,,99975,99975,52584627,52584101,0
gmcp_r,100000,50,49,21,49,21655,21655,50,469708,469.708,0.469708,99999,4ab46ee1be352d7d3368f0d9bb300aea7da0497811885af2a216b0093245f71e,,True,True,True,True,True,True,,49,49,21802,21364,43555988
authenticated_hash_chain,100000,50,49,21,99999,52596731,52596731,99999,965286709,965286.709,965.286709,99999,,50ffe3c78034dbe10505b084af8bf05ecf41ab9d409801060850ea7b48c84b71,True,True,True,True,True,True,,99999,99999,52597259,52596731,0
gmcp_r,100000,50,1,22,1,727,727,2,164959,164.959,0.164959,99951,afd7d0d233dbce778d026e6083b984af981439a0b7fb8bf96a9970f10b85c510,,True,True,True,True,True,True,,1,1,872,436,43555988
authenticated_hash_chain,100000,50,1,22,99951,52571667,52571667,99951,973189209,973189.209,973.189209,99951,,8fed3b1d329d9272ad5906203acfc4eef4c4e3b58a105dcb35f91a9fdb6f0623,True,True,True,True,True,True,,99951,99951,52572194,52571667,0
gmcp_r,100000,50,25,22,25,11191,11191,26,300333,300.333,0.300333,99975,f8dbc5e250bef9aa8f7e5126b4e559f687b6dbafc1912e1cb27668ba0c0b2c12,,True,True,True,True,True,True,,25,25,11336,10900,43555988
authenticated_hash_chain,100000,50,25,22,99975,52584298,52584298,99975,969014083,969014.083,969.014083,99975,,ae645fb2d5ba967b23346adc053fb49070b013ab064e5fc0742be53becfd8e04,True,True,True,True,True,True,,99975,99975,52584824,52584298,0
gmcp_r,100000,50,49,22,49,21655,21655,50,773250,773.25,0.77325,99999,4242709b679a91e82521ba569da1ccb95161e273f732f4a8b79a570019baec54,,True,True,True,True,True,True,,49,49,21802,21364,43555988
authenticated_hash_chain,100000,50,49,22,99999,52596925,52596925,99999,991791500,991791.5,991.7915,99999,,4f6119e2b191fe7ea2d504f216166ca3371082fb43e38c216d51fd086defc367,True,True,True,True,True,True,,99999,99999,52597453,52596925,0
gmcp_r,100000,50,1,23,1,727,727,2,156916,156.916,0.156916,99951,888a6f006af26366a3be792dff5e5c1f155c345394372fe77a1b3a1329276fbc,,True,True,True,True,True,True,,1,1,872,436,43555988
authenticated_hash_chain,100000,50,1,23,99951,52571241,52571241,99951,990455166,990455.166,990.455166,99951,,a2412bef179a9cbf72a0c1e9750dc4a7b3925259bd2514ce9a210274d165c572,True,True,True,True,True,True,,99951,99951,52571768,52571241,0
gmcp_r,100000,50,25,23,25,11191,11191,26,291542,291.542,0.291542,99975,e52c83f82efcdf7244e905781ea2e7c74c517763b43bf1d23cddfb9d996c0943,,True,True,True,True,True,True,,25,25,11336,10900,43555988
authenticated_hash_chain,100000,50,25,23,99975,52583869,52583869,99975,964168459,964168.459,964.168459,99975,,3b990b32dd4885d7df46d5c1777e5067d856cf723f2a5f34914e47981a4149dd,True,True,True,True,True,True,,99975,99975,52584396,52583869,0
gmcp_r,100000,50,49,23,49,21655,21655,50,640500,640.5,0.6405,99999,81849ea2a2655097be816074012aabb7bb51ae85b6ac48e72f409e00e5f7f291,,True,True,True,True,True,True,,49,49,21802,21364,43555988
authenticated_hash_chain,100000,50,49,23,99999,52596499,52596499,99999,970400333,970400.333,970.400333,99999,,6768b2efe4cbd53919defbafec2f525b4a7737f0c2a4866775c323837cded4ae,True,True,True,True,True,True,,99999,99999,52597027,52596499,0
gmcp_r,100000,50,1,24,1,728,728,2,188792,188.792,0.188792,99951,8741a3022d537866fd6a860854c78d8ef6c24cd3d8ad904caf3f9f1f3e4e896d,,True,True,True,True,True,True,,1,1,872,436,43555988
authenticated_hash_chain,100000,50,1,24,99951,52571218,52571218,99951,959655167,959655.167,959.655167,99951,,844cc8fe9790e30ef1cc32939922b1f1a6bcaa80bff2f23244d4eb3cbf857a50,True,True,True,True,True,True,,99951,99951,52571745,52571218,0
gmcp_r,100000,50,25,24,25,11192,11192,26,288083,288.083,0.288083,99975,a4ada5a2ae6cc1ddb029a9d068a04cf0a57c25993bc95498b4a1965412d2689e,,True,True,True,True,True,True,,25,25,11336,10900,43555988
authenticated_hash_chain,100000,50,25,24,99975,52583845,52583845,99975,963259167,963259.167,963.259167,99975,,8fabd658f838f405fa59c8a0782ab41186ac24c201567a6ec725af3856ee8e0e,True,True,True,True,True,True,,99975,99975,52584371,52583845,0
gmcp_r,100000,50,49,24,49,21656,21656,50,471458,471.458,0.471458,99999,d30126edc617f1cef7078d08374c415aa490593043c82dcb8c87f0267ddfe8a1,,True,True,True,True,True,True,,49,49,21802,21364,43555988
authenticated_hash_chain,100000,50,49,24,99999,52596470,52596470,99999,961126375,961126.375,961.126375,99999,,fcb31fc78fef3ebe9fe4cad377f114600850224f63bf9e9befa82db426be256b,True,True,True,True,True,True,,99999,99999,52596999,52596470,0
gmcp_r,100000,50,1,25,1,727,727,2,195083,195.083,0.195083,99951,f435db88298ab90d441dff8b8c86e27127aa9a9bd3c08347d16952d5c869356f,,True,True,True,True,True,True,,1,1,872,436,43555988
authenticated_hash_chain,100000,50,1,25,99951,52571612,52571612,99951,967883166,967883.166,967.883166,99951,,b94758f33b3553a316e43a49428ba10a8a2596a610c19115c9535ec00563723b,True,True,True,True,True,True,,99951,99951,52572139,52571612,0
gmcp_r,100000,50,25,25,25,11191,11191,26,335458,335.458,0.335458,99975,090a21de562a2a3a04e54059a23b81692bac8598840ea3098464396af0b6dc7e,,True,True,True,True,True,True,,25,25,11336,10900,43555988
authenticated_hash_chain,100000,50,25,25,99975,52584242,52584242,99975,961005959,961005.959,961.005959,99975,,3d680e5b73ba2350875f776fa435e47d698c5864bea56d2c3bf41d3961672f2d,True,True,True,True,True,True,,99975,99975,52584769,52584242,0
gmcp_r,100000,50,49,25,49,21655,21655,50,549250,549.25,0.54925,99999,e8198e29b6a743a69eb47571015a094d334ea4f7890fa813820b54c2d12a5440,,True,True,True,True,True,True,,49,49,21802,21364,43555988
authenticated_hash_chain,100000,50,49,25,99999,52596868,52596868,99999,988701958,988701.958,988.701958,99999,,b74ad4aaf843f0496be0c902b929eab4739fd7d9350039e5bf9d3d2ed18ea2eb,True,True,True,True,True,True,,99999,99999,52597396,52596868,0
gmcp_r,100000,50,1,26,1,727,727,2,161458,161.458,0.161458,99951,ea173826dec077f5493720afebf3323f42d869a5e3b5076b2afe6ba316f299d5,,True,True,True,True,True,True,,1,1,872,436,43555988
authenticated_hash_chain,100000,50,1,26,99951,52571360,52571360,99951,983888000,983888.0,983.888,99951,,5475e2854f462316fbbef75791c69a94bc71866ec9399394aa338f57bec9ddb9,True,True,True,True,True,True,,99951,99951,52571887,52571360,0
gmcp_r,100000,50,25,26,25,11191,11191,26,291708,291.708,0.291708,99975,ac662e8df414f79bc0777a56d5792fb6fa4856674184f42225ba130b4f3202d1,,True,True,True,True,True,True,,25,25,11336,10900,43555988
authenticated_hash_chain,100000,50,25,26,99975,52583989,52583989,99975,968322083,968322.083,968.322083,99975,,9b115e58588a28499e1c924325d8cdd60519db90d565a866503f0030dfb44f50,True,True,True,True,True,True,,99975,99975,52584515,52583989,0
gmcp_r,100000,50,49,26,49,21655,21655,50,502208,502.208,0.502208,99999,f3a205de44cc19d7b9864296affb73730a12a7504055d04df0d8e569f578baef,,True,True,True,True,True,True,,49,49,21802,21364,43555988
authenticated_hash_chain,100000,50,49,26,99999,52596622,52596622,99999,958082750,958082.75,958.08275,99999,,e72d2fdb0cb84caaf71f40e839ee1587d034a34cce9b8a0a1c589bf0d07b4ffd,True,True,True,True,True,True,,99999,99999,52597150,52596622,0
gmcp_r,100000,50,1,27,1,727,727,2,206459,206.459,0.206459,99951,8f4e866de69ae3eab19c1fee96402d9d43babf051fcceae117aef2b049cf7514,,True,True,True,True,True,True,,1,1,872,436,43555988
authenticated_hash_chain,100000,50,1,27,99951,52571626,52571626,99951,965243875,965243.875,965.243875,99951,,d891833ce289a3ba02df1209f8e1de90591135629de8fc9aeccb889d80a8ae96,True,True,True,True,True,True,,99951,99951,52572153,52571626,0
gmcp_r,100000,50,25,27,25,11191,11191,26,319417,319.417,0.319417,99975,36283ca29708d39d5712555843c262f26cef81d1bf0abecea2d25c61f0db575b,,True,True,True,True,True,True,,25,25,11336,10900,43555988
authenticated_hash_chain,100000,50,25,27,99975,52584258,52584258,99975,958956583,958956.583,958.956583,99975,,8bb23b563b4e5f64bdae9ab06aad2513cca497a4dbde351fcb43c99c0b79108c,True,True,True,True,True,True,,99975,99975,52584785,52584258,0
gmcp_r,100000,50,49,27,49,21655,21655,50,515542,515.542,0.515542,99999,325e8d5877ca92ea98b65a334d78c78e918d2df2c5bcb55799a76e6ef1848f23,,True,True,True,True,True,True,,49,49,21802,21364,43555988
authenticated_hash_chain,100000,50,49,27,99999,52596887,52596887,99999,956525125,956525.125,956.525125,99999,,254363cfc9f84fbaae2756c223222fa4445df19bba528cd9c70e2e83e37d9325,True,True,True,True,True,True,,99999,99999,52597415,52596887,0
gmcp_r,100000,50,1,28,1,728,728,2,181958,181.958,0.181958,99951,d173498176f419ba307d197977fbfcf4e1fee7c37f166c5a2d258b1b836d002d,,True,True,True,True,True,True,,1,1,872,436,43555988
authenticated_hash_chain,100000,50,1,28,99951,52571373,52571373,99951,956875917,956875.917,956.875917,99951,,da78514a05fb9cf28e9f4816c3b8715e69d1e4eb959b7e2165726b3f64c600bd,True,True,True,True,True,True,,99951,99951,52571899,52571373,0
gmcp_r,100000,50,25,28,25,11192,11192,26,390792,390.792,0.390792,99975,419b0d51d96d0fd9242df0940561e439e5f64762387fd4dee2d6f40bbe87622e,,True,True,True,True,True,True,,25,25,11336,10900,43555988
authenticated_hash_chain,100000,50,25,28,99975,52584004,52584004,99975,963327875,963327.875,963.327875,99975,,e01a539c478ea34b0d1be8d289e751a36d5baca46052bce175eac6d0624f4560,True,True,True,True,True,True,,99975,99975,52584531,52584004,0
gmcp_r,100000,50,49,28,49,21656,21656,50,491167,491.167,0.491167,99999,bb3c23740263eb30bcb56aa32f96fe81e34b05f84be25e43c82361bd53f70a46,,True,True,True,True,True,True,,49,49,21802,21364,43555988
authenticated_hash_chain,100000,50,49,28,99999,52596639,52596639,99999,961134417,961134.417,961.134417,99999,,e7de3a10271f7f5bbcc1a88b23f4b859913dad72af2aae501a2279ae6021187f,True,True,True,True,True,True,,99999,99999,52597167,52596639,0
gmcp_r,100000,50,1,29,1,727,727,2,193333,193.333,0.193333,99951,3b7740e08b4c98a7959e5be0ed518369cc23bdfb05064e118150a4e69fabdc45,,True,True,True,True,True,True,,1,1,872,436,43555988
authenticated_hash_chain,100000,50,1,29,99951,52570993,52570993,99951,997770000,997770.0,997.77,99951,,6b94ac6c89bc85e5fc9ed3b833084932a4ab6ebd9cb99bfeb9558f2e6c732c4c,True,True,True,True,True,True,,99951,99951,52571519,52570993,0
gmcp_r,100000,50,25,29,25,11191,11191,26,317459,317.459,0.317459,99975,46c8e4b8ae1802732cd9611c67fc6cc1606fc4b2ef0260dcb97e552172f279e8,,True,True,True,True,True,True,,25,25,11336,10900,43555988
authenticated_hash_chain,100000,50,25,29,99975,52583620,52583620,99975,961180375,961180.375,961.180375,99975,,1e97466e50fe8813dc3258d13a1ddb11afa2150de583d0eed2fed04a49406268,True,True,True,True,True,True,,99975,99975,52584146,52583620,0
gmcp_r,100000,50,49,29,49,21655,21655,50,477875,477.875,0.477875,99999,9db4c011cce24e67d9d324506149e94740f1834d28bb2492f9c7e4f7d94440cb,,True,True,True,True,True,True,,49,49,21802,21364,43555988
authenticated_hash_chain,100000,50,49,29,99999,52596250,52596250,99999,970348083,970348.083,970.348083,99999,,9902d173173ba35108cecc1e7579441f61069d622c35821b8bc661999194e625,True,True,True,True,True,True,,99999,99999,52596778,52596250,0
gmcp_r,100000,50,1,30,1,727,727,2,159125,159.125,0.159125,99951,f752938de467971ab9862cd11a6fef9b80b7de0c1d99689ce00fbe008b616be5,,True,True,True,True,True,True,,1,1,872,436,43555988
authenticated_hash_chain,100000,50,1,30,99951,52571322,52571322,99951,961524542,961524.542,961.524542,99951,,79886f330dd7e9c0475fa661b2df18a231767ca89cc6537686c7ccae4661a290,True,True,True,True,True,True,,99951,99951,52571848,52571322,0
gmcp_r,100000,50,25,30,25,11191,11191,26,301958,301.958,0.301958,99975,d11c501dfbc3e7f2bfbb716952103c4ec1f5c302b87b3729e9f5b2469b62c6c2,,True,True,True,True,True,True,,25,25,11336,10900,43555988
authenticated_hash_chain,100000,50,25,30,99975,52583950,52583950,99975,962797875,962797.875,962.797875,99975,,1879dcefd683c0276d74f0b8128dcdbac6d5cec9496673c05665a29d6bf38e91,True,True,True,True,True,True,,99975,99975,52584476,52583950,0
gmcp_r,100000,50,49,30,49,21655,21655,50,491708,491.708,0.491708,99999,939bfac4c2b804aad1badb96f9f81c0bcc8b5c7fed2dfe5647562191753d0ec7,,True,True,True,True,True,True,,49,49,21802,21364,43555988
authenticated_hash_chain,100000,50,49,30,99999,52596576,52596576,99999,959998333,959998.333,959.998333,99999,,4c8fa73f760d9a6e63a2389c24835799e00b406feafc159e1d5ef467f50839bc,True,True,True,True,True,True,,99999,99999,52597104,52596576,0
gmcp_r,100000,100,1,1,1,726,726,2,157625,157.625,0.157625,99901,832588efcaebfa6c6e234b3644486282deead6afa062807210e15ba26dd4d261,,True,True,True,True,True,True,,1,1,870,435,43434288
authenticated_hash_chain,100000,100,1,1,99901,52444846,52444846,99901,972785834,972785.834,972.785834,99901,,e1daa19d66b9716de9f2e9b546109706dab623de35d46fb5e808594d37f28cd7,True,True,True,True,True,True,,99901,99901,52445371,52444846,0
gmcp_r,100000,100,50,1,50,22041,22041,51,535875,535.875,0.535875,99950,ff00f7ab0587f3ac1f5a89746d1d59a7354cc897d431f84cac987a1971b077a5,,True,True,True,True,True,True,,50,50,22185,21750,43434288
authenticated_hash_chain,100000,100,50,1,99950,52470571,52470571,99950,968466166,968466.166,968.466166,99950,,55b7c351928b2ecdd8c82798fc9516edf57d5eeac0ad60226358a6cd8ca56436,True,True,True,True,True,True,,99950,99950,52471096,52470571,0
gmcp_r,100000,100,99,1,99,43356,43356,100,926542,926.542,0.926542,99999,e92b8eb3a2eb6e3ddfec3dbb00f0916acb195755773f4faf8cfa4d2dd519d2b5,,True,True,True,True,True,True,,99,99,43502,43065,43434288
authenticated_hash_chain,100000,100,99,1,99999,52496305,52496305,99999,980001875,980001.875,980.001875,99999,,a61f39c5b598a30608909a610a29d05daf84cb092d06d7aa15b90d21c8da4c75,True,True,True,True,True,True,,99999,99999,52496831,52496305,0
gmcp_r,100000,100,1,2,1,726,726,2,160583,160.583,0.160583,99901,bedfc575c59484e547b4050b2c54ee0f05ae2132c6acd964bb7f51f77efe2f21,,True,True,True,True,True,True,,1,1,870,435,43434288
authenticated_hash_chain,100000,100,1,2,99901,52445238,52445238,99901,983367792,983367.792,983.367792,99901,,cddb53923439671c8cad23e22cc7b9b12af3f32a16ca0c42ed7a44805412739c,True,True,True,True,True,True,,99901,99901,52445762,52445238,0
gmcp_r,100000,100,50,2,50,22041,22041,51,495833,495.833,0.495833,99950,9518837571e4b4e001078bd41d80e42243f5c9e9eba03f324a75db70b71378cf,,True,True,True,True,True,True,,50,50,22185,21750,43434288
authenticated_hash_chain,100000,100,50,2,99950,52470974,52470974,99950,963695167,963695.167,963.695167,99950,,d3bdb74022ce71df548a6c9b002d839a39111b77942c078acfd2cc650ebf27ae,True,True,True,True,True,True,,99950,99950,52471500,52470974,0
gmcp_r,100000,100,99,2,99,43356,43356,100,1051458,1051.458,1.051458,99999,f64d559aa2871e7861786a4d226dbf99f26d7407098a965c1d88a64fd71a5732,,True,True,True,True,True,True,,99,99,43502,43065,43434288
authenticated_hash_chain,100000,100,99,2,99999,52496712,52496712,99999,957913042,957913.042,957.913042,99999,,e40c647919cfd4aebca595d20de3121c13d8d26c1c97c193a6cdd03f4f0b4c12,True,True,True,True,True,True,,99999,99999,52497239,52496712,0
gmcp_r,100000,100,1,3,1,726,726,2,189459,189.459,0.189459,99901,f1110f5550bd0fc76bd6f17dd2df9946c16694d7bd70f9f6e6b90d55e43c0a6c,,True,True,True,True,True,True,,1,1,870,435,43434288
authenticated_hash_chain,100000,100,1,3,99901,52445035,52445035,99901,966632125,966632.125,966.632125,99901,,783bee8a2abaa38f4ad3e4ef275cfac0dae87a4b0f27521a9eac3d719791de1d,True,True,True,True,True,True,,99901,99901,52445560,52445035,0
gmcp_r,100000,100,50,3,50,22041,22041,51,606916,606.916,0.606916,99950,8a0c1ce867a45cf4736d9bbe2026a3b20c95dd4f5d92e0aeb808b6c31742e9ce,,True,True,True,True,True,True,,50,50,22185,21750,43434288
authenticated_hash_chain,100000,100,50,3,99950,52470772,52470772,99950,964042250,964042.25,964.04225,99950,,160d4a091b4b6b150533d6d9718c80531189d60a207f7a15a33e97f792937de7,True,True,True,True,True,True,,99950,99950,52471298,52470772,0
gmcp_r,100000,100,99,3,99,43356,43356,100,935750,935.75,0.93575,99999,7c0d1500335d6d33a91a932d66706ccb08bfc1ab9c4dd0fcfb54fe86b084e87c,,True,True,True,True,True,True,,99,99,43502,43065,43434288
authenticated_hash_chain,100000,100,99,3,99999,52496501,52496501,99999,972535250,972535.25,972.53525,99999,,6a82bd45143dc3ea4981eaf817f07e701cce6909acbe4203dccda754526fe708,True,True,True,True,True,True,,99999,99999,52497029,52496501,0
gmcp_r,100000,100,1,4,1,726,726,2,172583,172.583,0.172583,99901,b3b193ee1fd45167362cdfff91fdba93b255b3a46deda70c86f605b3a32d7422,,True,True,True,True,True,True,,1,1,870,435,43434288
authenticated_hash_chain,100000,100,1,4,99901,52445148,52445148,99901,956460750,956460.75,956.46075,99901,,3432e20bead7deca9105d980e27bf58f75d6c1cc48068e3816f160b2416efecf,True,True,True,True,True,True,,99901,99901,52445672,52445148,0
gmcp_r,100000,100,50,4,50,22041,22041,51,480625,480.625,0.480625,99950,326c52a68cf23d9f92d02b106a2e533a72f8fdae2969db5270984b832885e60b,,True,True,True,True,True,True,,50,50,22185,21750,43434288
authenticated_hash_chain,100000,100,50,4,99950,52470875,52470875,99950,962935500,962935.5,962.9355,99950,,7d331db7a22584881dc46a1992465a4741bfe2d3bd9014bd978dc4c94188a474,True,True,True,True,True,True,,99950,99950,52471400,52470875,0
gmcp_r,100000,100,99,4,99,43356,43356,100,893000,893.0,0.893,99999,c254294295c957f0af5bd112895c80cc43a48631e228c0b5d10658e2e25ed9fe,,True,True,True,True,True,True,,99,99,43502,43065,43434288
authenticated_hash_chain,100000,100,99,4,99999,52496613,52496613,99999,982394208,982394.208,982.394208,99999,,3618d8126e820ac42785fb419b005bc4ac28c868efbdd7b203e09102eabf82aa,True,True,True,True,True,True,,99999,99999,52497140,52496613,0
gmcp_r,100000,100,1,5,1,726,726,2,179125,179.125,0.179125,99901,f288d7fb3bdd5e5401ed91d4045cf3591689aeee569c2410c5135ef213bc7cdf,,True,True,True,True,True,True,,1,1,870,435,43434288
authenticated_hash_chain,100000,100,1,5,99901,52444761,52444761,99901,991355500,991355.5,991.3555,99901,,83ef42b2b995a65a155e68a92974bd908e94c253ca966ad068c1e049c230e789,True,True,True,True,True,True,,99901,99901,52445286,52444761,0
gmcp_r,100000,100,50,5,50,22041,22041,51,511792,511.792,0.511792,99950,9d339d3551160e53f142835f3d82a94f821583fe806486538c46bd5c6cac2ada,,True,True,True,True,True,True,,50,50,22185,21750,43434288
authenticated_hash_chain,100000,100,50,5,99950,52470500,52470500,99950,967345416,967345.416,967.345416,99950,,802b3b31569a3359dfa11206548114933145c3afeaa1d74f43af3b8534449090,True,True,True,True,True,True,,99950,99950,52471025,52470500,0
gmcp_r,100000,100,99,5,99,43356,43356,100,924791,924.791,0.924791,99999,6d69302025a1ad47964a3f4016e58f40d3b1fa224e6a6ca97f09ffcec8854c14,,True,True,True,True,True,True,,99,99,43502,43065,43434288
authenticated_hash_chain,100000,100,99,5,99999,52496229,52496229,99999,963387792,963387.792,963.387792,99999,,daf0d507c4bb920c35ca555b632e4daf6152243d81c9b143228fa676d9cc399d,True,True,True,True,True,True,,99999,99999,52496757,52496229,0
gmcp_r,100000,100,1,6,1,726,726,2,197042,197.042,0.197042,99901,6e3c241a7249b3ad5f719003d866ed94767ed42adb457aeba0138b34c1260037,,True,True,True,True,True,True,,1,1,870,435,43434288
authenticated_hash_chain,100000,100,1,6,99901,52445210,52445210,99901,959814000,959814.0,959.814,99901,,8fe3f818d719cbf1420e16eb0d65fc8ad0ba67b3bc02711d61468d844c20d3f7,True,True,True,True,True,True,,99901,99901,52445736,52445210,0
gmcp_r,100000,100,50,6,50,22041,22041,51,582458,582.458,0.582458,99950,140902530c450fcbaa26a8325701883c1aeab7a4428ee6f903728c14f276ccd3,,True,True,True,True,True,True,,50,50,22185,21750,43434288
authenticated_hash_chain,100000,100,50,6,99950,52470941,52470941,99950,965429792,965429.792,965.429792,99950,,d2db75035729368e2eba2fce3fd59fdfaf5060ffd6b9d0439a9d5e3a91a7055f,True,True,True,True,True,True,,99950,99950,52471466,52470941,0
gmcp_r,100000,100,99,6,99,43356,43356,100,898416,898.416,0.898416,99999,4a509f2d3301496817f024fff93505a1b9a6e3ff4959c1a5857a5c32a950df19,,True,True,True,True,True,True,,99,99,43502,43065,43434288
authenticated_hash_chain,100000,100,99,6,99999,52496673,52496673,99999,964125375,964125.375,964.125375,99999,,81ed4c0372ac34ef2574f56aa5fe443130b460433027bd4956f76cba540c542b,True,True,True,True,True,True,,99999,99999,52497201,52496673,0
gmcp_r,100000,100,1,7,1,726,726,2,192334,192.334,0.192334,99901,57569acb7d45f3f62500c5393d99124b676656f4fa5982146df8c79bd91255aa,,True,True,True,True,True,True,,1,1,870,435,43434288
authenticated_hash_chain,100000,100,1,7,99901,52445270,52445270,99901,965751584,965751.584,965.751584,99901,,ec8c299dc662beaa9bbba7a71d6656e2eeea71012b77befd0de0684012512efa,True,True,True,True,True,True,,99901,99901,52445796,52445270,0
gmcp_r,100000,100,50,7,50,22041,22041,51,496833,496.833,0.496833,99950,fbc3cd27ec4ba7994ad93758413cd8896d10e9ca9b90f4eae6b59d60d48342db,,True,True,True,True,True,True,,50,50,22185,21750,43434288
authenticated_hash_chain,100000,100,50,7,99950,52471009,52471009,99950,967960000,967960.0,967.96,99950,,b6226848b55afe4a2e5d48d40c42e5b7f048fdb525664b87d015c7fbd0c62980,True,True,True,True,True,True,,99950,99950,52471535,52471009,0
gmcp_r,100000,100,99,7,99,43356,43356,100,891667,891.667,0.891667,99999,4b8c92497020a7aec9108407612a5cfeab717b3b1fea4698996d0f229e364a96,,True,True,True,True,True,True,,99,99,43502,43065,43434288
authenticated_hash_chain,100000,100,99,7,99999,52496745,52496745,99999,1000921958,1000921.958,1000.921958,99999,,9bffeaa6df57caab3ec97d87a19dd46ad89f62d2cf26953c6c38a39a5c0dbae0,True,True,True,True,True,True,,99999,99999,52497272,52496745,0
gmcp_r,100000,100,1,8,1,726,726,2,191000,191.0,0.191,99901,df4f6669f7f449961e48c37761e6adc8afa5b42b3999137b0a40598bde28776d,,True,True,True,True,True,True,,1,1,870,435,43434288
authenticated_hash_chain,100000,100,1,8,99901,52445146,52445146,99901,995028875,995028.875,995.028875,99901,,438a03512c87b8f8512866bd1aba699b6bbf41f8deb52116985c20e7c7275584,True,True,True,True,True,True,,99901,99901,52445670,52445146,0
gmcp_r,100000,100,50,8,50,22041,22041,51,491833,491.833,0.491833,99950,6232d39b1edbae31ff72fe425d4863197dbeafc808cbcd3a2d3a07f674855038,,True,True,True,True,True,True,,50,50,22185,21750,43434288
authenticated_hash_chain,100000,100,50,8,99950,52470883,52470883,99950,962978125,962978.125,962.978125,99950,,faa7a67af5992854fd33cd898c7b3df1798c81fb588403e30dda1ed590040ee6,True,True,True,True,True,True,,99950,99950,52471408,52470883,0
gmcp_r,100000,100,99,8,99,43356,43356,100,958208,958.208,0.958208,99999,21f472c7ffe6dc348629fff88039f2c87552f6e4dbdcf9a39f300eb8a7357d45,,True,True,True,True,True,True,,99,99,43502,43065,43434288
authenticated_hash_chain,100000,100,99,8,99999,52496619,52496619,99999,962307750,962307.75,962.30775,99999,,1493898591c41c85649b14bb03f4a42ef5703fafaf73ec67bb7df2c1b567a471,True,True,True,True,True,True,,99999,99999,52497147,52496619,0
gmcp_r,100000,100,1,9,1,726,726,2,173458,173.458,0.173458,99901,68f1ce7ed9660dc1d5c62019412a5bd10ec5268d50382384555984c139e12a15,,True,True,True,True,True,True,,1,1,870,435,43434288
authenticated_hash_chain,100000,100,1,9,99901,52444760,52444760,99901,959541334,959541.334,959.541334,99901,,689fb1dc42de4d535143a833dfaa2ecb58a0f6edf4dc85bc2e6de85a4f5d146f,True,True,True,True,True,True,,99901,99901,52445286,52444760,0
gmcp_r,100000,100,50,9,50,22041,22041,51,508542,508.542,0.508542,99950,574a37196a3b268426e520fc88f5db25b3782561beb0294847fb55ec661391d6,,True,True,True,True,True,True,,50,50,22185,21750,43434288
authenticated_hash_chain,100000,100,50,9,99950,52470485,52470485,99950,965935541,965935.541,965.935541,99950,,51758f4196a54e3ef6a07fbbcb0e63bdaa162df826d1a455e519d7680cce7f1b,True,True,True,True,True,True,,99950,99950,52471010,52470485,0
gmcp_r,100000,100,99,9,99,43356,43356,100,888583,888.583,0.888583,99999,46423aec77ce000179235505811cd1f1fc05bf6c8dea2b4ecbe97a0b93aa660e,,True,True,True,True,True,True,,99,99,43502,43065,43434288
authenticated_hash_chain,100000,100,99,9,99999,52496214,52496214,99999,964162583,964162.583,964.162583,99999,,c34be008a07875bdca948f9836bb3be1db8a503dc8860aa5e197a62b19630172,True,True,True,True,True,True,,99999,99999,52496741,52496214,0
gmcp_r,100000,100,1,10,1,729,729,2,155000,155.0,0.155,99901,8c9f4a6124e5732c65493c69848333372985861a972a249470a303a27fc362de,,True,True,True,True,True,True,,1,1,874,437,43634088
authenticated_hash_chain,100000,100,1,10,99901,52644886,52644886,99901,970083834,970083.834,970.083834,99901,,5f97e2bbe2f6bd94298998432fb1625e801f9055bdf5376fc703fddb10263434,True,True,True,True,True,True,,99901,99901,52645413,52644886,0
gmcp_r,100000,100,50,10,50,22142,22142,51,546375,546.375,0.546375,99950,70991c0dbf5689bcf92e7be918b0853b756dbe4ececc483047bb1835c88263b7,,True,True,True,True,True,True,,50,50,22287,21850,43634088
authenticated_hash_chain,100000,100,50,10,99950,52670714,52670714,99950,968028667,968028.667,968.028667,99950,,abf02a309ee261518959b45442a7dc54c027ce9f80d5792bcf2138a037c17a80,True,True,True,True,True,True,,99950,99950,52671242,52670714,0
gmcp_r,100000,100,99,10,99,43555,43555,100,890875,890.875,0.890875,99999,a308c0844e60e3e8b6f5873d3a063481d26c19a6a63a958aface26f1851c484e,,True,True,True,True,True,True,,99,99,43702,43263,43634088
authenticated_hash_chain,100000,100,99,10,99999,52696546,52696546,99999,994318542,994318.542,994.318542,99999,,7ef7e50fa2afc73fa6371744e0b9bf37c23fdb6440feaf2d8d6a061c449831b7,True,True,True,True,True,True,,99999,99999,52697076,52696546,0
gmcp_r,100000,100,1,11,1,728,728,2,151000,151.0,0.151,99901,613b24e67f002b3dc8eb20516b82f63b29a754a4c6fcd24330be641913c18657,,True,True,True,True,True,True,,1,1,874,437,43634088
authenticated_hash_chain,100000,100,1,11,99901,52645151,52645151,99901,968413875,968413.875,968.413875,99901,,da156071450841bacbc622f4d64ada0c5f2fb4cf52c96c85e281a0a87f695ca3,True,True,True,True,True,True,,99901,99901,52645678,52645151,0
gmcp_r,100000,100,50,11,50,22141,22141,51,519667,519.667,0.519667,99950,340b48409aa0acdf853b24f72f8aa5b91e8bca8d0aba3d8bccc9e278eb4922fa,,True,True,True,True,True,True,,50,50,22287,21850,43634088
authenticated_hash_chain,100000,100,50,11,99950,52670983,52670983,99950,990350333,990350.333,990.350333,99950,,73b29791c2d2b6f7f0d76158a9b102c5bff39c73a7d4a549b3a540a6cc91f335,True,True,True,True,True,True,,99950,99950,52671510,52670983,0
gmcp_r,100000,100,99,11,99,43554,43554,100,939375,939.375,0.939375,99999,5150c627061190747c681c22f9b598822093871040878953be1d7e35561816bd,,True,True,True,True,True,True,,99,99,43702,43263,43634088
authenticated_hash_chain,100000,100,99,11,99999,52696811,52696811,99999,964515083,964515.083,964.515083,99999,,a9ad32729775c35a6ae80214ec81c876f8652eb16df2d6c0e5b7c10abf132c39,True,True,True,True,True,True,,99999,99999,52697340,52696811,0
gmcp_r,100000,100,1,12,1,728,728,2,189042,189.042,0.189042,99901,52dfdf8d8c04592bbca28824c1afad3c6a154db2941a368858f8dac320c7cea1,,True,True,True,True,True,True,,1,1,874,437,43634088
authenticated_hash_chain,100000,100,1,12,99901,52645034,52645034,99901,993778042,993778.042,993.778042,99901,,2cb31f652a8896044f54009874af9e2c0a1588b37da5d0fe71afd62f37bb8579,True,True,True,True,True,True,,99901,99901,52645561,52645034,0
gmcp_r,100000,100,50,12,50,22141,22141,51,514958,514.958,0.514958,99950,347b4efadaf69ee3f5597ebe7339b307165f297d97e5221d6cf8543bc4d7769b,,True,True,True,True,True,True,,50,50,22287,21850,43634088
authenticated_hash_chain,100000,100,50,12,99950,52670871,52670871,99950,972152667,972152.667,972.152667,99950,,52bdfea601252c46f626640e99473496b50358971b7a0fd004febe3e80d50cfc,True,True,True,True,True,True,,99950,99950,52671398,52670871,0
gmcp_r,100000,100,99,12,99,43554,43554,100,908792,908.792,0.908792,99999,7913e7ecf67c1cd84eed17505cef5ca18fb82f25f4f85b0d5588648a4863d09a,,True,True,True,True,True,True,,99,99,43702,43263,43634088
authenticated_hash_chain,100000,100,99,12,99999,52696708,52696708,99999,980627833,980627.833,980.627833,99999,,85d4a85ada600afb7ba668e76a55d80f31a66b9fbbf246abfff770ee348d09c2,True,True,True,True,True,True,,99999,99999,52697238,52696708,0
gmcp_r,100000,100,1,13,1,728,728,2,193666,193.666,0.193666,99901,f8c8db666882a7da1f000eea314eced7722cd68b614db7cc739dd33ea58f64fd,,True,True,True,True,True,True,,1,1,874,437,43634088
authenticated_hash_chain,100000,100,1,13,99901,52644992,52644992,99901,995644041,995644.041,995.644041,99901,,e3762be3a7dff25074674551cf3758e3c13dfc2a1639f70476ce8e7cadbf13b6,True,True,True,True,True,True,,99901,99901,52645519,52644992,0
gmcp_r,100000,100,50,13,50,22141,22141,51,513084,513.084,0.513084,99950,56df2a6d265b6f3fb6949fc984ff4963ab7c16d75eae9146df5b0cce65cc2a44,,True,True,True,True,True,True,,50,50,22287,21850,43634088
authenticated_hash_chain,100000,100,50,13,99950,52670825,52670825,99950,1041966875,1041966.875,1041.966875,99950,,13321beb2bdcbaf3f89c211f58f8ae46fe01b2690a3d0d990b90a7239ff347a8,True,True,True,True,True,True,,99950,99950,52671352,52670825,0
gmcp_r,100000,100,99,13,99,43554,43554,100,900750,900.75,0.90075,99999,e362e52afe5c1efd0795219fee2dd8be58b1e4018cb0e227ca7de84611493071,,True,True,True,True,True,True,,99,99,43702,43263,43634088
authenticated_hash_chain,100000,100,99,13,99999,52696655,52696655,99999,1040294125,1040294.125,1040.294125,99999,,0cbc5ec825230ddb7d737412788b1cdbd676eb9c939c0618e10b9eb6888a3e4a,True,True,True,True,True,True,,99999,99999,52697184,52696655,0
gmcp_r,100000,100,1,14,1,729,729,2,239041,239.041,0.239041,99901,942a389b53de2fe2958f17dd1d3e3f8edb013c39af5c65e697193322e177540d,,True,True,True,True,True,True,,1,1,874,437,43634088
authenticated_hash_chain,100000,100,1,14,99901,52644433,52644433,99901,969361833,969361.833,969.361833,99901,,7c9f9b11d55a00f0da186ee43f9ff727be98565eaff0a80b592d5d4c1e4ceb84,True,True,True,True,True,True,,99901,99901,52644960,52644433,0
gmcp_r,100000,100,50,14,50,22142,22142,51,501666,501.666,0.501666,99950,199e65d19896305b6611bd6b8f365a0161bf12fe570a5cfa4b820768cd180fe8,,True,True,True,True,True,True,,50,50,22287,21850,43634088
authenticated_hash_chain,100000,100,50,14,99950,52670259,52670259,99950,965221334,965221.334,965.221334,99950,,453f67442db2c6088764921ed8e457bfd7d9bbe8557cf3e9cfa15342a4afcaec,True,True,True,True,True,True,,99950,99950,52670786,52670259,0
gmcp_r,100000,100,99,14,99,43555,43555,100,895750,895.75,0.89575,99999,b1b0570c78dcf6ce9e1608560ca93cfa0c38006a3be3cbcb6e82a734e0eab8d6,,True,True,True,True,True,True,,99,99,43702,43263,43634088
authenticated_hash_chain,100000,100,99,14,99999,52696097,52696097,99999,974810541,974810.541,974.810541,99999,,e63ab2e615217e9330f802ecdba7fa24633ee6b98f1aeef8b599e16b6c9ddc68,True,True,True,True,True,True,,99999,99999,52696627,52696097,0
gmcp_r,100000,100,1,15,1,729,729,2,134042,134.042,0.134042,99901,634de736b6f5b638ad0554e0e6312b9f0bfe139a3009814bfe9c5a74499b4095,,True,True,True,True,True,True,,1,1,874,437,43634088
authenticated_hash_chain,100000,100,1,15,99901,52645039,52645039,99901,970782583,970782.583,970.782583,99901,,c426c5ec729c92646226881d627f0979a2b1df031b11a9825123516dbc6ce084,True,True,True,True,True,True,,99901,99901,52645565,52645039,0
gmcp_r,100000,100,50,15,50,22142,22142,51,532500,532.5,0.5325,99950,6cd3f62cc7acea8b212be8f26db8a8832f7b2bde319c55e2f9fc15347a8c8050,,True,True,True,True,True,True,,50,50,22287,21850,43634088
authenticated_hash_chain,100000,100,50,15,99950,52670871,52670871,99950,977236500,977236.5,977.2365,99950,,f6d4a772631723289c16d3742fef18165cee5ae8adc4245c5c56c344bc11353c,True,True,True,True,True,True,,99950,99950,52671398,52670871,0
gmcp_r,100000,100,99,15,99,43555,43555,100,927833,927.833,0.927833,99999,92a54e2e3af88cd6eb0600dfc61516882eebf5fe1f42d9a243cc44f42381b1cc,,True,True,True,True,True,True,,99,99,43702,43263,43634088
authenticated_hash_chain,100000,100,99,15,99999,52696701,52696701,99999,973676459,973676.459,973.676459,99999,,803dd007de62eba5cbb064e693263f328ee659cab307446ba1b8cd92991c96df,True,True,True,True,True,True,,99999,99999,52697230,52696701,0
gmcp_r,100000,100,1,16,1,730,730,2,177375,177.375,0.177375,99901,f15cec62be3c7ea1661848f7fbbde690924791f06bbc47c0707f4338087c1daa,,True,True,True,True,True,True,,1,1,874,437,43634088
authenticated_hash_chain,100000,100,1,16,99901,52644621,52644621,99901,970857166,970857.166,970.857166,99901,,daef7e8a8bb9b898e91286e26848d1eced6df1113cf8f44f1ea1df4d97025d95,True,True,True,True,True,True,,99901,99901,52645148,52644621,0
gmcp_r,100000,100,50,16,50,22143,22143,51,531167,531.167,0.531167,99950,310a65df83eda8aae977e59cfb3cd8680dd6789213d6755218066e5572f1f015,,True,True,True,True,True,True,,50,50,22287,21850,43634088
authenticated_hash_chain,100000,100,50,16,99950,52670465,52670465,99950,961542041,961542.041,961.542041,99950,,66e7a23e97f66c622a74a08ebf149ef34ae34f10d079cc644d83afc6782556e5,True,True,True,True,True,True,,99950,99950,52670993,52670465,0
gmcp_r,100000,100,99,16,99,43556,43556,100,986083,986.083,0.986083,99999,cb4b30271aaff99d1d93a6c1ec1ff1dcff5bc7574f7d9921fa502910e6dc1780,,True,True,True,True,True,True,,99,99,43702,43263,43634088
authenticated_hash_chain,100000,100,99,16,99999,52696300,52696300,99999,966584625,966584.625,966.584625,99999,,3f98986a2232bf43d794d68c822f2259c573cc8a9687a03898af27b60a01fcf4,True,True,True,True,True,True,,99999,99999,52696830,52696300,0
gmcp_r,100000,100,1,17,1,729,729,2,217083,217.083,0.217083,99901,0d449d076942eefc5b511678e82f4598c64bddc1a286cfa988f815dc22c8d495,,True,True,True,True,True,True,,1,1,874,437,43634088
authenticated_hash_chain,100000,100,1,17,99901,52644937,52644937,99901,975961917,975961.917,975.961917,99901,,22c6766128cf03f69aca98aaf7a24cecefdb3e23439594ef5c6fb7031256f029,True,True,True,True,True,True,,99901,99901,52645464,52644937,0
gmcp_r,100000,100,50,17,50,22142,22142,51,490834,490.834,0.490834,99950,0fc727f6e3ce9326b144c597cf19b54800726140958373ef7f3e06937837e62a,,True,True,True,True,True,True,,50,50,22287,21850,43634088
authenticated_hash_chain,100000,100,50,17,99950,52670775,52670775,99950,964874625,964874.625,964.874625,99950,,a3c8c3e528aaea5b3fa38f6ce047a4811a09a488d00b8bc2db2ce18b17ac24be,True,True,True,True,True,True,,99950,99950,52671302,52670775,0
gmcp_r,100000,100,99,17,99,43555,43555,100,932875,932.875,0.932875,99999,53db652203fb32942ed3b23067eabe2453f218398b54d187b5fdb9eea86ed5c9,,True,True,True,True,True,True,,99,99,43702,43263,43634088
authenticated_hash_chain,100000,100,99,17,99999,52696598,52696598,99999,965881000,965881.0,965.881,99999,,f480e53b5f7f74e4a7e461373cc565ad7ce08a6ba091be76884dad64c0440cb7,True,True,True,True,True,True,,99999,99999,52697127,52696598,0
gmcp_r,100000,100,1,18,1,729,729,2,187333,187.333,0.187333,99901,a815add760901ad48719185dccd7cbf675bf81cfd2116c10bc2256daa2303c10,,True,True,True,True,True,True,,1,1,874,437,43634088
authenticated_hash_chain,100000,100,1,18,99901,52644917,52644917,99901,984770416,984770.416,984.770416,99901,,b143c2815e8527a77d3dd3f99c0ff0e856dd52f83bc4c8b52fe85b8b29d4a39c,True,True,True,True,True,True,,99901,99901,52645443,52644917,0
gmcp_r,100000,100,50,18,50,22142,22142,51,521791,521.791,0.521791,99950,11ae8cc8441e91a642e8858ec4ffe01bfd4a5bbc7e826c0a189b7b492c8ea42e,,True,True,True,True,True,True,,50,50,22287,21850,43634088
authenticated_hash_chain,100000,100,50,18,99950,52670748,52670748,99950,978894000,978894.0,978.894,99950,,51ce42dcbfea5a79b9e070e9875bca9ab7c28550fe27b2a073a042e00b7d58d6,True,True,True,True,True,True,,99950,99950,52671276,52670748,0
gmcp_r,100000,100,99,18,99,43555,43555,100,889042,889.042,0.889042,99999,517b539790ac14c94bb2770da6825e457b0fe4f1105e719201adaa0e9a8b4a5f,,True,True,True,True,True,True,,99,99,43702,43263,43634088
authenticated_hash_chain,100000,100,99,18,99999,52696591,52696591,99999,972630916,972630.916,972.630916,99999,,121e81d62db234c53da93c8d1c7cfd39a44b09dfa67bc91a569a339087d0daea,True,True,True,True,True,True,,99999,99999,52697120,52696591,0
gmcp_r,100000,100,1,19,1,729,729,2,173583,173.583,0.173583,99901,c32b8fdfb51bb554ba91535b4317a9a2bf0ce93330adde969faa3e1bc3278c5b,,True,True,True,True,True,True,,1,1,874,437,43634088
authenticated_hash_chain,100000,100,1,19,99901,52644779,52644779,99901,1012868209,1012868.209,1012.868209,99901,,12564f033f8d9af47ded52ae27ccbcff24d0468794b89c0326c472dcff192c9f,True,True,True,True,True,True,,99901,99901,52645306,52644779,0
gmcp_r,100000,100,50,19,50,22142,22142,51,525958,525.958,0.525958,99950,2379c49b5568d601a9dfb03ea20f3d2f74717a916c8c10d16ac09d2a3e71cf26,,True,True,True,True,True,True,,50,50,22287,21850,43634088
authenticated_hash_chain,100000,100,50,19,99950,52670614,52670614,99950,1060434500,1060434.5,1060.4345,99950,,c1e595971ab2ff34c8fbb2a29fed292e5317746645da0cba6c202602b1f1d9e3,True,True,True,True,True,True,,99950,99950,52671141,52670614,0
gmcp_r,100000,100,99,19,99,43555,43555,100,907208,907.208,0.907208,99999,a2c600b4d0bf672ab41d61d02ceea2c69c4fb31b491b1f139846733de9bbae26,,True,True,True,True,True,True,,99,99,43702,43263,43634088
authenticated_hash_chain,100000,100,99,19,99999,52696454,52696454,99999,974211125,974211.125,974.211125,99999,,3c7e2d0c1beff30a56fca7a0de66908cedf818f00dcff49ba54bc0288ff13ef5,True,True,True,True,True,True,,99999,99999,52696983,52696454,0
gmcp_r,100000,100,1,20,1,729,729,2,267834,267.834,0.267834,99901,0fb3710b8bce78330060ff0dc9cf83748757eb83b4564f9899701a15f52aba39,,True,True,True,True,True,True,,1,1,874,437,43634088
authenticated_hash_chain,100000,100,1,20,99901,52644891,52644891,99901,976810375,976810.375,976.810375,99901,,82d66cdfbfae45df1776094633f29171ab6239d2c332959092eb7cc9bacd2000,True,True,True,True,True,True,,99901,99901,52645419,52644891,0
gmcp_r,100000,100,50,20,50,22142,22142,51,500416,500.416,0.500416,99950,1529cde2180042f910a86ae1cdb9799307ad134447f337bd5a1d1ba3ede04131,,True,True,True,True,True,True,,50,50,22287,21850,43634088
authenticated_hash_chain,100000,100,50,20,99950,52670722,52670722,99950,1004475959,1004475.959,1004.475959,99950,,86c788eca64132537eb997c36755e77be73178cb441821413fd7e0b769958a82,True,True,True,True,True,True,,99950,99950,52671250,52670722,0
gmcp_r,100000,100,99,20,99,43555,43555,100,992417,992.417,0.992417,99999,4b1ef53eb1275d7925ca27611d45d227ec424279adc0d0aa2b401efb223639a1,,True,True,True,True,True,True,,99,99,43702,43263,43634088
authenticated_hash_chain,100000,100,99,20,99999,52696553,52696553,99999,965379166,965379.166,965.379166,99999,,1b3f7c23063a18aef7aba0c5b1de98a63d002f5b934e9aa72ae91cc2758c1fac,True,True,True,True,True,True,,99999,99999,52697082,52696553,0
gmcp_r,100000,100,1,21,1,729,729,2,181250,181.25,0.18125,99901,325c46648a5174a1c3dbe398361ff911b3795bb47c492eb8397de16336861495,,True,True,True,True,True,True,,1,1,874,437,43634088
authenticated_hash_chain,100000,100,1,21,99901,52644700,52644700,99901,973264833,973264.833,973.264833,99901,,e1726c238c17dedc3a108aa26e41abb0cea9333d8000da366b3593758bfb0eb9,True,True,True,True,True,True,,99901,99901,52645228,52644700,0
gmcp_r,100000,100,50,21,50,22142,22142,51,505958,505.958,0.505958,99950,9a4a33fe7c8ed2033475d02803dd7968169f77f2593aef195cfdce1877e19f08,,True,True,True,True,True,True,,50,50,22287,21850,43634088
authenticated_hash_chain,100000,100,50,21,99950,52670529,52670529,99950,964640250,964640.25,964.64025,99950,,8520448a62dd0c81754999e0a48157704a113fd2c758c6e95cedaec0d86a6b50,True,True,True,True,True,True,,99950,99950,52671056,52670529,0
gmcp_r,100000,100,99,21,99,43555,43555,100,913959,913.959,0.913959,99999,be3564b4f6bd73f15c10eeb5dd02b015a40fe92df2f35a1d67a32c44417cd0d0,,True,True,True,True,True,True,,99,99,43702,43263,43634088
authenticated_hash_chain,100000,100,99,21,99999,52696356,52696356,99999,972745958,972745.958,972.745958,99999,,b20cfbfd9610d9fe74a6cc21dcd37d561a3f0ceb44d8aacb330cb506bd20e733,True,True,True,True,True,True,,99999,99999,52696885,52696356,0
gmcp_r,100000,100,1,22,1,730,730,2,167583,167.583,0.167583,99901,e5e59e66a54570dde7d019cb5cbb881e225c621d1c8a883dc4b26d3bc2667575,,True,True,True,True,True,True,,1,1,874,437,43634088
authenticated_hash_chain,100000,100,1,22,99901,52644724,52644724,99901,960452459,960452.459,960.452459,99901,,a4d39747a8951b9b7b2b150da9546b78fde0042900e2e664a39ab7d6b0fe5e0f,True,True,True,True,True,True,,99901,99901,52645251,52644724,0
gmcp_r,100000,100,50,22,50,22143,22143,51,552000,552.0,0.552,99950,0d8c2192b2c2090e688cc5afbf0a0a30c8594184eb930c76a9799f6f9917894a,,True,True,True,True,True,True,,50,50,22287,21850,43634088
authenticated_hash_chain,100000,100,50,22,99950,52670555,52670555,99950,965159750,965159.75,965.15975,99950,,bde8fa50392a238ea04b22ae5bbaa3ad2b126107550bee3e22a07196e794b370,True,True,True,True,True,True,,99950,99950,52671082,52670555,0
gmcp_r,100000,100,99,22,99,43556,43556,100,886459,886.459,0.886459,99999,ab8bba82454039cfd8b42500c238949ca101b68bce94ba620d9c2a7abaa64f55,,True,True,True,True,True,True,,99,99,43702,43263,43634088
authenticated_hash_chain,100000,100,99,22,99999,52696382,52696382,99999,964054625,964054.625,964.054625,99999,,849dc534e03a81a2ec7cc67be3d6340f0cb3c0623fcaeaa9b3504cb46b72e5cc,True,True,True,True,True,True,,99999,99999,52696911,52696382,0
gmcp_r,100000,100,1,23,1,729,729,2,227208,227.208,0.227208,99901,9d83b57f34c43d644ebbfc56d88c3f33c5217d1d91e640983911ed7956f58065,,True,True,True,True,True,True,,1,1,874,437,43634088
authenticated_hash_chain,100000,100,1,23,99901,52644840,52644840,99901,996823000,996823.0,996.823,99901,,b0b5e42c6db326cafd3046cf84842de9d8bd54201691114f4f28876fe99fc07b,True,True,True,True,True,True,,99901,99901,52645368,52644840,0
gmcp_r,100000,100,50,23,50,22142,22142,51,551667,551.667,0.551667,99950,3a1399d8bd71db34fdca47b24e5bf636c0952f923f6a083995c7241e8ff93694,,True,True,True,True,True,True,,50,50,22287,21850,43634088
authenticated_hash_chain,100000,100,50,23,99950,52670673,52670673,99950,978302625,978302.625,978.302625,99950,,f314586cfacfce80013eaf61f564329e4f1102bcb274a9e7a864d7b9075f6df5,True,True,True,True,True,True,,99950,99950,52671200,52670673,0
gmcp_r,100000,100,99,23,99,43555,43555,100,920291,920.291,0.920291,99999,cdb828e55f6497da43d71900d777ade7f735458eb8c4eb7d97b5c455ecddade7,,True,True,True,True,True,True,,99,99,43702,43263,43634088
authenticated_hash_chain,100000,100,99,23,99999,52696497,52696497,99999,971585750,971585.75,971.58575,99999,,49b669ab3cd7852a64225a80344450984758f08b6b1601bf666f42ea66d8b8c2,True,True,True,True,True,True,,99999,99999,52697026,52696497,0
gmcp_r,100000,100,1,24,1,728,728,2,176500,176.5,0.1765,99901,1b5c33ea67d229f7728867bc3414e8f198d7bac24c99262bb824b3d6d1cbe56d,,True,True,True,True,True,True,,1,1,874,437,43634088
authenticated_hash_chain,100000,100,1,24,99901,52645509,52645509,99901,957339750,957339.75,957.33975,99901,,32806705135c7b9ffd4851972a978bf3e4f88490a17ed9229aaafe807685e87b,True,True,True,True,True,True,,99901,99901,52646037,52645509,0
gmcp_r,100000,100,50,24,50,22141,22141,51,504958,504.958,0.504958,99950,53d8518fbcb00e0da4167000a17435c7daf919fe67da1ab4af38a6bd083650a6,,True,True,True,True,True,True,,50,50,22287,21850,43634088
authenticated_hash_chain,100000,100,50,24,99950,52671350,52671350,99950,989747250,989747.25,989.74725,99950,,45049311819a9ddc54b6a1877a5ccd2354d02bd2512e204f1352958990e708de,True,True,True,True,True,True,,99950,99950,52671877,52671350,0
gmcp_r,100000,100,99,24,99,43554,43554,100,912042,912.042,0.912042,99999,9251ed461fca241c9cabf9cb0f5487b1ae7de90dc70e04ff78d6d2c9214e6cd6,,True,True,True,True,True,True,,99,99,43702,43263,43634088
authenticated_hash_chain,100000,100,99,24,99999,52697182,52697182,99999,966629542,966629.542,966.629542,99999,,6dc0261a027fa48965ea43770cc407614f7dd230e7c68c7901c89a4430f36d47,True,True,True,True,True,True,,99999,99999,52697712,52697182,0
gmcp_r,100000,100,1,25,1,729,729,2,182625,182.625,0.182625,99901,5bc6416b880d3c60384b13b416137d372897fa10890d3f9fc3e3279526984b2a,,True,True,True,True,True,True,,1,1,874,437,43634088
authenticated_hash_chain,100000,100,1,25,99901,52644474,52644474,99901,970429542,970429.542,970.429542,99901,,2596617f171c0b85d53271228936cc35df3fba7a65276f53622d4328e1d2e67e,True,True,True,True,True,True,,99901,99901,52645001,52644474,0
gmcp_r,100000,100,50,25,50,22142,22142,51,507292,507.292,0.507292,99950,9840a185968e55a83a5709e8cd3bda8736deac64e068e1428c398188485d6154,,True,True,True,True,True,True,,50,50,22287,21850,43634088
authenticated_hash_chain,100000,100,50,25,99950,52670313,52670313,99950,965945083,965945.083,965.945083,99950,,69c04bce802df4b7c5d391fabe6a1493aeb6263bd5a77fd6ff83edae27bac7c7,True,True,True,True,True,True,,99950,99950,52670840,52670313,0
gmcp_r,100000,100,99,25,99,43555,43555,100,918209,918.209,0.918209,99999,abbf4dffb99a6acc07fb4f2150033a9cc06853be9ea0a7a3531149251d6d1182,,True,True,True,True,True,True,,99,99,43702,43263,43634088
authenticated_hash_chain,100000,100,99,25,99999,52696150,52696150,99999,962568708,962568.708,962.568708,99999,,1fca13b0155fff4aac31c70f4ae59c945c20d1155164a510ba3cdb7b74eaf00b,True,True,True,True,True,True,,99999,99999,52696680,52696150,0
gmcp_r,100000,100,1,26,1,729,729,2,161541,161.541,0.161541,99901,be9a4b2ebae2e73f2abc59a4b8f13c745fa479a22ef1ec580d63ce84fe635d74,,True,True,True,True,True,True,,1,1,874,437,43634088
authenticated_hash_chain,100000,100,1,26,99901,52644777,52644777,99901,960965083,960965.083,960.965083,99901,,04ec97889263996adb08cdb6e2d8cdc8b719deee86ddd62ac6cbe6712b98c18a,True,True,True,True,True,True,,99901,99901,52645305,52644777,0
gmcp_r,100000,100,50,26,50,22142,22142,51,502708,502.708,0.502708,99950,437a3c9e04b9630f83a05c7f42379ff48c17cbe5052b7ec37c3a8ce2c066a11c,,True,True,True,True,True,True,,50,50,22287,21850,43634088
authenticated_hash_chain,100000,100,50,26,99950,52670606,52670606,99950,959567792,959567.792,959.567792,99950,,5c3b2586cd642bc7f0eaf9cb218104406a54ef40918e792143944a59af833cb4,True,True,True,True,True,True,,99950,99950,52671133,52670606,0
gmcp_r,100000,100,99,26,99,43555,43555,100,1021375,1021.375,1.021375,99999,81263e991556c2afad482f99418a8938e79ee92fca3b086c51ac144360c778e7,,True,True,True,True,True,True,,99,99,43702,43263,43634088
authenticated_hash_chain,100000,100,99,26,99999,52696434,52696434,99999,992120958,992120.958,992.120958,99999,,6e85d3e2a5f7e3827713587151eb87d848b705c7cb98a5d5ce54502ca1cd3a59,True,True,True,True,True,True,,99999,99999,52696963,52696434,0
gmcp_r,100000,100,1,27,1,729,729,2,172458,172.458,0.172458,99901,f437c9b5fdb741d06886de71b92826a3124f6096a40f8ffce2e05c27c067c100,,True,True,True,True,True,True,,1,1,874,437,43634088
authenticated_hash_chain,100000,100,1,27,99901,52644602,52644602,99901,947945792,947945.792,947.945792,99901,,6296731511593e83dfbd2dba9f602bcf2bb1250b8a9f4cb3d7712a8a93188991,True,True,True,True,True,True,,99901,99901,52645130,52644602,0
gmcp_r,100000,100,50,27,50,22142,22142,51,518666,518.666,0.518666,99950,230d022452406cebf066911b26af84d166967712e39087dab39b6ff0e9977299,,True,True,True,True,True,True,,50,50,22287,21850,43634088
authenticated_hash_chain,100000,100,50,27,99950,52670433,52670433,99950,947615875,947615.875,947.615875,99950,,507943c59837c17c81e2f3297e1c38c1350ae6903b7d959c350c15326e2e72f6,True,True,True,True,True,True,,99950,99950,52670960,52670433,0
gmcp_r,100000,100,99,27,99,43555,43555,100,927834,927.834,0.927834,99999,5f72736b1b9d098c5076c1fd159e2aec38a7a4c7e5c033c3b1c65cc9c9342ef0,,True,True,True,True,True,True,,99,99,43702,43263,43634088
authenticated_hash_chain,100000,100,99,27,99999,52696269,52696269,99999,957885750,957885.75,957.88575,99999,,3f7e0f3944bfe0c6314a189896e53e78621d1bf9edbfd3dff5ba907ffa05eeec,True,True,True,True,True,True,,99999,99999,52696799,52696269,0
gmcp_r,100000,100,1,28,1,730,730,2,170709,170.709,0.170709,99901,5e91e72b1e24bc8890e72089ed26ac2f96f1e33b29e7708ff960686aa287ddfe,,True,True,True,True,True,True,,1,1,874,437,43634088
authenticated_hash_chain,100000,100,1,28,99901,52644762,52644762,99901,951384250,951384.25,951.38425,99901,,dca052a7ff9138e468c8d076c0d12fa7c84dc66b3d08e864f9d725e2b323da71,True,True,True,True,True,True,,99901,99901,52645289,52644762,0
gmcp_r,100000,100,50,28,50,22143,22143,51,497917,497.917,0.497917,99950,8100bc2e85132e39a8e950a00f6dadff0be366a1e1dab4da07ed57c6c161087d,,True,True,True,True,True,True,,50,50,22287,21850,43634088
authenticated_hash_chain,100000,100,50,28,99950,52670602,52670602,99950,960075166,960075.166,960.075166,99950,,8c924bf2cb8fdc906dcac8ac4f612fc712c96db896baf3ed7ba840e768e8fe27,True,True,True,True,True,True,,99950,99950,52671129,52670602,0
gmcp_r,100000,100,99,28,99,43556,43556,100,910209,910.209,0.910209,99999,42e57dbdf503d24305621d1fd1860c3ec9f860609198dc905d59761f296b43f5,,True,True,True,True,True,True,,99,99,43702,43263,43634088
authenticated_hash_chain,100000,100,99,28,99999,52696441,52696441,99999,952305583,952305.583,952.305583,99999,,d502d694a36c7cef8f1750bcad6f41500079d1f926d9c832ee6516829c7a5ec4,True,True,True,True,True,True,,99999,99999,52696970,52696441,0
gmcp_r,100000,100,1,29,1,729,729,2,191875,191.875,0.191875,99901,c465d6dcb64c4cdac2aeae66250a4c958aa5bcbda8fe79361554c80d4f2a90ed,,True,True,True,True,True,True,,1,1,874,437,43634088
authenticated_hash_chain,100000,100,1,29,99901,52644950,52644950,99901,964091125,964091.125,964.091125,99901,,de1b144763eded6202135607c420975cd149f1cb84d483ecbed8e8c34184cb90,True,True,True,True,True,True,,99901,99901,52645478,52644950,0
gmcp_r,100000,100,50,29,50,22142,22142,51,568000,568.0,0.568,99950,7b1eb4fcdd9410a8db777c71683a905214e1c1a741ef1284f9d7db49a94eff16,,True,True,True,True,True,True,,50,50,22287,21850,43634088
authenticated_hash_chain,100000,100,50,29,99950,52670780,52670780,99950,959954167,959954.167,959.954167,99950,,fc2ba9a005307a4d803ce8d25e8f7aebe4b828de59a7500cef13ab1c66660e2f,True,True,True,True,True,True,,99950,99950,52671307,52670780,0
gmcp_r,100000,100,99,29,99,43555,43555,100,957375,957.375,0.957375,99999,6c052d1813934bc1a2da0cbdb0685bccd42b2f75a9866b68071f96b83fe89b0c,,True,True,True,True,True,True,,99,99,43702,43263,43634088
authenticated_hash_chain,100000,100,99,29,99999,52696618,52696618,99999,958965375,958965.375,958.965375,99999,,0b7721f3c66df5a0febb0c132eb02b855e2b0bb1a995c753844eceedc398cb47,True,True,True,True,True,True,,99999,99999,52697147,52696618,0
gmcp_r,100000,100,1,30,1,730,730,2,185708,185.708,0.185708,99901,c4e05b9a5042c04a80bc155218db1c79a79367b5cc51ce5b6b9a2b5020739036,,True,True,True,True,True,True,,1,1,874,437,43634088
authenticated_hash_chain,100000,100,1,30,99901,52644742,52644742,99901,972917583,972917.583,972.917583,99901,,95c346ed2a6e863107b5f7f1ff487921a3383d841cac532949677a65835a050c,True,True,True,True,True,True,,99901,99901,52645269,52644742,0
gmcp_r,100000,100,50,30,50,22143,22143,51,533083,533.083,0.533083,99950,137c9baca9897636b32c54ed814498895b01fe2104e7589c9d9cf2fda4008112,,True,True,True,True,True,True,,50,50,22287,21850,43634088
authenticated_hash_chain,100000,100,50,30,99950,52670583,52670583,99950,1001079250,1001079.25,1001.07925,99950,,288b4aa65913727ba881372e416993e9fc33dd703d47a9695d6962c2df3f5711,True,True,True,True,True,True,,99950,99950,52671111,52670583,0
gmcp_r,100000,100,99,30,99,43556,43556,100,900375,900.375,0.900375,99999,e78a2b1a59bcb1694da836d79a8b460630a254abf1e1893dd8666b60239fbd3c,,True,True,True,True,True,True,,99,99,43702,43263,43634088
authenticated_hash_chain,100000,100,99,30,99999,52696413,52696413,99999,970638750,970638.75,970.63875,99999,,f7d13718c128578181f32376ef11d902eb8ed59a2c0c4f578c44e2246ad1a684,True,True,True,True,True,True,,99999,99999,52696943,52696413,0
gmcp_r,100000,500,1,1,1,726,726,2,167834,167.834,0.167834,99501,cbe36ba84206b535cfc9eea50b0677637cffd3b56ae4e1a11f8f86a59270a6a9,,True,True,True,True,True,True,,1,1,870,435,43260288
authenticated_hash_chain,100000,500,1,1,99501,52234931,52234931,99501,962016125,962016.125,962.016125,99501,,9dd9952909b741a52942f3cd2a65c7965fdfaef119d4bb6710ebabd5ad5891f5,True,True,True,True,True,True,,99501,99501,52235457,52234931,0
gmcp_r,100000,500,250,1,250,109041,109041,251,2286042,2286.042,2.286042,99750,17272e3b4c9932909849fdeb844b2623a52d7d7d5168d1fe462db627a09954ea,,True,True,True,True,True,True,,250,250,109185,108750,43260288
authenticated_hash_chain,100000,500,250,1,99750,52365706,52365706,99750,961857459,961857.459,961.857459,99750,,0e1094e0c0d2df0610ddf71a702fc59ff615de3d4d55f5ad07a91ff0fa1d5889,True,True,True,True,True,True,,99750,99750,52366230,52365706,0
gmcp_r,100000,500,499,1,499,217356,217356,500,4409750,4409.75,4.40975,99999,22b787501432cb96c718cb1d3c68d3d5529161bf52890957df9e1f6f4c5a9832,,True,True,True,True,True,True,,499,499,217502,217065,43260288
authenticated_hash_chain,100000,500,499,1,99999,52496484,52496484,99999,961673875,961673.875,961.673875,99999,,1de0d47333fac41d55718ee53b98ea29453d25c0a3365f04c1c14e18e6c19f98,True,True,True,True,True,True,,99999,99999,52497012,52496484,0
gmcp_r,100000,500,1,2,1,726,726,2,182167,182.167,0.182167,99501,b7dffbd7d7d8e0cde6e4a6aab389e7e0a2608c8b8146b2a8f5f2d0b531664ab6,,True,True,True,True,True,True,,1,1,870,435,43260288
authenticated_hash_chain,100000,500,1,2,99501,52235093,52235093,99501,954843792,954843.792,954.843792,99501,,66c57b6530f15b0d34ac5052cc995e4324d7d4d79299ee06d007eec525219a9f,True,True,True,True,True,True,,99501,99501,52235618,52235093,0
gmcp_r,100000,500,250,2,250,109041,109041,251,2154667,2154.667,2.154667,99750,8231d84b801d9cba2d15f2145fee9695f6e15cba89996515300115b81ff2cb4d,,True,True,True,True,True,True,,250,250,109185,108750,43260288
authenticated_hash_chain,100000,500,250,2,99750,52365852,52365852,99750,952394125,952394.125,952.394125,99750,,ba12ed10e4bbe1296166bcc7e05c02833926edbfc00f9a7b889bee0a7c292d75,True,True,True,True,True,True,,99750,99750,52366377,52365852,0
gmcp_r,100000,500,499,2,499,217356,217356,500,4473708,4473.708,4.473708,99999,794cd47e3bcbf7d1dee0aba4e9a3962608a01acb8b9f32900aa740a4b813159b,,True,True,True,True,True,True,,499,499,217502,217065,43260288
authenticated_hash_chain,100000,500,499,2,99999,52496624,52496624,99999,952441500,952441.5,952.4415,99999,,aaafa72e8f666af4fe3dc1bc101f8213893cd07c83aba3a41dcda56c36358714,True,True,True,True,True,True,,99999,99999,52497151,52496624,0
gmcp_r,100000,500,1,3,1,727,727,2,162125,162.125,0.162125,99501,9d36dd559d7432ae2016098e84ca8643cfb970eb11b4b2b9cc0ba3d1a7ccf271,,True,True,True,True,True,True,,1,1,870,435,43260288
authenticated_hash_chain,100000,500,1,3,99501,52234893,52234893,99501,954676917,954676.917,954.676917,99501,,33d5e647e01d012c06a347b79bb642da890edb9f964450717a8769a0d3148c3e,True,True,True,True,True,True,,99501,99501,52235418,52234893,0
gmcp_r,100000,500,250,3,250,109042,109042,251,2146125,2146.125,2.146125,99750,ac93aa6463fa214a0a9648b27c1af65e0a8bc0d659e4563d003ff3a0cfa16630,,True,True,True,True,True,True,,250,250,109185,108750,43260288
authenticated_hash_chain,100000,500,250,3,99750,52365669,52365669,99750,990062833,990062.833,990.062833,99750,,06ce903c872c40bdc67c5b513667aea8e25cee8f63e8c2cf9e23f8b23abdee41,True,True,True,True,True,True,,99750,99750,52366194,52365669,0
gmcp_r,100000,500,499,3,499,217357,217357,500,4427333,4427.333,4.427333,99999,57a7032a5c3f73df96cfa20ca24c1c68978925c7ea451c9f001a63adc22634da,,True,True,True,True,True,True,,499,499,217502,217065,43260288
authenticated_hash_chain,100000,500,499,3,99999,52496439,52496439,99999,969508083,969508.083,969.508083,99999,,4de4f1ffbbbb320a3f97188e3b0584ffe9cfc5e8039397c8a436da78b515360e,True,True,True,True,True,True,,99999,99999,52496967,52496439,0
gmcp_r,100000,500,1,4,1,726,726,2,168958,168.958,0.168958,99501,11331098b41854f1b0e500c32bed595d15d23e2250232602d8b14fac05cb178f,,True,True,True,True,True,True,,1,1,870,435,43260288
authenticated_hash_chain,100000,500,1,4,99501,52234793,52234793,99501,954345125,954345.125,954.345125,99501,,2bcd606f85b160f33fa0a2de946cbaaba2ee245645495406fa1a0b2ca719cdc7,True,True,True,True,True,True,,99501,99501,52235319,52234793,0
gmcp_r,100000,500,250,4,250,109041,109041,251,2160250,2160.25,2.16025,99750,d5c5a7b3c1734c8ff1a364385c712cf1e62c1a32ee8c940f01ce90a1f2eb586d,,True,True,True,True,True,True,,250,250,109185,108750,43260288
authenticated_hash_chain,100000,500,250,4,99750,52365566,52365566,99750,953552458,953552.458,953.552458,99750,,3ad8f35f52336f060a9c810d4ff98834ccd0a97b926595ebd29796120a2b1723,True,True,True,True,True,True,,99750,99750,52366091,52365566,0
gmcp_r,100000,500,499,4,499,217356,217356,500,4203000,4203.0,4.203,99999,295c56b47a22fb66df5295b676c68f71fff1ee6ca0fc52d4af9d750cfdfc498d,,True,True,True,True,True,True,,499,499,217502,217065,43260288
authenticated_hash_chain,100000,500,499,4,99999,52496333,52496333,99999,958038583,958038.583,958.038583,99999,,067e674402270bf7aa7159a9e69094d52ef876f582cb9fa9efdaf09955705039,True,True,True,True,True,True,,99999,99999,52496860,52496333,0
gmcp_r,100000,500,1,5,1,726,726,2,152042,152.042,0.152042,99501,aa981221abb5ff4a5041e6bfe9d311322d4f4a585ec60313a398082fa68174fd,,True,True,True,True,True,True,,1,1,870,435,43260288
authenticated_hash_chain,100000,500,1,5,99501,52234541,52234541,99501,1002607458,1002607.458,1002.607458,99501,,994d56e5a5bc5b43f09d824079fbcd57bff740d806d12ebe6ee3dd0e80070e9f,True,True,True,True,True,True,,99501,99501,52235066,52234541,0
gmcp_r,100000,500,250,5,250,109041,109041,251,2229750,2229.75,2.22975,99750,9e44377b3ccd4f61322dbfeab69705e2679e9e48782f8c18373f2a9b09feac2e,,True,True,True,True,True,True,,250,250,109185,108750,43260288
authenticated_hash_chain,100000,500,250,5,99750,52365319,52365319,99750,970211709,970211.709,970.211709,99750,,9e90b7e64a40084b86a9ceef9dfa9b3dc8f7368c0148a6be3f56d9eb64de05bc,True,True,True,True,True,True,,99750,99750,52365844,52365319,0
gmcp_r,100000,500,499,5,499,217356,217356,500,4241166,4241.166,4.241166,99999,b950a1519e95d9ab4555416e27ad87f79fe297df41e3a8d974b1c02a809870ab,,True,True,True,True,True,True,,499,499,217502,217065,43260288
authenticated_hash_chain,100000,500,499,5,99999,52496080,52496080,99999,981101042,981101.042,981.101042,99999,,5aa4fff6340937ee755fecd5c190e9763615ac5eb86a68431bef8d728a0f8183,True,True,True,True,True,True,,99999,99999,52496607,52496080,0
gmcp_r,100000,500,1,6,1,727,727,2,157958,157.958,0.157958,99501,456297b947ad553381e63690aeb48885b54750417b4b00702e6ba00385c2d8ed,,True,True,True,True,True,True,,1,1,870,435,43260288
authenticated_hash_chain,100000,500,1,6,99501,52234770,52234770,99501,969404167,969404.167,969.404167,99501,,67e2609fdd6855d6171b467f5c5b7822aedb4817fdec6eaaf012a6952d0d80fa,True,True,True,True,True,True,,99501,99501,52235295,52234770,0
gmcp_r,100000,500,250,6,250,109042,109042,251,2175167,2175.167,2.175167,99750,6a76d5f2c9150ba636ec937f8f54d31b7ac5fc5e990747c36a4a25b7fa050350,,True,True,True,True,True,True,,250,250,109185,108750,43260288
authenticated_hash_chain,100000,500,250,6,99750,52365549,52365549,99750,961979750,961979.75,961.97975,99750,,a65c4f44ade63d5596349baecc83c42f54ca9dd797a967c2524324f6d21d2635,True,True,True,True,True,True,,99750,99750,52366075,52365549,0
gmcp_r,100000,500,499,6,499,217357,217357,500,4174458,4174.458,4.174458,99999,f4d10694660d3023d4846ac071433bc1b71fc5602bb4afbdb7693c70af22491a,,True,True,True,True,True,True,,499,499,217502,217065,43260288
authenticated_hash_chain,100000,500,499,6,99999,52496311,52496311,99999,979659292,979659.292,979.659292,99999,,d730ae9015ff4d36aecd11c9c96698079ff6d91b76444da12ded2bdff3cb2870,True,True,True,True,True,True,,99999,99999,52496839,52496311,0
gmcp_r,100000,500,1,7,1,727,727,2,157583,157.583,0.157583,99501,204aed16f60525cb9370079514e5f53670f8d73f625f8bc50b04e9f181a70932,,True,True,True,True,True,True,,1,1,870,435,43260288
authenticated_hash_chain,100000,500,1,7,99501,52234745,52234745,99501,958665875,958665.875,958.665875,99501,,9e8f9a6ce6ca900f155d3fbb9b36961e047310b08883502af6dd12cf80eca47c,True,True,True,True,True,True,,99501,99501,52235271,52234745,0
gmcp_r,100000,500,250,7,250,109042,109042,251,2414041,2414.041,2.414041,99750,39fa3027f5406015d1492d893af9cb3d3bc401d8094442ba9e98ea76005e2eb3,,True,True,True,True,True,True,,250,250,109185,108750,43260288
authenticated_hash_chain,100000,500,250,7,99750,52365512,52365512,99750,970943500,970943.5,970.9435,99750,,3428320c34005b1d390c572afa78694152aac050eba2f0d545f87004dceb131b,True,True,True,True,True,True,,99750,99750,52366037,52365512,0
gmcp_r,100000,500,499,7,499,217357,217357,500,4564459,4564.459,4.564459,99999,3265fd5ba8bb09a009a08dd15e8072425a120e4318c10e593860e14f2700e85d,,True,True,True,True,True,True,,499,499,217502,217065,43260288
authenticated_hash_chain,100000,500,499,7,99999,52496284,52496284,99999,968500542,968500.542,968.500542,99999,,1d634d2ddfcbf8ebfae1571321cf40fe7e1d010264e50e3ad4f92050ec2b7f4b,True,True,True,True,True,True,,99999,99999,52496811,52496284,0
gmcp_r,100000,500,1,8,1,727,727,2,237334,237.334,0.237334,99501,94fbf74791423af777f80b6c0a05689f1c028ece0476a1a1cd7ac7df57ccac92,,True,True,True,True,True,True,,1,1,870,435,43260288
authenticated_hash_chain,100000,500,1,8,99501,52235106,52235106,99501,954165916,954165.916,954.165916,99501,,1f9e9ea692c4dd2ea2ff9ffc36ff8121a01e2fd288be8478a2da594ef2ac5544,True,True,True,True,True,True,,99501,99501,52235631,52235106,0
gmcp_r,100000,500,250,8,250,109042,109042,251,2171333,2171.333,2.171333,99750,89a956ebd44a5f6860dd0b566f7f67c270e31399a785ad645150e75cb00556c4,,True,True,True,True,True,True,,250,250,109185,108750,43260288
authenticated_hash_chain,100000,500,250,8,99750,52365861,52365861,99750,954658667,954658.667,954.658667,99750,,745c5821da2d0136d08610a5542d7cc87af3de9cf12bd346144087bfb65cb2c6,True,True,True,True,True,True,,99750,99750,52366387,52365861,0
gmcp_r,100000,500,499,8,499,217357,217357,500,4416417,4416.417,4.416417,99999,215ef381f44123f039d609235c6c5c1cf862d09bbe4898cce55962fdbd4b6830,,True,True,True,True,True,True,,499,499,217502,217065,43260288
authenticated_hash_chain,100000,500,499,8,99999,52496634,52496634,99999,964345834,964345.834,964.345834,99999,,a90a6a8ae5d9f941d685c89f6f9d907e15c79f5e515f82fa0031030fac893cac,True,True,True,True,True,True,,99999,99999,52497161,52496634,0
gmcp_r,100000,500,1,9,1,727,727,2,157875,157.875,0.157875,99501,983ec1d26260e20a8b854519eed45a79b7e3dd85c5bf4053f7e16e660cbf6a21,,True,True,True,True,True,True,,1,1,870,435,43260288
authenticated_hash_chain,100000,500,1,9,99501,52235027,52235027,99501,951132500,951132.5,951.1325,99501,,f554f767bd0b33435649e13649338f5c8d0cfd36a0c21e6251ee29ca062d03eb,True,True,True,True,True,True,,99501,99501,52235552,52235027,0
gmcp_r,100000,500,250,9,250,109042,109042,251,2226667,2226.667,2.226667,99750,e439a4cf27afb66ae19efed92678feec6d95985feac57ddadedecb8347884c71,,True,True,True,True,True,True,,250,250,109185,108750,43260288
authenticated_hash_chain,100000,500,250,9,99750,52365806,52365806,99750,962867583,962867.583,962.867583,99750,,39d4c8550638591f47d812235dcdd3110b9b1210ae62c0cf9932a2266f711467,True,True,True,True,True,True,,99750,99750,52366331,52365806,0
gmcp_r,100000,500,499,9,499,217357,217357,500,4182583,4182.583,4.182583,99999,67c0cf48dc4a1653ba32df024304d9626afd501196822118a1f21657a5eb9960,,True,True,True,True,True,True,,499,499,217502,217065,43260288
authenticated_hash_chain,100000,500,499,9,99999,52496572,52496572,99999,965870042,965870.042,965.870042,99999,,d5ca8f5bdc95e33550ec2b70c7c90461cb0a119e2a68acd08ed698adbd6939b1,True,True,True,True,True,True,,99999,99999,52497100,52496572,0
gmcp_r,100000,500,1,10,1,729,729,2,164792,164.792,0.164792,99501,aa31349ce0e1e64af6d8574eba4f44ea883fee7701e999c8cb84c69f062bb1bc,,True,True,True,True,True,True,,1,1,874,437,43459288
authenticated_hash_chain,100000,500,1,10,99501,52434330,52434330,99501,998322334,998322.334,998.322334,99501,,2b8fafecb68bab7a1a1a1e94048fe9f8a3961eb961e038af0fc4c911bbd35357,True,True,True,True,True,True,,99501,99501,52434857,52434330,0
gmcp_r,100000,500,250,10,250,109542,109542,251,2393708,2393.708,2.393708,99750,9a6d22e944806135ed9628267b32f955bbf72a1293502fbb46753b7ed23b2ee3,,True,True,True,True,True,True,,250,250,109687,109250,43459288
authenticated_hash_chain,100000,500,250,10,99750,52565597,52565597,99750,961052000,961052.0,961.052,99750,,f0434204a6ba6c281e00e3679a78db356861ae42ea35ae849830dbeb3df28766,True,True,True,True,True,True,,99750,99750,52566123,52565597,0
gmcp_r,100000,500,499,10,499,218355,218355,500,4294083,4294.083,4.294083,99999,1c99aac5ba1322b7cece1d27454e6084fe004d6c73dd8499f30c7721e976084b,,True,True,True,True,True,True,,499,499,218502,218063,43459288
authenticated_hash_chain,100000,500,499,10,99999,52696850,52696850,99999,972402625,972402.625,972.402625,99999,,6763e860ac4e3a034180cd51918d0619bf80a032e6cebdb141622a3b116ebca5,True,True,True,True,True,True,,99999,99999,52697379,52696850,0
gmcp_r,100000,500,1,11,1,730,730,2,186208,186.208,0.186208,99501,318ecde7addb04bef909d30bf6ecfb73a6589e908fad73b9881b0c38fb9c33d3,,True,True,True,True,True,True,,1,1,874,437,43459288
authenticated_hash_chain,100000,500,1,11,99501,52434058,52434058,99501,959384791,959384.791,959.384791,99501,,bd70573f271a5aea3752c63414d6856a1b861b289beefd458cf8a572b143eed6,True,True,True,True,True,True,,99501,99501,52434585,52434058,0
gmcp_r,100000,500,250,11,250,109543,109543,251,2409792,2409.792,2.409792,99750,7c7015151c2d325a0bf5cb628dcf454149b8eee06cceaa056b838e3cd2f71358,,True,True,True,True,True,True,,250,250,109687,109250,43459288
authenticated_hash_chain,100000,500,250,11,99750,52565341,52565341,99750,968194208,968194.208,968.194208,99750,,e9e87efdc899e1f94172b63fc9ef6066aa58a5e1b9b086e71fa3ee9973c0c72b,True,True,True,True,True,True,,99750,99750,52565869,52565341,0
gmcp_r,100000,500,499,11,499,218356,218356,500,4291209,4291.209,4.291209,99999,9d73fcbec817708fc4c8b56dcea402373d512a353d59b2d64c7a890868b90310,,True,True,True,True,True,True,,499,499,218502,218063,43459288
authenticated_hash_chain,100000,500,499,11,99999,52696614,52696614,99999,963717375,963717.375,963.717375,99999,,afd7b261b732428696d2ecc47173ce915d1b36726164db0fef9efffa15f2be53,True,True,True,True,True,True,,99999,99999,52697144,52696614,0
gmcp_r,100000,500,1,12,1,729,729,2,167042,167.042,0.167042,99501,a49ea02d8a66a579cb436466cd95a00d0d92140eb7a8a3e992424d6ad3b7168d,,True,True,True,True,True,True,,1,1,874,437,43459288
authenticated_hash_chain,100000,500,1,12,99501,52434235,52434235,99501,969907000,969907.0,969.907,99501,,2b0c6ed504f2f3cdf4032e7367417aacedd205367c5e76ff7c0f8d05d46abe07,True,True,True,True,True,True,,99501,99501,52434762,52434235,0
gmcp_r,100000,500,250,12,250,109542,109542,251,2402417,2402.417,2.402417,99750,d56c6f833081d243dd7622463f4ba268a1ec37dfb3b2b149cc6707da24a9bf34,,True,True,True,True,True,True,,250,250,109687,109250,43459288
authenticated_hash_chain,100000,500,250,12,99750,52565493,52565493,99750,997831958,997831.958,997.831958,99750,,ad7f8717e61f9a3eeaac9ec3bbef9cf66818e952891b78b80b3b365b9dc076b5,True,True,True,True,True,True,,99750,99750,52566020,52565493,0
gmcp_r,100000,500,499,12,499,218355,218355,500,4352459,4352.459,4.352459,99999,f1b368456ac4a48eafbcde5f9977e0f42a4fab47ac083cb2bc2750c6ccc90f3e,,True,True,True,True,True,True,,499,499,218502,218063,43459288
authenticated_hash_chain,100000,500,499,12,99999,52696756,52696756,99999,972839917,972839.917,972.839917,99999,,1e5eca2eb7e09714a3af304ef741d230dad73366fa838bf77a6ab71885bb5dbf,True,True,True,True,True,True,,99999,99999,52697285,52696756,0
gmcp_r,100000,500,1,13,1,729,729,2,172833,172.833,0.172833,99501,26c72387f42a54a57e274a688931c603332516b3392086a5f8d65c5d28417c04,,True,True,True,True,True,True,,1,1,874,437,43459288
authenticated_hash_chain,100000,500,1,13,99501,52433806,52433806,99501,983912750,983912.75,983.91275,99501,,527af7c6e0a39aaad48c67628e011328ac3a05c4e080a1f72b775ceafa03c013,True,True,True,True,True,True,,99501,99501,52434332,52433806,0
gmcp_r,100000,500,250,13,250,109542,109542,251,2252375,2252.375,2.252375,99750,27c120bf315eeccabcca381ad7aced5c79d7aeee0413d5cf628c01478897402c,,True,True,True,True,True,True,,250,250,109687,109250,43459288
authenticated_hash_chain,100000,500,250,13,99750,52565086,52565086,99750,965056125,965056.125,965.056125,99750,,b22b4b68797b0e196cd4cccfd78f1e2390cee92c54b429adb9679c3dcf7dda8c,True,True,True,True,True,True,,99750,99750,52565613,52565086,0
gmcp_r,100000,500,499,13,499,218355,218355,500,4173291,4173.291,4.173291,99999,badb4ed34d47da5b1da4bf707a31dbfdfcf075e8f728d4b0f205a9b3a5691402,,True,True,True,True,True,True,,499,499,218502,218063,43459288
authenticated_hash_chain,100000,500,499,13,99999,52696359,52696359,99999,982731125,982731.125,982.731125,99999,,3405af36bf4280aa2d1a858539afa699ff69e5d47347a91193bd750b1aea58d1,True,True,True,True,True,True,,99999,99999,52696888,52696359,0
gmcp_r,100000,500,1,14,1,730,730,2,169708,169.708,0.169708,99501,88112321971234e4233b404ca28cb69d09a7a7e5e81f6a6dafa04ccd9d399721,,True,True,True,True,True,True,,1,1,874,437,43459288
authenticated_hash_chain,100000,500,1,14,99501,52432990,52432990,99501,986879167,986879.167,986.879167,99501,,5c2d70285d26eb78992e2894b9cd1c117364b2c76f081caef8aeb8ae75011bf2,True,True,True,True,True,True,,99501,99501,52433518,52432990,0
gmcp_r,100000,500,250,14,250,109543,109543,251,2185334,2185.334,2.185334,99750,c33cc6df51dfe97e1b7b1b1492dbfe3a94f3edd231c772b51729806a36ae6695,,True,True,True,True,True,True,,250,250,109687,109250,43459288
authenticated_hash_chain,100000,500,250,14,99750,52564260,52564260,99750,979644417,979644.417,979.644417,99750,,b9e2ede094bcb7e2a8462e111094a489382836b464712de435e03a317c37a787,True,True,True,True,True,True,,99750,99750,52564787,52564260,0
gmcp_r,100000,500,499,14,499,218356,218356,500,4450375,4450.375,4.450375,99999,43bf00cfd7b730c9de397053d1c5cb69161e2e0fcdf43c5385741b275b1e6308,,True,True,True,True,True,True,,499,499,218502,218063,43459288
authenticated_hash_chain,100000,500,499,14,99999,52695543,52695543,99999,987669000,987669.0,987.669,99999,,8880c05ef9651c0799f0e33d496315d3be027a2985cef6bd46a627fee1e47fa4,True,True,True,True,True,True,,99999,99999,52696072,52695543,0
gmcp_r,100000,500,1,15,1,728,728,2,160333,160.333,0.160333,99501,7704e9f06f467554f5aa66c57ca52ad1c9ea2cb7f7f7f925a017b4d6b02a591e,,True,True,True,True,True,True,,1,1,874,437,43459288
authenticated_hash_chain,100000,500,1,15,99501,52433656,52433656,99501,983319916,983319.916,983.319916,99501,,a208302ab44fbc0798d7f769efa62c6c88dba79dadb5a18df9e5b6aa745f9359,True,True,True,True,True,True,,99501,99501,52434182,52433656,0
gmcp_r,100000,500,250,15,250,109541,109541,251,2353959,2353.959,2.353959,99750,2530306cb3bb21925c6066ca1daf00797b06eabb60a289856d8dcbcfb5f84a5d,,True,True,True,True,True,True,,250,250,109687,109250,43459288
authenticated_hash_chain,100000,500,250,15,99750,52564909,52564909,99750,1021713708,1021713.708,1021.713708,99750,,accd023d21c12b0fd92ebe8b0f58c9cc17d608e808f274f99b31be3351c72372,True,True,True,True,True,True,,99750,99750,52565436,52564909,0
gmcp_r,100000,500,499,15,499,218354,218354,500,4425083,4425.083,4.425083,99999,8879de52c9d08d759b33a0effc1b3c9749cf95bad4becbf196d84451c4b91ae0,,True,True,True,True,True,True,,499,499,218502,218063,43459288
authenticated_hash_chain,100000,500,499,15,99999,52696180,52696180,99999,993042709,993042.709,993.042709,99999,,fd06d5cf575b1e65a20f2e8b75f182a09cb300818b10b8e1d61a9121f03e8153,True,True,True,True,True,True,,99999,99999,52696709,52696180,0
gmcp_r,100000,500,1,16,1,729,729,2,161500,161.5,0.1615,99501,8f2043e875803719780e41937964ff7a2ab0e37404f0de5cb176aee2522c3077,,True,True,True,True,True,True,,1,1,874,437,43459288
authenticated_hash_chain,100000,500,1,16,99501,52433532,52433532,99501,1050878833,1050878.833,1050.878833,99501,,f9489c8e6eb2cf9122a67350c28e01e8441815d17ab0c2d435c50232952e3582,True,True,True,True,True,True,,99501,99501,52434060,52433532,0
gmcp_r,100000,500,250,16,250,109542,109542,251,2748208,2748.208,2.748208,99750,5ce4aac370b66dc74e1fb430ab9ef376b3490a470854d98fbd04d4a7613b8cfa,,True,True,True,True,True,True,,250,250,109687,109250,43459288
authenticated_hash_chain,100000,500,250,16,99750,52564799,52564799,99750,999896708,999896.708,999.896708,99750,,583019fb9e6aa19d2cb1ec909ef3fd562df488be9cae10fe0ebd82f337b809ee,True,True,True,True,True,True,,99750,99750,52565326,52564799,0
gmcp_r,100000,500,499,16,499,218355,218355,500,4348500,4348.5,4.3485,99999,9df82d470f8fd7f7df02d5f5de296dfef4387af0684ff2d797d4115cb62e6d4d,,True,True,True,True,True,True,,499,499,218502,218063,43459288
authenticated_hash_chain,100000,500,499,16,99999,52696077,52696077,99999,981231708,981231.708,981.231708,99999,,33fdd4c5d0d2a74d8174c417dcf226b0823739bc9d6407a6d114c69633220abc,True,True,True,True,True,True,,99999,99999,52696607,52696077,0
gmcp_r,100000,500,1,17,1,730,730,2,176458,176.458,0.176458,99501,9cdc3c0bb8535cd31ab566c95d5fe4184a958e42bd3da0a72e605bfbf2f232ca,,True,True,True,True,True,True,,1,1,874,437,43459288
authenticated_hash_chain,100000,500,1,17,99501,52433583,52433583,99501,999359417,999359.417,999.359417,99501,,6f43e0f534cad329065ab1ad230ffc27767f984c5c4b7b8825c94293c5c6bab8,True,True,True,True,True,True,,99501,99501,52434111,52433583,0
gmcp_r,100000,500,250,17,250,109543,109543,251,2177250,2177.25,2.17725,99750,8052734ae35ccca9d1f258d5d6f28ae8911c622ef4f837e016922bb1964726b2,,True,True,True,True,True,True,,250,250,109687,109250,43459288
authenticated_hash_chain,100000,500,250,17,99750,52564842,52564842,99750,1010439083,1010439.083,1010.439083,99750,,14aadf45869b3daeb8b91763078952a615d3a9e114ec29c3b61945cd1cc5514f,True,True,True,True,True,True,,99750,99750,52565369,52564842,0
gmcp_r,100000,500,499,17,499,218356,218356,500,4475833,4475.833,4.475833,99999,6a488ae2b3a0cdcfdfeba4e06d561a5153c7650ce307dba763af37aeb4a4d36b,,True,True,True,True,True,True,,499,499,218502,218063,43459288
authenticated_hash_chain,100000,500,499,17,99999,52696100,52696100,99999,983258209,983258.209,983.258209,99999,,d7830fccd69fc9ef98a48c935738a6a8dbb6b4d8da2e24f87a08cb4708b98196,True,True,True,True,True,True,,99999,99999,52696629,52696100,0
gmcp_r,100000,500,1,18,1,730,730,2,188042,188.042,0.188042,99501,c976a44ee101bbff299deb05e84cc314801fd8c8a5fe1335f45562a38ae1482d,,True,True,True,True,True,True,,1,1,874,437,43459288
authenticated_hash_chain,100000,500,1,18,99501,52434204,52434204,99501,993176958,993176.958,993.176958,99501,,df3533de072e0f3f5b0e3eaed369754103511340f04739d0f0c2bca78c9b4088,True,True,True,True,True,True,,99501,99501,52434732,52434204,0
gmcp_r,100000,500,250,18,250,109543,109543,251,2267916,2267.916,2.267916,99750,6224676e4d9bb70ce9d998e510533c00123fb506cd412ee12b3bb6e3cbead63d,,True,True,True,True,True,True,,250,250,109687,109250,43459288
authenticated_hash_chain,100000,500,250,18,99750,52565477,52565477,99750,967688291,967688.291,967.688291,99750,,f5fa47cf3f0c78ed8acc3ef2c43de4799ccdd605a3151a9281e2c31654b9b58c,True,True,True,True,True,True,,99750,99750,52566005,52565477,0
gmcp_r,100000,500,499,18,499,218356,218356,500,4300542,4300.542,4.300542,99999,2e519a4090df6d2c403ab1295df9231e847984911c741252ae04d5edc93793ef,,True,True,True,True,True,True,,499,499,218502,218063,43459288
authenticated_hash_chain,100000,500,499,18,99999,52696750,52696750,99999,967114084,967114.084,967.114084,99999,,f4041bef28bb3c701134af759e59b3182e490e5c7efa4f3bd02e9be86641eb11,True,True,True,True,True,True,,99999,99999,52697279,52696750,0
gmcp_r,100000,500,1,19,1,730,730,2,188500,188.5,0.1885,99501,7b1816c9552a90748585876d9f4dbb1f5f11045b4fdbdce15bdde218ca38be21,,True,True,True,True,True,True,,1,1,874,437,43459288
authenticated_hash_chain,100000,500,1,19,99501,52434139,52434139,99501,953623083,953623.083,953.623083,99501,,3d1ae06a03ff3c24a85239f233a1d3ac059d901da620fbc50c34748bb4844917,True,True,True,True,True,True,,99501,99501,52434666,52434139,0
gmcp_r,100000,500,250,19,250,109543,109543,251,2286584,2286.584,2.286584,99750,f2e0058fb5a7eae77e1ed1bdfc135c2ea7b3c7a052d073f0406bc045f87bb755,,True,True,True,True,True,True,,250,250,109687,109250,43459288
authenticated_hash_chain,100000,500,250,19,99750,52565397,52565397,99750,958486416,958486.416,958.486416,99750,,95af6b12b4da41e06a9c378568731943b494b384abe13957b02ad268baa359d7,True,True,True,True,True,True,,99750,99750,52565924,52565397,0
gmcp_r,100000,500,499,19,499,218356,218356,500,4284666,4284.666,4.284666,99999,8b670afdc6ea6c1abb7604cc8d7f285842a17d387b1f5d450e7095350500252d,,True,True,True,True,True,True,,499,499,218502,218063,43459288
authenticated_hash_chain,100000,500,499,19,99999,52696650,52696650,99999,959868208,959868.208,959.868208,99999,,3902a5966a4d6e117851c69572168c5e9fb7b16c4a3ab476e5aee7baa1d66466,True,True,True,True,True,True,,99999,99999,52697179,52696650,0
gmcp_r,100000,500,1,20,1,728,728,2,163958,163.958,0.163958,99501,e639159bb8b740131f5d0a91e0622dab49dbf9c9914f3d443bf5d27ed3058082,,True,True,True,True,True,True,,1,1,874,437,43459288
authenticated_hash_chain,100000,500,1,20,99501,52434102,52434102,99501,961239708,961239.708,961.239708,99501,,2f42f2c2b2156fa91c37336fb66abe63fd268d70832505ead3e8991d017435e0,True,True,True,True,True,True,,99501,99501,52434630,52434102,0
gmcp_r,100000,500,250,20,250,109541,109541,251,2131083,2131.083,2.131083,99750,f055e0f4a02e62cb73f7a635d2f28cf45bc872782479043aa9a86dd268edba1c,,True,True,True,True,True,True,,250,250,109687,109250,43459288
authenticated_hash_chain,100000,500,250,20,99750,52565400,52565400,99750,962028667,962028.667,962.028667,99750,,6cdcfa6b1eb3d4d6bab5336cbc1905ce5ddf917b3c4db9355247a66677b5019e,True,True,True,True,True,True,,99750,99750,52565927,52565400,0
gmcp_r,100000,500,499,20,499,218354,218354,500,4240917,4240.917,4.240917,99999,4de5aeb8518ce3979010a4d53dc4f9fa8838ee33ac8757d5b410e99d89ac6f98,,True,True,True,True,True,True,,499,499,218502,218063,43459288
authenticated_hash_chain,100000,500,499,20,99999,52696692,52696692,99999,979472209,979472.209,979.472209,99999,,f81e2ef9420b90146dcc14d2465f757147d18d073d6731f5c24baccec2ceb39c,True,True,True,True,True,True,,99999,99999,52697222,52696692,0
gmcp_r,100000,500,1,21,1,729,729,2,215750,215.75,0.21575,99501,d59b072c44d385d9beb3f03fbbf8741b7521c5088014e4bb425d34842455de20,,True,True,True,True,True,True,,1,1,874,437,43459288
authenticated_hash_chain,100000,500,1,21,99501,52434117,52434117,99501,995234458,995234.458,995.234458,99501,,ea8ffeae82658bf1b6b8e29e753c30e06e9c74fb0333fe86876871bcdd336dc3,True,True,True,True,True,True,,99501,99501,52434645,52434117,0
gmcp_r,100000,500,250,21,250,109542,109542,251,2274083,2274.083,2.274083,99750,aa9db1f29a037de35b2e932f196ec0cc616bd6769b8f91bc9afb234d42c443a3,,True,True,True,True,True,True,,250,250,109687,109250,43459288
authenticated_hash_chain,100000,500,250,21,99750,52565409,52565409,99750,966115417,966115.417,966.115417,99750,,9b8ad38e742574d12a15d79f52b91723f4aaddd48817fefadf2d366c1c30d171,True,True,True,True,True,True,,99750,99750,52565936,52565409,0
gmcp_r,100000,500,499,21,499,218355,218355,500,4326334,4326.334,4.326334,99999,fc24437846fbe4b4b309bfcabbeeacf56334ff69a2c12812a08a28ed335d3ef1,,True,True,True,True,True,True,,499,499,218502,218063,43459288
authenticated_hash_chain,100000,500,499,21,99999,52696673,52696673,99999,965232917,965232.917,965.232917,99999,,2ba020fcfd3aebbe1345fabf94e68fad5ef826aeb6b454774635e9d584a32361,True,True,True,True,True,True,,99999,99999,52697202,52696673,0
gmcp_r,100000,500,1,22,1,729,729,2,162125,162.125,0.162125,99501,bf5f5a9d3f301fe762a26ab983fb6da4cc67c573fd19b1fc7d57492e6685f8a9,,True,True,True,True,True,True,,1,1,874,437,43459288
authenticated_hash_chain,100000,500,1,22,99501,52434062,52434062,99501,975706250,975706.25,975.70625,99501,,4e08d5be7fb7b966d921b6192e640a5872f5296eaeca591d68babcdf182bf2fa,True,True,True,True,True,True,,99501,99501,52434590,52434062,0
gmcp_r,100000,500,250,22,250,109542,109542,251,2260083,2260.083,2.260083,99750,8cee66ed4108c93d597b364ff425aa00e4b4b61ac62e8ce9891b313510b1c11b,,True,True,True,True,True,True,,250,250,109687,109250,43459288
authenticated_hash_chain,100000,500,250,22,99750,52565300,52565300,99750,985102083,985102.083,985.102083,99750,,b9445666d04d3050c13001951292f32f89db3fb984c26040a216c02667a4667a,True,True,True,True,True,True,,99750,99750,52565827,52565300,0
gmcp_r,100000,500,499,22,499,218355,218355,500,4171208,4171.208,4.171208,99999,81c0a6398d77fde01c516d174c42b957b15c1e105ed3ad7fb3dd089c82e9a054,,True,True,True,True,True,True,,499,499,218502,218063,43459288
authenticated_hash_chain,100000,500,499,22,99999,52696568,52696568,99999,982672958,982672.958,982.672958,99999,,3ec3bac145870d1ea33dfdf05f5f2760636ffc12357695e17fc5802c93206c16,True,True,True,True,True,True,,99999,99999,52697098,52696568,0
gmcp_r,100000,500,1,23,1,729,729,2,195792,195.792,0.195792,99501,9576f96c0f9f79820cdfe4b7879c9c7278ab48a4d5ded145a84f693840871bd2,,True,True,True,True,True,True,,1,1,874,437,43459288
authenticated_hash_chain,100000,500,1,23,99501,52433830,52433830,99501,996497000,996497.0,996.497,99501,,d8aa06dd0bb544c7ae56648ca0e8f71d6e200ab6872386e4a26c5053f82026ec,True,True,True,True,True,True,,99501,99501,52434358,52433830,0
gmcp_r,100000,500,250,23,250,109542,109542,251,4416000,4416.0,4.416,99750,9fdcb8584c3d98b8e956144eb173ca6d9bb53dfdcc96cb3fe0add97e324f783e,,True,True,True,True,True,True,,250,250,109687,109250,43459288
authenticated_hash_chain,100000,500,250,23,99750,52565100,52565100,99750,967550584,967550.584,967.550584,99750,,6db00a50aedd4d1b74507f16382bf1f15a55015a13f71d8c8c7d07f7053d64cc,True,True,True,True,True,True,,99750,99750,52565627,52565100,0
gmcp_r,100000,500,499,23,499,218355,218355,500,4225583,4225.583,4.225583,99999,97af6f0ac8551b06de4439773245d6acb998358c93e528f721aa3553138bf386,,True,True,True,True,True,True,,499,499,218502,218063,43459288
authenticated_hash_chain,100000,500,499,23,99999,52696374,52696374,99999,970848666,970848.666,970.848666,99999,,d61978d4dd64bd7b7cc68ebe0c1cdb7201e8c03c0edd92c978f2a85c79f0e798,True,True,True,True,True,True,,99999,99999,52696904,52696374,0
gmcp_r,100000,500,1,24,1,729,729,2,214500,214.5,0.2145,99501,29248fb723352ccd00dc69e3513e523e8721236b3f9c00453f83813c15cbebfd,,True,True,True,True,True,True,,1,1,874,437,43459288
authenticated_hash_chain,100000,500,1,24,99501,52434085,52434085,99501,969989917,969989.917,969.989917,99501,,60aff87a2d939312fcf0c757f468eb32338a18711e4a09ea4abc1bf08549fc60,True,True,True,True,True,True,,99501,99501,52434612,52434085,0
gmcp_r,100000,500,250,24,250,109542,109542,251,2144375,2144.375,2.144375,99750,b7019eae697fe7829bee909298667483a17327be002b0ae7e3f2869e86c5deb0,,True,True,True,True,True,True,,250,250,109687,109250,43459288
authenticated_hash_chain,100000,500,250,24,99750,52565367,52565367,99750,962454917,962454.917,962.454917,99750,,b40d46e30f0b3247513605f1ed4de7dc078036621b17bc268d23c1598a69d0bc,True,True,True,True,True,True,,99750,99750,52565895,52565367,0
gmcp_r,100000,500,499,24,499,218355,218355,500,4195042,4195.042,4.195042,99999,a063a3502950f396c1c78ae2072fdd57099edc0f8aeffdc7e173276a1a45da42,,True,True,True,True,True,True,,499,499,218502,218063,43459288
authenticated_hash_chain,100000,500,499,24,99999,52696622,52696622,99999,999448250,999448.25,999.44825,99999,,f71493b8c9a5ecd0a9935924c01b74eeb71d41fd185c1e3637d471326112dd88,True,True,True,True,True,True,,99999,99999,52697151,52696622,0
gmcp_r,100000,500,1,25,1,729,729,2,172541,172.541,0.172541,99501,3f6dd7614d294676d579470cde0baca89a0322ee275a7292837f80861864dc8f,,True,True,True,True,True,True,,1,1,874,437,43459288
authenticated_hash_chain,100000,500,1,25,99501,52433500,52433500,99501,963138334,963138.334,963.138334,99501,,2086761524ad5706298fbea4df50e79d5c201e5a33f6939f0216291fafb34e9c,True,True,True,True,True,True,,99501,99501,52434027,52433500,0
gmcp_r,100000,500,250,25,250,109542,109542,251,2137458,2137.458,2.137458,99750,123fe4d68fad792b1fff9921abecd3ec35dc692af45d18cf140b41629ef98a0c,,True,True,True,True,True,True,,250,250,109687,109250,43459288
authenticated_hash_chain,100000,500,250,25,99750,52564765,52564765,99750,985496625,985496.625,985.496625,99750,,df9c5cb081c08e724c2766868e40056cbfe6e941c5029417659af3cd06084d98,True,True,True,True,True,True,,99750,99750,52565293,52564765,0
gmcp_r,100000,500,499,25,499,218355,218355,500,4423917,4423.917,4.423917,99999,e68e18b801cb18f5d9effb844cdbb96bd713e1d9774bc235b5e2348952796c84,,True,True,True,True,True,True,,499,499,218502,218063,43459288
authenticated_hash_chain,100000,500,499,25,99999,52696041,52696041,99999,966852125,966852.125,966.852125,99999,,bc5aaa7a1b8eebd27c9e0f73927fa6e2dd08a07c1a38181c3ee499ec624af93f,True,True,True,True,True,True,,99999,99999,52696570,52696041,0
gmcp_r,100000,500,1,26,1,729,729,2,205167,205.167,0.205167,99501,def0db0268e85254412e795b7fc1509def5d5992a22a94e27392906d8766ff0f,,True,True,True,True,True,True,,1,1,874,437,43459288
authenticated_hash_chain,100000,500,1,26,99501,52433856,52433856,99501,954328500,954328.5,954.3285,99501,,caa9a392e041982af509dc5f15905df77a68cd07e5002e96abc351de832b433d,True,True,True,True,True,True,,99501,99501,52434384,52433856,0
gmcp_r,100000,500,250,26,250,109542,109542,251,2126833,2126.833,2.126833,99750,2292afad98998e12fe3f69f83a3ca7e98748c8c1cfac2a387d9935aa50ed5346,,True,True,True,True,True,True,,250,250,109687,109250,43459288
authenticated_hash_chain,100000,500,250,26,99750,52565128,52565128,99750,962984375,962984.375,962.984375,99750,,0b9c9a2670429c8776d0a420148cd52b277c7da831632f03e55ff9ca55879ef3,True,True,True,True,True,True,,99750,99750,52565655,52565128,0
gmcp_r,100000,500,499,26,499,218355,218355,500,4226125,4226.125,4.226125,99999,deb340cd34f10fb54b9c4f5ecafd1daadb16c407bb1112cfe946deab2a50d092,,True,True,True,True,True,True,,499,499,218502,218063,43459288
authenticated_hash_chain,100000,500,499,26,99999,52696395,52696395,99999,990419167,990419.167,990.419167,99999,,ecea9d2dc9b50808cf626378b38e2ca5fe69ffa82aa2b91f19949139ffd74280,True,True,True,True,True,True,,99999,99999,52696923,52696395,0
gmcp_r,100000,500,1,27,1,729,729,2,184625,184.625,0.184625,99501,1f16df25691f5a54141d731d5ef908b833e6f56b84a7fc94f817df0b339b8a3d,,True,True,True,True,True,True,,1,1,874,437,43459288
authenticated_hash_chain,100000,500,1,27,99501,52433887,52433887,99501,957941167,957941.167,957.941167,99501,,a33b4e203f52fe298fda876408fb4bea07cf7e53396ce0372cd698a5066fbecd,True,True,True,True,True,True,,99501,99501,52434414,52433887,0
gmcp_r,100000,500,250,27,250,109542,109542,251,2293000,2293.0,2.293,99750,17beb9f807c7a1ac2e50fe47be3ef1bd50840cc306986e213b2064ad0fe7b3d5,,True,True,True,True,True,True,,250,250,109687,109250,43459288
authenticated_hash_chain,100000,500,250,27,99750,52565165,52565165,99750,972680708,972680.708,972.680708,99750,,2a5e8ec6e811bc40db2d08f5d6c4c2af2d1e2b0b0b1fbd4d9c906576b6afcfc2,True,True,True,True,True,True,,99750,99750,52565690,52565165,0
gmcp_r,100000,500,499,27,499,218355,218355,500,4199125,4199.125,4.199125,99999,7c90abc1775a6f3f81094846561bfe5ccaffcc5c741f967d370f3c3d1d937937,,True,True,True,True,True,True,,499,499,218502,218063,43459288
authenticated_hash_chain,100000,500,499,27,99999,52696420,52696420,99999,968432708,968432.708,968.432708,99999,,8f1f8dec4596f4e135d50456c5b3bfa74f21b014263515b3842f17e551f1f3ae,True,True,True,True,True,True,,99999,99999,52696950,52696420,0
gmcp_r,100000,500,1,28,1,729,729,2,180375,180.375,0.180375,99501,e1c413bf984c12a0e041c9b16ab91388415b9f983533fe6cc60116693204865f,,True,True,True,True,True,True,,1,1,874,437,43459288
authenticated_hash_chain,100000,500,1,28,99501,52433820,52433820,99501,975108875,975108.875,975.108875,99501,,339ac03283a4ad36fb0c4ea0757ea03f19b92256fd6773593ab105bb2db37dec,True,True,True,True,True,True,,99501,99501,52434348,52433820,0
gmcp_r,100000,500,250,28,250,109542,109542,251,2256250,2256.25,2.25625,99750,ead7c2d5e356879d7b1c1906c4dd9a74744dcd1b7cd3b1a03f5dc49183c9ca87,,True,True,True,True,True,True,,250,250,109687,109250,43459288
authenticated_hash_chain,100000,500,250,28,99750,52565097,52565097,99750,957616000,957616.0,957.616,99750,,7c13a886b249421ceb0b587d6e521c28700f097f4b99843919acc6218fdc5abf,True,True,True,True,True,True,,99750,99750,52565624,52565097,0
gmcp_r,100000,500,499,28,499,218355,218355,500,4339459,4339.459,4.339459,99999,372b45933fa591691a732c3545b3625f26f1f410efd5094b76ef294212ac553b,,True,True,True,True,True,True,,499,499,218502,218063,43459288
authenticated_hash_chain,100000,500,499,28,99999,52696371,52696371,99999,959074292,959074.292,959.074292,99999,,c0a416bb57dba4025302db0c650a5efd0c16bcd5e7745b677acbe3706b92db8a,True,True,True,True,True,True,,99999,99999,52696900,52696371,0
gmcp_r,100000,500,1,29,1,729,729,2,241167,241.167,0.241167,99501,9dcb9ef0197281393b11c624faa7eba14eacb94ef7fd772a069a5bfe614526c7,,True,True,True,True,True,True,,1,1,874,437,43459288
authenticated_hash_chain,100000,500,1,29,99501,52433486,52433486,99501,963303416,963303.416,963.303416,99501,,c145d51e817ce9efff53091091ca5110ad0e4e855c5b4bf85b781a8f713e4240,True,True,True,True,True,True,,99501,99501,52434014,52433486,0
gmcp_r,100000,500,250,29,250,109542,109542,251,2138334,2138.334,2.138334,99750,e0bf68b9dcff479ffcd7163db243ed5d1ab350817d6f715ac3101586be538cd5,,True,True,True,True,True,True,,250,250,109687,109250,43459288
authenticated_hash_chain,100000,500,250,29,99750,52564743,52564743,99750,991167250,991167.25,991.16725,99750,,bd409d2d89d8798c4106255da9448ff01bae61669bba5362eafdb4a1d379822a,True,True,True,True,True,True,,99750,99750,52565270,52564743,0
gmcp_r,100000,500,499,29,499,218355,218355,500,4346333,4346.333,4.346333,99999,ec2d23cbae5a057e64e5bb4cd380db63570d7f98c7b5bfcfa62e88f44beb61f6,,True,True,True,True,True,True,,499,499,218502,218063,43459288
authenticated_hash_chain,100000,500,499,29,99999,52696021,52696021,99999,973315875,973315.875,973.315875,99999,,612f3d0ef971a9034096a8b9a39f1873f29007322bff472259e8e666594ff0b5,True,True,True,True,True,True,,99999,99999,52696550,52696021,0
gmcp_r,100000,500,1,30,1,730,730,2,191917,191.917,0.191917,99501,ada85ce8dc1566b735ffa8aec519dfd3f8f5245a1a74f1c7987ebf0139816dfb,,True,True,True,True,True,True,,1,1,874,437,43459288
authenticated_hash_chain,100000,500,1,30,99501,52433785,52433785,99501,956207333,956207.333,956.207333,99501,,36e14615543c7289e15091495f03cdc4f013e90f9a05d8bfe501d9dca1685fcb,True,True,True,True,True,True,,99501,99501,52434312,52433785,0
gmcp_r,100000,500,250,30,250,109543,109543,251,2148208,2148.208,2.148208,99750,23b0044705efefd9d28d404149977ea21dd8ca9bfbb6cf846ae96988b827d445,,True,True,True,True,True,True,,250,250,109687,109250,43459288
authenticated_hash_chain,100000,500,250,30,99750,52565042,52565042,99750,981942375,981942.375,981.942375,99750,,a3b3d652a35091f6c26ab5e9dc3a5e0f080bc5019a974553b0d6f53a0b93bc7f,True,True,True,True,True,True,,99750,99750,52565569,52565042,0
gmcp_r,100000,500,499,30,499,218356,218356,500,4160083,4160.083,4.160083,99999,d44ac2ed8c0d0cf95b3c4a7366da40660b832f502e8975d028921fa2cba5b06b,,True,True,True,True,True,True,,499,499,218502,218063,43459288
authenticated_hash_chain,100000,500,499,30,99999,52696301,52696301,99999,960534333,960534.333,960.534333,99999,,bc126a2aa347983cc3e72657f5892098e070960625a135f419a8fdca3dfb3d0d,True,True,True,True,True,True,,99999,99999,52696831,52696301,0
