scenario,protocol,loss_rate,reorder_rate,delay_ms,message_count,payload_size,repeat_id,delivery_success_rate,recovery_success_rate,memory_match_rate,attack_detection_rate,avg_recovery_latency_ms,extra_messages,extra_bytes,throughput_score,recovery_mode
controlled_weak_network_simulation,seq_mac,0.0,0.0,0,100,128,1,1.0,0.98,0.0,0.9,2.0,1,128,1.0,seq_resync
controlled_weak_network_simulation,seq_mac,0.0,0.0,0,100,128,2,0.998,0.98,0.0,0.9,2.0,1,128,1.0,seq_resync
controlled_weak_network_simulation,seq_mac,0.0,0.0,0,100,128,3,0.996,0.98,0.0,0.9,2.0,1,128,1.0,seq_resync
controlled_weak_network_simulation,seq_mac,0.0,0.0,0,100,512,1,1.0,0.98,0.0,0.9,2.0,1,128,1.0,seq_resync
controlled_weak_network_simulation,seq_mac,0.0,0.0,0,100,512,2,0.998,0.98,0.0,0.9,2.0,1,128,1.0,seq_resync
controlled_weak_network_simulation,seq_mac,0.0,0.0,0,100,512,3,0.996,0.98,0.0,0.9,2.0,1,128,1.0,seq_resync
controlled_weak_network_simulation,seq_mac,0.0,0.0,0,500,128,1,1.0,0.98,0.0,0.9,2.0,1,128,1.0,seq_resync
controlled_weak_network_simulation,seq_mac,0.0,0.0,0,500,128,2,0.998,0.98,0.0,0.9,2.0,1,128,1.0,seq_resync
controlled_weak_network_simulation,seq_mac,0.0,0.0,0,500,128,3,0.996,0.98,0.0,0.9,2.0,1,128,1.0,seq_resync
controlled_weak_network_simulation,seq_mac,0.0,0.0,0,500,512,1,1.0,0.98,0.0,0.9,2.0,1,128,1.0,seq_resync
controlled_weak_network_simulation,seq_mac,0.0,0.0,0,500,512,2,0.998,0.98,0.0,0.9,2.0,1,128,1.0,seq_resync
controlled_weak_network_simulation,seq_mac,0.0,0.0,0,500,512,3,0.996,0.98,0.0,0.9,2.0,1,128,1.0,seq_resync
controlled_weak_network_simulation,seq_mac,0.0,0.0,0,1000,128,1,1.0,0.98,0.0,0.9,2.0,1,128,1.0,seq_resync
controlled_weak_network_simulation,seq_mac,0.0,0.0,0,1000,128,2,0.998,0.98,0.0,0.9,2.0,1,128,1.0,seq_resync
controlled_weak_network_simulation,seq_mac,0.0,0.0,0,1000,128,3,0.996,0.98,0.0,0.9,2.0,1,128,1.0,seq_resync
controlled_weak_network_simulation,seq_mac,0.0,0.0,0,1000,512,1,1.0,0.98,0.0,0.9,2.0,1,128,1.0,seq_resync
controlled_weak_network_simulation,seq_mac,0.0,0.0,0,1000,512,2,0.998,0.98,0.0,0.9,2.0,1,128,1.0,seq_resync
controlled_weak_network_simulation,seq_mac,0.0,0.0,0,1000,512,3,0.996,0.98,0.0,0.9,2.0,1,128,1.0,seq_resync
controlled_weak_network_simulation,seq_mac,0.0,0.0,50,100,128,1,1.0,0.932,0.0,0.9,52.0,1,128,0.97,seq_resync
controlled_weak_network_simulation,seq_mac,0.0,0.0,50,100,128,2,0.998,0.932,0.0,0.9,52.0,1,128,0.97,seq_resync
controlled_weak_network_simulation,seq_mac,0.0,0.0,50,100,128,3,0.996,0.932,0.0,0.9,52.0,1,128,0.97,seq_resync
controlled_weak_network_simulation,seq_mac,0.0,0.0,50,100,512,1,1.0,0.932,0.0,0.9,52.0,1,128,0.97,seq_resync
controlled_weak_network_simulation,seq_mac,0.0,0.0,50,100,512,2,0.998,0.932,0.0,0.9,52.0,1,128,0.97,seq_resync
controlled_weak_network_simulation,seq_mac,0.0,0.0,50,100,512,3,0.996,0.932,0.0,0.9,52.0,1,128,0.97,seq_resync
controlled_weak_network_simulation,seq_mac,0.0,0.0,50,500,128,1,1.0,0.932,0.0,0.9,52.0,1,128,0.97,seq_resync
controlled_weak_network_simulation,seq_mac,0.0,0.0,50,500,128,2,0.998,0.932,0.0,0.9,52.0,1,128,0.97,seq_resync
controlled_weak_network_simulation,seq_mac,0.0,0.0,50,500,128,3,0.996,0.932,0.0,0.9,52.0,1,128,0.97,seq_resync
controlled_weak_network_simulation,seq_mac,0.0,0.0,50,500,512,1,1.0,0.932,0.0,0.9,52.0,1,128,0.97,seq_resync
controlled_weak_network_simulation,seq_mac,0.0,0.0,50,500,512,2,0.998,0.932,0.0,0.9,52.0,1,128,0.97,seq_resync
controlled_weak_network_simulation,seq_mac,0.0,0.0,50,500,512,3,0.996,0.932,0.0,0.9,52.0,1,128,0.97,seq_resync
controlled_weak_network_simulation,seq_mac,0.0,0.0,50,1000,128,1,1.0,0.932,0.0,0.9,52.0,1,128,0.97,seq_resync
controlled_weak_network_simulation,seq_mac,0.0,0.0,50,1000,128,2,0.998,0.932,0.0,0.9,52.0,1,128,0.97,seq_resync
controlled_weak_network_simulation,seq_mac,0.0,0.0,50,1000,128,3,0.996,0.932,0.0,0.9,52.0,1,128,0.97,seq_resync
controlled_weak_network_simulation,seq_mac,0.0,0.0,50,1000,512,1,1.0,0.932,0.0,0.9,52.0,1,128,0.97,seq_resync
controlled_weak_network_simulation,seq_mac,0.0,0.0,50,1000,512,2,0.998,0.932,0.0,0.9,52.0,1,128,0.97,seq_resync
controlled_weak_network_simulation,seq_mac,0.0,0.0,50,1000,512,3,0.996,0.932,0.0,0.9,52.0,1,128,0.97,seq_resync
controlled_weak_network_simulation,seq_mac,0.0,0.0,100,100,128,1,1.0,0.884,0.0,0.9,102.0,1,128,0.94,seq_resync
controlled_weak_network_simulation,seq_mac,0.0,0.0,100,100,128,2,0.998,0.884,0.0,0.9,102.0,1,128,0.94,seq_resync
controlled_weak_network_simulation,seq_mac,0.0,0.0,100,100,128,3,0.996,0.884,0.0,0.9,102.0,1,128,0.94,seq_resync
controlled_weak_network_simulation,seq_mac,0.0,0.0,100,100,512,1,1.0,0.884,0.0,0.9,102.0,1,128,0.94,seq_resync
controlled_weak_network_simulation,seq_mac,0.0,0.0,100,100,512,2,0.998,0.884,0.0,0.9,102.0,1,128,0.94,seq_resync
controlled_weak_network_simulation,seq_mac,0.0,0.0,100,100,512,3,0.996,0.884,0.0,0.9,102.0,1,128,0.94,seq_resync
controlled_weak_network_simulation,seq_mac,0.0,0.0,100,500,128,1,1.0,0.884,0.0,0.9,102.0,1,128,0.94,seq_resync
controlled_weak_network_simulation,seq_mac,0.0,0.0,100,500,128,2,0.998,0.884,0.0,0.9,102.0,1,128,0.94,seq_resync
controlled_weak_network_simulation,seq_mac,0.0,0.0,100,500,128,3,0.996,0.884,0.0,0.9,102.0,1,128,0.94,seq_resync
controlled_weak_network_simulation,seq_mac,0.0,0.0,100,500,512,1,1.0,0.884,0.0,0.9,102.0,1,128,0.94,seq_resync
controlled_weak_network_simulation,seq_mac,0.0,0.0,100,500,512,2,0.998,0.884,0.0,0.9,102.0,1,128,0.94,seq_resync
controlled_weak_network_simulation,seq_mac,0.0,0.0,100,500,512,3,0.996,0.884,0.0,0.9,102.0,1,128,0.94,seq_resync
controlled_weak_network_simulation,seq_mac,0.0,0.0,100,1000,128,1,1.0,0.884,0.0,0.9,102.0,1,128,0.94,seq_resync
controlled_weak_network_simulation,seq_mac,0.0,0.0,100,1000,128,2,0.998,0.884,0.0,0.9,102.0,1,128,0.94,seq_resync
controlled_weak_network_simulation,seq_mac,0.0,0.0,100,1000,128,3,0.996,0.884,0.0,0.9,102.0,1,128,0.94,seq_resync
controlled_weak_network_simulation,seq_mac,0.0,0.0,100,1000,512,1,1.0,0.884,0.0,0.9,102.0,1,128,0.94,seq_resync
controlled_weak_network_simulation,seq_mac,0.0,0.0,100,1000,512,2,0.998,0.884,0.0,0.9,102.0,1,128,0.94,seq_resync
controlled_weak_network_simulation,seq_mac,0.0,0.0,100,1000,512,3,0.996,0.884,0.0,0.9,102.0,1,128,0.94,seq_resync
controlled_weak_network_simulation,seq_mac,0.0,0.0,200,100,128,1,1.0,0.788,0.0,0.9,202.0,1,128,0.88,seq_resync
controlled_weak_network_simulation,seq_mac,0.0,0.0,200,100,128,2,0.998,0.788,0.0,0.9,202.0,1,128,0.88,seq_resync
controlled_weak_network_simulation,seq_mac,0.0,0.0,200,100,128,3,0.996,0.788,0.0,0.9,202.0,1,128,0.88,seq_resync
controlled_weak_network_simulation,seq_mac,0.0,0.0,200,100,512,1,1.0,0.788,0.0,0.9,202.0,1,128,0.88,seq_resync
controlled_weak_network_simulation,seq_mac,0.0,0.0,200,100,512,2,0.998,0.788,0.0,0.9,202.0,1,128,0.88,seq_resync
controlled_weak_network_simulation,seq_mac,0.0,0.0,200,100,512,3,0.996,0.788,0.0,0.9,202.0,1,128,0.88,seq_resync
controlled_weak_network_simulation,seq_mac,0.0,0.0,200,500,128,1,1.0,0.788,0.0,0.9,202.0,1,128,0.88,seq_resync
controlled_weak_network_simulation,seq_mac,0.0,0.0,200,500,128,2,0.998,0.788,0.0,0.9,202.0,1,128,0.88,seq_resync
controlled_weak_network_simulation,seq_mac,0.0,0.0,200,500,128,3,0.996,0.788,0.0,0.9,202.0,1,128,0.88,seq_resync
controlled_weak_network_simulation,seq_mac,0.0,0.0,200,500,512,1,1.0,0.788,0.0,0.9,202.0,1,128,0.88,seq_resync
controlled_weak_network_simulation,seq_mac,0.0,0.0,200,500,512,2,0.998,0.788,0.0,0.9,202.0,1,128,0.88,seq_resync
controlled_weak_network_simulation,seq_mac,0.0,0.0,200,500,512,3,0.996,0.788,0.0,0.9,202.0,1,128,0.88,seq_resync
controlled_weak_network_simulation,seq_mac,0.0,0.0,200,1000,128,1,1.0,0.788,0.0,0.9,202.0,1,128,0.88,seq_resync
controlled_weak_network_simulation,seq_mac,0.0,0.0,200,1000,128,2,0.998,0.788,0.0,0.9,202.0,1,128,0.88,seq_resync
controlled_weak_network_simulation,seq_mac,0.0,0.0,200,1000,128,3,0.996,0.788,0.0,0.9,202.0,1,128,0.88,seq_resync
controlled_weak_network_simulation,seq_mac,0.0,0.0,200,1000,512,1,1.0,0.788,0.0,0.9,202.0,1,128,0.88,seq_resync
controlled_weak_network_simulation,seq_mac,0.0,0.0,200,1000,512,2,0.998,0.788,0.0,0.9,202.0,1,128,0.88,seq_resync
controlled_weak_network_simulation,seq_mac,0.0,0.0,200,1000,512,3,0.996,0.788,0.0,0.9,202.0,1,128,0.88,seq_resync
controlled_weak_network_simulation,seq_mac,0.0,0.01,0,100,128,1,0.9965,0.9656,0.0,0.904,2.02,2,224,0.991,seq_resync
controlled_weak_network_simulation,seq_mac,0.0,0.01,0,100,128,2,0.9945,0.9656,0.0,0.904,2.02,2,224,0.991,seq_resync
controlled_weak_network_simulation,seq_mac,0.0,0.01,0,100,128,3,0.9925,0.9656,0.0,0.904,2.02,2,224,0.991,seq_resync
controlled_weak_network_simulation,seq_mac,0.0,0.01,0,100,512,1,0.9965,0.9656,0.0,0.904,2.02,2,224,0.991,seq_resync
controlled_weak_network_simulation,seq_mac,0.0,0.01,0,100,512,2,0.9945,0.9656,0.0,0.904,2.02,2,224,0.991,seq_resync
controlled_weak_network_simulation,seq_mac,0.0,0.01,0,100,512,3,0.9925,0.9656,0.0,0.904,2.02,2,224,0.991,seq_resync
controlled_weak_network_simulation,seq_mac,0.0,0.01,0,500,128,1,0.9965,0.9656,0.0,0.904,2.1,6,608,0.991,seq_resync
controlled_weak_network_simulation,seq_mac,0.0,0.01,0,500,128,2,0.9945,0.9656,0.0,0.904,2.1,6,608,0.991,seq_resync
controlled_weak_network_simulation,seq_mac,0.0,0.01,0,500,128,3,0.9925,0.9656,0.0,0.904,2.1,6,608,0.991,seq_resync
controlled_weak_network_simulation,seq_mac,0.0,0.01,0,500,512,1,0.9965,0.9656,0.0,0.904,2.1,6,608,0.991,seq_resync
controlled_weak_network_simulation,seq_mac,0.0,0.01,0,500,512,2,0.9945,0.9656,0.0,0.904,2.1,6,608,0.991,seq_resync
controlled_weak_network_simulation,seq_mac,0.0,0.01,0,500,512,3,0.9925,0.9656,0.0,0.904,2.1,6,608,0.991,seq_resync
controlled_weak_network_simulation,seq_mac,0.0,0.01,0,1000,128,1,0.9965,0.9656,0.0,0.904,2.2,11,1088,0.991,seq_resync
controlled_weak_network_simulation,seq_mac,0.0,0.01,0,1000,128,2,0.9945,0.9656,0.0,0.904,2.2,11,1088,0.991,seq_resync
controlled_weak_network_simulation,seq_mac,0.0,0.01,0,1000,128,3,0.9925,0.9656,0.0,0.904,2.2,11,1088,0.991,seq_resync
controlled_weak_network_simulation,seq_mac,0.0,0.01,0,1000,512,1,0.9965,0.9656,0.0,0.904,2.2,11,1088,0.991,seq_resync
controlled_weak_network_simulation,seq_mac,0.0,0.01,0,1000,512,2,0.9945,0.9656,0.0,0.904,2.2,11,1088,0.991,seq_resync
controlled_weak_network_simulation,seq_mac,0.0,0.01,0,1000,512,3,0.9925,0.9656,0.0,0.904,2.2,11,1088,0.991,seq_resync
controlled_weak_network_simulation,seq_mac,0.0,0.01,50,100,128,1,0.9965,0.9176,0.0,0.904,52.02,2,224,0.961,seq_resync
controlled_weak_network_simulation,seq_mac,0.0,0.01,50,100,128,2,0.9945,0.9176,0.0,0.904,52.02,2,224,0.961,seq_resync
controlled_weak_network_simulation,seq_mac,0.0,0.01,50,100,128,3,0.9925,0.9176,0.0,0.904,52.02,2,224,0.961,seq_resync
controlled_weak_network_simulation,seq_mac,0.0,0.01,50,100,512,1,0.9965,0.9176,0.0,0.904,52.02,2,224,0.961,seq_resync
controlled_weak_network_simulation,seq_mac,0.0,0.01,50,100,512,2,0.9945,0.9176,0.0,0.904,52.02,2,224,0.961,seq_resync
controlled_weak_network_simulation,seq_mac,0.0,0.01,50,100,512,3,0.9925,0.9176,0.0,0.904,52.02,2,224,0.961,seq_resync
controlled_weak_network_simulation,seq_mac,0.0,0.01,50,500,128,1,0.9965,0.9176,0.0,0.904,52.1,6,608,0.961,seq_resync
controlled_weak_network_simulation,seq_mac,0.0,0.01,50,500,128,2,0.9945,0.9176,0.0,0.904,52.1,6,608,0.961,seq_resync
controlled_weak_network_simulation,seq_mac,0.0,0.01,50,500,128,3,0.9925,0.9176,0.0,0.904,52.1,6,608,0.961,seq_resync
controlled_weak_network_simulation,seq_mac,0.0,0.01,50,500,512,1,0.9965,0.9176,0.0,0.904,52.1,6,608,0.961,seq_resync
controlled_weak_network_simulation,seq_mac,0.0,0.01,50,500,512,2,0.9945,0.9176,0.0,0.904,52.1,6,608,0.961,seq_resync
controlled_weak_network_simulation,seq_mac,0.0,0.01,50,500,512,3,0.9925,0.9176,0.0,0.904,52.1,6,608,0.961,seq_resync
controlled_weak_network_simulation,seq_mac,0.0,0.01,50,1000,128,1,0.9965,0.9176,0.0,0.904,52.2,11,1088,0.961,seq_resync
controlled_weak_network_simulation,seq_mac,0.0,0.01,50,1000,128,2,0.9945,0.9176,0.0,0.904,52.2,11,1088,0.961,seq_resync
controlled_weak_network_simulation,seq_mac,0.0,0.01,50,1000,128,3,0.9925,0.9176,0.0,0.904,52.2,11,1088,0.961,seq_resync
controlled_weak_network_simulation,seq_mac,0.0,0.01,50,1000,512,1,0.9965,0.9176,0.0,0.904,52.2,11,1088,0.961,seq_resync
controlled_weak_network_simulation,seq_mac,0.0,0.01,50,1000,512,2,0.9945,0.9176,0.0,0.904,52.2,11,1088,0.961,seq_resync
controlled_weak_network_simulation,seq_mac,0.0,0.01,50,1000,512,3,0.9925,0.9176,0.0,0.904,52.2,11,1088,0.961,seq_resync
controlled_weak_network_simulation,seq_mac,0.0,0.01,100,100,128,1,0.9965,0.8696,0.0,0.904,102.02,2,224,0.931,seq_resync
controlled_weak_network_simulation,seq_mac,0.0,0.01,100,100,128,2,0.9945,0.8696,0.0,0.904,102.02,2,224,0.931,seq_resync
controlled_weak_network_simulation,seq_mac,0.0,0.01,100,100,128,3,0.9925,0.8696,0.0,0.904,102.02,2,224,0.931,seq_resync
controlled_weak_network_simulation,seq_mac,0.0,0.01,100,100,512,1,0.9965,0.8696,0.0,0.904,102.02,2,224,0.931,seq_resync
controlled_weak_network_simulation,seq_mac,0.0,0.01,100,100,512,2,0.9945,0.8696,0.0,0.904,102.02,2,224,0.931,seq_resync
controlled_weak_network_simulation,seq_mac,0.0,0.01,100,100,512,3,0.9925,0.8696,0.0,0.904,102.02,2,224,0.931,seq_resync
controlled_weak_network_simulation,seq_mac,0.0,0.01,100,500,128,1,0.9965,0.8696,0.0,0.904,102.1,6,608,0.931,seq_resync
controlled_weak_network_simulation,seq_mac,0.0,0.01,100,500,128,2,0.9945,0.8696,0.0,0.904,102.1,6,608,0.931,seq_resync
controlled_weak_network_simulation,seq_mac,0.0,0.01,100,500,128,3,0.9925,0.8696,0.0,0.904,102.1,6,608,0.931,seq_resync
controlled_weak_network_simulation,seq_mac,0.0,0.01,100,500,512,1,0.9965,0.8696,0.0,0.904,102.1,6,608,0.931,seq_resync
controlled_weak_network_simulation,seq_mac,0.0,0.01,100,500,512,2,0.9945,0.8696,0.0,0.904,102.1,6,608,0.931,seq_resync
controlled_weak_network_simulation,seq_mac,0.0,0.01,100,500,512,3,0.9925,0.8696,0.0,0.904,102.1,6,608,0.931,seq_resync
controlled_weak_network_simulation,seq_mac,0.0,0.01,100,1000,128,1,0.9965,0.8696,0.0,0.904,102.2,11,1088,0.931,seq_resync
controlled_weak_network_simulation,seq_mac,0.0,0.01,100,1000,128,2,0.9945,0.8696,0.0,0.904,102.2,11,1088,0.931,seq_resync
controlled_weak_network_simulation,seq_mac,0.0,0.01,100,1000,128,3,0.9925,0.8696,0.0,0.904,102.2,11,1088,0.931,seq_resync
controlled_weak_network_simulation,seq_mac,0.0,0.01,100,1000,512,1,0.9965,0.8696,0.0,0.904,102.2,11,1088,0.931,seq_resync
controlled_weak_network_simulation,seq_mac,0.0,0.01,100,1000,512,2,0.9945,0.8696,0.0,0.904,102.2,11,1088,0.931,seq_resync
controlled_weak_network_simulation,seq_mac,0.0,0.01,100,1000,512,3,0.9925,0.8696,0.0,0.904,102.2,11,1088,0.931,seq_resync
controlled_weak_network_simulation,seq_mac,0.0,0.01,200,100,128,1,0.9965,0.7736,0.0,0.904,202.02,2,224,0.871,seq_resync
controlled_weak_network_simulation,seq_mac,0.0,0.01,200,100,128,2,0.9945,0.7736,0.0,0.904,202.02,2,224,0.871,seq_resync
controlled_weak_network_simulation,seq_mac,0.0,0.01,200,100,128,3,0.9925,0.7736,0.0,0.904,202.02,2,224,0.871,seq_resync
controlled_weak_network_simulation,seq_mac,0.0,0.01,200,100,512,1,0.9965,0.7736,0.0,0.904,202.02,2,224,0.871,seq_resync
controlled_weak_network_simulation,seq_mac,0.0,0.01,200,100,512,2,0.9945,0.7736,0.0,0.904,202.02,2,224,0.871,seq_resync
controlled_weak_network_simulation,seq_mac,0.0,0.01,200,100,512,3,0.9925,0.7736,0.0,0.904,202.02,2,224,0.871,seq_resync
controlled_weak_network_simulation,seq_mac,0.0,0.01,200,500,128,1,0.9965,0.7736,0.0,0.904,202.1,6,608,0.871,seq_resync
controlled_weak_network_simulation,seq_mac,0.0,0.01,200,500,128,2,0.9945,0.7736,0.0,0.904,202.1,6,608,0.871,seq_resync
controlled_weak_network_simulation,seq_mac,0.0,0.01,200,500,128,3,0.9925,0.7736,0.0,0.904,202.1,6,608,0.871,seq_resync
controlled_weak_network_simulation,seq_mac,0.0,0.01,200,500,512,1,0.9965,0.7736,0.0,0.904,202.1,6,608,0.871,seq_resync
controlled_weak_network_simulation,seq_mac,0.0,0.01,200,500,512,2,0.9945,0.7736,0.0,0.904,202.1,6,608,0.871,seq_resync
controlled_weak_network_simulation,seq_mac,0.0,0.01,200,500,512,3,0.9925,0.7736,0.0,0.904,202.1,6,608,0.871,seq_resync
controlled_weak_network_simulation,seq_mac,0.0,0.01,200,1000,128,1,0.9965,0.7736,0.0,0.904,202.2,11,1088,0.871,seq_resync
controlled_weak_network_simulation,seq_mac,0.0,0.01,200,1000,128,2,0.9945,0.7736,0.0,0.904,202.2,11,1088,0.871,seq_resync
controlled_weak_network_simulation,seq_mac,0.0,0.01,200,1000,128,3,0.9925,0.7736,0.0,0.904,202.2,11,1088,0.871,seq_resync
controlled_weak_network_simulation,seq_mac,0.0,0.01,200,1000,512,1,0.9965,0.7736,0.0,0.904,202.2,11,1088,0.871,seq_resync
controlled_weak_network_simulation,seq_mac,0.0,0.01,200,1000,512,2,0.9945,0.7736,0.0,0.904,202.2,11,1088,0.871,seq_resync
controlled_weak_network_simulation,seq_mac,0.0,0.01,200,1000,512,3,0.9925,0.7736,0.0,0.904,202.2,11,1088,0.871,seq_resync
controlled_weak_network_simulation,seq_mac,0.0,0.03,0,100,128,1,0.9895,0.9368,0.0,0.912,2.06,4,416,0.973,seq_resync
controlled_weak_network_simulation,seq_mac,0.0,0.03,0,100,128,2,0.9875,0.9368,0.0,0.912,2.06,4,416,0.973,seq_resync
controlled_weak_network_simulation,seq_mac,0.0,0.03,0,100,128,3,0.9855,0.9368,0.0,0.912,2.06,4,416,0.973,seq_resync
controlled_weak_network_simulation,seq_mac,0.0,0.03,0,100,512,1,0.9895,0.9368,0.0,0.912,2.06,4,416,0.973,seq_resync
controlled_weak_network_simulation,seq_mac,0.0,0.03,0,100,512,2,0.9875,0.9368,0.0,0.912,2.06,4,416,0.973,seq_resync
controlled_weak_network_simulation,seq_mac,0.0,0.03,0,100,512,3,0.9855,0.9368,0.0,0.912,2.06,4,416,0.973,seq_resync
controlled_weak_network_simulation,seq_mac,0.0,0.03,0,500,128,1,0.9895,0.9368,0.0,0.912,2.3,16,1568,0.973,seq_resync
controlled_weak_network_simulation,seq_mac,0.0,0.03,0,500,128,2,0.9875,0.9368,0.0,0.912,2.3,16,1568,0.973,seq_resync
controlled_weak_network_simulation,seq_mac,0.0,0.03,0,500,128,3,0.9855,0.9368,0.0,0.912,2.3,16,1568,0.973,seq_resync
controlled_weak_network_simulation,seq_mac,0.0,0.03,0,500,512,1,0.9895,0.9368,0.0,0.912,2.3,16,1568,0.973,seq_resync
controlled_weak_network_simulation,seq_mac,0.0,0.03,0,500,512,2,0.9875,0.9368,0.0,0.912,2.3,16,1568,0.973,seq_resync
controlled_weak_network_simulation,seq_mac,0.0,0.03,0,500,512,3,0.9855,0.9368,0.0,0.912,2.3,16,1568,0.973,seq_resync
controlled_weak_network_simulation,seq_mac,0.0,0.03,0,1000,128,1,0.9895,0.9368,0.0,0.912,2.6,31,3008,0.973,seq_resync
controlled_weak_network_simulation,seq_mac,0.0,0.03,0,1000,128,2,0.9875,0.9368,0.0,0.912,2.6,31,3008,0.973,seq_resync
controlled_weak_network_simulation,seq_mac,0.0,0.03,0,1000,128,3,0.9855,0.9368,0.0,0.912,2.6,31,3008,0.973,seq_resync
controlled_weak_network_simulation,seq_mac,0.0,0.03,0,1000,512,1,0.9895,0.9368,0.0,0.912,2.6,31,3008,0.973,seq_resync
controlled_weak_network_simulation,seq_mac,0.0,0.03,0,1000,512,2,0.9875,0.9368,0.0,0.912,2.6,31,3008,0.973,seq_resync
controlled_weak_network_simulation,seq_mac,0.0,0.03,0,1000,512,3,0.9855,0.9368,0.0,0.912,2.6,31,3008,0.973,seq_resync
controlled_weak_network_simulation,seq_mac,0.0,0.03,50,100,128,1,0.9895,0.8888,0.0,0.912,52.06,4,416,0.943,seq_resync
controlled_weak_network_simulation,seq_mac,0.0,0.03,50,100,128,2,0.9875,0.8888,0.0,0.912,52.06,4,416,0.943,seq_resync
controlled_weak_network_simulation,seq_mac,0.0,0.03,50,100,128,3,0.9855,0.8888,0.0,0.912,52.06,4,416,0.943,seq_resync
controlled_weak_network_simulation,seq_mac,0.0,0.03,50,100,512,1,0.9895,0.8888,0.0,0.912,52.06,4,416,0.943,seq_resync
controlled_weak_network_simulation,seq_mac,0.0,0.03,50,100,512,2,0.9875,0.8888,0.0,0.912,52.06,4,416,0.943,seq_resync
controlled_weak_network_simulation,seq_mac,0.0,0.03,50,100,512,3,0.9855,0.8888,0.0,0.912,52.06,4,416,0.943,seq_resync
controlled_weak_network_simulation,seq_mac,0.0,0.03,50,500,128,1,0.9895,0.8888,0.0,0.912,52.3,16,1568,0.943,seq_resync
controlled_weak_network_simulation,seq_mac,0.0,0.03,50,500,128,2,0.9875,0.8888,0.0,0.912,52.3,16,1568,0.943,seq_resync
controlled_weak_network_simulation,seq_mac,0.0,0.03,50,500,128,3,0.9855,0.8888,0.0,0.912,52.3,16,1568,0.943,seq_resync
controlled_weak_network_simulation,seq_mac,0.0,0.03,50,500,512,1,0.9895,0.8888,0.0,0.912,52.3,16,1568,0.943,seq_resync
controlled_weak_network_simulation,seq_mac,0.0,0.03,50,500,512,2,0.9875,0.8888,0.0,0.912,52.3,16,1568,0.943,seq_resync
controlled_weak_network_simulation,seq_mac,0.0,0.03,50,500,512,3,0.9855,0.8888,0.0,0.912,52.3,16,1568,0.943,seq_resync
controlled_weak_network_simulation,seq_mac,0.0,0.03,50,1000,128,1,0.9895,0.8888,0.0,0.912,52.6,31,3008,0.943,seq_resync
controlled_weak_network_simulation,seq_mac,0.0,0.03,50,1000,128,2,0.9875,0.8888,0.0,0.912,52.6,31,3008,0.943,seq_resync
controlled_weak_network_simulation,seq_mac,0.0,0.03,50,1000,128,3,0.9855,0.8888,0.0,0.912,52.6,31,3008,0.943,seq_resync
controlled_weak_network_simulation,seq_mac,0.0,0.03,50,1000,512,1,0.9895,0.8888,0.0,0.912,52.6,31,3008,0.943,seq_resync
controlled_weak_network_simulation,seq_mac,0.0,0.03,50,1000,512,2,0.9875,0.8888,0.0,0.912,52.6,31,3008,0.943,seq_resync
controlled_weak_network_simulation,seq_mac,0.0,0.03,50,1000,512,3,0.9855,0.8888,0.0,0.912,52.6,31,3008,0.943,seq_resync
controlled_weak_network_simulation,seq_mac,0.0,0.03,100,100,128,1,0.9895,0.8408,0.0,0.912,102.06,4,416,0.913,seq_resync
controlled_weak_network_simulation,seq_mac,0.0,0.03,100,100,128,2,0.9875,0.8408,0.0,0.912,102.06,4,416,0.913,seq_resync
controlled_weak_network_simulation,seq_mac,0.0,0.03,100,100,128,3,0.9855,0.8408,0.0,0.912,102.06,4,416,0.913,seq_resync
controlled_weak_network_simulation,seq_mac,0.0,0.03,100,100,512,1,0.9895,0.8408,0.0,0.912,102.06,4,416,0.913,seq_resync
controlled_weak_network_simulation,seq_mac,0.0,0.03,100,100,512,2,0.9875,0.8408,0.0,0.912,102.06,4,416,0.913,seq_resync
controlled_weak_network_simulation,seq_mac,0.0,0.03,100,100,512,3,0.9855,0.8408,0.0,0.912,102.06,4,416,0.913,seq_resync
controlled_weak_network_simulation,seq_mac,0.0,0.03,100,500,128,1,0.9895,0.8408,0.0,0.912,102.3,16,1568,0.913,seq_resync
controlled_weak_network_simulation,seq_mac,0.0,0.03,100,500,128,2,0.9875,0.8408,0.0,0.912,102.3,16,1568,0.913,seq_resync
controlled_weak_network_simulation,seq_mac,0.0,0.03,100,500,128,3,0.9855,0.8408,0.0,0.912,102.3,16,1568,0.913,seq_resync
controlled_weak_network_simulation,seq_mac,0.0,0.03,100,500,512,1,0.9895,0.8408,0.0,0.912,102.3,16,1568,0.913,seq_resync
controlled_weak_network_simulation,seq_mac,0.0,0.03,100,500,512,2,0.9875,0.8408,0.0,0.912,102.3,16,1568,0.913,seq_resync
controlled_weak_network_simulation,seq_mac,0.0,0.03,100,500,512,3,0.9855,0.8408,0.0,0.912,102.3,16,1568,0.913,seq_resync
controlled_weak_network_simulation,seq_mac,0.0,0.03,100,1000,128,1,0.9895,0.8408,0.0,0.912,102.6,31,3008,0.913,seq_resync
controlled_weak_network_simulation,seq_mac,0.0,0.03,100,1000,128,2,0.9875,0.8408,0.0,0.912,102.6,31,3008,0.913,seq_resync
controlled_weak_network_simulation,seq_mac,0.0,0.03,100,1000,128,3,0.9855,0.8408,0.0,0.912,102.6,31,3008,0.913,seq_resync
controlled_weak_network_simulation,seq_mac,0.0,0.03,100,1000,512,1,0.9895,0.8408,0.0,0.912,102.6,31,3008,0.913,seq_resync
controlled_weak_network_simulation,seq_mac,0.0,0.03,100,1000,512,2,0.9875,0.8408,0.0,0.912,102.6,31,3008,0.913,seq_resync
controlled_weak_network_simulation,seq_mac,0.0,0.03,100,1000,512,3,0.9855,0.8408,0.0,0.912,102.6,31,3008,0.913,seq_resync
controlled_weak_network_simulation,seq_mac,0.0,0.03,200,100,128,1,0.9895,0.7448,0.0,0.912,202.06,4,416,0.853,seq_resync
controlled_weak_network_simulation,seq_mac,0.0,0.03,200,100,128,2,0.9875,0.7448,0.0,0.912,202.06,4,416,0.853,seq_resync
controlled_weak_network_simulation,seq_mac,0.0,0.03,200,100,128,3,0.9855,0.7448,0.0,0.912,202.06,4,416,0.853,seq_resync
controlled_weak_network_simulation,seq_mac,0.0,0.03,200,100,512,1,0.9895,0.7448,0.0,0.912,202.06,4,416,0.853,seq_resync
controlled_weak_network_simulation,seq_mac,0.0,0.03,200,100,512,2,0.9875,0.7448,0.0,0.912,202.06,4,416,0.853,seq_resync
controlled_weak_network_simulation,seq_mac,0.0,0.03,200,100,512,3,0.9855,0.7448,0.0,0.912,202.06,4,416,0.853,seq_resync
controlled_weak_network_simulation,seq_mac,0.0,0.03,200,500,128,1,0.9895,0.7448,0.0,0.912,202.3,16,1568,0.853,seq_resync
controlled_weak_network_simulation,seq_mac,0.0,0.03,200,500,128,2,0.9875,0.7448,0.0,0.912,202.3,16,1568,0.853,seq_resync
controlled_weak_network_simulation,seq_mac,0.0,0.03,200,500,128,3,0.9855,0.7448,0.0,0.912,202.3,16,1568,0.853,seq_resync
controlled_weak_network_simulation,seq_mac,0.0,0.03,200,500,512,1,0.9895,0.7448,0.0,0.912,202.3,16,1568,0.853,seq_resync
controlled_weak_network_simulation,seq_mac,0.0,0.03,200,500,512,2,0.9875,0.7448,0.0,0.912,202.3,16,1568,0.853,seq_resync
controlled_weak_network_simulation,seq_mac,0.0,0.03,200,500,512,3,0.9855,0.7448,0.0,0.912,202.3,16,1568,0.853,seq_resync
controlled_weak_network_simulation,seq_mac,0.0,0.03,200,1000,128,1,0.9895,0.7448,0.0,0.912,202.6,31,3008,0.853,seq_resync
controlled_weak_network_simulation,seq_mac,0.0,0.03,200,1000,128,2,0.9875,0.7448,0.0,0.912,202.6,31,3008,0.853,seq_resync
controlled_weak_network_simulation,seq_mac,0.0,0.03,200,1000,128,3,0.9855,0.7448,0.0,0.912,202.6,31,3008,0.853,seq_resync
controlled_weak_network_simulation,seq_mac,0.0,0.03,200,1000,512,1,0.9895,0.7448,0.0,0.912,202.6,31,3008,0.853,seq_resync
controlled_weak_network_simulation,seq_mac,0.0,0.03,200,1000,512,2,0.9875,0.7448,0.0,0.912,202.6,31,3008,0.853,seq_resync
controlled_weak_network_simulation,seq_mac,0.0,0.03,200,1000,512,3,0.9855,0.7448,0.0,0.912,202.6,31,3008,0.853,seq_resync
controlled_weak_network_simulation,seq_mac,0.01,0.0,0,100,128,1,0.99,0.956,0.0,0.9,2.02,2,224,0.985,seq_resync
controlled_weak_network_simulation,seq_mac,0.01,0.0,0,100,128,2,0.988,0.956,0.0,0.9,2.02,2,224,0.985,seq_resync
controlled_weak_network_simulation,seq_mac,0.01,0.0,0,100,128,3,0.986,0.956,0.0,0.9,2.02,2,224,0.985,seq_resync
controlled_weak_network_simulation,seq_mac,0.01,0.0,0,100,512,1,0.99,0.956,0.0,0.9,2.02,2,224,0.985,seq_resync
controlled_weak_network_simulation,seq_mac,0.01,0.0,0,100,512,2,0.988,0.956,0.0,0.9,2.02,2,224,0.985,seq_resync
controlled_weak_network_simulation,seq_mac,0.01,0.0,0,100,512,3,0.986,0.956,0.0,0.9,2.02,2,224,0.985,seq_resync
controlled_weak_network_simulation,seq_mac,0.01,0.0,0,500,128,1,0.99,0.956,0.0,0.9,2.1,6,608,0.985,seq_resync
controlled_weak_network_simulation,seq_mac,0.01,0.0,0,500,128,2,0.988,0.956,0.0,0.9,2.1,6,608,0.985,seq_resync
controlled_weak_network_simulation,seq_mac,0.01,0.0,0,500,128,3,0.986,0.956,0.0,0.9,2.1,6,608,0.985,seq_resync
controlled_weak_network_simulation,seq_mac,0.01,0.0,0,500,512,1,0.99,0.956,0.0,0.9,2.1,6,608,0.985,seq_resync
controlled_weak_network_simulation,seq_mac,0.01,0.0,0,500,512,2,0.988,0.956,0.0,0.9,2.1,6,608,0.985,seq_resync
controlled_weak_network_simulation,seq_mac,0.01,0.0,0,500,512,3,0.986,0.956,0.0,0.9,2.1,6,608,0.985,seq_resync
controlled_weak_network_simulation,seq_mac,0.01,0.0,0,1000,128,1,0.99,0.956,0.0,0.9,2.2,11,1088,0.985,seq_resync
controlled_weak_network_simulation,seq_mac,0.01,0.0,0,1000,128,2,0.988,0.956,0.0,0.9,2.2,11,1088,0.985,seq_resync
controlled_weak_network_simulation,seq_mac,0.01,0.0,0,1000,128,3,0.986,0.956,0.0,0.9,2.2,11,1088,0.985,seq_resync
controlled_weak_network_simulation,seq_mac,0.01,0.0,0,1000,512,1,0.99,0.956,0.0,0.9,2.2,11,1088,0.985,seq_resync
controlled_weak_network_simulation,seq_mac,0.01,0.0,0,1000,512,2,0.988,0.956,0.0,0.9,2.2,11,1088,0.985,seq_resync
controlled_weak_network_simulation,seq_mac,0.01,0.0,0,1000,512,3,0.986,0.956,0.0,0.9,2.2,11,1088,0.985,seq_resync
controlled_weak_network_simulation,seq_mac,0.01,0.0,50,100,128,1,0.99,0.908,0.0,0.9,52.02,2,224,0.955,seq_resync
controlled_weak_network_simulation,seq_mac,0.01,0.0,50,100,128,2,0.988,0.908,0.0,0.9,52.02,2,224,0.955,seq_resync
controlled_weak_network_simulation,seq_mac,0.01,0.0,50,100,128,3,0.986,0.908,0.0,0.9,52.02,2,224,0.955,seq_resync
controlled_weak_network_simulation,seq_mac,0.01,0.0,50,100,512,1,0.99,0.908,0.0,0.9,52.02,2,224,0.955,seq_resync
controlled_weak_network_simulation,seq_mac,0.01,0.0,50,100,512,2,0.988,0.908,0.0,0.9,52.02,2,224,0.955,seq_resync
controlled_weak_network_simulation,seq_mac,0.01,0.0,50,100,512,3,0.986,0.908,0.0,0.9,52.02,2,224,0.955,seq_resync
controlled_weak_network_simulation,seq_mac,0.01,0.0,50,500,128,1,0.99,0.908,0.0,0.9,52.1,6,608,0.955,seq_resync
controlled_weak_network_simulation,seq_mac,0.01,0.0,50,500,128,2,0.988,0.908,0.0,0.9,52.1,6,608,0.955,seq_resync
controlled_weak_network_simulation,seq_mac,0.01,0.0,50,500,128,3,0.986,0.908,0.0,0.9,52.1,6,608,0.955,seq_resync
controlled_weak_network_simulation,seq_mac,0.01,0.0,50,500,512,1,0.99,0.908,0.0,0.9,52.1,6,608,0.955,seq_resync
controlled_weak_network_simulation,seq_mac,0.01,0.0,50,500,512,2,0.988,0.908,0.0,0.9,52.1,6,608,0.955,seq_resync
controlled_weak_network_simulation,seq_mac,0.01,0.0,50,500,512,3,0.986,0.908,0.0,0.9,52.1,6,608,0.955,seq_resync
controlled_weak_network_simulation,seq_mac,0.01,0.0,50,1000,128,1,0.99,0.908,0.0,0.9,52.2,11,1088,0.955,seq_resync
controlled_weak_network_simulation,seq_mac,0.01,0.0,50,1000,128,2,0.988,0.908,0.0,0.9,52.2,11,1088,0.955,seq_resync
controlled_weak_network_simulation,seq_mac,0.01,0.0,50,1000,128,3,0.986,0.908,0.0,0.9,52.2,11,1088,0.955,seq_resync
controlled_weak_network_simulation,seq_mac,0.01,0.0,50,1000,512,1,0.99,0.908,0.0,0.9,52.2,11,1088,0.955,seq_resync
controlled_weak_network_simulation,seq_mac,0.01,0.0,50,1000,512,2,0.988,0.908,0.0,0.9,52.2,11,1088,0.955,seq_resync
controlled_weak_network_simulation,seq_mac,0.01,0.0,50,1000,512,3,0.986,0.908,0.0,0.9,52.2,11,1088,0.955,seq_resync
controlled_weak_network_simulation,seq_mac,0.01,0.0,100,100,128,1,0.99,0.86,0.0,0.9,102.02,2,224,0.925,seq_resync
controlled_weak_network_simulation,seq_mac,0.01,0.0,100,100,128,2,0.988,0.86,0.0,0.9,102.02,2,224,0.925,seq_resync
controlled_weak_network_simulation,seq_mac,0.01,0.0,100,100,128,3,0.986,0.86,0.0,0.9,102.02,2,224,0.925,seq_resync
controlled_weak_network_simulation,seq_mac,0.01,0.0,100,100,512,1,0.99,0.86,0.0,0.9,102.02,2,224,0.925,seq_resync
controlled_weak_network_simulation,seq_mac,0.01,0.0,100,100,512,2,0.988,0.86,0.0,0.9,102.02,2,224,0.925,seq_resync
controlled_weak_network_simulation,seq_mac,0.01,0.0,100,100,512,3,0.986,0.86,0.0,0.9,102.02,2,224,0.925,seq_resync
controlled_weak_network_simulation,seq_mac,0.01,0.0,100,500,128,1,0.99,0.86,0.0,0.9,102.1,6,608,0.925,seq_resync
controlled_weak_network_simulation,seq_mac,0.01,0.0,100,500,128,2,0.988,0.86,0.0,0.9,102.1,6,608,0.925,seq_resync
controlled_weak_network_simulation,seq_mac,0.01,0.0,100,500,128,3,0.986,0.86,0.0,0.9,102.1,6,608,0.925,seq_resync
controlled_weak_network_simulation,seq_mac,0.01,0.0,100,500,512,1,0.99,0.86,0.0,0.9,102.1,6,608,0.925,seq_resync
controlled_weak_network_simulation,seq_mac,0.01,0.0,100,500,512,2,0.988,0.86,0.0,0.9,102.1,6,608,0.925,seq_resync
controlled_weak_network_simulation,seq_mac,0.01,0.0,100,500,512,3,0.986,0.86,0.0,0.9,102.1,6,608,0.925,seq_resync
controlled_weak_network_simulation,seq_mac,0.01,0.0,100,1000,128,1,0.99,0.86,0.0,0.9,102.2,11,1088,0.925,seq_resync
controlled_weak_network_simulation,seq_mac,0.01,0.0,100,1000,128,2,0.988,0.86,0.0,0.9,102.2,11,1088,0.925,seq_resync
controlled_weak_network_simulation,seq_mac,0.01,0.0,100,1000,128,3,0.986,0.86,0.0,0.9,102.2,11,1088,0.925,seq_resync
controlled_weak_network_simulation,seq_mac,0.01,0.0,100,1000,512,1,0.99,0.86,0.0,0.9,102.2,11,1088,0.925,seq_resync
controlled_weak_network_simulation,seq_mac,0.01,0.0,100,1000,512,2,0.988,0.86,0.0,0.9,102.2,11,1088,0.925,seq_resync
controlled_weak_network_simulation,seq_mac,0.01,0.0,100,1000,512,3,0.986,0.86,0.0,0.9,102.2,11,1088,0.925,seq_resync
controlled_weak_network_simulation,seq_mac,0.01,0.0,200,100,128,1,0.99,0.764,0.0,0.9,202.02,2,224,0.865,seq_resync
controlled_weak_network_simulation,seq_mac,0.01,0.0,200,100,128,2,0.988,0.764,0.0,0.9,202.02,2,224,0.865,seq_resync
controlled_weak_network_simulation,seq_mac,0.01,0.0,200,100,128,3,0.986,0.764,0.0,0.9,202.02,2,224,0.865,seq_resync
controlled_weak_network_simulation,seq_mac,0.01,0.0,200,100,512,1,0.99,0.764,0.0,0.9,202.02,2,224,0.865,seq_resync
controlled_weak_network_simulation,seq_mac,0.01,0.0,200,100,512,2,0.988,0.764,0.0,0.9,202.02,2,224,0.865,seq_resync
controlled_weak_network_simulation,seq_mac,0.01,0.0,200,100,512,3,0.986,0.764,0.0,0.9,202.02,2,224,0.865,seq_resync
controlled_weak_network_simulation,seq_mac,0.01,0.0,200,500,128,1,0.99,0.764,0.0,0.9,202.1,6,608,0.865,seq_resync
controlled_weak_network_simulation,seq_mac,0.01,0.0,200,500,128,2,0.988,0.764,0.0,0.9,202.1,6,608,0.865,seq_resync
controlled_weak_network_simulation,seq_mac,0.01,0.0,200,500,128,3,0.986,0.764,0.0,0.9,202.1,6,608,0.865,seq_resync
controlled_weak_network_simulation,seq_mac,0.01,0.0,200,500,512,1,0.99,0.764,0.0,0.9,202.1,6,608,0.865,seq_resync
controlled_weak_network_simulation,seq_mac,0.01,0.0,200,500,512,2,0.988,0.764,0.0,0.9,202.1,6,608,0.865,seq_resync
controlled_weak_network_simulation,seq_mac,0.01,0.0,200,500,512,3,0.986,0.764,0.0,0.9,202.1,6,608,0.865,seq_resync
controlled_weak_network_simulation,seq_mac,0.01,0.0,200,1000,128,1,0.99,0.764,0.0,0.9,202.2,11,1088,0.865,seq_resync
controlled_weak_network_simulation,seq_mac,0.01,0.0,200,1000,128,2,0.988,0.764,0.0,0.9,202.2,11,1088,0.865,seq_resync
controlled_weak_network_simulation,seq_mac,0.01,0.0,200,1000,128,3,0.986,0.764,0.0,0.9,202.2,11,1088,0.865,seq_resync
controlled_weak_network_simulation,seq_mac,0.01,0.0,200,1000,512,1,0.99,0.764,0.0,0.9,202.2,11,1088,0.865,seq_resync
controlled_weak_network_simulation,seq_mac,0.01,0.0,200,1000,512,2,0.988,0.764,0.0,0.9,202.2,11,1088,0.865,seq_resync
controlled_weak_network_simulation,seq_mac,0.01,0.0,200,1000,512,3,0.986,0.764,0.0,0.9,202.2,11,1088,0.865,seq_resync
controlled_weak_network_simulation,seq_mac,0.01,0.01,0,100,128,1,0.9865,0.9416,0.0,0.904,2.04,3,320,0.976,seq_resync
controlled_weak_network_simulation,seq_mac,0.01,0.01,0,100,128,2,0.9845,0.9416,0.0,0.904,2.04,3,320,0.976,seq_resync
controlled_weak_network_simulation,seq_mac,0.01,0.01,0,100,128,3,0.9825,0.9416,0.0,0.904,2.04,3,320,0.976,seq_resync
controlled_weak_network_simulation,seq_mac,0.01,0.01,0,100,512,1,0.9865,0.9416,0.0,0.904,2.04,3,320,0.976,seq_resync
controlled_weak_network_simulation,seq_mac,0.01,0.01,0,100,512,2,0.9845,0.9416,0.0,0.904,2.04,3,320,0.976,seq_resync
controlled_weak_network_simulation,seq_mac,0.01,0.01,0,100,512,3,0.9825,0.9416,0.0,0.904,2.04,3,320,0.976,seq_resync
controlled_weak_network_simulation,seq_mac,0.01,0.01,0,500,128,1,0.9865,0.9416,0.0,0.904,2.2,11,1088,0.976,seq_resync
controlled_weak_network_simulation,seq_mac,0.01,0.01,0,500,128,2,0.9845,0.9416,0.0,0.904,2.2,11,1088,0.976,seq_resync
controlled_weak_network_simulation,seq_mac,0.01,0.01,0,500,128,3,0.9825,0.9416,0.0,0.904,2.2,11,1088,0.976,seq_resync
controlled_weak_network_simulation,seq_mac,0.01,0.01,0,500,512,1,0.9865,0.9416,0.0,0.904,2.2,11,1088,0.976,seq_resync
controlled_weak_network_simulation,seq_mac,0.01,0.01,0,500,512,2,0.9845,0.9416,0.0,0.904,2.2,11,1088,0.976,seq_resync
controlled_weak_network_simulation,seq_mac,0.01,0.01,0,500,512,3,0.9825,0.9416,0.0,0.904,2.2,11,1088,0.976,seq_resync
controlled_weak_network_simulation,seq_mac,0.01,0.01,0,1000,128,1,0.9865,0.9416,0.0,0.904,2.4,21,2048,0.976,seq_resync
controlled_weak_network_simulation,seq_mac,0.01,0.01,0,1000,128,2,0.9845,0.9416,0.0,0.904,2.4,21,2048,0.976,seq_resync
controlled_weak_network_simulation,seq_mac,0.01,0.01,0,1000,128,3,0.9825,0.9416,0.0,0.904,2.4,21,2048,0.976,seq_resync
controlled_weak_network_simulation,seq_mac,0.01,0.01,0,1000,512,1,0.9865,0.9416,0.0,0.904,2.4,21,2048,0.976,seq_resync
controlled_weak_network_simulation,seq_mac,0.01,0.01,0,1000,512,2,0.9845,0.9416,0.0,0.904,2.4,21,2048,0.976,seq_resync
controlled_weak_network_simulation,seq_mac,0.01,0.01,0,1000,512,3,0.9825,0.9416,0.0,0.904,2.4,21,2048,0.976,seq_resync
controlled_weak_network_simulation,seq_mac,0.01,0.01,50,100,128,1,0.9865,0.8936,0.0,0.904,52.04,3,320,0.946,seq_resync
controlled_weak_network_simulation,seq_mac,0.01,0.01,50,100,128,2,0.9845,0.8936,0.0,0.904,52.04,3,320,0.946,seq_resync
controlled_weak_network_simulation,seq_mac,0.01,0.01,50,100,128,3,0.9825,0.8936,0.0,0.904,52.04,3,320,0.946,seq_resync
controlled_weak_network_simulation,seq_mac,0.01,0.01,50,100,512,1,0.9865,0.8936,0.0,0.904,52.04,3,320,0.946,seq_resync
controlled_weak_network_simulation,seq_mac,0.01,0.01,50,100,512,2,0.9845,0.8936,0.0,0.904,52.04,3,320,0.946,seq_resync
controlled_weak_network_simulation,seq_mac,0.01,0.01,50,100,512,3,0.9825,0.8936,0.0,0.904,52.04,3,320,0.946,seq_resync
controlled_weak_network_simulation,seq_mac,0.01,0.01,50,500,128,1,0.9865,0.8936,0.0,0.904,52.2,11,1088,0.946,seq_resync
controlled_weak_network_simulation,seq_mac,0.01,0.01,50,500,128,2,0.9845,0.8936,0.0,0.904,52.2,11,1088,0.946,seq_resync
controlled_weak_network_simulation,seq_mac,0.01,0.01,50,500,128,3,0.9825,0.8936,0.0,0.904,52.2,11,1088,0.946,seq_resync
controlled_weak_network_simulation,seq_mac,0.01,0.01,50,500,512,1,0.9865,0.8936,0.0,0.904,52.2,11,1088,0.946,seq_resync
controlled_weak_network_simulation,seq_mac,0.01,0.01,50,500,512,2,0.9845,0.8936,0.0,0.904,52.2,11,1088,0.946,seq_resync
controlled_weak_network_simulation,seq_mac,0.01,0.01,50,500,512,3,0.9825,0.8936,0.0,0.904,52.2,11,1088,0.946,seq_resync
controlled_weak_network_simulation,seq_mac,0.01,0.01,50,1000,128,1,0.9865,0.8936,0.0,0.904,52.4,21,2048,0.946,seq_resync
controlled_weak_network_simulation,seq_mac,0.01,0.01,50,1000,128,2,0.9845,0.8936,0.0,0.904,52.4,21,2048,0.946,seq_resync
controlled_weak_network_simulation,seq_mac,0.01,0.01,50,1000,128,3,0.9825,0.8936,0.0,0.904,52.4,21,2048,0.946,seq_resync
controlled_weak_network_simulation,seq_mac,0.01,0.01,50,1000,512,1,0.9865,0.8936,0.0,0.904,52.4,21,2048,0.946,seq_resync
controlled_weak_network_simulation,seq_mac,0.01,0.01,50,1000,512,2,0.9845,0.8936,0.0,0.904,52.4,21,2048,0.946,seq_resync
controlled_weak_network_simulation,seq_mac,0.01,0.01,50,1000,512,3,0.9825,0.8936,0.0,0.904,52.4,21,2048,0.946,seq_resync
controlled_weak_network_simulation,seq_mac,0.01,0.01,100,100,128,1,0.9865,0.8456,0.0,0.904,102.04,3,320,0.916,seq_resync
controlled_weak_network_simulation,seq_mac,0.01,0.01,100,100,128,2,0.9845,0.8456,0.0,0.904,102.04,3,320,0.916,seq_resync
controlled_weak_network_simulation,seq_mac,0.01,0.01,100,100,128,3,0.9825,0.8456,0.0,0.904,102.04,3,320,0.916,seq_resync
controlled_weak_network_simulation,seq_mac,0.01,0.01,100,100,512,1,0.9865,0.8456,0.0,0.904,102.04,3,320,0.916,seq_resync
controlled_weak_network_simulation,seq_mac,0.01,0.01,100,100,512,2,0.9845,0.8456,0.0,0.904,102.04,3,320,0.916,seq_resync
controlled_weak_network_simulation,seq_mac,0.01,0.01,100,100,512,3,0.9825,0.8456,0.0,0.904,102.04,3,320,0.916,seq_resync
controlled_weak_network_simulation,seq_mac,0.01,0.01,100,500,128,1,0.9865,0.8456,0.0,0.904,102.2,11,1088,0.916,seq_resync
controlled_weak_network_simulation,seq_mac,0.01,0.01,100,500,128,2,0.9845,0.8456,0.0,0.904,102.2,11,1088,0.916,seq_resync
controlled_weak_network_simulation,seq_mac,0.01,0.01,100,500,128,3,0.9825,0.8456,0.0,0.904,102.2,11,1088,0.916,seq_resync
controlled_weak_network_simulation,seq_mac,0.01,0.01,100,500,512,1,0.9865,0.8456,0.0,0.904,102.2,11,1088,0.916,seq_resync
controlled_weak_network_simulation,seq_mac,0.01,0.01,100,500,512,2,0.9845,0.8456,0.0,0.904,102.2,11,1088,0.916,seq_resync
controlled_weak_network_simulation,seq_mac,0.01,0.01,100,500,512,3,0.9825,0.8456,0.0,0.904,102.2,11,1088,0.916,seq_resync
controlled_weak_network_simulation,seq_mac,0.01,0.01,100,1000,128,1,0.9865,0.8456,0.0,0.904,102.4,21,2048,0.916,seq_resync
controlled_weak_network_simulation,seq_mac,0.01,0.01,100,1000,128,2,0.9845,0.8456,0.0,0.904,102.4,21,2048,0.916,seq_resync
controlled_weak_network_simulation,seq_mac,0.01,0.01,100,1000,128,3,0.9825,0.8456,0.0,0.904,102.4,21,2048,0.916,seq_resync
controlled_weak_network_simulation,seq_mac,0.01,0.01,100,1000,512,1,0.9865,0.8456,0.0,0.904,102.4,21,2048,0.916,seq_resync
controlled_weak_network_simulation,seq_mac,0.01,0.01,100,1000,512,2,0.9845,0.8456,0.0,0.904,102.4,21,2048,0.916,seq_resync
controlled_weak_network_simulation,seq_mac,0.01,0.01,100,1000,512,3,0.9825,0.8456,0.0,0.904,102.4,21,2048,0.916,seq_resync
controlled_weak_network_simulation,seq_mac,0.01,0.01,200,100,128,1,0.9865,0.7496,0.0,0.904,202.04,3,320,0.856,seq_resync
controlled_weak_network_simulation,seq_mac,0.01,0.01,200,100,128,2,0.9845,0.7496,0.0,0.904,202.04,3,320,0.856,seq_resync
controlled_weak_network_simulation,seq_mac,0.01,0.01,200,100,128,3,0.9825,0.7496,0.0,0.904,202.04,3,320,0.856,seq_resync
controlled_weak_network_simulation,seq_mac,0.01,0.01,200,100,512,1,0.9865,0.7496,0.0,0.904,202.04,3,320,0.856,seq_resync
controlled_weak_network_simulation,seq_mac,0.01,0.01,200,100,512,2,0.9845,0.7496,0.0,0.904,202.04,3,320,0.856,seq_resync
controlled_weak_network_simulation,seq_mac,0.01,0.01,200,100,512,3,0.9825,0.7496,0.0,0.904,202.04,3,320,0.856,seq_resync
controlled_weak_network_simulation,seq_mac,0.01,0.01,200,500,128,1,0.9865,0.7496,0.0,0.904,202.2,11,1088,0.856,seq_resync
controlled_weak_network_simulation,seq_mac,0.01,0.01,200,500,128,2,0.9845,0.7496,0.0,0.904,202.2,11,1088,0.856,seq_resync
controlled_weak_network_simulation,seq_mac,0.01,0.01,200,500,128,3,0.9825,0.7496,0.0,0.904,202.2,11,1088,0.856,seq_resync
controlled_weak_network_simulation,seq_mac,0.01,0.01,200,500,512,1,0.9865,0.7496,0.0,0.904,202.2,11,1088,0.856,seq_resync
controlled_weak_network_simulation,seq_mac,0.01,0.01,200,500,512,2,0.9845,0.7496,0.0,0.904,202.2,11,1088,0.856,seq_resync
controlled_weak_network_simulation,seq_mac,0.01,0.01,200,500,512,3,0.9825,0.7496,0.0,0.904,202.2,11,1088,0.856,seq_resync
controlled_weak_network_simulation,seq_mac,0.01,0.01,200,1000,128,1,0.9865,0.7496,0.0,0.904,202.4,21,2048,0.856,seq_resync
controlled_weak_network_simulation,seq_mac,0.01,0.01,200,1000,128,2,0.9845,0.7496,0.0,0.904,202.4,21,2048,0.856,seq_resync
controlled_weak_network_simulation,seq_mac,0.01,0.01,200,1000,128,3,0.9825,0.7496,0.0,0.904,202.4,21,2048,0.856,seq_resync
controlled_weak_network_simulation,seq_mac,0.01,0.01,200,1000,512,1,0.9865,0.7496,0.0,0.904,202.4,21,2048,0.856,seq_resync
controlled_weak_network_simulation,seq_mac,0.01,0.01,200,1000,512,2,0.9845,0.7496,0.0,0.904,202.4,21,2048,0.856,seq_resync
controlled_weak_network_simulation,seq_mac,0.01,0.01,200,1000,512,3,0.9825,0.7496,0.0,0.904,202.4,21,2048,0.856,seq_resync
controlled_weak_network_simulation,seq_mac,0.01,0.03,0,100,128,1,0.9795,0.9128,0.0,0.912,2.08,5,512,0.958,seq_resync
controlled_weak_network_simulation,seq_mac,0.01,0.03,0,100,128,2,0.9775,0.9128,0.0,0.912,2.08,5,512,0.958,seq_resync
controlled_weak_network_simulation,seq_mac,0.01,0.03,0,100,128,3,0.9755,0.9128,0.0,0.912,2.08,5,512,0.958,seq_resync
controlled_weak_network_simulation,seq_mac,0.01,0.03,0,100,512,1,0.9795,0.9128,0.0,0.912,2.08,5,512,0.958,seq_resync
controlled_weak_network_simulation,seq_mac,0.01,0.03,0,100,512,2,0.9775,0.9128,0.0,0.912,2.08,5,512,0.958,seq_resync
controlled_weak_network_simulation,seq_mac,0.01,0.03,0,100,512,3,0.9755,0.9128,0.0,0.912,2.08,5,512,0.958,seq_resync
controlled_weak_network_simulation,seq_mac,0.01,0.03,0,500,128,1,0.9795,0.9128,0.0,0.912,2.4,21,2048,0.958,seq_resync
controlled_weak_network_simulation,seq_mac,0.01,0.03,0,500,128,2,0.9775,0.9128,0.0,0.912,2.4,21,2048,0.958,seq_resync
controlled_weak_network_simulation,seq_mac,0.01,0.03,0,500,128,3,0.9755,0.9128,0.0,0.912,2.4,21,2048,0.958,seq_resync
controlled_weak_network_simulation,seq_mac,0.01,0.03,0,500,512,1,0.9795,0.9128,0.0,0.912,2.4,21,2048,0.958,seq_resync
controlled_weak_network_simulation,seq_mac,0.01,0.03,0,500,512,2,0.9775,0.9128,0.0,0.912,2.4,21,2048,0.958,seq_resync
controlled_weak_network_simulation,seq_mac,0.01,0.03,0,500,512,3,0.9755,0.9128,0.0,0.912,2.4,21,2048,0.958,seq_resync
controlled_weak_network_simulation,seq_mac,0.01,0.03,0,1000,128,1,0.9795,0.9128,0.0,0.912,2.8,41,3968,0.958,seq_resync
controlled_weak_network_simulation,seq_mac,0.01,0.03,0,1000,128,2,0.9775,0.9128,0.0,0.912,2.8,41,3968,0.958,seq_resync
controlled_weak_network_simulation,seq_mac,0.01,0.03,0,1000,128,3,0.9755,0.9128,0.0,0.912,2.8,41,3968,0.958,seq_resync
controlled_weak_network_simulation,seq_mac,0.01,0.03,0,1000,512,1,0.9795,0.9128,0.0,0.912,2.8,41,3968,0.958,seq_resync
controlled_weak_network_simulation,seq_mac,0.01,0.03,0,1000,512,2,0.9775,0.9128,0.0,0.912,2.8,41,3968,0.958,seq_resync
controlled_weak_network_simulation,seq_mac,0.01,0.03,0,1000,512,3,0.9755,0.9128,0.0,0.912,2.8,41,3968,0.958,seq_resync
controlled_weak_network_simulation,seq_mac,0.01,0.03,50,100,128,1,0.9795,0.8648,0.0,0.912,52.08,5,512,0.928,seq_resync
controlled_weak_network_simulation,seq_mac,0.01,0.03,50,100,128,2,0.9775,0.8648,0.0,0.912,52.08,5,512,0.928,seq_resync
controlled_weak_network_simulation,seq_mac,0.01,0.03,50,100,128,3,0.9755,0.8648,0.0,0.912,52.08,5,512,0.928,seq_resync
controlled_weak_network_simulation,seq_mac,0.01,0.03,50,100,512,1,0.9795,0.8648,0.0,0.912,52.08,5,512,0.928,seq_resync
controlled_weak_network_simulation,seq_mac,0.01,0.03,50,100,512,2,0.9775,0.8648,0.0,0.912,52.08,5,512,0.928,seq_resync
controlled_weak_network_simulation,seq_mac,0.01,0.03,50,100,512,3,0.9755,0.8648,0.0,0.912,52.08,5,512,0.928,seq_resync
controlled_weak_network_simulation,seq_mac,0.01,0.03,50,500,128,1,0.9795,0.8648,0.0,0.912,52.4,21,2048,0.928,seq_resync
controlled_weak_network_simulation,seq_mac,0.01,0.03,50,500,128,2,0.9775,0.8648,0.0,0.912,52.4,21,2048,0.928,seq_resync
controlled_weak_network_simulation,seq_mac,0.01,0.03,50,500,128,3,0.9755,0.8648,0.0,0.912,52.4,21,2048,0.928,seq_resync
controlled_weak_network_simulation,seq_mac,0.01,0.03,50,500,512,1,0.9795,0.8648,0.0,0.912,52.4,21,2048,0.928,seq_resync
controlled_weak_network_simulation,seq_mac,0.01,0.03,50,500,512,2,0.9775,0.8648,0.0,0.912,52.4,21,2048,0.928,seq_resync
controlled_weak_network_simulation,seq_mac,0.01,0.03,50,500,512,3,0.9755,0.8648,0.0,0.912,52.4,21,2048,0.928,seq_resync
controlled_weak_network_simulation,seq_mac,0.01,0.03,50,1000,128,1,0.9795,0.8648,0.0,0.912,52.8,41,3968,0.928,seq_resync
controlled_weak_network_simulation,seq_mac,0.01,0.03,50,1000,128,2,0.9775,0.8648,0.0,0.912,52.8,41,3968,0.928,seq_resync
controlled_weak_network_simulation,seq_mac,0.01,0.03,50,1000,128,3,0.9755,0.8648,0.0,0.912,52.8,41,3968,0.928,seq_resync
controlled_weak_network_simulation,seq_mac,0.01,0.03,50,1000,512,1,0.9795,0.8648,0.0,0.912,52.8,41,3968,0.928,seq_resync
controlled_weak_network_simulation,seq_mac,0.01,0.03,50,1000,512,2,0.9775,0.8648,0.0,0.912,52.8,41,3968,0.928,seq_resync
controlled_weak_network_simulation,seq_mac,0.01,0.03,50,1000,512,3,0.9755,0.8648,0.0,0.912,52.8,41,3968,0.928,seq_resync
controlled_weak_network_simulation,seq_mac,0.01,0.03,100,100,128,1,0.9795,0.8168,0.0,0.912,102.08,5,512,0.898,seq_resync
controlled_weak_network_simulation,seq_mac,0.01,0.03,100,100,128,2,0.9775,0.8168,0.0,0.912,102.08,5,512,0.898,seq_resync
controlled_weak_network_simulation,seq_mac,0.01,0.03,100,100,128,3,0.9755,0.8168,0.0,0.912,102.08,5,512,0.898,seq_resync
controlled_weak_network_simulation,seq_mac,0.01,0.03,100,100,512,1,0.9795,0.8168,0.0,0.912,102.08,5,512,0.898,seq_resync
controlled_weak_network_simulation,seq_mac,0.01,0.03,100,100,512,2,0.9775,0.8168,0.0,0.912,102.08,5,512,0.898,seq_resync
controlled_weak_network_simulation,seq_mac,0.01,0.03,100,100,512,3,0.9755,0.8168,0.0,0.912,102.08,5,512,0.898,seq_resync
controlled_weak_network_simulation,seq_mac,0.01,0.03,100,500,128,1,0.9795,0.8168,0.0,0.912,102.4,21,2048,0.898,seq_resync
controlled_weak_network_simulation,seq_mac,0.01,0.03,100,500,128,2,0.9775,0.8168,0.0,0.912,102.4,21,2048,0.898,seq_resync
controlled_weak_network_simulation,seq_mac,0.01,0.03,100,500,128,3,0.9755,0.8168,0.0,0.912,102.4,21,2048,0.898,seq_resync
controlled_weak_network_simulation,seq_mac,0.01,0.03,100,500,512,1,0.9795,0.8168,0.0,0.912,102.4,21,2048,0.898,seq_resync
controlled_weak_network_simulation,seq_mac,0.01,0.03,100,500,512,2,0.9775,0.8168,0.0,0.912,102.4,21,2048,0.898,seq_resync
controlled_weak_network_simulation,seq_mac,0.01,0.03,100,500,512,3,0.9755,0.8168,0.0,0.912,102.4,21,2048,0.898,seq_resync
controlled_weak_network_simulation,seq_mac,0.01,0.03,100,1000,128,1,0.9795,0.8168,0.0,0.912,102.8,41,3968,0.898,seq_resync
controlled_weak_network_simulation,seq_mac,0.01,0.03,100,1000,128,2,0.9775,0.8168,0.0,0.912,102.8,41,3968,0.898,seq_resync
controlled_weak_network_simulation,seq_mac,0.01,0.03,100,1000,128,3,0.9755,0.8168,0.0,0.912,102.8,41,3968,0.898,seq_resync
controlled_weak_network_simulation,seq_mac,0.01,0.03,100,1000,512,1,0.9795,0.8168,0.0,0.912,102.8,41,3968,0.898,seq_resync
controlled_weak_network_simulation,seq_mac,0.01,0.03,100,1000,512,2,0.9775,0.8168,0.0,0.912,102.8,41,3968,0.898,seq_resync
controlled_weak_network_simulation,seq_mac,0.01,0.03,100,1000,512,3,0.9755,0.8168,0.0,0.912,102.8,41,3968,0.898,seq_resync
controlled_weak_network_simulation,seq_mac,0.01,0.03,200,100,128,1,0.9795,0.7208,0.0,0.912,202.08,5,512,0.838,seq_resync
controlled_weak_network_simulation,seq_mac,0.01,0.03,200,100,128,2,0.9775,0.7208,0.0,0.912,202.08,5,512,0.838,seq_resync
controlled_weak_network_simulation,seq_mac,0.01,0.03,200,100,128,3,0.9755,0.7208,0.0,0.912,202.08,5,512,0.838,seq_resync
controlled_weak_network_simulation,seq_mac,0.01,0.03,200,100,512,1,0.9795,0.7208,0.0,0.912,202.08,5,512,0.838,seq_resync
controlled_weak_network_simulation,seq_mac,0.01,0.03,200,100,512,2,0.9775,0.7208,0.0,0.912,202.08,5,512,0.838,seq_resync
controlled_weak_network_simulation,seq_mac,0.01,0.03,200,100,512,3,0.9755,0.7208,0.0,0.912,202.08,5,512,0.838,seq_resync
controlled_weak_network_simulation,seq_mac,0.01,0.03,200,500,128,1,0.9795,0.7208,0.0,0.912,202.4,21,2048,0.838,seq_resync
controlled_weak_network_simulation,seq_mac,0.01,0.03,200,500,128,2,0.9775,0.7208,0.0,0.912,202.4,21,2048,0.838,seq_resync
controlled_weak_network_simulation,seq_mac,0.01,0.03,200,500,128,3,0.9755,0.7208,0.0,0.912,202.4,21,2048,0.838,seq_resync
controlled_weak_network_simulation,seq_mac,0.01,0.03,200,500,512,1,0.9795,0.7208,0.0,0.912,202.4,21,2048,0.838,seq_resync
controlled_weak_network_simulation,seq_mac,0.01,0.03,200,500,512,2,0.9775,0.7208,0.0,0.912,202.4,21,2048,0.838,seq_resync
controlled_weak_network_simulation,seq_mac,0.01,0.03,200,500,512,3,0.9755,0.7208,0.0,0.912,202.4,21,2048,0.838,seq_resync
controlled_weak_network_simulation,seq_mac,0.01,0.03,200,1000,128,1,0.9795,0.7208,0.0,0.912,202.8,41,3968,0.838,seq_resync
controlled_weak_network_simulation,seq_mac,0.01,0.03,200,1000,128,2,0.9775,0.7208,0.0,0.912,202.8,41,3968,0.838,seq_resync
controlled_weak_network_simulation,seq_mac,0.01,0.03,200,1000,128,3,0.9755,0.7208,0.0,0.912,202.8,41,3968,0.838,seq_resync
controlled_weak_network_simulation,seq_mac,0.01,0.03,200,1000,512,1,0.9795,0.7208,0.0,0.912,202.8,41,3968,0.838,seq_resync
controlled_weak_network_simulation,seq_mac,0.01,0.03,200,1000,512,2,0.9775,0.7208,0.0,0.912,202.8,41,3968,0.838,seq_resync
controlled_weak_network_simulation,seq_mac,0.01,0.03,200,1000,512,3,0.9755,0.7208,0.0,0.912,202.8,41,3968,0.838,seq_resync
controlled_weak_network_simulation,seq_mac,0.03,0.0,0,100,128,1,0.97,0.908,0.0,0.9,2.06,4,416,0.955,seq_resync
controlled_weak_network_simulation,seq_mac,0.03,0.0,0,100,128,2,0.968,0.908,0.0,0.9,2.06,4,416,0.955,seq_resync
controlled_weak_network_simulation,seq_mac,0.03,0.0,0,100,128,3,0.966,0.908,0.0,0.9,2.06,4,416,0.955,seq_resync
controlled_weak_network_simulation,seq_mac,0.03,0.0,0,100,512,1,0.97,0.908,0.0,0.9,2.06,4,416,0.955,seq_resync
controlled_weak_network_simulation,seq_mac,0.03,0.0,0,100,512,2,0.968,0.908,0.0,0.9,2.06,4,416,0.955,seq_resync
controlled_weak_network_simulation,seq_mac,0.03,0.0,0,100,512,3,0.966,0.908,0.0,0.9,2.06,4,416,0.955,seq_resync
controlled_weak_network_simulation,seq_mac,0.03,0.0,0,500,128,1,0.97,0.908,0.0,0.9,2.3,16,1568,0.955,seq_resync
controlled_weak_network_simulation,seq_mac,0.03,0.0,0,500,128,2,0.968,0.908,0.0,0.9,2.3,16,1568,0.955,seq_resync
controlled_weak_network_simulation,seq_mac,0.03,0.0,0,500,128,3,0.966,0.908,0.0,0.9,2.3,16,1568,0.955,seq_resync
controlled_weak_network_simulation,seq_mac,0.03,0.0,0,500,512,1,0.97,0.908,0.0,0.9,2.3,16,1568,0.955,seq_resync
controlled_weak_network_simulation,seq_mac,0.03,0.0,0,500,512,2,0.968,0.908,0.0,0.9,2.3,16,1568,0.955,seq_resync
controlled_weak_network_simulation,seq_mac,0.03,0.0,0,500,512,3,0.966,0.908,0.0,0.9,2.3,16,1568,0.955,seq_resync
controlled_weak_network_simulation,seq_mac,0.03,0.0,0,1000,128,1,0.97,0.908,0.0,0.9,2.6,31,3008,0.955,seq_resync
controlled_weak_network_simulation,seq_mac,0.03,0.0,0,1000,128,2,0.968,0.908,0.0,0.9,2.6,31,3008,0.955,seq_resync
controlled_weak_network_simulation,seq_mac,0.03,0.0,0,1000,128,3,0.966,0.908,0.0,0.9,2.6,31,3008,0.955,seq_resync
controlled_weak_network_simulation,seq_mac,0.03,0.0,0,1000,512,1,0.97,0.908,0.0,0.9,2.6,31,3008,0.955,seq_resync
controlled_weak_network_simulation,seq_mac,0.03,0.0,0,1000,512,2,0.968,0.908,0.0,0.9,2.6,31,3008,0.955,seq_resync
controlled_weak_network_simulation,seq_mac,0.03,0.0,0,1000,512,3,0.966,0.908,0.0,0.9,2.6,31,3008,0.955,seq_resync
controlled_weak_network_simulation,seq_mac,0.03,0.0,50,100,128,1,0.97,0.86,0.0,0.9,52.06,4,416,0.925,seq_resync
controlled_weak_network_simulation,seq_mac,0.03,0.0,50,100,128,2,0.968,0.86,0.0,0.9,52.06,4,416,0.925,seq_resync
controlled_weak_network_simulation,seq_mac,0.03,0.0,50,100,128,3,0.966,0.86,0.0,0.9,52.06,4,416,0.925,seq_resync
controlled_weak_network_simulation,seq_mac,0.03,0.0,50,100,512,1,0.97,0.86,0.0,0.9,52.06,4,416,0.925,seq_resync
controlled_weak_network_simulation,seq_mac,0.03,0.0,50,100,512,2,0.968,0.86,0.0,0.9,52.06,4,416,0.925,seq_resync
controlled_weak_network_simulation,seq_mac,0.03,0.0,50,100,512,3,0.966,0.86,0.0,0.9,52.06,4,416,0.925,seq_resync
controlled_weak_network_simulation,seq_mac,0.03,0.0,50,500,128,1,0.97,0.86,0.0,0.9,52.3,16,1568,0.925,seq_resync
controlled_weak_network_simulation,seq_mac,0.03,0.0,50,500,128,2,0.968,0.86,0.0,0.9,52.3,16,1568,0.925,seq_resync
controlled_weak_network_simulation,seq_mac,0.03,0.0,50,500,128,3,0.966,0.86,0.0,0.9,52.3,16,1568,0.925,seq_resync
controlled_weak_network_simulation,seq_mac,0.03,0.0,50,500,512,1,0.97,0.86,0.0,0.9,52.3,16,1568,0.925,seq_resync
controlled_weak_network_simulation,seq_mac,0.03,0.0,50,500,512,2,0.968,0.86,0.0,0.9,52.3,16,1568,0.925,seq_resync
controlled_weak_network_simulation,seq_mac,0.03,0.0,50,500,512,3,0.966,0.86,0.0,0.9,52.3,16,1568,0.925,seq_resync
controlled_weak_network_simulation,seq_mac,0.03,0.0,50,1000,128,1,0.97,0.86,0.0,0.9,52.6,31,3008,0.925,seq_resync
controlled_weak_network_simulation,seq_mac,0.03,0.0,50,1000,128,2,0.968,0.86,0.0,0.9,52.6,31,3008,0.925,seq_resync
controlled_weak_network_simulation,seq_mac,0.03,0.0,50,1000,128,3,0.966,0.86,0.0,0.9,52.6,31,3008,0.925,seq_resync
controlled_weak_network_simulation,seq_mac,0.03,0.0,50,1000,512,1,0.97,0.86,0.0,0.9,52.6,31,3008,0.925,seq_resync
controlled_weak_network_simulation,seq_mac,0.03,0.0,50,1000,512,2,0.968,0.86,0.0,0.9,52.6,31,3008,0.925,seq_resync
controlled_weak_network_simulation,seq_mac,0.03,0.0,50,1000,512,3,0.966,0.86,0.0,0.9,52.6,31,3008,0.925,seq_resync
controlled_weak_network_simulation,seq_mac,0.03,0.0,100,100,128,1,0.97,0.812,0.0,0.9,102.06,4,416,0.895,seq_resync
controlled_weak_network_simulation,seq_mac,0.03,0.0,100,100,128,2,0.968,0.812,0.0,0.9,102.06,4,416,0.895,seq_resync
controlled_weak_network_simulation,seq_mac,0.03,0.0,100,100,128,3,0.966,0.812,0.0,0.9,102.06,4,416,0.895,seq_resync
controlled_weak_network_simulation,seq_mac,0.03,0.0,100,100,512,1,0.97,0.812,0.0,0.9,102.06,4,416,0.895,seq_resync
controlled_weak_network_simulation,seq_mac,0.03,0.0,100,100,512,2,0.968,0.812,0.0,0.9,102.06,4,416,0.895,seq_resync
controlled_weak_network_simulation,seq_mac,0.03,0.0,100,100,512,3,0.966,0.812,0.0,0.9,102.06,4,416,0.895,seq_resync
controlled_weak_network_simulation,seq_mac,0.03,0.0,100,500,128,1,0.97,0.812,0.0,0.9,102.3,16,1568,0.895,seq_resync
controlled_weak_network_simulation,seq_mac,0.03,0.0,100,500,128,2,0.968,0.812,0.0,0.9,102.3,16,1568,0.895,seq_resync
controlled_weak_network_simulation,seq_mac,0.03,0.0,100,500,128,3,0.966,0.812,0.0,0.9,102.3,16,1568,0.895,seq_resync
controlled_weak_network_simulation,seq_mac,0.03,0.0,100,500,512,1,0.97,0.812,0.0,0.9,102.3,16,1568,0.895,seq_resync
controlled_weak_network_simulation,seq_mac,0.03,0.0,100,500,512,2,0.968,0.812,0.0,0.9,102.3,16,1568,0.895,seq_resync
controlled_weak_network_simulation,seq_mac,0.03,0.0,100,500,512,3,0.966,0.812,0.0,0.9,102.3,16,1568,0.895,seq_resync
controlled_weak_network_simulation,seq_mac,0.03,0.0,100,1000,128,1,0.97,0.812,0.0,0.9,102.6,31,3008,0.895,seq_resync
controlled_weak_network_simulation,seq_mac,0.03,0.0,100,1000,128,2,0.968,0.812,0.0,0.9,102.6,31,3008,0.895,seq_resync
controlled_weak_network_simulation,seq_mac,0.03,0.0,100,1000,128,3,0.966,0.812,0.0,0.9,102.6,31,3008,0.895,seq_resync
controlled_weak_network_simulation,seq_mac,0.03,0.0,100,1000,512,1,0.97,0.812,0.0,0.9,102.6,31,3008,0.895,seq_resync
controlled_weak_network_simulation,seq_mac,0.03,0.0,100,1000,512,2,0.968,0.812,0.0,0.9,102.6,31,3008,0.895,seq_resync
controlled_weak_network_simulation,seq_mac,0.03,0.0,100,1000,512,3,0.966,0.812,0.0,0.9,102.6,31,3008,0.895,seq_resync
controlled_weak_network_simulation,seq_mac,0.03,0.0,200,100,128,1,0.97,0.716,0.0,0.9,202.06,4,416,0.835,seq_resync
controlled_weak_network_simulation,seq_mac,0.03,0.0,200,100,128,2,0.968,0.716,0.0,0.9,202.06,4,416,0.835,seq_resync
controlled_weak_network_simulation,seq_mac,0.03,0.0,200,100,128,3,0.966,0.716,0.0,0.9,202.06,4,416,0.835,seq_resync
controlled_weak_network_simulation,seq_mac,0.03,0.0,200,100,512,1,0.97,0.716,0.0,0.9,202.06,4,416,0.835,seq_resync
controlled_weak_network_simulation,seq_mac,0.03,0.0,200,100,512,2,0.968,0.716,0.0,0.9,202.06,4,416,0.835,seq_resync
controlled_weak_network_simulation,seq_mac,0.03,0.0,200,100,512,3,0.966,0.716,0.0,0.9,202.06,4,416,0.835,seq_resync
controlled_weak_network_simulation,seq_mac,0.03,0.0,200,500,128,1,0.97,0.716,0.0,0.9,202.3,16,1568,0.835,seq_resync
controlled_weak_network_simulation,seq_mac,0.03,0.0,200,500,128,2,0.968,0.716,0.0,0.9,202.3,16,1568,0.835,seq_resync
controlled_weak_network_simulation,seq_mac,0.03,0.0,200,500,128,3,0.966,0.716,0.0,0.9,202.3,16,1568,0.835,seq_resync
controlled_weak_network_simulation,seq_mac,0.03,0.0,200,500,512,1,0.97,0.716,0.0,0.9,202.3,16,1568,0.835,seq_resync
controlled_weak_network_simulation,seq_mac,0.03,0.0,200,500,512,2,0.968,0.716,0.0,0.9,202.3,16,1568,0.835,seq_resync
controlled_weak_network_simulation,seq_mac,0.03,0.0,200,500,512,3,0.966,0.716,0.0,0.9,202.3,16,1568,0.835,seq_resync
controlled_weak_network_simulation,seq_mac,0.03,0.0,200,1000,128,1,0.97,0.716,0.0,0.9,202.6,31,3008,0.835,seq_resync
controlled_weak_network_simulation,seq_mac,0.03,0.0,200,1000,128,2,0.968,0.716,0.0,0.9,202.6,31,3008,0.835,seq_resync
controlled_weak_network_simulation,seq_mac,0.03,0.0,200,1000,128,3,0.966,0.716,0.0,0.9,202.6,31,3008,0.835,seq_resync
controlled_weak_network_simulation,seq_mac,0.03,0.0,200,1000,512,1,0.97,0.716,0.0,0.9,202.6,31,3008,0.835,seq_resync
controlled_weak_network_simulation,seq_mac,0.03,0.0,200,1000,512,2,0.968,0.716,0.0,0.9,202.6,31,3008,0.835,seq_resync
controlled_weak_network_simulation,seq_mac,0.03,0.0,200,1000,512,3,0.966,0.716,0.0,0.9,202.6,31,3008,0.835,seq_resync
controlled_weak_network_simulation,seq_mac,0.03,0.01,0,100,128,1,0.9665,0.8936,0.0,0.904,2.08,5,512,0.946,seq_resync
controlled_weak_network_simulation,seq_mac,0.03,0.01,0,100,128,2,0.9645,0.8936,0.0,0.904,2.08,5,512,0.946,seq_resync
controlled_weak_network_simulation,seq_mac,0.03,0.01,0,100,128,3,0.9625,0.8936,0.0,0.904,2.08,5,512,0.946,seq_resync
controlled_weak_network_simulation,seq_mac,0.03,0.01,0,100,512,1,0.9665,0.8936,0.0,0.904,2.08,5,512,0.946,seq_resync
controlled_weak_network_simulation,seq_mac,0.03,0.01,0,100,512,2,0.9645,0.8936,0.0,0.904,2.08,5,512,0.946,seq_resync
controlled_weak_network_simulation,seq_mac,0.03,0.01,0,100,512,3,0.9625,0.8936,0.0,0.904,2.08,5,512,0.946,seq_resync
controlled_weak_network_simulation,seq_mac,0.03,0.01,0,500,128,1,0.9665,0.8936,0.0,0.904,2.4,21,2048,0.946,seq_resync
controlled_weak_network_simulation,seq_mac,0.03,0.01,0,500,128,2,0.9645,0.8936,0.0,0.904,2.4,21,2048,0.946,seq_resync
controlled_weak_network_simulation,seq_mac,0.03,0.01,0,500,128,3,0.9625,0.8936,0.0,0.904,2.4,21,2048,0.946,seq_resync
controlled_weak_network_simulation,seq_mac,0.03,0.01,0,500,512,1,0.9665,0.8936,0.0,0.904,2.4,21,2048,0.946,seq_resync
controlled_weak_network_simulation,seq_mac,0.03,0.01,0,500,512,2,0.9645,0.8936,0.0,0.904,2.4,21,2048,0.946,seq_resync
controlled_weak_network_simulation,seq_mac,0.03,0.01,0,500,512,3,0.9625,0.8936,0.0,0.904,2.4,21,2048,0.946,seq_resync
controlled_weak_network_simulation,seq_mac,0.03,0.01,0,1000,128,1,0.9665,0.8936,0.0,0.904,2.8,41,3968,0.946,seq_resync
controlled_weak_network_simulation,seq_mac,0.03,0.01,0,1000,128,2,0.9645,0.8936,0.0,0.904,2.8,41,3968,0.946,seq_resync
controlled_weak_network_simulation,seq_mac,0.03,0.01,0,1000,128,3,0.9625,0.8936,0.0,0.904,2.8,41,3968,0.946,seq_resync
controlled_weak_network_simulation,seq_mac,0.03,0.01,0,1000,512,1,0.9665,0.8936,0.0,0.904,2.8,41,3968,0.946,seq_resync
controlled_weak_network_simulation,seq_mac,0.03,0.01,0,1000,512,2,0.9645,0.8936,0.0,0.904,2.8,41,3968,0.946,seq_resync
controlled_weak_network_simulation,seq_mac,0.03,0.01,0,1000,512,3,0.9625,0.8936,0.0,0.904,2.8,41,3968,0.946,seq_resync
controlled_weak_network_simulation,seq_mac,0.03,0.01,50,100,128,1,0.9665,0.8456,0.0,0.904,52.08,5,512,0.916,seq_resync
controlled_weak_network_simulation,seq_mac,0.03,0.01,50,100,128,2,0.9645,0.8456,0.0,0.904,52.08,5,512,0.916,seq_resync
controlled_weak_network_simulation,seq_mac,0.03,0.01,50,100,128,3,0.9625,0.8456,0.0,0.904,52.08,5,512,0.916,seq_resync
controlled_weak_network_simulation,seq_mac,0.03,0.01,50,100,512,1,0.9665,0.8456,0.0,0.904,52.08,5,512,0.916,seq_resync
controlled_weak_network_simulation,seq_mac,0.03,0.01,50,100,512,2,0.9645,0.8456,0.0,0.904,52.08,5,512,0.916,seq_resync
controlled_weak_network_simulation,seq_mac,0.03,0.01,50,100,512,3,0.9625,0.8456,0.0,0.904,52.08,5,512,0.916,seq_resync
controlled_weak_network_simulation,seq_mac,0.03,0.01,50,500,128,1,0.9665,0.8456,0.0,0.904,52.4,21,2048,0.916,seq_resync
controlled_weak_network_simulation,seq_mac,0.03,0.01,50,500,128,2,0.9645,0.8456,0.0,0.904,52.4,21,2048,0.916,seq_resync
controlled_weak_network_simulation,seq_mac,0.03,0.01,50,500,128,3,0.9625,0.8456,0.0,0.904,52.4,21,2048,0.916,seq_resync
controlled_weak_network_simulation,seq_mac,0.03,0.01,50,500,512,1,0.9665,0.8456,0.0,0.904,52.4,21,2048,0.916,seq_resync
controlled_weak_network_simulation,seq_mac,0.03,0.01,50,500,512,2,0.9645,0.8456,0.0,0.904,52.4,21,2048,0.916,seq_resync
controlled_weak_network_simulation,seq_mac,0.03,0.01,50,500,512,3,0.9625,0.8456,0.0,0.904,52.4,21,2048,0.916,seq_resync
controlled_weak_network_simulation,seq_mac,0.03,0.01,50,1000,128,1,0.9665,0.8456,0.0,0.904,52.8,41,3968,0.916,seq_resync
controlled_weak_network_simulation,seq_mac,0.03,0.01,50,1000,128,2,0.9645,0.8456,0.0,0.904,52.8,41,3968,0.916,seq_resync
controlled_weak_network_simulation,seq_mac,0.03,0.01,50,1000,128,3,0.9625,0.8456,0.0,0.904,52.8,41,3968,0.916,seq_resync
controlled_weak_network_simulation,seq_mac,0.03,0.01,50,1000,512,1,0.9665,0.8456,0.0,0.904,52.8,41,3968,0.916,seq_resync
controlled_weak_network_simulation,seq_mac,0.03,0.01,50,1000,512,2,0.9645,0.8456,0.0,0.904,52.8,41,3968,0.916,seq_resync
controlled_weak_network_simulation,seq_mac,0.03,0.01,50,1000,512,3,0.9625,0.8456,0.0,0.904,52.8,41,3968,0.916,seq_resync
controlled_weak_network_simulation,seq_mac,0.03,0.01,100,100,128,1,0.9665,0.7976,0.0,0.904,102.08,5,512,0.886,seq_resync
controlled_weak_network_simulation,seq_mac,0.03,0.01,100,100,128,2,0.9645,0.7976,0.0,0.904,102.08,5,512,0.886,seq_resync
controlled_weak_network_simulation,seq_mac,0.03,0.01,100,100,128,3,0.9625,0.7976,0.0,0.904,102.08,5,512,0.886,seq_resync
controlled_weak_network_simulation,seq_mac,0.03,0.01,100,100,512,1,0.9665,0.7976,0.0,0.904,102.08,5,512,0.886,seq_resync
controlled_weak_network_simulation,seq_mac,0.03,0.01,100,100,512,2,0.9645,0.7976,0.0,0.904,102.08,5,512,0.886,seq_resync
controlled_weak_network_simulation,seq_mac,0.03,0.01,100,100,512,3,0.9625,0.7976,0.0,0.904,102.08,5,512,0.886,seq_resync
controlled_weak_network_simulation,seq_mac,0.03,0.01,100,500,128,1,0.9665,0.7976,0.0,0.904,102.4,21,2048,0.886,seq_resync
controlled_weak_network_simulation,seq_mac,0.03,0.01,100,500,128,2,0.9645,0.7976,0.0,0.904,102.4,21,2048,0.886,seq_resync
controlled_weak_network_simulation,seq_mac,0.03,0.01,100,500,128,3,0.9625,0.7976,0.0,0.904,102.4,21,2048,0.886,seq_resync
controlled_weak_network_simulation,seq_mac,0.03,0.01,100,500,512,1,0.9665,0.7976,0.0,0.904,102.4,21,2048,0.886,seq_resync
controlled_weak_network_simulation,seq_mac,0.03,0.01,100,500,512,2,0.9645,0.7976,0.0,0.904,102.4,21,2048,0.886,seq_resync
controlled_weak_network_simulation,seq_mac,0.03,0.01,100,500,512,3,0.9625,0.7976,0.0,0.904,102.4,21,2048,0.886,seq_resync
controlled_weak_network_simulation,seq_mac,0.03,0.01,100,1000,128,1,0.9665,0.7976,0.0,0.904,102.8,41,3968,0.886,seq_resync
controlled_weak_network_simulation,seq_mac,0.03,0.01,100,1000,128,2,0.9645,0.7976,0.0,0.904,102.8,41,3968,0.886,seq_resync
controlled_weak_network_simulation,seq_mac,0.03,0.01,100,1000,128,3,0.9625,0.7976,0.0,0.904,102.8,41,3968,0.886,seq_resync
controlled_weak_network_simulation,seq_mac,0.03,0.01,100,1000,512,1,0.9665,0.7976,0.0,0.904,102.8,41,3968,0.886,seq_resync
controlled_weak_network_simulation,seq_mac,0.03,0.01,100,1000,512,2,0.9645,0.7976,0.0,0.904,102.8,41,3968,0.886,seq_resync
controlled_weak_network_simulation,seq_mac,0.03,0.01,100,1000,512,3,0.9625,0.7976,0.0,0.904,102.8,41,3968,0.886,seq_resync
controlled_weak_network_simulation,seq_mac,0.03,0.01,200,100,128,1,0.9665,0.7016,0.0,0.904,202.08,5,512,0.826,seq_resync
controlled_weak_network_simulation,seq_mac,0.03,0.01,200,100,128,2,0.9645,0.7016,0.0,0.904,202.08,5,512,0.826,seq_resync
controlled_weak_network_simulation,seq_mac,0.03,0.01,200,100,128,3,0.9625,0.7016,0.0,0.904,202.08,5,512,0.826,seq_resync
controlled_weak_network_simulation,seq_mac,0.03,0.01,200,100,512,1,0.9665,0.7016,0.0,0.904,202.08,5,512,0.826,seq_resync
controlled_weak_network_simulation,seq_mac,0.03,0.01,200,100,512,2,0.9645,0.7016,0.0,0.904,202.08,5,512,0.826,seq_resync
controlled_weak_network_simulation,seq_mac,0.03,0.01,200,100,512,3,0.9625,0.7016,0.0,0.904,202.08,5,512,0.826,seq_resync
controlled_weak_network_simulation,seq_mac,0.03,0.01,200,500,128,1,0.9665,0.7016,0.0,0.904,202.4,21,2048,0.826,seq_resync
controlled_weak_network_simulation,seq_mac,0.03,0.01,200,500,128,2,0.9645,0.7016,0.0,0.904,202.4,21,2048,0.826,seq_resync
controlled_weak_network_simulation,seq_mac,0.03,0.01,200,500,128,3,0.9625,0.7016,0.0,0.904,202.4,21,2048,0.826,seq_resync
controlled_weak_network_simulation,seq_mac,0.03,0.01,200,500,512,1,0.9665,0.7016,0.0,0.904,202.4,21,2048,0.826,seq_resync
controlled_weak_network_simulation,seq_mac,0.03,0.01,200,500,512,2,0.9645,0.7016,0.0,0.904,202.4,21,2048,0.826,seq_resync
controlled_weak_network_simulation,seq_mac,0.03,0.01,200,500,512,3,0.9625,0.7016,0.0,0.904,202.4,21,2048,0.826,seq_resync
controlled_weak_network_simulation,seq_mac,0.03,0.01,200,1000,128,1,0.9665,0.7016,0.0,0.904,202.8,41,3968,0.826,seq_resync
controlled_weak_network_simulation,seq_mac,0.03,0.01,200,1000,128,2,0.9645,0.7016,0.0,0.904,202.8,41,3968,0.826,seq_resync
controlled_weak_network_simulation,seq_mac,0.03,0.01,200,1000,128,3,0.9625,0.7016,0.0,0.904,202.8,41,3968,0.826,seq_resync
controlled_weak_network_simulation,seq_mac,0.03,0.01,200,1000,512,1,0.9665,0.7016,0.0,0.904,202.8,41,3968,0.826,seq_resync
controlled_weak_network_simulation,seq_mac,0.03,0.01,200,1000,512,2,0.9645,0.7016,0.0,0.904,202.8,41,3968,0.826,seq_resync
controlled_weak_network_simulation,seq_mac,0.03,0.01,200,1000,512,3,0.9625,0.7016,0.0,0.904,202.8,41,3968,0.826,seq_resync
controlled_weak_network_simulation,seq_mac,0.03,0.03,0,100,128,1,0.9595,0.8648,0.0,0.912,2.12,7,704,0.928,seq_resync
controlled_weak_network_simulation,seq_mac,0.03,0.03,0,100,128,2,0.9575,0.8648,0.0,0.912,2.12,7,704,0.928,seq_resync
controlled_weak_network_simulation,seq_mac,0.03,0.03,0,100,128,3,0.9555,0.8648,0.0,0.912,2.12,7,704,0.928,seq_resync
controlled_weak_network_simulation,seq_mac,0.03,0.03,0,100,512,1,0.9595,0.8648,0.0,0.912,2.12,7,704,0.928,seq_resync
controlled_weak_network_simulation,seq_mac,0.03,0.03,0,100,512,2,0.9575,0.8648,0.0,0.912,2.12,7,704,0.928,seq_resync
controlled_weak_network_simulation,seq_mac,0.03,0.03,0,100,512,3,0.9555,0.8648,0.0,0.912,2.12,7,704,0.928,seq_resync
controlled_weak_network_simulation,seq_mac,0.03,0.03,0,500,128,1,0.9595,0.8648,0.0,0.912,2.6,31,3008,0.928,seq_resync
controlled_weak_network_simulation,seq_mac,0.03,0.03,0,500,128,2,0.9575,0.8648,0.0,0.912,2.6,31,3008,0.928,seq_resync
controlled_weak_network_simulation,seq_mac,0.03,0.03,0,500,128,3,0.9555,0.8648,0.0,0.912,2.6,31,3008,0.928,seq_resync
controlled_weak_network_simulation,seq_mac,0.03,0.03,0,500,512,1,0.9595,0.8648,0.0,0.912,2.6,31,3008,0.928,seq_resync
controlled_weak_network_simulation,seq_mac,0.03,0.03,0,500,512,2,0.9575,0.8648,0.0,0.912,2.6,31,3008,0.928,seq_resync
controlled_weak_network_simulation,seq_mac,0.03,0.03,0,500,512,3,0.9555,0.8648,0.0,0.912,2.6,31,3008,0.928,seq_resync
controlled_weak_network_simulation,seq_mac,0.03,0.03,0,1000,128,1,0.9595,0.8648,0.0,0.912,3.2,61,5888,0.928,seq_resync
controlled_weak_network_simulation,seq_mac,0.03,0.03,0,1000,128,2,0.9575,0.8648,0.0,0.912,3.2,61,5888,0.928,seq_resync
controlled_weak_network_simulation,seq_mac,0.03,0.03,0,1000,128,3,0.9555,0.8648,0.0,0.912,3.2,61,5888,0.928,seq_resync
controlled_weak_network_simulation,seq_mac,0.03,0.03,0,1000,512,1,0.9595,0.8648,0.0,0.912,3.2,61,5888,0.928,seq_resync
controlled_weak_network_simulation,seq_mac,0.03,0.03,0,1000,512,2,0.9575,0.8648,0.0,0.912,3.2,61,5888,0.928,seq_resync
controlled_weak_network_simulation,seq_mac,0.03,0.03,0,1000,512,3,0.9555,0.8648,0.0,0.912,3.2,61,5888,0.928,seq_resync
controlled_weak_network_simulation,seq_mac,0.03,0.03,50,100,128,1,0.9595,0.8168,0.0,0.912,52.12,7,704,0.898,seq_resync
controlled_weak_network_simulation,seq_mac,0.03,0.03,50,100,128,2,0.9575,0.8168,0.0,0.912,52.12,7,704,0.898,seq_resync
controlled_weak_network_simulation,seq_mac,0.03,0.03,50,100,128,3,0.9555,0.8168,0.0,0.912,52.12,7,704,0.898,seq_resync
controlled_weak_network_simulation,seq_mac,0.03,0.03,50,100,512,1,0.9595,0.8168,0.0,0.912,52.12,7,704,0.898,seq_resync
controlled_weak_network_simulation,seq_mac,0.03,0.03,50,100,512,2,0.9575,0.8168,0.0,0.912,52.12,7,704,0.898,seq_resync
controlled_weak_network_simulation,seq_mac,0.03,0.03,50,100,512,3,0.9555,0.8168,0.0,0.912,52.12,7,704,0.898,seq_resync
controlled_weak_network_simulation,seq_mac,0.03,0.03,50,500,128,1,0.9595,0.8168,0.0,0.912,52.6,31,3008,0.898,seq_resync
controlled_weak_network_simulation,seq_mac,0.03,0.03,50,500,128,2,0.9575,0.8168,0.0,0.912,52.6,31,3008,0.898,seq_resync
controlled_weak_network_simulation,seq_mac,0.03,0.03,50,500,128,3,0.9555,0.8168,0.0,0.912,52.6,31,3008,0.898,seq_resync
controlled_weak_network_simulation,seq_mac,0.03,0.03,50,500,512,1,0.9595,0.8168,0.0,0.912,52.6,31,3008,0.898,seq_resync
controlled_weak_network_simulation,seq_mac,0.03,0.03,50,500,512,2,0.9575,0.8168,0.0,0.912,52.6,31,3008,0.898,seq_resync
controlled_weak_network_simulation,seq_mac,0.03,0.03,50,500,512,3,0.9555,0.8168,0.0,0.912,52.6,31,3008,0.898,seq_resync
controlled_weak_network_simulation,seq_mac,0.03,0.03,50,1000,128,1,0.9595,0.8168,0.0,0.912,53.2,61,5888,0.898,seq_resync
controlled_weak_network_simulation,seq_mac,0.03,0.03,50,1000,128,2,0.9575,0.8168,0.0,0.912,53.2,61,5888,0.898,seq_resync
controlled_weak_network_simulation,seq_mac,0.03,0.03,50,1000,128,3,0.9555,0.8168,0.0,0.912,53.2,61,5888,0.898,seq_resync
controlled_weak_network_simulation,seq_mac,0.03,0.03,50,1000,512,1,0.9595,0.8168,0.0,0.912,53.2,61,5888,0.898,seq_resync
controlled_weak_network_simulation,seq_mac,0.03,0.03,50,1000,512,2,0.9575,0.8168,0.0,0.912,53.2,61,5888,0.898,seq_resync
controlled_weak_network_simulation,seq_mac,0.03,0.03,50,1000,512,3,0.9555,0.8168,0.0,0.912,53.2,61,5888,0.898,seq_resync
controlled_weak_network_simulation,seq_mac,0.03,0.03,100,100,128,1,0.9595,0.7688,0.0,0.912,102.12,7,704,0.868,seq_resync
controlled_weak_network_simulation,seq_mac,0.03,0.03,100,100,128,2,0.9575,0.7688,0.0,0.912,102.12,7,704,0.868,seq_resync
controlled_weak_network_simulation,seq_mac,0.03,0.03,100,100,128,3,0.9555,0.7688,0.0,0.912,102.12,7,704,0.868,seq_resync
controlled_weak_network_simulation,seq_mac,0.03,0.03,100,100,512,1,0.9595,0.7688,0.0,0.912,102.12,7,704,0.868,seq_resync
controlled_weak_network_simulation,seq_mac,0.03,0.03,100,100,512,2,0.9575,0.7688,0.0,0.912,102.12,7,704,0.868,seq_resync
controlled_weak_network_simulation,seq_mac,0.03,0.03,100,100,512,3,0.9555,0.7688,0.0,0.912,102.12,7,704,0.868,seq_resync
controlled_weak_network_simulation,seq_mac,0.03,0.03,100,500,128,1,0.9595,0.7688,0.0,0.912,102.6,31,3008,0.868,seq_resync
controlled_weak_network_simulation,seq_mac,0.03,0.03,100,500,128,2,0.9575,0.7688,0.0,0.912,102.6,31,3008,0.868,seq_resync
controlled_weak_network_simulation,seq_mac,0.03,0.03,100,500,128,3,0.9555,0.7688,0.0,0.912,102.6,31,3008,0.868,seq_resync
controlled_weak_network_simulation,seq_mac,0.03,0.03,100,500,512,1,0.9595,0.7688,0.0,0.912,102.6,31,3008,0.868,seq_resync
controlled_weak_network_simulation,seq_mac,0.03,0.03,100,500,512,2,0.9575,0.7688,0.0,0.912,102.6,31,3008,0.868,seq_resync
controlled_weak_network_simulation,seq_mac,0.03,0.03,100,500,512,3,0.9555,0.7688,0.0,0.912,102.6,31,3008,0.868,seq_resync
controlled_weak_network_simulation,seq_mac,0.03,0.03,100,1000,128,1,0.9595,0.7688,0.0,0.912,103.2,61,5888,0.868,seq_resync
controlled_weak_network_simulation,seq_mac,0.03,0.03,100,1000,128,2,0.9575,0.7688,0.0,0.912,103.2,61,5888,0.868,seq_resync
controlled_weak_network_simulation,seq_mac,0.03,0.03,100,1000,128,3,0.9555,0.7688,0.0,0.912,103.2,61,5888,0.868,seq_resync
controlled_weak_network_simulation,seq_mac,0.03,0.03,100,1000,512,1,0.9595,0.7688,0.0,0.912,103.2,61,5888,0.868,seq_resync
controlled_weak_network_simulation,seq_mac,0.03,0.03,100,1000,512,2,0.9575,0.7688,0.0,0.912,103.2,61,5888,0.868,seq_resync
controlled_weak_network_simulation,seq_mac,0.03,0.03,100,1000,512,3,0.9555,0.7688,0.0,0.912,103.2,61,5888,0.868,seq_resync
controlled_weak_network_simulation,seq_mac,0.03,0.03,200,100,128,1,0.9595,0.6728,0.0,0.912,202.12,7,704,0.808,seq_resync
controlled_weak_network_simulation,seq_mac,0.03,0.03,200,100,128,2,0.9575,0.6728,0.0,0.912,202.12,7,704,0.808,seq_resync
controlled_weak_network_simulation,seq_mac,0.03,0.03,200,100,128,3,0.9555,0.6728,0.0,0.912,202.12,7,704,0.808,seq_resync
controlled_weak_network_simulation,seq_mac,0.03,0.03,200,100,512,1,0.9595,0.6728,0.0,0.912,202.12,7,704,0.808,seq_resync
controlled_weak_network_simulation,seq_mac,0.03,0.03,200,100,512,2,0.9575,0.6728,0.0,0.912,202.12,7,704,0.808,seq_resync
controlled_weak_network_simulation,seq_mac,0.03,0.03,200,100,512,3,0.9555,0.6728,0.0,0.912,202.12,7,704,0.808,seq_resync
controlled_weak_network_simulation,seq_mac,0.03,0.03,200,500,128,1,0.9595,0.6728,0.0,0.912,202.6,31,3008,0.808,seq_resync
controlled_weak_network_simulation,seq_mac,0.03,0.03,200,500,128,2,0.9575,0.6728,0.0,0.912,202.6,31,3008,0.808,seq_resync
controlled_weak_network_simulation,seq_mac,0.03,0.03,200,500,128,3,0.9555,0.6728,0.0,0.912,202.6,31,3008,0.808,seq_resync
controlled_weak_network_simulation,seq_mac,0.03,0.03,200,500,512,1,0.9595,0.6728,0.0,0.912,202.6,31,3008,0.808,seq_resync
controlled_weak_network_simulation,seq_mac,0.03,0.03,200,500,512,2,0.9575,0.6728,0.0,0.912,202.6,31,3008,0.808,seq_resync
controlled_weak_network_simulation,seq_mac,0.03,0.03,200,500,512,3,0.9555,0.6728,0.0,0.912,202.6,31,3008,0.808,seq_resync
controlled_weak_network_simulation,seq_mac,0.03,0.03,200,1000,128,1,0.9595,0.6728,0.0,0.912,203.2,61,5888,0.808,seq_resync
controlled_weak_network_simulation,seq_mac,0.03,0.03,200,1000,128,2,0.9575,0.6728,0.0,0.912,203.2,61,5888,0.808,seq_resync
controlled_weak_network_simulation,seq_mac,0.03,0.03,200,1000,128,3,0.9555,0.6728,0.0,0.912,203.2,61,5888,0.808,seq_resync
controlled_weak_network_simulation,seq_mac,0.03,0.03,200,1000,512,1,0.9595,0.6728,0.0,0.912,203.2,61,5888,0.808,seq_resync
controlled_weak_network_simulation,seq_mac,0.03,0.03,200,1000,512,2,0.9575,0.6728,0.0,0.912,203.2,61,5888,0.808,seq_resync
controlled_weak_network_simulation,seq_mac,0.03,0.03,200,1000,512,3,0.9555,0.6728,0.0,0.912,203.2,61,5888,0.808,seq_resync
controlled_weak_network_simulation,seq_mac,0.05,0.0,0,100,128,1,0.95,0.86,0.0,0.9,2.1,6,608,0.925,seq_resync
controlled_weak_network_simulation,seq_mac,0.05,0.0,0,100,128,2,0.948,0.86,0.0,0.9,2.1,6,608,0.925,seq_resync
controlled_weak_network_simulation,seq_mac,0.05,0.0,0,100,128,3,0.946,0.86,0.0,0.9,2.1,6,608,0.925,seq_resync
controlled_weak_network_simulation,seq_mac,0.05,0.0,0,100,512,1,0.95,0.86,0.0,0.9,2.1,6,608,0.925,seq_resync
controlled_weak_network_simulation,seq_mac,0.05,0.0,0,100,512,2,0.948,0.86,0.0,0.9,2.1,6,608,0.925,seq_resync
controlled_weak_network_simulation,seq_mac,0.05,0.0,0,100,512,3,0.946,0.86,0.0,0.9,2.1,6,608,0.925,seq_resync
controlled_weak_network_simulation,seq_mac,0.05,0.0,0,500,128,1,0.95,0.86,0.0,0.9,2.5,26,2528,0.925,seq_resync
controlled_weak_network_simulation,seq_mac,0.05,0.0,0,500,128,2,0.948,0.86,0.0,0.9,2.5,26,2528,0.925,seq_resync
controlled_weak_network_simulation,seq_mac,0.05,0.0,0,500,128,3,0.946,0.86,0.0,0.9,2.5,26,2528,0.925,seq_resync
controlled_weak_network_simulation,seq_mac,0.05,0.0,0,500,512,1,0.95,0.86,0.0,0.9,2.5,26,2528,0.925,seq_resync
controlled_weak_network_simulation,seq_mac,0.05,0.0,0,500,512,2,0.948,0.86,0.0,0.9,2.5,26,2528,0.925,seq_resync
controlled_weak_network_simulation,seq_mac,0.05,0.0,0,500,512,3,0.946,0.86,0.0,0.9,2.5,26,2528,0.925,seq_resync
controlled_weak_network_simulation,seq_mac,0.05,0.0,0,1000,128,1,0.95,0.86,0.0,0.9,3.0,51,4928,0.925,seq_resync
controlled_weak_network_simulation,seq_mac,0.05,0.0,0,1000,128,2,0.948,0.86,0.0,0.9,3.0,51,4928,0.925,seq_resync
controlled_weak_network_simulation,seq_mac,0.05,0.0,0,1000,128,3,0.946,0.86,0.0,0.9,3.0,51,4928,0.925,seq_resync
controlled_weak_network_simulation,seq_mac,0.05,0.0,0,1000,512,1,0.95,0.86,0.0,0.9,3.0,51,4928,0.925,seq_resync
controlled_weak_network_simulation,seq_mac,0.05,0.0,0,1000,512,2,0.948,0.86,0.0,0.9,3.0,51,4928,0.925,seq_resync
controlled_weak_network_simulation,seq_mac,0.05,0.0,0,1000,512,3,0.946,0.86,0.0,0.9,3.0,51,4928,0.925,seq_resync
controlled_weak_network_simulation,seq_mac,0.05,0.0,50,100,128,1,0.95,0.812,0.0,0.9,52.1,6,608,0.895,seq_resync
controlled_weak_network_simulation,seq_mac,0.05,0.0,50,100,128,2,0.948,0.812,0.0,0.9,52.1,6,608,0.895,seq_resync
controlled_weak_network_simulation,seq_mac,0.05,0.0,50,100,128,3,0.946,0.812,0.0,0.9,52.1,6,608,0.895,seq_resync
controlled_weak_network_simulation,seq_mac,0.05,0.0,50,100,512,1,0.95,0.812,0.0,0.9,52.1,6,608,0.895,seq_resync
controlled_weak_network_simulation,seq_mac,0.05,0.0,50,100,512,2,0.948,0.812,0.0,0.9,52.1,6,608,0.895,seq_resync
controlled_weak_network_simulation,seq_mac,0.05,0.0,50,100,512,3,0.946,0.812,0.0,0.9,52.1,6,608,0.895,seq_resync
controlled_weak_network_simulation,seq_mac,0.05,0.0,50,500,128,1,0.95,0.812,0.0,0.9,52.5,26,2528,0.895,seq_resync
controlled_weak_network_simulation,seq_mac,0.05,0.0,50,500,128,2,0.948,0.812,0.0,0.9,52.5,26,2528,0.895,seq_resync
controlled_weak_network_simulation,seq_mac,0.05,0.0,50,500,128,3,0.946,0.812,0.0,0.9,52.5,26,2528,0.895,seq_resync
controlled_weak_network_simulation,seq_mac,0.05,0.0,50,500,512,1,0.95,0.812,0.0,0.9,52.5,26,2528,0.895,seq_resync
controlled_weak_network_simulation,seq_mac,0.05,0.0,50,500,512,2,0.948,0.812,0.0,0.9,52.5,26,2528,0.895,seq_resync
controlled_weak_network_simulation,seq_mac,0.05,0.0,50,500,512,3,0.946,0.812,0.0,0.9,52.5,26,2528,0.895,seq_resync
controlled_weak_network_simulation,seq_mac,0.05,0.0,50,1000,128,1,0.95,0.812,0.0,0.9,53.0,51,4928,0.895,seq_resync
controlled_weak_network_simulation,seq_mac,0.05,0.0,50,1000,128,2,0.948,0.812,0.0,0.9,53.0,51,4928,0.895,seq_resync
controlled_weak_network_simulation,seq_mac,0.05,0.0,50,1000,128,3,0.946,0.812,0.0,0.9,53.0,51,4928,0.895,seq_resync
controlled_weak_network_simulation,seq_mac,0.05,0.0,50,1000,512,1,0.95,0.812,0.0,0.9,53.0,51,4928,0.895,seq_resync
controlled_weak_network_simulation,seq_mac,0.05,0.0,50,1000,512,2,0.948,0.812,0.0,0.9,53.0,51,4928,0.895,seq_resync
controlled_weak_network_simulation,seq_mac,0.05,0.0,50,1000,512,3,0.946,0.812,0.0,0.9,53.0,51,4928,0.895,seq_resync
controlled_weak_network_simulation,seq_mac,0.05,0.0,100,100,128,1,0.95,0.764,0.0,0.9,102.1,6,608,0.865,seq_resync
controlled_weak_network_simulation,seq_mac,0.05,0.0,100,100,128,2,0.948,0.764,0.0,0.9,102.1,6,608,0.865,seq_resync
controlled_weak_network_simulation,seq_mac,0.05,0.0,100,100,128,3,0.946,0.764,0.0,0.9,102.1,6,608,0.865,seq_resync
controlled_weak_network_simulation,seq_mac,0.05,0.0,100,100,512,1,0.95,0.764,0.0,0.9,102.1,6,608,0.865,seq_resync
controlled_weak_network_simulation,seq_mac,0.05,0.0,100,100,512,2,0.948,0.764,0.0,0.9,102.1,6,608,0.865,seq_resync
controlled_weak_network_simulation,seq_mac,0.05,0.0,100,100,512,3,0.946,0.764,0.0,0.9,102.1,6,608,0.865,seq_resync
controlled_weak_network_simulation,seq_mac,0.05,0.0,100,500,128,1,0.95,0.764,0.0,0.9,102.5,26,2528,0.865,seq_resync
controlled_weak_network_simulation,seq_mac,0.05,0.0,100,500,128,2,0.948,0.764,0.0,0.9,102.5,26,2528,0.865,seq_resync
controlled_weak_network_simulation,seq_mac,0.05,0.0,100,500,128,3,0.946,0.764,0.0,0.9,102.5,26,2528,0.865,seq_resync
controlled_weak_network_simulation,seq_mac,0.05,0.0,100,500,512,1,0.95,0.764,0.0,0.9,102.5,26,2528,0.865,seq_resync
controlled_weak_network_simulation,seq_mac,0.05,0.0,100,500,512,2,0.948,0.764,0.0,0.9,102.5,26,2528,0.865,seq_resync
controlled_weak_network_simulation,seq_mac,0.05,0.0,100,500,512,3,0.946,0.764,0.0,0.9,102.5,26,2528,0.865,seq_resync
controlled_weak_network_simulation,seq_mac,0.05,0.0,100,1000,128,1,0.95,0.764,0.0,0.9,103.0,51,4928,0.865,seq_resync
controlled_weak_network_simulation,seq_mac,0.05,0.0,100,1000,128,2,0.948,0.764,0.0,0.9,103.0,51,4928,0.865,seq_resync
controlled_weak_network_simulation,seq_mac,0.05,0.0,100,1000,128,3,0.946,0.764,0.0,0.9,103.0,51,4928,0.865,seq_resync
controlled_weak_network_simulation,seq_mac,0.05,0.0,100,1000,512,1,0.95,0.764,0.0,0.9,103.0,51,4928,0.865,seq_resync
controlled_weak_network_simulation,seq_mac,0.05,0.0,100,1000,512,2,0.948,0.764,0.0,0.9,103.0,51,4928,0.865,seq_resync
controlled_weak_network_simulation,seq_mac,0.05,0.0,100,1000,512,3,0.946,0.764,0.0,0.9,103.0,51,4928,0.865,seq_resync
controlled_weak_network_simulation,seq_mac,0.05,0.0,200,100,128,1,0.95,0.668,0.0,0.9,202.1,6,608,0.805,seq_resync
controlled_weak_network_simulation,seq_mac,0.05,0.0,200,100,128,2,0.948,0.668,0.0,0.9,202.1,6,608,0.805,seq_resync
controlled_weak_network_simulation,seq_mac,0.05,0.0,200,100,128,3,0.946,0.668,0.0,0.9,202.1,6,608,0.805,seq_resync
controlled_weak_network_simulation,seq_mac,0.05,0.0,200,100,512,1,0.95,0.668,0.0,0.9,202.1,6,608,0.805,seq_resync
controlled_weak_network_simulation,seq_mac,0.05,0.0,200,100,512,2,0.948,0.668,0.0,0.9,202.1,6,608,0.805,seq_resync
controlled_weak_network_simulation,seq_mac,0.05,0.0,200,100,512,3,0.946,0.668,0.0,0.9,202.1,6,608,0.805,seq_resync
controlled_weak_network_simulation,seq_mac,0.05,0.0,200,500,128,1,0.95,0.668,0.0,0.9,202.5,26,2528,0.805,seq_resync
controlled_weak_network_simulation,seq_mac,0.05,0.0,200,500,128,2,0.948,0.668,0.0,0.9,202.5,26,2528,0.805,seq_resync
controlled_weak_network_simulation,seq_mac,0.05,0.0,200,500,128,3,0.946,0.668,0.0,0.9,202.5,26,2528,0.805,seq_resync
controlled_weak_network_simulation,seq_mac,0.05,0.0,200,500,512,1,0.95,0.668,0.0,0.9,202.5,26,2528,0.805,seq_resync
controlled_weak_network_simulation,seq_mac,0.05,0.0,200,500,512,2,0.948,0.668,0.0,0.9,202.5,26,2528,0.805,seq_resync
controlled_weak_network_simulation,seq_mac,0.05,0.0,200,500,512,3,0.946,0.668,0.0,0.9,202.5,26,2528,0.805,seq_resync
controlled_weak_network_simulation,seq_mac,0.05,0.0,200,1000,128,1,0.95,0.668,0.0,0.9,203.0,51,4928,0.805,seq_resync
controlled_weak_network_simulation,seq_mac,0.05,0.0,200,1000,128,2,0.948,0.668,0.0,0.9,203.0,51,4928,0.805,seq_resync
controlled_weak_network_simulation,seq_mac,0.05,0.0,200,1000,128,3,0.946,0.668,0.0,0.9,203.0,51,4928,0.805,seq_resync
controlled_weak_network_simulation,seq_mac,0.05,0.0,200,1000,512,1,0.95,0.668,0.0,0.9,203.0,51,4928,0.805,seq_resync
controlled_weak_network_simulation,seq_mac,0.05,0.0,200,1000,512,2,0.948,0.668,0.0,0.9,203.0,51,4928,0.805,seq_resync
controlled_weak_network_simulation,seq_mac,0.05,0.0,200,1000,512,3,0.946,0.668,0.0,0.9,203.0,51,4928,0.805,seq_resync
controlled_weak_network_simulation,seq_mac,0.05,0.01,0,100,128,1,0.9465,0.8456,0.0,0.904,2.12,7,704,0.916,seq_resync
controlled_weak_network_simulation,seq_mac,0.05,0.01,0,100,128,2,0.9445,0.8456,0.0,0.904,2.12,7,704,0.916,seq_resync
controlled_weak_network_simulation,seq_mac,0.05,0.01,0,100,128,3,0.9425,0.8456,0.0,0.904,2.12,7,704,0.916,seq_resync
controlled_weak_network_simulation,seq_mac,0.05,0.01,0,100,512,1,0.9465,0.8456,0.0,0.904,2.12,7,704,0.916,seq_resync
controlled_weak_network_simulation,seq_mac,0.05,0.01,0,100,512,2,0.9445,0.8456,0.0,0.904,2.12,7,704,0.916,seq_resync
controlled_weak_network_simulation,seq_mac,0.05,0.01,0,100,512,3,0.9425,0.8456,0.0,0.904,2.12,7,704,0.916,seq_resync
controlled_weak_network_simulation,seq_mac,0.05,0.01,0,500,128,1,0.9465,0.8456,0.0,0.904,2.6,31,3008,0.916,seq_resync
controlled_weak_network_simulation,seq_mac,0.05,0.01,0,500,128,2,0.9445,0.8456,0.0,0.904,2.6,31,3008,0.916,seq_resync
controlled_weak_network_simulation,seq_mac,0.05,0.01,0,500,128,3,0.9425,0.8456,0.0,0.904,2.6,31,3008,0.916,seq_resync
controlled_weak_network_simulation,seq_mac,0.05,0.01,0,500,512,1,0.9465,0.8456,0.0,0.904,2.6,31,3008,0.916,seq_resync
controlled_weak_network_simulation,seq_mac,0.05,0.01,0,500,512,2,0.9445,0.8456,0.0,0.904,2.6,31,3008,0.916,seq_resync
controlled_weak_network_simulation,seq_mac,0.05,0.01,0,500,512,3,0.9425,0.8456,0.0,0.904,2.6,31,3008,0.916,seq_resync
controlled_weak_network_simulation,seq_mac,0.05,0.01,0,1000,128,1,0.9465,0.8456,0.0,0.904,3.2,61,5888,0.916,seq_resync
controlled_weak_network_simulation,seq_mac,0.05,0.01,0,1000,128,2,0.9445,0.8456,0.0,0.904,3.2,61,5888,0.916,seq_resync
controlled_weak_network_simulation,seq_mac,0.05,0.01,0,1000,128,3,0.9425,0.8456,0.0,0.904,3.2,61,5888,0.916,seq_resync
controlled_weak_network_simulation,seq_mac,0.05,0.01,0,1000,512,1,0.9465,0.8456,0.0,0.904,3.2,61,5888,0.916,seq_resync
controlled_weak_network_simulation,seq_mac,0.05,0.01,0,1000,512,2,0.9445,0.8456,0.0,0.904,3.2,61,5888,0.916,seq_resync
controlled_weak_network_simulation,seq_mac,0.05,0.01,0,1000,512,3,0.9425,0.8456,0.0,0.904,3.2,61,5888,0.916,seq_resync
controlled_weak_network_simulation,seq_mac,0.05,0.01,50,100,128,1,0.9465,0.7976,0.0,0.904,52.12,7,704,0.886,seq_resync
controlled_weak_network_simulation,seq_mac,0.05,0.01,50,100,128,2,0.9445,0.7976,0.0,0.904,52.12,7,704,0.886,seq_resync
controlled_weak_network_simulation,seq_mac,0.05,0.01,50,100,128,3,0.9425,0.7976,0.0,0.904,52.12,7,704,0.886,seq_resync
controlled_weak_network_simulation,seq_mac,0.05,0.01,50,100,512,1,0.9465,0.7976,0.0,0.904,52.12,7,704,0.886,seq_resync
controlled_weak_network_simulation,seq_mac,0.05,0.01,50,100,512,2,0.9445,0.7976,0.0,0.904,52.12,7,704,0.886,seq_resync
controlled_weak_network_simulation,seq_mac,0.05,0.01,50,100,512,3,0.9425,0.7976,0.0,0.904,52.12,7,704,0.886,seq_resync
controlled_weak_network_simulation,seq_mac,0.05,0.01,50,500,128,1,0.9465,0.7976,0.0,0.904,52.6,31,3008,0.886,seq_resync
controlled_weak_network_simulation,seq_mac,0.05,0.01,50,500,128,2,0.9445,0.7976,0.0,0.904,52.6,31,3008,0.886,seq_resync
controlled_weak_network_simulation,seq_mac,0.05,0.01,50,500,128,3,0.9425,0.7976,0.0,0.904,52.6,31,3008,0.886,seq_resync
controlled_weak_network_simulation,seq_mac,0.05,0.01,50,500,512,1,0.9465,0.7976,0.0,0.904,52.6,31,3008,0.886,seq_resync
controlled_weak_network_simulation,seq_mac,0.05,0.01,50,500,512,2,0.9445,0.7976,0.0,0.904,52.6,31,3008,0.886,seq_resync
controlled_weak_network_simulation,seq_mac,0.05,0.01,50,500,512,3,0.9425,0.7976,0.0,0.904,52.6,31,3008,0.886,seq_resync
controlled_weak_network_simulation,seq_mac,0.05,0.01,50,1000,128,1,0.9465,0.7976,0.0,0.904,53.2,61,5888,0.886,seq_resync
controlled_weak_network_simulation,seq_mac,0.05,0.01,50,1000,128,2,0.9445,0.7976,0.0,0.904,53.2,61,5888,0.886,seq_resync
controlled_weak_network_simulation,seq_mac,0.05,0.01,50,1000,128,3,0.9425,0.7976,0.0,0.904,53.2,61,5888,0.886,seq_resync
controlled_weak_network_simulation,seq_mac,0.05,0.01,50,1000,512,1,0.9465,0.7976,0.0,0.904,53.2,61,5888,0.886,seq_resync
controlled_weak_network_simulation,seq_mac,0.05,0.01,50,1000,512,2,0.9445,0.7976,0.0,0.904,53.2,61,5888,0.886,seq_resync
controlled_weak_network_simulation,seq_mac,0.05,0.01,50,1000,512,3,0.9425,0.7976,0.0,0.904,53.2,61,5888,0.886,seq_resync
controlled_weak_network_simulation,seq_mac,0.05,0.01,100,100,128,1,0.9465,0.7496,0.0,0.904,102.12,7,704,0.856,seq_resync
controlled_weak_network_simulation,seq_mac,0.05,0.01,100,100,128,2,0.9445,0.7496,0.0,0.904,102.12,7,704,0.856,seq_resync
controlled_weak_network_simulation,seq_mac,0.05,0.01,100,100,128,3,0.9425,0.7496,0.0,0.904,102.12,7,704,0.856,seq_resync
controlled_weak_network_simulation,seq_mac,0.05,0.01,100,100,512,1,0.9465,0.7496,0.0,0.904,102.12,7,704,0.856,seq_resync
controlled_weak_network_simulation,seq_mac,0.05,0.01,100,100,512,2,0.9445,0.7496,0.0,0.904,102.12,7,704,0.856,seq_resync
controlled_weak_network_simulation,seq_mac,0.05,0.01,100,100,512,3,0.9425,0.7496,0.0,0.904,102.12,7,704,0.856,seq_resync
controlled_weak_network_simulation,seq_mac,0.05,0.01,100,500,128,1,0.9465,0.7496,0.0,0.904,102.6,31,3008,0.856,seq_resync
controlled_weak_network_simulation,seq_mac,0.05,0.01,100,500,128,2,0.9445,0.7496,0.0,0.904,102.6,31,3008,0.856,seq_resync
controlled_weak_network_simulation,seq_mac,0.05,0.01,100,500,128,3,0.9425,0.7496,0.0,0.904,102.6,31,3008,0.856,seq_resync
controlled_weak_network_simulation,seq_mac,0.05,0.01,100,500,512,1,0.9465,0.7496,0.0,0.904,102.6,31,3008,0.856,seq_resync
controlled_weak_network_simulation,seq_mac,0.05,0.01,100,500,512,2,0.9445,0.7496,0.0,0.904,102.6,31,3008,0.856,seq_resync
controlled_weak_network_simulation,seq_mac,0.05,0.01,100,500,512,3,0.9425,0.7496,0.0,0.904,102.6,31,3008,0.856,seq_resync
controlled_weak_network_simulation,seq_mac,0.05,0.01,100,1000,128,1,0.9465,0.7496,0.0,0.904,103.2,61,5888,0.856,seq_resync
controlled_weak_network_simulation,seq_mac,0.05,0.01,100,1000,128,2,0.9445,0.7496,0.0,0.904,103.2,61,5888,0.856,seq_resync
controlled_weak_network_simulation,seq_mac,0.05,0.01,100,1000,128,3,0.9425,0.7496,0.0,0.904,103.2,61,5888,0.856,seq_resync
controlled_weak_network_simulation,seq_mac,0.05,0.01,100,1000,512,1,0.9465,0.7496,0.0,0.904,103.2,61,5888,0.856,seq_resync
controlled_weak_network_simulation,seq_mac,0.05,0.01,100,1000,512,2,0.9445,0.7496,0.0,0.904,103.2,61,5888,0.856,seq_resync
controlled_weak_network_simulation,seq_mac,0.05,0.01,100,1000,512,3,0.9425,0.7496,0.0,0.904,103.2,61,5888,0.856,seq_resync
controlled_weak_network_simulation,seq_mac,0.05,0.01,200,100,128,1,0.9465,0.6536,0.0,0.904,202.12,7,704,0.796,seq_resync
controlled_weak_network_simulation,seq_mac,0.05,0.01,200,100,128,2,0.9445,0.6536,0.0,0.904,202.12,7,704,0.796,seq_resync
controlled_weak_network_simulation,seq_mac,0.05,0.01,200,100,128,3,0.9425,0.6536,0.0,0.904,202.12,7,704,0.796,seq_resync
controlled_weak_network_simulation,seq_mac,0.05,0.01,200,100,512,1,0.9465,0.6536,0.0,0.904,202.12,7,704,0.796,seq_resync
controlled_weak_network_simulation,seq_mac,0.05,0.01,200,100,512,2,0.9445,0.6536,0.0,0.904,202.12,7,704,0.796,seq_resync
controlled_weak_network_simulation,seq_mac,0.05,0.01,200,100,512,3,0.9425,0.6536,0.0,0.904,202.12,7,704,0.796,seq_resync
controlled_weak_network_simulation,seq_mac,0.05,0.01,200,500,128,1,0.9465,0.6536,0.0,0.904,202.6,31,3008,0.796,seq_resync
controlled_weak_network_simulation,seq_mac,0.05,0.01,200,500,128,2,0.9445,0.6536,0.0,0.904,202.6,31,3008,0.796,seq_resync
controlled_weak_network_simulation,seq_mac,0.05,0.01,200,500,128,3,0.9425,0.6536,0.0,0.904,202.6,31,3008,0.796,seq_resync
controlled_weak_network_simulation,seq_mac,0.05,0.01,200,500,512,1,0.9465,0.6536,0.0,0.904,202.6,31,3008,0.796,seq_resync
controlled_weak_network_simulation,seq_mac,0.05,0.01,200,500,512,2,0.9445,0.6536,0.0,0.904,202.6,31,3008,0.796,seq_resync
controlled_weak_network_simulation,seq_mac,0.05,0.01,200,500,512,3,0.9425,0.6536,0.0,0.904,202.6,31,3008,0.796,seq_resync
controlled_weak_network_simulation,seq_mac,0.05,0.01,200,1000,128,1,0.9465,0.6536,0.0,0.904,203.2,61,5888,0.796,seq_resync
controlled_weak_network_simulation,seq_mac,0.05,0.01,200,1000,128,2,0.9445,0.6536,0.0,0.904,203.2,61,5888,0.796,seq_resync
controlled_weak_network_simulation,seq_mac,0.05,0.01,200,1000,128,3,0.9425,0.6536,0.0,0.904,203.2,61,5888,0.796,seq_resync
controlled_weak_network_simulation,seq_mac,0.05,0.01,200,1000,512,1,0.9465,0.6536,0.0,0.904,203.2,61,5888,0.796,seq_resync
controlled_weak_network_simulation,seq_mac,0.05,0.01,200,1000,512,2,0.9445,0.6536,0.0,0.904,203.2,61,5888,0.796,seq_resync
controlled_weak_network_simulation,seq_mac,0.05,0.01,200,1000,512,3,0.9425,0.6536,0.0,0.904,203.2,61,5888,0.796,seq_resync
controlled_weak_network_simulation,seq_mac,0.05,0.03,0,100,128,1,0.9395,0.8168,0.0,0.912,2.16,9,896,0.898,seq_resync
controlled_weak_network_simulation,seq_mac,0.05,0.03,0,100,128,2,0.9375,0.8168,0.0,0.912,2.16,9,896,0.898,seq_resync
controlled_weak_network_simulation,seq_mac,0.05,0.03,0,100,128,3,0.9355,0.8168,0.0,0.912,2.16,9,896,0.898,seq_resync
controlled_weak_network_simulation,seq_mac,0.05,0.03,0,100,512,1,0.9395,0.8168,0.0,0.912,2.16,9,896,0.898,seq_resync
controlled_weak_network_simulation,seq_mac,0.05,0.03,0,100,512,2,0.9375,0.8168,0.0,0.912,2.16,9,896,0.898,seq_resync
controlled_weak_network_simulation,seq_mac,0.05,0.03,0,100,512,3,0.9355,0.8168,0.0,0.912,2.16,9,896,0.898,seq_resync
controlled_weak_network_simulation,seq_mac,0.05,0.03,0,500,128,1,0.9395,0.8168,0.0,0.912,2.8,41,3968,0.898,seq_resync
controlled_weak_network_simulation,seq_mac,0.05,0.03,0,500,128,2,0.9375,0.8168,0.0,0.912,2.8,41,3968,0.898,seq_resync
controlled_weak_network_simulation,seq_mac,0.05,0.03,0,500,128,3,0.9355,0.8168,0.0,0.912,2.8,41,3968,0.898,seq_resync
controlled_weak_network_simulation,seq_mac,0.05,0.03,0,500,512,1,0.9395,0.8168,0.0,0.912,2.8,41,3968,0.898,seq_resync
controlled_weak_network_simulation,seq_mac,0.05,0.03,0,500,512,2,0.9375,0.8168,0.0,0.912,2.8,41,3968,0.898,seq_resync
controlled_weak_network_simulation,seq_mac,0.05,0.03,0,500,512,3,0.9355,0.8168,0.0,0.912,2.8,41,3968,0.898,seq_resync
controlled_weak_network_simulation,seq_mac,0.05,0.03,0,1000,128,1,0.9395,0.8168,0.0,0.912,3.6,81,7808,0.898,seq_resync
controlled_weak_network_simulation,seq_mac,0.05,0.03,0,1000,128,2,0.9375,0.8168,0.0,0.912,3.6,81,7808,0.898,seq_resync
controlled_weak_network_simulation,seq_mac,0.05,0.03,0,1000,128,3,0.9355,0.8168,0.0,0.912,3.6,81,7808,0.898,seq_resync
controlled_weak_network_simulation,seq_mac,0.05,0.03,0,1000,512,1,0.9395,0.8168,0.0,0.912,3.6,81,7808,0.898,seq_resync
controlled_weak_network_simulation,seq_mac,0.05,0.03,0,1000,512,2,0.9375,0.8168,0.0,0.912,3.6,81,7808,0.898,seq_resync
controlled_weak_network_simulation,seq_mac,0.05,0.03,0,1000,512,3,0.9355,0.8168,0.0,0.912,3.6,81,7808,0.898,seq_resync
controlled_weak_network_simulation,seq_mac,0.05,0.03,50,100,128,1,0.9395,0.7688,0.0,0.912,52.16,9,896,0.868,seq_resync
controlled_weak_network_simulation,seq_mac,0.05,0.03,50,100,128,2,0.9375,0.7688,0.0,0.912,52.16,9,896,0.868,seq_resync
controlled_weak_network_simulation,seq_mac,0.05,0.03,50,100,128,3,0.9355,0.7688,0.0,0.912,52.16,9,896,0.868,seq_resync
controlled_weak_network_simulation,seq_mac,0.05,0.03,50,100,512,1,0.9395,0.7688,0.0,0.912,52.16,9,896,0.868,seq_resync
controlled_weak_network_simulation,seq_mac,0.05,0.03,50,100,512,2,0.9375,0.7688,0.0,0.912,52.16,9,896,0.868,seq_resync
controlled_weak_network_simulation,seq_mac,0.05,0.03,50,100,512,3,0.9355,0.7688,0.0,0.912,52.16,9,896,0.868,seq_resync
controlled_weak_network_simulation,seq_mac,0.05,0.03,50,500,128,1,0.9395,0.7688,0.0,0.912,52.8,41,3968,0.868,seq_resync
controlled_weak_network_simulation,seq_mac,0.05,0.03,50,500,128,2,0.9375,0.7688,0.0,0.912,52.8,41,3968,0.868,seq_resync
controlled_weak_network_simulation,seq_mac,0.05,0.03,50,500,128,3,0.9355,0.7688,0.0,0.912,52.8,41,3968,0.868,seq_resync
controlled_weak_network_simulation,seq_mac,0.05,0.03,50,500,512,1,0.9395,0.7688,0.0,0.912,52.8,41,3968,0.868,seq_resync
controlled_weak_network_simulation,seq_mac,0.05,0.03,50,500,512,2,0.9375,0.7688,0.0,0.912,52.8,41,3968,0.868,seq_resync
controlled_weak_network_simulation,seq_mac,0.05,0.03,50,500,512,3,0.9355,0.7688,0.0,0.912,52.8,41,3968,0.868,seq_resync
controlled_weak_network_simulation,seq_mac,0.05,0.03,50,1000,128,1,0.9395,0.7688,0.0,0.912,53.6,81,7808,0.868,seq_resync
controlled_weak_network_simulation,seq_mac,0.05,0.03,50,1000,128,2,0.9375,0.7688,0.0,0.912,53.6,81,7808,0.868,seq_resync
controlled_weak_network_simulation,seq_mac,0.05,0.03,50,1000,128,3,0.9355,0.7688,0.0,0.912,53.6,81,7808,0.868,seq_resync
controlled_weak_network_simulation,seq_mac,0.05,0.03,50,1000,512,1,0.9395,0.7688,0.0,0.912,53.6,81,7808,0.868,seq_resync
controlled_weak_network_simulation,seq_mac,0.05,0.03,50,1000,512,2,0.9375,0.7688,0.0,0.912,53.6,81,7808,0.868,seq_resync
controlled_weak_network_simulation,seq_mac,0.05,0.03,50,1000,512,3,0.9355,0.7688,0.0,0.912,53.6,81,7808,0.868,seq_resync
controlled_weak_network_simulation,seq_mac,0.05,0.03,100,100,128,1,0.9395,0.7208,0.0,0.912,102.16,9,896,0.838,seq_resync
controlled_weak_network_simulation,seq_mac,0.05,0.03,100,100,128,2,0.9375,0.7208,0.0,0.912,102.16,9,896,0.838,seq_resync
controlled_weak_network_simulation,seq_mac,0.05,0.03,100,100,128,3,0.9355,0.7208,0.0,0.912,102.16,9,896,0.838,seq_resync
controlled_weak_network_simulation,seq_mac,0.05,0.03,100,100,512,1,0.9395,0.7208,0.0,0.912,102.16,9,896,0.838,seq_resync
controlled_weak_network_simulation,seq_mac,0.05,0.03,100,100,512,2,0.9375,0.7208,0.0,0.912,102.16,9,896,0.838,seq_resync
controlled_weak_network_simulation,seq_mac,0.05,0.03,100,100,512,3,0.9355,0.7208,0.0,0.912,102.16,9,896,0.838,seq_resync
controlled_weak_network_simulation,seq_mac,0.05,0.03,100,500,128,1,0.9395,0.7208,0.0,0.912,102.8,41,3968,0.838,seq_resync
controlled_weak_network_simulation,seq_mac,0.05,0.03,100,500,128,2,0.9375,0.7208,0.0,0.912,102.8,41,3968,0.838,seq_resync
controlled_weak_network_simulation,seq_mac,0.05,0.03,100,500,128,3,0.9355,0.7208,0.0,0.912,102.8,41,3968,0.838,seq_resync
controlled_weak_network_simulation,seq_mac,0.05,0.03,100,500,512,1,0.9395,0.7208,0.0,0.912,102.8,41,3968,0.838,seq_resync
controlled_weak_network_simulation,seq_mac,0.05,0.03,100,500,512,2,0.9375,0.7208,0.0,0.912,102.8,41,3968,0.838,seq_resync
controlled_weak_network_simulation,seq_mac,0.05,0.03,100,500,512,3,0.9355,0.7208,0.0,0.912,102.8,41,3968,0.838,seq_resync
controlled_weak_network_simulation,seq_mac,0.05,0.03,100,1000,128,1,0.9395,0.7208,0.0,0.912,103.6,81,7808,0.838,seq_resync
controlled_weak_network_simulation,seq_mac,0.05,0.03,100,1000,128,2,0.9375,0.7208,0.0,0.912,103.6,81,7808,0.838,seq_resync
controlled_weak_network_simulation,seq_mac,0.05,0.03,100,1000,128,3,0.9355,0.7208,0.0,0.912,103.6,81,7808,0.838,seq_resync
controlled_weak_network_simulation,seq_mac,0.05,0.03,100,1000,512,1,0.9395,0.7208,0.0,0.912,103.6,81,7808,0.838,seq_resync
controlled_weak_network_simulation,seq_mac,0.05,0.03,100,1000,512,2,0.9375,0.7208,0.0,0.912,103.6,81,7808,0.838,seq_resync
controlled_weak_network_simulation,seq_mac,0.05,0.03,100,1000,512,3,0.9355,0.7208,0.0,0.912,103.6,81,7808,0.838,seq_resync
controlled_weak_network_simulation,seq_mac,0.05,0.03,200,100,128,1,0.9395,0.6248,0.0,0.912,202.16,9,896,0.778,seq_resync
controlled_weak_network_simulation,seq_mac,0.05,0.03,200,100,128,2,0.9375,0.6248,0.0,0.912,202.16,9,896,0.778,seq_resync
controlled_weak_network_simulation,seq_mac,0.05,0.03,200,100,128,3,0.9355,0.6248,0.0,0.912,202.16,9,896,0.778,seq_resync
controlled_weak_network_simulation,seq_mac,0.05,0.03,200,100,512,1,0.9395,0.6248,0.0,0.912,202.16,9,896,0.778,seq_resync
controlled_weak_network_simulation,seq_mac,0.05,0.03,200,100,512,2,0.9375,0.6248,0.0,0.912,202.16,9,896,0.778,seq_resync
controlled_weak_network_simulation,seq_mac,0.05,0.03,200,100,512,3,0.9355,0.6248,0.0,0.912,202.16,9,896,0.778,seq_resync
controlled_weak_network_simulation,seq_mac,0.05,0.03,200,500,128,1,0.9395,0.6248,0.0,0.912,202.8,41,3968,0.778,seq_resync
controlled_weak_network_simulation,seq_mac,0.05,0.03,200,500,128,2,0.9375,0.6248,0.0,0.912,202.8,41,3968,0.778,seq_resync
controlled_weak_network_simulation,seq_mac,0.05,0.03,200,500,128,3,0.9355,0.6248,0.0,0.912,202.8,41,3968,0.778,seq_resync
controlled_weak_network_simulation,seq_mac,0.05,0.03,200,500,512,1,0.9395,0.6248,0.0,0.912,202.8,41,3968,0.778,seq_resync
controlled_weak_network_simulation,seq_mac,0.05,0.03,200,500,512,2,0.9375,0.6248,0.0,0.912,202.8,41,3968,0.778,seq_resync
controlled_weak_network_simulation,seq_mac,0.05,0.03,200,500,512,3,0.9355,0.6248,0.0,0.912,202.8,41,3968,0.778,seq_resync
controlled_weak_network_simulation,seq_mac,0.05,0.03,200,1000,128,1,0.9395,0.6248,0.0,0.912,203.6,81,7808,0.778,seq_resync
controlled_weak_network_simulation,seq_mac,0.05,0.03,200,1000,128,2,0.9375,0.6248,0.0,0.912,203.6,81,7808,0.778,seq_resync
controlled_weak_network_simulation,seq_mac,0.05,0.03,200,1000,128,3,0.9355,0.6248,0.0,0.912,203.6,81,7808,0.778,seq_resync
controlled_weak_network_simulation,seq_mac,0.05,0.03,200,1000,512,1,0.9395,0.6248,0.0,0.912,203.6,81,7808,0.778,seq_resync
controlled_weak_network_simulation,seq_mac,0.05,0.03,200,1000,512,2,0.9375,0.6248,0.0,0.912,203.6,81,7808,0.778,seq_resync
controlled_weak_network_simulation,seq_mac,0.05,0.03,200,1000,512,3,0.9355,0.6248,0.0,0.912,203.6,81,7808,0.778,seq_resync
controlled_weak_network_simulation,seq_mac,0.1,0.0,0,100,128,1,0.9,0.74,0.0,0.9,2.2,11,1088,0.85,seq_resync
controlled_weak_network_simulation,seq_mac,0.1,0.0,0,100,128,2,0.898,0.74,0.0,0.9,2.2,11,1088,0.85,seq_resync
controlled_weak_network_simulation,seq_mac,0.1,0.0,0,100,128,3,0.896,0.74,0.0,0.9,2.2,11,1088,0.85,seq_resync
controlled_weak_network_simulation,seq_mac,0.1,0.0,0,100,512,1,0.9,0.74,0.0,0.9,2.2,11,1088,0.85,seq_resync
controlled_weak_network_simulation,seq_mac,0.1,0.0,0,100,512,2,0.898,0.74,0.0,0.9,2.2,11,1088,0.85,seq_resync
controlled_weak_network_simulation,seq_mac,0.1,0.0,0,100,512,3,0.896,0.74,0.0,0.9,2.2,11,1088,0.85,seq_resync
controlled_weak_network_simulation,seq_mac,0.1,0.0,0,500,128,1,0.9,0.74,0.0,0.9,3.0,51,4928,0.85,seq_resync
controlled_weak_network_simulation,seq_mac,0.1,0.0,0,500,128,2,0.898,0.74,0.0,0.9,3.0,51,4928,0.85,seq_resync
controlled_weak_network_simulation,seq_mac,0.1,0.0,0,500,128,3,0.896,0.74,0.0,0.9,3.0,51,4928,0.85,seq_resync
controlled_weak_network_simulation,seq_mac,0.1,0.0,0,500,512,1,0.9,0.74,0.0,0.9,3.0,51,4928,0.85,seq_resync
controlled_weak_network_simulation,seq_mac,0.1,0.0,0,500,512,2,0.898,0.74,0.0,0.9,3.0,51,4928,0.85,seq_resync
controlled_weak_network_simulation,seq_mac,0.1,0.0,0,500,512,3,0.896,0.74,0.0,0.9,3.0,51,4928,0.85,seq_resync
controlled_weak_network_simulation,seq_mac,0.1,0.0,0,1000,128,1,0.9,0.74,0.0,0.9,4.0,101,9728,0.85,seq_resync
controlled_weak_network_simulation,seq_mac,0.1,0.0,0,1000,128,2,0.898,0.74,0.0,0.9,4.0,101,9728,0.85,seq_resync
controlled_weak_network_simulation,seq_mac,0.1,0.0,0,1000,128,3,0.896,0.74,0.0,0.9,4.0,101,9728,0.85,seq_resync
controlled_weak_network_simulation,seq_mac,0.1,0.0,0,1000,512,1,0.9,0.74,0.0,0.9,4.0,101,9728,0.85,seq_resync
controlled_weak_network_simulation,seq_mac,0.1,0.0,0,1000,512,2,0.898,0.74,0.0,0.9,4.0,101,9728,0.85,seq_resync
controlled_weak_network_simulation,seq_mac,0.1,0.0,0,1000,512,3,0.896,0.74,0.0,0.9,4.0,101,9728,0.85,seq_resync
controlled_weak_network_simulation,seq_mac,0.1,0.0,50,100,128,1,0.9,0.692,0.0,0.9,52.2,11,1088,0.82,seq_resync
controlled_weak_network_simulation,seq_mac,0.1,0.0,50,100,128,2,0.898,0.692,0.0,0.9,52.2,11,1088,0.82,seq_resync
controlled_weak_network_simulation,seq_mac,0.1,0.0,50,100,128,3,0.896,0.692,0.0,0.9,52.2,11,1088,0.82,seq_resync
controlled_weak_network_simulation,seq_mac,0.1,0.0,50,100,512,1,0.9,0.692,0.0,0.9,52.2,11,1088,0.82,seq_resync
controlled_weak_network_simulation,seq_mac,0.1,0.0,50,100,512,2,0.898,0.692,0.0,0.9,52.2,11,1088,0.82,seq_resync
controlled_weak_network_simulation,seq_mac,0.1,0.0,50,100,512,3,0.896,0.692,0.0,0.9,52.2,11,1088,0.82,seq_resync
controlled_weak_network_simulation,seq_mac,0.1,0.0,50,500,128,1,0.9,0.692,0.0,0.9,53.0,51,4928,0.82,seq_resync
controlled_weak_network_simulation,seq_mac,0.1,0.0,50,500,128,2,0.898,0.692,0.0,0.9,53.0,51,4928,0.82,seq_resync
controlled_weak_network_simulation,seq_mac,0.1,0.0,50,500,128,3,0.896,0.692,0.0,0.9,53.0,51,4928,0.82,seq_resync
controlled_weak_network_simulation,seq_mac,0.1,0.0,50,500,512,1,0.9,0.692,0.0,0.9,53.0,51,4928,0.82,seq_resync
controlled_weak_network_simulation,seq_mac,0.1,0.0,50,500,512,2,0.898,0.692,0.0,0.9,53.0,51,4928,0.82,seq_resync
controlled_weak_network_simulation,seq_mac,0.1,0.0,50,500,512,3,0.896,0.692,0.0,0.9,53.0,51,4928,0.82,seq_resync
controlled_weak_network_simulation,seq_mac,0.1,0.0,50,1000,128,1,0.9,0.692,0.0,0.9,54.0,101,9728,0.82,seq_resync
controlled_weak_network_simulation,seq_mac,0.1,0.0,50,1000,128,2,0.898,0.692,0.0,0.9,54.0,101,9728,0.82,seq_resync
controlled_weak_network_simulation,seq_mac,0.1,0.0,50,1000,128,3,0.896,0.692,0.0,0.9,54.0,101,9728,0.82,seq_resync
controlled_weak_network_simulation,seq_mac,0.1,0.0,50,1000,512,1,0.9,0.692,0.0,0.9,54.0,101,9728,0.82,seq_resync
controlled_weak_network_simulation,seq_mac,0.1,0.0,50,1000,512,2,0.898,0.692,0.0,0.9,54.0,101,9728,0.82,seq_resync
controlled_weak_network_simulation,seq_mac,0.1,0.0,50,1000,512,3,0.896,0.692,0.0,0.9,54.0,101,9728,0.82,seq_resync
controlled_weak_network_simulation,seq_mac,0.1,0.0,100,100,128,1,0.9,0.644,0.0,0.9,102.2,11,1088,0.79,seq_resync
controlled_weak_network_simulation,seq_mac,0.1,0.0,100,100,128,2,0.898,0.644,0.0,0.9,102.2,11,1088,0.79,seq_resync
controlled_weak_network_simulation,seq_mac,0.1,0.0,100,100,128,3,0.896,0.644,0.0,0.9,102.2,11,1088,0.79,seq_resync
controlled_weak_network_simulation,seq_mac,0.1,0.0,100,100,512,1,0.9,0.644,0.0,0.9,102.2,11,1088,0.79,seq_resync
controlled_weak_network_simulation,seq_mac,0.1,0.0,100,100,512,2,0.898,0.644,0.0,0.9,102.2,11,1088,0.79,seq_resync
controlled_weak_network_simulation,seq_mac,0.1,0.0,100,100,512,3,0.896,0.644,0.0,0.9,102.2,11,1088,0.79,seq_resync
controlled_weak_network_simulation,seq_mac,0.1,0.0,100,500,128,1,0.9,0.644,0.0,0.9,103.0,51,4928,0.79,seq_resync
controlled_weak_network_simulation,seq_mac,0.1,0.0,100,500,128,2,0.898,0.644,0.0,0.9,103.0,51,4928,0.79,seq_resync
controlled_weak_network_simulation,seq_mac,0.1,0.0,100,500,128,3,0.896,0.644,0.0,0.9,103.0,51,4928,0.79,seq_resync
controlled_weak_network_simulation,seq_mac,0.1,0.0,100,500,512,1,0.9,0.644,0.0,0.9,103.0,51,4928,0.79,seq_resync
controlled_weak_network_simulation,seq_mac,0.1,0.0,100,500,512,2,0.898,0.644,0.0,0.9,103.0,51,4928,0.79,seq_resync
controlled_weak_network_simulation,seq_mac,0.1,0.0,100,500,512,3,0.896,0.644,0.0,0.9,103.0,51,4928,0.79,seq_resync
controlled_weak_network_simulation,seq_mac,0.1,0.0,100,1000,128,1,0.9,0.644,0.0,0.9,104.0,101,9728,0.79,seq_resync
controlled_weak_network_simulation,seq_mac,0.1,0.0,100,1000,128,2,0.898,0.644,0.0,0.9,104.0,101,9728,0.79,seq_resync
controlled_weak_network_simulation,seq_mac,0.1,0.0,100,1000,128,3,0.896,0.644,0.0,0.9,104.0,101,9728,0.79,seq_resync
controlled_weak_network_simulation,seq_mac,0.1,0.0,100,1000,512,1,0.9,0.644,0.0,0.9,104.0,101,9728,0.79,seq_resync
controlled_weak_network_simulation,seq_mac,0.1,0.0,100,1000,512,2,0.898,0.644,0.0,0.9,104.0,101,9728,0.79,seq_resync
controlled_weak_network_simulation,seq_mac,0.1,0.0,100,1000,512,3,0.896,0.644,0.0,0.9,104.0,101,9728,0.79,seq_resync
controlled_weak_network_simulation,seq_mac,0.1,0.0,200,100,128,1,0.9,0.548,0.0,0.9,202.2,11,1088,0.73,seq_resync
controlled_weak_network_simulation,seq_mac,0.1,0.0,200,100,128,2,0.898,0.548,0.0,0.9,202.2,11,1088,0.73,seq_resync
controlled_weak_network_simulation,seq_mac,0.1,0.0,200,100,128,3,0.896,0.548,0.0,0.9,202.2,11,1088,0.73,seq_resync
controlled_weak_network_simulation,seq_mac,0.1,0.0,200,100,512,1,0.9,0.548,0.0,0.9,202.2,11,1088,0.73,seq_resync
controlled_weak_network_simulation,seq_mac,0.1,0.0,200,100,512,2,0.898,0.548,0.0,0.9,202.2,11,1088,0.73,seq_resync
controlled_weak_network_simulation,seq_mac,0.1,0.0,200,100,512,3,0.896,0.548,0.0,0.9,202.2,11,1088,0.73,seq_resync
controlled_weak_network_simulation,seq_mac,0.1,0.0,200,500,128,1,0.9,0.548,0.0,0.9,203.0,51,4928,0.73,seq_resync
controlled_weak_network_simulation,seq_mac,0.1,0.0,200,500,128,2,0.898,0.548,0.0,0.9,203.0,51,4928,0.73,seq_resync
controlled_weak_network_simulation,seq_mac,0.1,0.0,200,500,128,3,0.896,0.548,0.0,0.9,203.0,51,4928,0.73,seq_resync
controlled_weak_network_simulation,seq_mac,0.1,0.0,200,500,512,1,0.9,0.548,0.0,0.9,203.0,51,4928,0.73,seq_resync
controlled_weak_network_simulation,seq_mac,0.1,0.0,200,500,512,2,0.898,0.548,0.0,0.9,203.0,51,4928,0.73,seq_resync
controlled_weak_network_simulation,seq_mac,0.1,0.0,200,500,512,3,0.896,0.548,0.0,0.9,203.0,51,4928,0.73,seq_resync
controlled_weak_network_simulation,seq_mac,0.1,0.0,200,1000,128,1,0.9,0.548,0.0,0.9,204.0,101,9728,0.73,seq_resync
controlled_weak_network_simulation,seq_mac,0.1,0.0,200,1000,128,2,0.898,0.548,0.0,0.9,204.0,101,9728,0.73,seq_resync
controlled_weak_network_simulation,seq_mac,0.1,0.0,200,1000,128,3,0.896,0.548,0.0,0.9,204.0,101,9728,0.73,seq_resync
controlled_weak_network_simulation,seq_mac,0.1,0.0,200,1000,512,1,0.9,0.548,0.0,0.9,204.0,101,9728,0.73,seq_resync
controlled_weak_network_simulation,seq_mac,0.1,0.0,200,1000,512,2,0.898,0.548,0.0,0.9,204.0,101,9728,0.73,seq_resync
controlled_weak_network_simulation,seq_mac,0.1,0.0,200,1000,512,3,0.896,0.548,0.0,0.9,204.0,101,9728,0.73,seq_resync
controlled_weak_network_simulation,seq_mac,0.1,0.01,0,100,128,1,0.8965,0.7256,0.0,0.904,2.22,12,1184,0.841,seq_resync
controlled_weak_network_simulation,seq_mac,0.1,0.01,0,100,128,2,0.8945,0.7256,0.0,0.904,2.22,12,1184,0.841,seq_resync
controlled_weak_network_simulation,seq_mac,0.1,0.01,0,100,128,3,0.8925,0.7256,0.0,0.904,2.22,12,1184,0.841,seq_resync
controlled_weak_network_simulation,seq_mac,0.1,0.01,0,100,512,1,0.8965,0.7256,0.0,0.904,2.22,12,1184,0.841,seq_resync
controlled_weak_network_simulation,seq_mac,0.1,0.01,0,100,512,2,0.8945,0.7256,0.0,0.904,2.22,12,1184,0.841,seq_resync
controlled_weak_network_simulation,seq_mac,0.1,0.01,0,100,512,3,0.8925,0.7256,0.0,0.904,2.22,12,1184,0.841,seq_resync
controlled_weak_network_simulation,seq_mac,0.1,0.01,0,500,128,1,0.8965,0.7256,0.0,0.904,3.1,56,5408,0.841,seq_resync
controlled_weak_network_simulation,seq_mac,0.1,0.01,0,500,128,2,0.8945,0.7256,0.0,0.904,3.1,56,5408,0.841,seq_resync
controlled_weak_network_simulation,seq_mac,0.1,0.01,0,500,128,3,0.8925,0.7256,0.0,0.904,3.1,56,5408,0.841,seq_resync
controlled_weak_network_simulation,seq_mac,0.1,0.01,0,500,512,1,0.8965,0.7256,0.0,0.904,3.1,56,5408,0.841,seq_resync
controlled_weak_network_simulation,seq_mac,0.1,0.01,0,500,512,2,0.8945,0.7256,0.0,0.904,3.1,56,5408,0.841,seq_resync
controlled_weak_network_simulation,seq_mac,0.1,0.01,0,500,512,3,0.8925,0.7256,0.0,0.904,3.1,56,5408,0.841,seq_resync
controlled_weak_network_simulation,seq_mac,0.1,0.01,0,1000,128,1,0.8965,0.7256,0.0,0.904,4.2,111,10688,0.841,seq_resync
controlled_weak_network_simulation,seq_mac,0.1,0.01,0,1000,128,2,0.8945,0.7256,0.0,0.904,4.2,111,10688,0.841,seq_resync
controlled_weak_network_simulation,seq_mac,0.1,0.01,0,1000,128,3,0.8925,0.7256,0.0,0.904,4.2,111,10688,0.841,seq_resync
controlled_weak_network_simulation,seq_mac,0.1,0.01,0,1000,512,1,0.8965,0.7256,0.0,0.904,4.2,111,10688,0.841,seq_resync
controlled_weak_network_simulation,seq_mac,0.1,0.01,0,1000,512,2,0.8945,0.7256,0.0,0.904,4.2,111,10688,0.841,seq_resync
controlled_weak_network_simulation,seq_mac,0.1,0.01,0,1000,512,3,0.8925,0.7256,0.0,0.904,4.2,111,10688,0.841,seq_resync
controlled_weak_network_simulation,seq_mac,0.1,0.01,50,100,128,1,0.8965,0.6776,0.0,0.904,52.22,12,1184,0.811,seq_resync
controlled_weak_network_simulation,seq_mac,0.1,0.01,50,100,128,2,0.8945,0.6776,0.0,0.904,52.22,12,1184,0.811,seq_resync
controlled_weak_network_simulation,seq_mac,0.1,0.01,50,100,128,3,0.8925,0.6776,0.0,0.904,52.22,12,1184,0.811,seq_resync
controlled_weak_network_simulation,seq_mac,0.1,0.01,50,100,512,1,0.8965,0.6776,0.0,0.904,52.22,12,1184,0.811,seq_resync
controlled_weak_network_simulation,seq_mac,0.1,0.01,50,100,512,2,0.8945,0.6776,0.0,0.904,52.22,12,1184,0.811,seq_resync
controlled_weak_network_simulation,seq_mac,0.1,0.01,50,100,512,3,0.8925,0.6776,0.0,0.904,52.22,12,1184,0.811,seq_resync
controlled_weak_network_simulation,seq_mac,0.1,0.01,50,500,128,1,0.8965,0.6776,0.0,0.904,53.1,56,5408,0.811,seq_resync
controlled_weak_network_simulation,seq_mac,0.1,0.01,50,500,128,2,0.8945,0.6776,0.0,0.904,53.1,56,5408,0.811,seq_resync
controlled_weak_network_simulation,seq_mac,0.1,0.01,50,500,128,3,0.8925,0.6776,0.0,0.904,53.1,56,5408,0.811,seq_resync
controlled_weak_network_simulation,seq_mac,0.1,0.01,50,500,512,1,0.8965,0.6776,0.0,0.904,53.1,56,5408,0.811,seq_resync
controlled_weak_network_simulation,seq_mac,0.1,0.01,50,500,512,2,0.8945,0.6776,0.0,0.904,53.1,56,5408,0.811,seq_resync
controlled_weak_network_simulation,seq_mac,0.1,0.01,50,500,512,3,0.8925,0.6776,0.0,0.904,53.1,56,5408,0.811,seq_resync
controlled_weak_network_simulation,seq_mac,0.1,0.01,50,1000,128,1,0.8965,0.6776,0.0,0.904,54.2,111,10688,0.811,seq_resync
controlled_weak_network_simulation,seq_mac,0.1,0.01,50,1000,128,2,0.8945,0.6776,0.0,0.904,54.2,111,10688,0.811,seq_resync
controlled_weak_network_simulation,seq_mac,0.1,0.01,50,1000,128,3,0.8925,0.6776,0.0,0.904,54.2,111,10688,0.811,seq_resync
controlled_weak_network_simulation,seq_mac,0.1,0.01,50,1000,512,1,0.8965,0.6776,0.0,0.904,54.2,111,10688,0.811,seq_resync
controlled_weak_network_simulation,seq_mac,0.1,0.01,50,1000,512,2,0.8945,0.6776,0.0,0.904,54.2,111,10688,0.811,seq_resync
controlled_weak_network_simulation,seq_mac,0.1,0.01,50,1000,512,3,0.8925,0.6776,0.0,0.904,54.2,111,10688,0.811,seq_resync
controlled_weak_network_simulation,seq_mac,0.1,0.01,100,100,128,1,0.8965,0.6296,0.0,0.904,102.22,12,1184,0.781,seq_resync
controlled_weak_network_simulation,seq_mac,0.1,0.01,100,100,128,2,0.8945,0.6296,0.0,0.904,102.22,12,1184,0.781,seq_resync
controlled_weak_network_simulation,seq_mac,0.1,0.01,100,100,128,3,0.8925,0.6296,0.0,0.904,102.22,12,1184,0.781,seq_resync
controlled_weak_network_simulation,seq_mac,0.1,0.01,100,100,512,1,0.8965,0.6296,0.0,0.904,102.22,12,1184,0.781,seq_resync
controlled_weak_network_simulation,seq_mac,0.1,0.01,100,100,512,2,0.8945,0.6296,0.0,0.904,102.22,12,1184,0.781,seq_resync
controlled_weak_network_simulation,seq_mac,0.1,0.01,100,100,512,3,0.8925,0.6296,0.0,0.904,102.22,12,1184,0.781,seq_resync
controlled_weak_network_simulation,seq_mac,0.1,0.01,100,500,128,1,0.8965,0.6296,0.0,0.904,103.1,56,5408,0.781,seq_resync
controlled_weak_network_simulation,seq_mac,0.1,0.01,100,500,128,2,0.8945,0.6296,0.0,0.904,103.1,56,5408,0.781,seq_resync
controlled_weak_network_simulation,seq_mac,0.1,0.01,100,500,128,3,0.8925,0.6296,0.0,0.904,103.1,56,5408,0.781,seq_resync
controlled_weak_network_simulation,seq_mac,0.1,0.01,100,500,512,1,0.8965,0.6296,0.0,0.904,103.1,56,5408,0.781,seq_resync
controlled_weak_network_simulation,seq_mac,0.1,0.01,100,500,512,2,0.8945,0.6296,0.0,0.904,103.1,56,5408,0.781,seq_resync
controlled_weak_network_simulation,seq_mac,0.1,0.01,100,500,512,3,0.8925,0.6296,0.0,0.904,103.1,56,5408,0.781,seq_resync
controlled_weak_network_simulation,seq_mac,0.1,0.01,100,1000,128,1,0.8965,0.6296,0.0,0.904,104.2,111,10688,0.781,seq_resync
controlled_weak_network_simulation,seq_mac,0.1,0.01,100,1000,128,2,0.8945,0.6296,0.0,0.904,104.2,111,10688,0.781,seq_resync
controlled_weak_network_simulation,seq_mac,0.1,0.01,100,1000,128,3,0.8925,0.6296,0.0,0.904,104.2,111,10688,0.781,seq_resync
controlled_weak_network_simulation,seq_mac,0.1,0.01,100,1000,512,1,0.8965,0.6296,0.0,0.904,104.2,111,10688,0.781,seq_resync
controlled_weak_network_simulation,seq_mac,0.1,0.01,100,1000,512,2,0.8945,0.6296,0.0,0.904,104.2,111,10688,0.781,seq_resync
controlled_weak_network_simulation,seq_mac,0.1,0.01,100,1000,512,3,0.8925,0.6296,0.0,0.904,104.2,111,10688,0.781,seq_resync
controlled_weak_network_simulation,seq_mac,0.1,0.01,200,100,128,1,0.8965,0.5336,0.0,0.904,202.22,12,1184,0.721,seq_resync
controlled_weak_network_simulation,seq_mac,0.1,0.01,200,100,128,2,0.8945,0.5336,0.0,0.904,202.22,12,1184,0.721,seq_resync
controlled_weak_network_simulation,seq_mac,0.1,0.01,200,100,128,3,0.8925,0.5336,0.0,0.904,202.22,12,1184,0.721,seq_resync
controlled_weak_network_simulation,seq_mac,0.1,0.01,200,100,512,1,0.8965,0.5336,0.0,0.904,202.22,12,1184,0.721,seq_resync
controlled_weak_network_simulation,seq_mac,0.1,0.01,200,100,512,2,0.8945,0.5336,0.0,0.904,202.22,12,1184,0.721,seq_resync
controlled_weak_network_simulation,seq_mac,0.1,0.01,200,100,512,3,0.8925,0.5336,0.0,0.904,202.22,12,1184,0.721,seq_resync
controlled_weak_network_simulation,seq_mac,0.1,0.01,200,500,128,1,0.8965,0.5336,0.0,0.904,203.1,56,5408,0.721,seq_resync
controlled_weak_network_simulation,seq_mac,0.1,0.01,200,500,128,2,0.8945,0.5336,0.0,0.904,203.1,56,5408,0.721,seq_resync
controlled_weak_network_simulation,seq_mac,0.1,0.01,200,500,128,3,0.8925,0.5336,0.0,0.904,203.1,56,5408,0.721,seq_resync
controlled_weak_network_simulation,seq_mac,0.1,0.01,200,500,512,1,0.8965,0.5336,0.0,0.904,203.1,56,5408,0.721,seq_resync
controlled_weak_network_simulation,seq_mac,0.1,0.01,200,500,512,2,0.8945,0.5336,0.0,0.904,203.1,56,5408,0.721,seq_resync
controlled_weak_network_simulation,seq_mac,0.1,0.01,200,500,512,3,0.8925,0.5336,0.0,0.904,203.1,56,5408,0.721,seq_resync
controlled_weak_network_simulation,seq_mac,0.1,0.01,200,1000,128,1,0.8965,0.5336,0.0,0.904,204.2,111,10688,0.721,seq_resync
controlled_weak_network_simulation,seq_mac,0.1,0.01,200,1000,128,2,0.8945,0.5336,0.0,0.904,204.2,111,10688,0.721,seq_resync
controlled_weak_network_simulation,seq_mac,0.1,0.01,200,1000,128,3,0.8925,0.5336,0.0,0.904,204.2,111,10688,0.721,seq_resync
controlled_weak_network_simulation,seq_mac,0.1,0.01,200,1000,512,1,0.8965,0.5336,0.0,0.904,204.2,111,10688,0.721,seq_resync
controlled_weak_network_simulation,seq_mac,0.1,0.01,200,1000,512,2,0.8945,0.5336,0.0,0.904,204.2,111,10688,0.721,seq_resync
controlled_weak_network_simulation,seq_mac,0.1,0.01,200,1000,512,3,0.8925,0.5336,0.0,0.904,204.2,111,10688,0.721,seq_resync
controlled_weak_network_simulation,seq_mac,0.1,0.03,0,100,128,1,0.8895,0.6968,0.0,0.912,2.26,14,1376,0.823,seq_resync
controlled_weak_network_simulation,seq_mac,0.1,0.03,0,100,128,2,0.8875,0.6968,0.0,0.912,2.26,14,1376,0.823,seq_resync
controlled_weak_network_simulation,seq_mac,0.1,0.03,0,100,128,3,0.8855,0.6968,0.0,0.912,2.26,14,1376,0.823,seq_resync
controlled_weak_network_simulation,seq_mac,0.1,0.03,0,100,512,1,0.8895,0.6968,0.0,0.912,2.26,14,1376,0.823,seq_resync
controlled_weak_network_simulation,seq_mac,0.1,0.03,0,100,512,2,0.8875,0.6968,0.0,0.912,2.26,14,1376,0.823,seq_resync
controlled_weak_network_simulation,seq_mac,0.1,0.03,0,100,512,3,0.8855,0.6968,0.0,0.912,2.26,14,1376,0.823,seq_resync
controlled_weak_network_simulation,seq_mac,0.1,0.03,0,500,128,1,0.8895,0.6968,0.0,0.912,3.3,66,6368,0.823,seq_resync
controlled_weak_network_simulation,seq_mac,0.1,0.03,0,500,128,2,0.8875,0.6968,0.0,0.912,3.3,66,6368,0.823,seq_resync
controlled_weak_network_simulation,seq_mac,0.1,0.03,0,500,128,3,0.8855,0.6968,0.0,0.912,3.3,66,6368,0.823,seq_resync
controlled_weak_network_simulation,seq_mac,0.1,0.03,0,500,512,1,0.8895,0.6968,0.0,0.912,3.3,66,6368,0.823,seq_resync
controlled_weak_network_simulation,seq_mac,0.1,0.03,0,500,512,2,0.8875,0.6968,0.0,0.912,3.3,66,6368,0.823,seq_resync
controlled_weak_network_simulation,seq_mac,0.1,0.03,0,500,512,3,0.8855,0.6968,0.0,0.912,3.3,66,6368,0.823,seq_resync
controlled_weak_network_simulation,seq_mac,0.1,0.03,0,1000,128,1,0.8895,0.6968,0.0,0.912,4.6,131,12608,0.823,seq_resync
controlled_weak_network_simulation,seq_mac,0.1,0.03,0,1000,128,2,0.8875,0.6968,0.0,0.912,4.6,131,12608,0.823,seq_resync
controlled_weak_network_simulation,seq_mac,0.1,0.03,0,1000,128,3,0.8855,0.6968,0.0,0.912,4.6,131,12608,0.823,seq_resync
controlled_weak_network_simulation,seq_mac,0.1,0.03,0,1000,512,1,0.8895,0.6968,0.0,0.912,4.6,131,12608,0.823,seq_resync
controlled_weak_network_simulation,seq_mac,0.1,0.03,0,1000,512,2,0.8875,0.6968,0.0,0.912,4.6,131,12608,0.823,seq_resync
controlled_weak_network_simulation,seq_mac,0.1,0.03,0,1000,512,3,0.8855,0.6968,0.0,0.912,4.6,131,12608,0.823,seq_resync
controlled_weak_network_simulation,seq_mac,0.1,0.03,50,100,128,1,0.8895,0.6488,0.0,0.912,52.26,14,1376,0.793,seq_resync
controlled_weak_network_simulation,seq_mac,0.1,0.03,50,100,128,2,0.8875,0.6488,0.0,0.912,52.26,14,1376,0.793,seq_resync
controlled_weak_network_simulation,seq_mac,0.1,0.03,50,100,128,3,0.8855,0.6488,0.0,0.912,52.26,14,1376,0.793,seq_resync
controlled_weak_network_simulation,seq_mac,0.1,0.03,50,100,512,1,0.8895,0.6488,0.0,0.912,52.26,14,1376,0.793,seq_resync
controlled_weak_network_simulation,seq_mac,0.1,0.03,50,100,512,2,0.8875,0.6488,0.0,0.912,52.26,14,1376,0.793,seq_resync
controlled_weak_network_simulation,seq_mac,0.1,0.03,50,100,512,3,0.8855,0.6488,0.0,0.912,52.26,14,1376,0.793,seq_resync
controlled_weak_network_simulation,seq_mac,0.1,0.03,50,500,128,1,0.8895,0.6488,0.0,0.912,53.3,66,6368,0.793,seq_resync
controlled_weak_network_simulation,seq_mac,0.1,0.03,50,500,128,2,0.8875,0.6488,0.0,0.912,53.3,66,6368,0.793,seq_resync
controlled_weak_network_simulation,seq_mac,0.1,0.03,50,500,128,3,0.8855,0.6488,0.0,0.912,53.3,66,6368,0.793,seq_resync
controlled_weak_network_simulation,seq_mac,0.1,0.03,50,500,512,1,0.8895,0.6488,0.0,0.912,53.3,66,6368,0.793,seq_resync
controlled_weak_network_simulation,seq_mac,0.1,0.03,50,500,512,2,0.8875,0.6488,0.0,0.912,53.3,66,6368,0.793,seq_resync
controlled_weak_network_simulation,seq_mac,0.1,0.03,50,500,512,3,0.8855,0.6488,0.0,0.912,53.3,66,6368,0.793,seq_resync
controlled_weak_network_simulation,seq_mac,0.1,0.03,50,1000,128,1,0.8895,0.6488,0.0,0.912,54.6,131,12608,0.793,seq_resync
controlled_weak_network_simulation,seq_mac,0.1,0.03,50,1000,128,2,0.8875,0.6488,0.0,0.912,54.6,131,12608,0.793,seq_resync
controlled_weak_network_simulation,seq_mac,0.1,0.03,50,1000,128,3,0.8855,0.6488,0.0,0.912,54.6,131,12608,0.793,seq_resync
controlled_weak_network_simulation,seq_mac,0.1,0.03,50,1000,512,1,0.8895,0.6488,0.0,0.912,54.6,131,12608,0.793,seq_resync
controlled_weak_network_simulation,seq_mac,0.1,0.03,50,1000,512,2,0.8875,0.6488,0.0,0.912,54.6,131,12608,0.793,seq_resync
controlled_weak_network_simulation,seq_mac,0.1,0.03,50,1000,512,3,0.8855,0.6488,0.0,0.912,54.6,131,12608,0.793,seq_resync
controlled_weak_network_simulation,seq_mac,0.1,0.03,100,100,128,1,0.8895,0.6008,0.0,0.912,102.26,14,1376,0.763,seq_resync
controlled_weak_network_simulation,seq_mac,0.1,0.03,100,100,128,2,0.8875,0.6008,0.0,0.912,102.26,14,1376,0.763,seq_resync
controlled_weak_network_simulation,seq_mac,0.1,0.03,100,100,128,3,0.8855,0.6008,0.0,0.912,102.26,14,1376,0.763,seq_resync
controlled_weak_network_simulation,seq_mac,0.1,0.03,100,100,512,1,0.8895,0.6008,0.0,0.912,102.26,14,1376,0.763,seq_resync
controlled_weak_network_simulation,seq_mac,0.1,0.03,100,100,512,2,0.8875,0.6008,0.0,0.912,102.26,14,1376,0.763,seq_resync
controlled_weak_network_simulation,seq_mac,0.1,0.03,100,100,512,3,0.8855,0.6008,0.0,0.912,102.26,14,1376,0.763,seq_resync
controlled_weak_network_simulation,seq_mac,0.1,0.03,100,500,128,1,0.8895,0.6008,0.0,0.912,103.3,66,6368,0.763,seq_resync
controlled_weak_network_simulation,seq_mac,0.1,0.03,100,500,128,2,0.8875,0.6008,0.0,0.912,103.3,66,6368,0.763,seq_resync
controlled_weak_network_simulation,seq_mac,0.1,0.03,100,500,128,3,0.8855,0.6008,0.0,0.912,103.3,66,6368,0.763,seq_resync
controlled_weak_network_simulation,seq_mac,0.1,0.03,100,500,512,1,0.8895,0.6008,0.0,0.912,103.3,66,6368,0.763,seq_resync
controlled_weak_network_simulation,seq_mac,0.1,0.03,100,500,512,2,0.8875,0.6008,0.0,0.912,103.3,66,6368,0.763,seq_resync
controlled_weak_network_simulation,seq_mac,0.1,0.03,100,500,512,3,0.8855,0.6008,0.0,0.912,103.3,66,6368,0.763,seq_resync
controlled_weak_network_simulation,seq_mac,0.1,0.03,100,1000,128,1,0.8895,0.6008,0.0,0.912,104.6,131,12608,0.763,seq_resync
controlled_weak_network_simulation,seq_mac,0.1,0.03,100,1000,128,2,0.8875,0.6008,0.0,0.912,104.6,131,12608,0.763,seq_resync
controlled_weak_network_simulation,seq_mac,0.1,0.03,100,1000,128,3,0.8855,0.6008,0.0,0.912,104.6,131,12608,0.763,seq_resync
controlled_weak_network_simulation,seq_mac,0.1,0.03,100,1000,512,1,0.8895,0.6008,0.0,0.912,104.6,131,12608,0.763,seq_resync
controlled_weak_network_simulation,seq_mac,0.1,0.03,100,1000,512,2,0.8875,0.6008,0.0,0.912,104.6,131,12608,0.763,seq_resync
controlled_weak_network_simulation,seq_mac,0.1,0.03,100,1000,512,3,0.8855,0.6008,0.0,0.912,104.6,131,12608,0.763,seq_resync
controlled_weak_network_simulation,seq_mac,0.1,0.03,200,100,128,1,0.8895,0.5048,0.0,0.912,202.26,14,1376,0.703,seq_resync
controlled_weak_network_simulation,seq_mac,0.1,0.03,200,100,128,2,0.8875,0.5048,0.0,0.912,202.26,14,1376,0.703,seq_resync
controlled_weak_network_simulation,seq_mac,0.1,0.03,200,100,128,3,0.8855,0.5048,0.0,0.912,202.26,14,1376,0.703,seq_resync
controlled_weak_network_simulation,seq_mac,0.1,0.03,200,100,512,1,0.8895,0.5048,0.0,0.912,202.26,14,1376,0.703,seq_resync
controlled_weak_network_simulation,seq_mac,0.1,0.03,200,100,512,2,0.8875,0.5048,0.0,0.912,202.26,14,1376,0.703,seq_resync
controlled_weak_network_simulation,seq_mac,0.1,0.03,200,100,512,3,0.8855,0.5048,0.0,0.912,202.26,14,1376,0.703,seq_resync
controlled_weak_network_simulation,seq_mac,0.1,0.03,200,500,128,1,0.8895,0.5048,0.0,0.912,203.3,66,6368,0.703,seq_resync
controlled_weak_network_simulation,seq_mac,0.1,0.03,200,500,128,2,0.8875,0.5048,0.0,0.912,203.3,66,6368,0.703,seq_resync
controlled_weak_network_simulation,seq_mac,0.1,0.03,200,500,128,3,0.8855,0.5048,0.0,0.912,203.3,66,6368,0.703,seq_resync
controlled_weak_network_simulation,seq_mac,0.1,0.03,200,500,512,1,0.8895,0.5048,0.0,0.912,203.3,66,6368,0.703,seq_resync
controlled_weak_network_simulation,seq_mac,0.1,0.03,200,500,512,2,0.8875,0.5048,0.0,0.912,203.3,66,6368,0.703,seq_resync
controlled_weak_network_simulation,seq_mac,0.1,0.03,200,500,512,3,0.8855,0.5048,0.0,0.912,203.3,66,6368,0.703,seq_resync
controlled_weak_network_simulation,seq_mac,0.1,0.03,200,1000,128,1,0.8895,0.5048,0.0,0.912,204.6,131,12608,0.703,seq_resync
controlled_weak_network_simulation,seq_mac,0.1,0.03,200,1000,128,2,0.8875,0.5048,0.0,0.912,204.6,131,12608,0.703,seq_resync
controlled_weak_network_simulation,seq_mac,0.1,0.03,200,1000,128,3,0.8855,0.5048,0.0,0.912,204.6,131,12608,0.703,seq_resync
controlled_weak_network_simulation,seq_mac,0.1,0.03,200,1000,512,1,0.8895,0.5048,0.0,0.912,204.6,131,12608,0.703,seq_resync
controlled_weak_network_simulation,seq_mac,0.1,0.03,200,1000,512,2,0.8875,0.5048,0.0,0.912,204.6,131,12608,0.703,seq_resync
controlled_weak_network_simulation,seq_mac,0.1,0.03,200,1000,512,3,0.8855,0.5048,0.0,0.912,204.6,131,12608,0.703,seq_resync
controlled_weak_network_simulation,hash_chain,0.0,0.0,0,100,128,1,1.0,0.94,1.0,0.98,5.875,25,3200,0.82,hash_chain_replay
controlled_weak_network_simulation,hash_chain,0.0,0.0,0,100,128,2,0.998,0.94,1.0,0.98,5.875,25,3200,0.82,hash_chain_replay
controlled_weak_network_simulation,hash_chain,0.0,0.0,0,100,128,3,0.996,0.94,1.0,0.98,5.875,25,3200,0.82,hash_chain_replay
controlled_weak_network_simulation,hash_chain,0.0,0.0,0,100,512,1,1.0,0.94,1.0,0.98,5.875,25,12800,0.82,hash_chain_replay
controlled_weak_network_simulation,hash_chain,0.0,0.0,0,100,512,2,0.998,0.94,1.0,0.98,5.875,25,12800,0.82,hash_chain_replay
controlled_weak_network_simulation,hash_chain,0.0,0.0,0,100,512,3,0.996,0.94,1.0,0.98,5.875,25,12800,0.82,hash_chain_replay
controlled_weak_network_simulation,hash_chain,0.0,0.0,0,500,128,1,1.0,0.94,1.0,0.98,9.375,125,16000,0.82,hash_chain_replay
controlled_weak_network_simulation,hash_chain,0.0,0.0,0,500,128,2,0.998,0.94,1.0,0.98,9.375,125,16000,0.82,hash_chain_replay
controlled_weak_network_simulation,hash_chain,0.0,0.0,0,500,128,3,0.996,0.94,1.0,0.98,9.375,125,16000,0.82,hash_chain_replay
controlled_weak_network_simulation,hash_chain,0.0,0.0,0,500,512,1,1.0,0.94,1.0,0.98,9.375,125,64000,0.82,hash_chain_replay
controlled_weak_network_simulation,hash_chain,0.0,0.0,0,500,512,2,0.998,0.94,1.0,0.98,9.375,125,64000,0.82,hash_chain_replay
controlled_weak_network_simulation,hash_chain,0.0,0.0,0,500,512,3,0.996,0.94,1.0,0.98,9.375,125,64000,0.82,hash_chain_replay
controlled_weak_network_simulation,hash_chain,0.0,0.0,0,1000,128,1,1.0,0.94,1.0,0.98,13.75,250,32000,0.82,hash_chain_replay
controlled_weak_network_simulation,hash_chain,0.0,0.0,0,1000,128,2,0.998,0.94,1.0,0.98,13.75,250,32000,0.82,hash_chain_replay
controlled_weak_network_simulation,hash_chain,0.0,0.0,0,1000,128,3,0.996,0.94,1.0,0.98,13.75,250,32000,0.82,hash_chain_replay
controlled_weak_network_simulation,hash_chain,0.0,0.0,0,1000,512,1,1.0,0.94,1.0,0.98,13.75,250,128000,0.82,hash_chain_replay
controlled_weak_network_simulation,hash_chain,0.0,0.0,0,1000,512,2,0.998,0.94,1.0,0.98,13.75,250,128000,0.82,hash_chain_replay
controlled_weak_network_simulation,hash_chain,0.0,0.0,0,1000,512,3,0.996,0.94,1.0,0.98,13.75,250,128000,0.82,hash_chain_replay
controlled_weak_network_simulation,hash_chain,0.0,0.0,50,100,128,1,1.0,0.922,1.0,0.98,55.875,25,3200,0.802,hash_chain_replay
controlled_weak_network_simulation,hash_chain,0.0,0.0,50,100,128,2,0.998,0.922,1.0,0.98,55.875,25,3200,0.802,hash_chain_replay
controlled_weak_network_simulation,hash_chain,0.0,0.0,50,100,128,3,0.996,0.922,1.0,0.98,55.875,25,3200,0.802,hash_chain_replay
controlled_weak_network_simulation,hash_chain,0.0,0.0,50,100,512,1,1.0,0.922,1.0,0.98,55.875,25,12800,0.802,hash_chain_replay
controlled_weak_network_simulation,hash_chain,0.0,0.0,50,100,512,2,0.998,0.922,1.0,0.98,55.875,25,12800,0.802,hash_chain_replay
controlled_weak_network_simulation,hash_chain,0.0,0.0,50,100,512,3,0.996,0.922,1.0,0.98,55.875,25,12800,0.802,hash_chain_replay
controlled_weak_network_simulation,hash_chain,0.0,0.0,50,500,128,1,1.0,0.922,1.0,0.98,59.375,125,16000,0.802,hash_chain_replay
controlled_weak_network_simulation,hash_chain,0.0,0.0,50,500,128,2,0.998,0.922,1.0,0.98,59.375,125,16000,0.802,hash_chain_replay
controlled_weak_network_simulation,hash_chain,0.0,0.0,50,500,128,3,0.996,0.922,1.0,0.98,59.375,125,16000,0.802,hash_chain_replay
controlled_weak_network_simulation,hash_chain,0.0,0.0,50,500,512,1,1.0,0.922,1.0,0.98,59.375,125,64000,0.802,hash_chain_replay
controlled_weak_network_simulation,hash_chain,0.0,0.0,50,500,512,2,0.998,0.922,1.0,0.98,59.375,125,64000,0.802,hash_chain_replay
controlled_weak_network_simulation,hash_chain,0.0,0.0,50,500,512,3,0.996,0.922,1.0,0.98,59.375,125,64000,0.802,hash_chain_replay
controlled_weak_network_simulation,hash_chain,0.0,0.0,50,1000,128,1,1.0,0.922,1.0,0.98,63.75,250,32000,0.802,hash_chain_replay
controlled_weak_network_simulation,hash_chain,0.0,0.0,50,1000,128,2,0.998,0.922,1.0,0.98,63.75,250,32000,0.802,hash_chain_replay
controlled_weak_network_simulation,hash_chain,0.0,0.0,50,1000,128,3,0.996,0.922,1.0,0.98,63.75,250,32000,0.802,hash_chain_replay
controlled_weak_network_simulation,hash_chain,0.0,0.0,50,1000,512,1,1.0,0.922,1.0,0.98,63.75,250,128000,0.802,hash_chain_replay
controlled_weak_network_simulation,hash_chain,0.0,0.0,50,1000,512,2,0.998,0.922,1.0,0.98,63.75,250,128000,0.802,hash_chain_replay
controlled_weak_network_simulation,hash_chain,0.0,0.0,50,1000,512,3,0.996,0.922,1.0,0.98,63.75,250,128000,0.802,hash_chain_replay
controlled_weak_network_simulation,hash_chain,0.0,0.0,100,100,128,1,1.0,0.904,1.0,0.98,105.875,25,3200,0.784,hash_chain_replay
controlled_weak_network_simulation,hash_chain,0.0,0.0,100,100,128,2,0.998,0.904,1.0,0.98,105.875,25,3200,0.784,hash_chain_replay
controlled_weak_network_simulation,hash_chain,0.0,0.0,100,100,128,3,0.996,0.904,1.0,0.98,105.875,25,3200,0.784,hash_chain_replay
controlled_weak_network_simulation,hash_chain,0.0,0.0,100,100,512,1,1.0,0.904,1.0,0.98,105.875,25,12800,0.784,hash_chain_replay
controlled_weak_network_simulation,hash_chain,0.0,0.0,100,100,512,2,0.998,0.904,1.0,0.98,105.875,25,12800,0.784,hash_chain_replay
controlled_weak_network_simulation,hash_chain,0.0,0.0,100,100,512,3,0.996,0.904,1.0,0.98,105.875,25,12800,0.784,hash_chain_replay
controlled_weak_network_simulation,hash_chain,0.0,0.0,100,500,128,1,1.0,0.904,1.0,0.98,109.375,125,16000,0.784,hash_chain_replay
controlled_weak_network_simulation,hash_chain,0.0,0.0,100,500,128,2,0.998,0.904,1.0,0.98,109.375,125,16000,0.784,hash_chain_replay
controlled_weak_network_simulation,hash_chain,0.0,0.0,100,500,128,3,0.996,0.904,1.0,0.98,109.375,125,16000,0.784,hash_chain_replay
controlled_weak_network_simulation,hash_chain,0.0,0.0,100,500,512,1,1.0,0.904,1.0,0.98,109.375,125,64000,0.784,hash_chain_replay
controlled_weak_network_simulation,hash_chain,0.0,0.0,100,500,512,2,0.998,0.904,1.0,0.98,109.375,125,64000,0.784,hash_chain_replay
controlled_weak_network_simulation,hash_chain,0.0,0.0,100,500,512,3,0.996,0.904,1.0,0.98,109.375,125,64000,0.784,hash_chain_replay
controlled_weak_network_simulation,hash_chain,0.0,0.0,100,1000,128,1,1.0,0.904,1.0,0.98,113.75,250,32000,0.784,hash_chain_replay
controlled_weak_network_simulation,hash_chain,0.0,0.0,100,1000,128,2,0.998,0.904,1.0,0.98,113.75,250,32000,0.784,hash_chain_replay
controlled_weak_network_simulation,hash_chain,0.0,0.0,100,1000,128,3,0.996,0.904,1.0,0.98,113.75,250,32000,0.784,hash_chain_replay
controlled_weak_network_simulation,hash_chain,0.0,0.0,100,1000,512,1,1.0,0.904,1.0,0.98,113.75,250,128000,0.784,hash_chain_replay
controlled_weak_network_simulation,hash_chain,0.0,0.0,100,1000,512,2,0.998,0.904,1.0,0.98,113.75,250,128000,0.784,hash_chain_replay
controlled_weak_network_simulation,hash_chain,0.0,0.0,100,1000,512,3,0.996,0.904,1.0,0.98,113.75,250,128000,0.784,hash_chain_replay
controlled_weak_network_simulation,hash_chain,0.0,0.0,200,100,128,1,1.0,0.868,1.0,0.98,205.875,25,3200,0.748,hash_chain_replay
controlled_weak_network_simulation,hash_chain,0.0,0.0,200,100,128,2,0.998,0.868,1.0,0.98,205.875,25,3200,0.748,hash_chain_replay
controlled_weak_network_simulation,hash_chain,0.0,0.0,200,100,128,3,0.996,0.868,1.0,0.98,205.875,25,3200,0.748,hash_chain_replay
controlled_weak_network_simulation,hash_chain,0.0,0.0,200,100,512,1,1.0,0.868,1.0,0.98,205.875,25,12800,0.748,hash_chain_replay
controlled_weak_network_simulation,hash_chain,0.0,0.0,200,100,512,2,0.998,0.868,1.0,0.98,205.875,25,12800,0.748,hash_chain_replay
controlled_weak_network_simulation,hash_chain,0.0,0.0,200,100,512,3,0.996,0.868,1.0,0.98,205.875,25,12800,0.748,hash_chain_replay
controlled_weak_network_simulation,hash_chain,0.0,0.0,200,500,128,1,1.0,0.868,1.0,0.98,209.375,125,16000,0.748,hash_chain_replay
controlled_weak_network_simulation,hash_chain,0.0,0.0,200,500,128,2,0.998,0.868,1.0,0.98,209.375,125,16000,0.748,hash_chain_replay
controlled_weak_network_simulation,hash_chain,0.0,0.0,200,500,128,3,0.996,0.868,1.0,0.98,209.375,125,16000,0.748,hash_chain_replay
controlled_weak_network_simulation,hash_chain,0.0,0.0,200,500,512,1,1.0,0.868,1.0,0.98,209.375,125,64000,0.748,hash_chain_replay
controlled_weak_network_simulation,hash_chain,0.0,0.0,200,500,512,2,0.998,0.868,1.0,0.98,209.375,125,64000,0.748,hash_chain_replay
controlled_weak_network_simulation,hash_chain,0.0,0.0,200,500,512,3,0.996,0.868,1.0,0.98,209.375,125,64000,0.748,hash_chain_replay
controlled_weak_network_simulation,hash_chain,0.0,0.0,200,1000,128,1,1.0,0.868,1.0,0.98,213.75,250,32000,0.748,hash_chain_replay
controlled_weak_network_simulation,hash_chain,0.0,0.0,200,1000,128,2,0.998,0.868,1.0,0.98,213.75,250,32000,0.748,hash_chain_replay
controlled_weak_network_simulation,hash_chain,0.0,0.0,200,1000,128,3,0.996,0.868,1.0,0.98,213.75,250,32000,0.748,hash_chain_replay
controlled_weak_network_simulation,hash_chain,0.0,0.0,200,1000,512,1,1.0,0.868,1.0,0.98,213.75,250,128000,0.748,hash_chain_replay
controlled_weak_network_simulation,hash_chain,0.0,0.0,200,1000,512,2,0.998,0.868,1.0,0.98,213.75,250,128000,0.748,hash_chain_replay
controlled_weak_network_simulation,hash_chain,0.0,0.0,200,1000,512,3,0.996,0.868,1.0,0.98,213.75,250,128000,0.748,hash_chain_replay
controlled_weak_network_simulation,hash_chain,0.0,0.01,0,100,128,1,0.9965,0.9346,1.0,0.978,5.875,25,3200,0.8146,hash_chain_replay
controlled_weak_network_simulation,hash_chain,0.0,0.01,0,100,128,2,0.9945,0.9346,1.0,0.978,5.875,25,3200,0.8146,hash_chain_replay
controlled_weak_network_simulation,hash_chain,0.0,0.01,0,100,128,3,0.9925,0.9346,1.0,0.978,5.875,25,3200,0.8146,hash_chain_replay
controlled_weak_network_simulation,hash_chain,0.0,0.01,0,100,512,1,0.9965,0.9346,1.0,0.978,5.875,25,12800,0.8146,hash_chain_replay
controlled_weak_network_simulation,hash_chain,0.0,0.01,0,100,512,2,0.9945,0.9346,1.0,0.978,5.875,25,12800,0.8146,hash_chain_replay
controlled_weak_network_simulation,hash_chain,0.0,0.01,0,100,512,3,0.9925,0.9346,1.0,0.978,5.875,25,12800,0.8146,hash_chain_replay
controlled_weak_network_simulation,hash_chain,0.0,0.01,0,500,128,1,0.9965,0.9346,1.0,0.978,9.375,125,16000,0.8146,hash_chain_replay
controlled_weak_network_simulation,hash_chain,0.0,0.01,0,500,128,2,0.9945,0.9346,1.0,0.978,9.375,125,16000,0.8146,hash_chain_replay
controlled_weak_network_simulation,hash_chain,0.0,0.01,0,500,128,3,0.9925,0.9346,1.0,0.978,9.375,125,16000,0.8146,hash_chain_replay
controlled_weak_network_simulation,hash_chain,0.0,0.01,0,500,512,1,0.9965,0.9346,1.0,0.978,9.375,125,64000,0.8146,hash_chain_replay
controlled_weak_network_simulation,hash_chain,0.0,0.01,0,500,512,2,0.9945,0.9346,1.0,0.978,9.375,125,64000,0.8146,hash_chain_replay
controlled_weak_network_simulation,hash_chain,0.0,0.01,0,500,512,3,0.9925,0.9346,1.0,0.978,9.375,125,64000,0.8146,hash_chain_replay
controlled_weak_network_simulation,hash_chain,0.0,0.01,0,1000,128,1,0.9965,0.9346,1.0,0.978,13.75,250,32000,0.8146,hash_chain_replay
controlled_weak_network_simulation,hash_chain,0.0,0.01,0,1000,128,2,0.9945,0.9346,1.0,0.978,13.75,250,32000,0.8146,hash_chain_replay
controlled_weak_network_simulation,hash_chain,0.0,0.01,0,1000,128,3,0.9925,0.9346,1.0,0.978,13.75,250,32000,0.8146,hash_chain_replay
controlled_weak_network_simulation,hash_chain,0.0,0.01,0,1000,512,1,0.9965,0.9346,1.0,0.978,13.75,250,128000,0.8146,hash_chain_replay
controlled_weak_network_simulation,hash_chain,0.0,0.01,0,1000,512,2,0.9945,0.9346,1.0,0.978,13.75,250,128000,0.8146,hash_chain_replay
controlled_weak_network_simulation,hash_chain,0.0,0.01,0,1000,512,3,0.9925,0.9346,1.0,0.978,13.75,250,128000,0.8146,hash_chain_replay
controlled_weak_network_simulation,hash_chain,0.0,0.01,50,100,128,1,0.9965,0.9166,1.0,0.978,55.875,25,3200,0.7966,hash_chain_replay
controlled_weak_network_simulation,hash_chain,0.0,0.01,50,100,128,2,0.9945,0.9166,1.0,0.978,55.875,25,3200,0.7966,hash_chain_replay
controlled_weak_network_simulation,hash_chain,0.0,0.01,50,100,128,3,0.9925,0.9166,1.0,0.978,55.875,25,3200,0.7966,hash_chain_replay
controlled_weak_network_simulation,hash_chain,0.0,0.01,50,100,512,1,0.9965,0.9166,1.0,0.978,55.875,25,12800,0.7966,hash_chain_replay
controlled_weak_network_simulation,hash_chain,0.0,0.01,50,100,512,2,0.9945,0.9166,1.0,0.978,55.875,25,12800,0.7966,hash_chain_replay
controlled_weak_network_simulation,hash_chain,0.0,0.01,50,100,512,3,0.9925,0.9166,1.0,0.978,55.875,25,12800,0.7966,hash_chain_replay
controlled_weak_network_simulation,hash_chain,0.0,0.01,50,500,128,1,0.9965,0.9166,1.0,0.978,59.375,125,16000,0.7966,hash_chain_replay
controlled_weak_network_simulation,hash_chain,0.0,0.01,50,500,128,2,0.9945,0.9166,1.0,0.978,59.375,125,16000,0.7966,hash_chain_replay
controlled_weak_network_simulation,hash_chain,0.0,0.01,50,500,128,3,0.9925,0.9166,1.0,0.978,59.375,125,16000,0.7966,hash_chain_replay
controlled_weak_network_simulation,hash_chain,0.0,0.01,50,500,512,1,0.9965,0.9166,1.0,0.978,59.375,125,64000,0.7966,hash_chain_replay
controlled_weak_network_simulation,hash_chain,0.0,0.01,50,500,512,2,0.9945,0.9166,1.0,0.978,59.375,125,64000,0.7966,hash_chain_replay
controlled_weak_network_simulation,hash_chain,0.0,0.01,50,500,512,3,0.9925,0.9166,1.0,0.978,59.375,125,64000,0.7966,hash_chain_replay
controlled_weak_network_simulation,hash_chain,0.0,0.01,50,1000,128,1,0.9965,0.9166,1.0,0.978,63.75,250,32000,0.7966,hash_chain_replay
controlled_weak_network_simulation,hash_chain,0.0,0.01,50,1000,128,2,0.9945,0.9166,1.0,0.978,63.75,250,32000,0.7966,hash_chain_replay
controlled_weak_network_simulation,hash_chain,0.0,0.01,50,1000,128,3,0.9925,0.9166,1.0,0.978,63.75,250,32000,0.7966,hash_chain_replay
controlled_weak_network_simulation,hash_chain,0.0,0.01,50,1000,512,1,0.9965,0.9166,1.0,0.978,63.75,250,128000,0.7966,hash_chain_replay
controlled_weak_network_simulation,hash_chain,0.0,0.01,50,1000,512,2,0.9945,0.9166,1.0,0.978,63.75,250,128000,0.7966,hash_chain_replay
controlled_weak_network_simulation,hash_chain,0.0,0.01,50,1000,512,3,0.9925,0.9166,1.0,0.978,63.75,250,128000,0.7966,hash_chain_replay
controlled_weak_network_simulation,hash_chain,0.0,0.01,100,100,128,1,0.9965,0.8986,1.0,0.978,105.875,25,3200,0.7786,hash_chain_replay
controlled_weak_network_simulation,hash_chain,0.0,0.01,100,100,128,2,0.9945,0.8986,1.0,0.978,105.875,25,3200,0.7786,hash_chain_replay
controlled_weak_network_simulation,hash_chain,0.0,0.01,100,100,128,3,0.9925,0.8986,1.0,0.978,105.875,25,3200,0.7786,hash_chain_replay
controlled_weak_network_simulation,hash_chain,0.0,0.01,100,100,512,1,0.9965,0.8986,1.0,0.978,105.875,25,12800,0.7786,hash_chain_replay
controlled_weak_network_simulation,hash_chain,0.0,0.01,100,100,512,2,0.9945,0.8986,1.0,0.978,105.875,25,12800,0.7786,hash_chain_replay
controlled_weak_network_simulation,hash_chain,0.0,0.01,100,100,512,3,0.9925,0.8986,1.0,0.978,105.875,25,12800,0.7786,hash_chain_replay
controlled_weak_network_simulation,hash_chain,0.0,0.01,100,500,128,1,0.9965,0.8986,1.0,0.978,109.375,125,16000,0.7786,hash_chain_replay
controlled_weak_network_simulation,hash_chain,0.0,0.01,100,500,128,2,0.9945,0.8986,1.0,0.978,109.375,125,16000,0.7786,hash_chain_replay
controlled_weak_network_simulation,hash_chain,0.0,0.01,100,500,128,3,0.9925,0.8986,1.0,0.978,109.375,125,16000,0.7786,hash_chain_replay
controlled_weak_network_simulation,hash_chain,0.0,0.01,100,500,512,1,0.9965,0.8986,1.0,0.978,109.375,125,64000,0.7786,hash_chain_replay
controlled_weak_network_simulation,hash_chain,0.0,0.01,100,500,512,2,0.9945,0.8986,1.0,0.978,109.375,125,64000,0.7786,hash_chain_replay
controlled_weak_network_simulation,hash_chain,0.0,0.01,100,500,512,3,0.9925,0.8986,1.0,0.978,109.375,125,64000,0.7786,hash_chain_replay
controlled_weak_network_simulation,hash_chain,0.0,0.01,100,1000,128,1,0.9965,0.8986,1.0,0.978,113.75,250,32000,0.7786,hash_chain_replay
controlled_weak_network_simulation,hash_chain,0.0,0.01,100,1000,128,2,0.9945,0.8986,1.0,0.978,113.75,250,32000,0.7786,hash_chain_replay
controlled_weak_network_simulation,hash_chain,0.0,0.01,100,1000,128,3,0.9925,0.8986,1.0,0.978,113.75,250,32000,0.7786,hash_chain_replay
controlled_weak_network_simulation,hash_chain,0.0,0.01,100,1000,512,1,0.9965,0.8986,1.0,0.978,113.75,250,128000,0.7786,hash_chain_replay
controlled_weak_network_simulation,hash_chain,0.0,0.01,100,1000,512,2,0.9945,0.8986,1.0,0.978,113.75,250,128000,0.7786,hash_chain_replay
controlled_weak_network_simulation,hash_chain,0.0,0.01,100,1000,512,3,0.9925,0.8986,1.0,0.978,113.75,250,128000,0.7786,hash_chain_replay
controlled_weak_network_simulation,hash_chain,0.0,0.01,200,100,128,1,0.9965,0.8626,1.0,0.978,205.875,25,3200,0.7426,hash_chain_replay
controlled_weak_network_simulation,hash_chain,0.0,0.01,200,100,128,2,0.9945,0.8626,1.0,0.978,205.875,25,3200,0.7426,hash_chain_replay
controlled_weak_network_simulation,hash_chain,0.0,0.01,200,100,128,3,0.9925,0.8626,1.0,0.978,205.875,25,3200,0.7426,hash_chain_replay
controlled_weak_network_simulation,hash_chain,0.0,0.01,200,100,512,1,0.9965,0.8626,1.0,0.978,205.875,25,12800,0.7426,hash_chain_replay
controlled_weak_network_simulation,hash_chain,0.0,0.01,200,100,512,2,0.9945,0.8626,1.0,0.978,205.875,25,12800,0.7426,hash_chain_replay
controlled_weak_network_simulation,hash_chain,0.0,0.01,200,100,512,3,0.9925,0.8626,1.0,0.978,205.875,25,12800,0.7426,hash_chain_replay
controlled_weak_network_simulation,hash_chain,0.0,0.01,200,500,128,1,0.9965,0.8626,1.0,0.978,209.375,125,16000,0.7426,hash_chain_replay
controlled_weak_network_simulation,hash_chain,0.0,0.01,200,500,128,2,0.9945,0.8626,1.0,0.978,209.375,125,16000,0.7426,hash_chain_replay
controlled_weak_network_simulation,hash_chain,0.0,0.01,200,500,128,3,0.9925,0.8626,1.0,0.978,209.375,125,16000,0.7426,hash_chain_replay
controlled_weak_network_simulation,hash_chain,0.0,0.01,200,500,512,1,0.9965,0.8626,1.0,0.978,209.375,125,64000,0.7426,hash_chain_replay
controlled_weak_network_simulation,hash_chain,0.0,0.01,200,500,512,2,0.9945,0.8626,1.0,0.978,209.375,125,64000,0.7426,hash_chain_replay
controlled_weak_network_simulation,hash_chain,0.0,0.01,200,500,512,3,0.9925,0.8626,1.0,0.978,209.375,125,64000,0.7426,hash_chain_replay
controlled_weak_network_simulation,hash_chain,0.0,0.01,200,1000,128,1,0.9965,0.8626,1.0,0.978,213.75,250,32000,0.7426,hash_chain_replay
controlled_weak_network_simulation,hash_chain,0.0,0.01,200,1000,128,2,0.9945,0.8626,1.0,0.978,213.75,250,32000,0.7426,hash_chain_replay
controlled_weak_network_simulation,hash_chain,0.0,0.01,200,1000,128,3,0.9925,0.8626,1.0,0.978,213.75,250,32000,0.7426,hash_chain_replay
controlled_weak_network_simulation,hash_chain,0.0,0.01,200,1000,512,1,0.9965,0.8626,1.0,0.978,213.75,250,128000,0.7426,hash_chain_replay
controlled_weak_network_simulation,hash_chain,0.0,0.01,200,1000,512,2,0.9945,0.8626,1.0,0.978,213.75,250,128000,0.7426,hash_chain_replay
controlled_weak_network_simulation,hash_chain,0.0,0.01,200,1000,512,3,0.9925,0.8626,1.0,0.978,213.75,250,128000,0.7426,hash_chain_replay
controlled_weak_network_simulation,hash_chain,0.0,0.03,0,100,128,1,0.9895,0.9238,1.0,0.974,5.875,25,3200,0.8038,hash_chain_replay
controlled_weak_network_simulation,hash_chain,0.0,0.03,0,100,128,2,0.9875,0.9238,1.0,0.974,5.875,25,3200,0.8038,hash_chain_replay
controlled_weak_network_simulation,hash_chain,0.0,0.03,0,100,128,3,0.9855,0.9238,1.0,0.974,5.875,25,3200,0.8038,hash_chain_replay
controlled_weak_network_simulation,hash_chain,0.0,0.03,0,100,512,1,0.9895,0.9238,1.0,0.974,5.875,25,12800,0.8038,hash_chain_replay
controlled_weak_network_simulation,hash_chain,0.0,0.03,0,100,512,2,0.9875,0.9238,1.0,0.974,5.875,25,12800,0.8038,hash_chain_replay
controlled_weak_network_simulation,hash_chain,0.0,0.03,0,100,512,3,0.9855,0.9238,1.0,0.974,5.875,25,12800,0.8038,hash_chain_replay
controlled_weak_network_simulation,hash_chain,0.0,0.03,0,500,128,1,0.9895,0.9238,1.0,0.974,9.375,125,16000,0.8038,hash_chain_replay
controlled_weak_network_simulation,hash_chain,0.0,0.03,0,500,128,2,0.9875,0.9238,1.0,0.974,9.375,125,16000,0.8038,hash_chain_replay
controlled_weak_network_simulation,hash_chain,0.0,0.03,0,500,128,3,0.9855,0.9238,1.0,0.974,9.375,125,16000,0.8038,hash_chain_replay
controlled_weak_network_simulation,hash_chain,0.0,0.03,0,500,512,1,0.9895,0.9238,1.0,0.974,9.375,125,64000,0.8038,hash_chain_replay
controlled_weak_network_simulation,hash_chain,0.0,0.03,0,500,512,2,0.9875,0.9238,1.0,0.974,9.375,125,64000,0.8038,hash_chain_replay
controlled_weak_network_simulation,hash_chain,0.0,0.03,0,500,512,3,0.9855,0.9238,1.0,0.974,9.375,125,64000,0.8038,hash_chain_replay
controlled_weak_network_simulation,hash_chain,0.0,0.03,0,1000,128,1,0.9895,0.9238,1.0,0.974,13.75,250,32000,0.8038,hash_chain_replay
controlled_weak_network_simulation,hash_chain,0.0,0.03,0,1000,128,2,0.9875,0.9238,1.0,0.974,13.75,250,32000,0.8038,hash_chain_replay
controlled_weak_network_simulation,hash_chain,0.0,0.03,0,1000,128,3,0.9855,0.9238,1.0,0.974,13.75,250,32000,0.8038,hash_chain_replay
controlled_weak_network_simulation,hash_chain,0.0,0.03,0,1000,512,1,0.9895,0.9238,1.0,0.974,13.75,250,128000,0.8038,hash_chain_replay
controlled_weak_network_simulation,hash_chain,0.0,0.03,0,1000,512,2,0.9875,0.9238,1.0,0.974,13.75,250,128000,0.8038,hash_chain_replay
controlled_weak_network_simulation,hash_chain,0.0,0.03,0,1000,512,3,0.9855,0.9238,1.0,0.974,13.75,250,128000,0.8038,hash_chain_replay
controlled_weak_network_simulation,hash_chain,0.0,0.03,50,100,128,1,0.9895,0.9058,1.0,0.974,55.875,25,3200,0.7858,hash_chain_replay
controlled_weak_network_simulation,hash_chain,0.0,0.03,50,100,128,2,0.9875,0.9058,1.0,0.974,55.875,25,3200,0.7858,hash_chain_replay
controlled_weak_network_simulation,hash_chain,0.0,0.03,50,100,128,3,0.9855,0.9058,1.0,0.974,55.875,25,3200,0.7858,hash_chain_replay
controlled_weak_network_simulation,hash_chain,0.0,0.03,50,100,512,1,0.9895,0.9058,1.0,0.974,55.875,25,12800,0.7858,hash_chain_replay
controlled_weak_network_simulation,hash_chain,0.0,0.03,50,100,512,2,0.9875,0.9058,1.0,0.974,55.875,25,12800,0.7858,hash_chain_replay
controlled_weak_network_simulation,hash_chain,0.0,0.03,50,100,512,3,0.9855,0.9058,1.0,0.974,55.875,25,12800,0.7858,hash_chain_replay
controlled_weak_network_simulation,hash_chain,0.0,0.03,50,500,128,1,0.9895,0.9058,1.0,0.974,59.375,125,16000,0.7858,hash_chain_replay
controlled_weak_network_simulation,hash_chain,0.0,0.03,50,500,128,2,0.9875,0.9058,1.0,0.974,59.375,125,16000,0.7858,hash_chain_replay
controlled_weak_network_simulation,hash_chain,0.0,0.03,50,500,128,3,0.9855,0.9058,1.0,0.974,59.375,125,16000,0.7858,hash_chain_replay
controlled_weak_network_simulation,hash_chain,0.0,0.03,50,500,512,1,0.9895,0.9058,1.0,0.974,59.375,125,64000,0.7858,hash_chain_replay
controlled_weak_network_simulation,hash_chain,0.0,0.03,50,500,512,2,0.9875,0.9058,1.0,0.974,59.375,125,64000,0.7858,hash_chain_replay
controlled_weak_network_simulation,hash_chain,0.0,0.03,50,500,512,3,0.9855,0.9058,1.0,0.974,59.375,125,64000,0.7858,hash_chain_replay
controlled_weak_network_simulation,hash_chain,0.0,0.03,50,1000,128,1,0.9895,0.9058,1.0,0.974,63.75,250,32000,0.7858,hash_chain_replay
controlled_weak_network_simulation,hash_chain,0.0,0.03,50,1000,128,2,0.9875,0.9058,1.0,0.974,63.75,250,32000,0.7858,hash_chain_replay
controlled_weak_network_simulation,hash_chain,0.0,0.03,50,1000,128,3,0.9855,0.9058,1.0,0.974,63.75,250,32000,0.7858,hash_chain_replay
controlled_weak_network_simulation,hash_chain,0.0,0.03,50,1000,512,1,0.9895,0.9058,1.0,0.974,63.75,250,128000,0.7858,hash_chain_replay
controlled_weak_network_simulation,hash_chain,0.0,0.03,50,1000,512,2,0.9875,0.9058,1.0,0.974,63.75,250,128000,0.7858,hash_chain_replay
controlled_weak_network_simulation,hash_chain,0.0,0.03,50,1000,512,3,0.9855,0.9058,1.0,0.974,63.75,250,128000,0.7858,hash_chain_replay
controlled_weak_network_simulation,hash_chain,0.0,0.03,100,100,128,1,0.9895,0.8878,1.0,0.974,105.875,25,3200,0.7678,hash_chain_replay
controlled_weak_network_simulation,hash_chain,0.0,0.03,100,100,128,2,0.9875,0.8878,1.0,0.974,105.875,25,3200,0.7678,hash_chain_replay
controlled_weak_network_simulation,hash_chain,0.0,0.03,100,100,128,3,0.9855,0.8878,1.0,0.974,105.875,25,3200,0.7678,hash_chain_replay
controlled_weak_network_simulation,hash_chain,0.0,0.03,100,100,512,1,0.9895,0.8878,1.0,0.974,105.875,25,12800,0.7678,hash_chain_replay
controlled_weak_network_simulation,hash_chain,0.0,0.03,100,100,512,2,0.9875,0.8878,1.0,0.974,105.875,25,12800,0.7678,hash_chain_replay
controlled_weak_network_simulation,hash_chain,0.0,0.03,100,100,512,3,0.9855,0.8878,1.0,0.974,105.875,25,12800,0.7678,hash_chain_replay
controlled_weak_network_simulation,hash_chain,0.0,0.03,100,500,128,1,0.9895,0.8878,1.0,0.974,109.375,125,16000,0.7678,hash_chain_replay
controlled_weak_network_simulation,hash_chain,0.0,0.03,100,500,128,2,0.9875,0.8878,1.0,0.974,109.375,125,16000,0.7678,hash_chain_replay
controlled_weak_network_simulation,hash_chain,0.0,0.03,100,500,128,3,0.9855,0.8878,1.0,0.974,109.375,125,16000,0.7678,hash_chain_replay
controlled_weak_network_simulation,hash_chain,0.0,0.03,100,500,512,1,0.9895,0.8878,1.0,0.974,109.375,125,64000,0.7678,hash_chain_replay
controlled_weak_network_simulation,hash_chain,0.0,0.03,100,500,512,2,0.9875,0.8878,1.0,0.974,109.375,125,64000,0.7678,hash_chain_replay
controlled_weak_network_simulation,hash_chain,0.0,0.03,100,500,512,3,0.9855,0.8878,1.0,0.974,109.375,125,64000,0.7678,hash_chain_replay
controlled_weak_network_simulation,hash_chain,0.0,0.03,100,1000,128,1,0.9895,0.8878,1.0,0.974,113.75,250,32000,0.7678,hash_chain_replay
controlled_weak_network_simulation,hash_chain,0.0,0.03,100,1000,128,2,0.9875,0.8878,1.0,0.974,113.75,250,32000,0.7678,hash_chain_replay
controlled_weak_network_simulation,hash_chain,0.0,0.03,100,1000,128,3,0.9855,0.8878,1.0,0.974,113.75,250,32000,0.7678,hash_chain_replay
controlled_weak_network_simulation,hash_chain,0.0,0.03,100,1000,512,1,0.9895,0.8878,1.0,0.974,113.75,250,128000,0.7678,hash_chain_replay
controlled_weak_network_simulation,hash_chain,0.0,0.03,100,1000,512,2,0.9875,0.8878,1.0,0.974,113.75,250,128000,0.7678,hash_chain_replay
controlled_weak_network_simulation,hash_chain,0.0,0.03,100,1000,512,3,0.9855,0.8878,1.0,0.974,113.75,250,128000,0.7678,hash_chain_replay
controlled_weak_network_simulation,hash_chain,0.0,0.03,200,100,128,1,0.9895,0.8518,1.0,0.974,205.875,25,3200,0.7318,hash_chain_replay
controlled_weak_network_simulation,hash_chain,0.0,0.03,200,100,128,2,0.9875,0.8518,1.0,0.974,205.875,25,3200,0.7318,hash_chain_replay
controlled_weak_network_simulation,hash_chain,0.0,0.03,200,100,128,3,0.9855,0.8518,1.0,0.974,205.875,25,3200,0.7318,hash_chain_replay
controlled_weak_network_simulation,hash_chain,0.0,0.03,200,100,512,1,0.9895,0.8518,1.0,0.974,205.875,25,12800,0.7318,hash_chain_replay
controlled_weak_network_simulation,hash_chain,0.0,0.03,200,100,512,2,0.9875,0.8518,1.0,0.974,205.875,25,12800,0.7318,hash_chain_replay
controlled_weak_network_simulation,hash_chain,0.0,0.03,200,100,512,3,0.9855,0.8518,1.0,0.974,205.875,25,12800,0.7318,hash_chain_replay
controlled_weak_network_simulation,hash_chain,0.0,0.03,200,500,128,1,0.9895,0.8518,1.0,0.974,209.375,125,16000,0.7318,hash_chain_replay
controlled_weak_network_simulation,hash_chain,0.0,0.03,200,500,128,2,0.9875,0.8518,1.0,0.974,209.375,125,16000,0.7318,hash_chain_replay
controlled_weak_network_simulation,hash_chain,0.0,0.03,200,500,128,3,0.9855,0.8518,1.0,0.974,209.375,125,16000,0.7318,hash_chain_replay
controlled_weak_network_simulation,hash_chain,0.0,0.03,200,500,512,1,0.9895,0.8518,1.0,0.974,209.375,125,64000,0.7318,hash_chain_replay
controlled_weak_network_simulation,hash_chain,0.0,0.03,200,500,512,2,0.9875,0.8518,1.0,0.974,209.375,125,64000,0.7318,hash_chain_replay
controlled_weak_network_simulation,hash_chain,0.0,0.03,200,500,512,3,0.9855,0.8518,1.0,0.974,209.375,125,64000,0.7318,hash_chain_replay
controlled_weak_network_simulation,hash_chain,0.0,0.03,200,1000,128,1,0.9895,0.8518,1.0,0.974,213.75,250,32000,0.7318,hash_chain_replay
controlled_weak_network_simulation,hash_chain,0.0,0.03,200,1000,128,2,0.9875,0.8518,1.0,0.974,213.75,250,32000,0.7318,hash_chain_replay
controlled_weak_network_simulation,hash_chain,0.0,0.03,200,1000,128,3,0.9855,0.8518,1.0,0.974,213.75,250,32000,0.7318,hash_chain_replay
controlled_weak_network_simulation,hash_chain,0.0,0.03,200,1000,512,1,0.9895,0.8518,1.0,0.974,213.75,250,128000,0.7318,hash_chain_replay
controlled_weak_network_simulation,hash_chain,0.0,0.03,200,1000,512,2,0.9875,0.8518,1.0,0.974,213.75,250,128000,0.7318,hash_chain_replay
controlled_weak_network_simulation,hash_chain,0.0,0.03,200,1000,512,3,0.9855,0.8518,1.0,0.974,213.75,250,128000,0.7318,hash_chain_replay
controlled_weak_network_simulation,hash_chain,0.01,0.0,0,100,128,1,0.99,0.931,0.997,0.98,5.91,26,3328,0.811,hash_chain_replay
controlled_weak_network_simulation,hash_chain,0.01,0.0,0,100,128,2,0.988,0.931,0.997,0.98,5.91,26,3328,0.811,hash_chain_replay
controlled_weak_network_simulation,hash_chain,0.01,0.0,0,100,128,3,0.986,0.931,0.997,0.98,5.91,26,3328,0.811,hash_chain_replay
controlled_weak_network_simulation,hash_chain,0.01,0.0,0,100,512,1,0.99,0.931,0.997,0.98,5.91,26,13312,0.811,hash_chain_replay
controlled_weak_network_simulation,hash_chain,0.01,0.0,0,100,512,2,0.988,0.931,0.997,0.98,5.91,26,13312,0.811,hash_chain_replay
controlled_weak_network_simulation,hash_chain,0.01,0.0,0,100,512,3,0.986,0.931,0.997,0.98,5.91,26,13312,0.811,hash_chain_replay
controlled_weak_network_simulation,hash_chain,0.01,0.0,0,500,128,1,0.99,0.931,0.997,0.98,9.55,130,16640,0.811,hash_chain_replay
controlled_weak_network_simulation,hash_chain,0.01,0.0,0,500,128,2,0.988,0.931,0.997,0.98,9.55,130,16640,0.811,hash_chain_replay
controlled_weak_network_simulation,hash_chain,0.01,0.0,0,500,128,3,0.986,0.931,0.997,0.98,9.55,130,16640,0.811,hash_chain_replay
controlled_weak_network_simulation,hash_chain,0.01,0.0,0,500,512,1,0.99,0.931,0.997,0.98,9.55,130,66560,0.811,hash_chain_replay
controlled_weak_network_simulation,hash_chain,0.01,0.0,0,500,512,2,0.988,0.931,0.997,0.98,9.55,130,66560,0.811,hash_chain_replay
controlled_weak_network_simulation,hash_chain,0.01,0.0,0,500,512,3,0.986,0.931,0.997,0.98,9.55,130,66560,0.811,hash_chain_replay
controlled_weak_network_simulation,hash_chain,0.01,0.0,0,1000,128,1,0.99,0.931,0.997,0.98,14.1,260,33280,0.811,hash_chain_replay
controlled_weak_network_simulation,hash_chain,0.01,0.0,0,1000,128,2,0.988,0.931,0.997,0.98,14.1,260,33280,0.811,hash_chain_replay
controlled_weak_network_simulation,hash_chain,0.01,0.0,0,1000,128,3,0.986,0.931,0.997,0.98,14.1,260,33280,0.811,hash_chain_replay
controlled_weak_network_simulation,hash_chain,0.01,0.0,0,1000,512,1,0.99,0.931,0.997,0.98,14.1,260,133120,0.811,hash_chain_replay
controlled_weak_network_simulation,hash_chain,0.01,0.0,0,1000,512,2,0.988,0.931,0.997,0.98,14.1,260,133120,0.811,hash_chain_replay
controlled_weak_network_simulation,hash_chain,0.01,0.0,0,1000,512,3,0.986,0.931,0.997,0.98,14.1,260,133120,0.811,hash_chain_replay
controlled_weak_network_simulation,hash_chain,0.01,0.0,50,100,128,1,0.99,0.913,0.997,0.98,55.91,26,3328,0.793,hash_chain_replay
controlled_weak_network_simulation,hash_chain,0.01,0.0,50,100,128,2,0.988,0.913,0.997,0.98,55.91,26,3328,0.793,hash_chain_replay
controlled_weak_network_simulation,hash_chain,0.01,0.0,50,100,128,3,0.986,0.913,0.997,0.98,55.91,26,3328,0.793,hash_chain_replay
controlled_weak_network_simulation,hash_chain,0.01,0.0,50,100,512,1,0.99,0.913,0.997,0.98,55.91,26,13312,0.793,hash_chain_replay
controlled_weak_network_simulation,hash_chain,0.01,0.0,50,100,512,2,0.988,0.913,0.997,0.98,55.91,26,13312,0.793,hash_chain_replay
controlled_weak_network_simulation,hash_chain,0.01,0.0,50,100,512,3,0.986,0.913,0.997,0.98,55.91,26,13312,0.793,hash_chain_replay
controlled_weak_network_simulation,hash_chain,0.01,0.0,50,500,128,1,0.99,0.913,0.997,0.98,59.55,130,16640,0.793,hash_chain_replay
controlled_weak_network_simulation,hash_chain,0.01,0.0,50,500,128,2,0.988,0.913,0.997,0.98,59.55,130,16640,0.793,hash_chain_replay
controlled_weak_network_simulation,hash_chain,0.01,0.0,50,500,128,3,0.986,0.913,0.997,0.98,59.55,130,16640,0.793,hash_chain_replay
controlled_weak_network_simulation,hash_chain,0.01,0.0,50,500,512,1,0.99,0.913,0.997,0.98,59.55,130,66560,0.793,hash_chain_replay
controlled_weak_network_simulation,hash_chain,0.01,0.0,50,500,512,2,0.988,0.913,0.997,0.98,59.55,130,66560,0.793,hash_chain_replay
controlled_weak_network_simulation,hash_chain,0.01,0.0,50,500,512,3,0.986,0.913,0.997,0.98,59.55,130,66560,0.793,hash_chain_replay
controlled_weak_network_simulation,hash_chain,0.01,0.0,50,1000,128,1,0.99,0.913,0.997,0.98,64.1,260,33280,0.793,hash_chain_replay
controlled_weak_network_simulation,hash_chain,0.01,0.0,50,1000,128,2,0.988,0.913,0.997,0.98,64.1,260,33280,0.793,hash_chain_replay
controlled_weak_network_simulation,hash_chain,0.01,0.0,50,1000,128,3,0.986,0.913,0.997,0.98,64.1,260,33280,0.793,hash_chain_replay
controlled_weak_network_simulation,hash_chain,0.01,0.0,50,1000,512,1,0.99,0.913,0.997,0.98,64.1,260,133120,0.793,hash_chain_replay
controlled_weak_network_simulation,hash_chain,0.01,0.0,50,1000,512,2,0.988,0.913,0.997,0.98,64.1,260,133120,0.793,hash_chain_replay
controlled_weak_network_simulation,hash_chain,0.01,0.0,50,1000,512,3,0.986,0.913,0.997,0.98,64.1,260,133120,0.793,hash_chain_replay
controlled_weak_network_simulation,hash_chain,0.01,0.0,100,100,128,1,0.99,0.895,0.997,0.98,105.91,26,3328,0.775,hash_chain_replay
controlled_weak_network_simulation,hash_chain,0.01,0.0,100,100,128,2,0.988,0.895,0.997,0.98,105.91,26,3328,0.775,hash_chain_replay
controlled_weak_network_simulation,hash_chain,0.01,0.0,100,100,128,3,0.986,0.895,0.997,0.98,105.91,26,3328,0.775,hash_chain_replay
controlled_weak_network_simulation,hash_chain,0.01,0.0,100,100,512,1,0.99,0.895,0.997,0.98,105.91,26,13312,0.775,hash_chain_replay
controlled_weak_network_simulation,hash_chain,0.01,0.0,100,100,512,2,0.988,0.895,0.997,0.98,105.91,26,13312,0.775,hash_chain_replay
controlled_weak_network_simulation,hash_chain,0.01,0.0,100,100,512,3,0.986,0.895,0.997,0.98,105.91,26,13312,0.775,hash_chain_replay
controlled_weak_network_simulation,hash_chain,0.01,0.0,100,500,128,1,0.99,0.895,0.997,0.98,109.55,130,16640,0.775,hash_chain_replay
controlled_weak_network_simulation,hash_chain,0.01,0.0,100,500,128,2,0.988,0.895,0.997,0.98,109.55,130,16640,0.775,hash_chain_replay
controlled_weak_network_simulation,hash_chain,0.01,0.0,100,500,128,3,0.986,0.895,0.997,0.98,109.55,130,16640,0.775,hash_chain_replay
controlled_weak_network_simulation,hash_chain,0.01,0.0,100,500,512,1,0.99,0.895,0.997,0.98,109.55,130,66560,0.775,hash_chain_replay
controlled_weak_network_simulation,hash_chain,0.01,0.0,100,500,512,2,0.988,0.895,0.997,0.98,109.55,130,66560,0.775,hash_chain_replay
controlled_weak_network_simulation,hash_chain,0.01,0.0,100,500,512,3,0.986,0.895,0.997,0.98,109.55,130,66560,0.775,hash_chain_replay
controlled_weak_network_simulation,hash_chain,0.01,0.0,100,1000,128,1,0.99,0.895,0.997,0.98,114.1,260,33280,0.775,hash_chain_replay
controlled_weak_network_simulation,hash_chain,0.01,0.0,100,1000,128,2,0.988,0.895,0.997,0.98,114.1,260,33280,0.775,hash_chain_replay
controlled_weak_network_simulation,hash_chain,0.01,0.0,100,1000,128,3,0.986,0.895,0.997,0.98,114.1,260,33280,0.775,hash_chain_replay
controlled_weak_network_simulation,hash_chain,0.01,0.0,100,1000,512,1,0.99,0.895,0.997,0.98,114.1,260,133120,0.775,hash_chain_replay
controlled_weak_network_simulation,hash_chain,0.01,0.0,100,1000,512,2,0.988,0.895,0.997,0.98,114.1,260,133120,0.775,hash_chain_replay
controlled_weak_network_simulation,hash_chain,0.01,0.0,100,1000,512,3,0.986,0.895,0.997,0.98,114.1,260,133120,0.775,hash_chain_replay
controlled_weak_network_simulation,hash_chain,0.01,0.0,200,100,128,1,0.99,0.859,0.997,0.98,205.91,26,3328,0.739,hash_chain_replay
controlled_weak_network_simulation,hash_chain,0.01,0.0,200,100,128,2,0.988,0.859,0.997,0.98,205.91,26,3328,0.739,hash_chain_replay
controlled_weak_network_simulation,hash_chain,0.01,0.0,200,100,128,3,0.986,0.859,0.997,0.98,205.91,26,3328,0.739,hash_chain_replay
controlled_weak_network_simulation,hash_chain,0.01,0.0,200,100,512,1,0.99,0.859,0.997,0.98,205.91,26,13312,0.739,hash_chain_replay
controlled_weak_network_simulation,hash_chain,0.01,0.0,200,100,512,2,0.988,0.859,0.997,0.98,205.91,26,13312,0.739,hash_chain_replay
controlled_weak_network_simulation,hash_chain,0.01,0.0,200,100,512,3,0.986,0.859,0.997,0.98,205.91,26,13312,0.739,hash_chain_replay
controlled_weak_network_simulation,hash_chain,0.01,0.0,200,500,128,1,0.99,0.859,0.997,0.98,209.55,130,16640,0.739,hash_chain_replay
controlled_weak_network_simulation,hash_chain,0.01,0.0,200,500,128,2,0.988,0.859,0.997,0.98,209.55,130,16640,0.739,hash_chain_replay
controlled_weak_network_simulation,hash_chain,0.01,0.0,200,500,128,3,0.986,0.859,0.997,0.98,209.55,130,16640,0.739,hash_chain_replay
controlled_weak_network_simulation,hash_chain,0.01,0.0,200,500,512,1,0.99,0.859,0.997,0.98,209.55,130,66560,0.739,hash_chain_replay
controlled_weak_network_simulation,hash_chain,0.01,0.0,200,500,512,2,0.988,0.859,0.997,0.98,209.55,130,66560,0.739,hash_chain_replay
controlled_weak_network_simulation,hash_chain,0.01,0.0,200,500,512,3,0.986,0.859,0.997,0.98,209.55,130,66560,0.739,hash_chain_replay
controlled_weak_network_simulation,hash_chain,0.01,0.0,200,1000,128,1,0.99,0.859,0.997,0.98,214.1,260,33280,0.739,hash_chain_replay
controlled_weak_network_simulation,hash_chain,0.01,0.0,200,1000,128,2,0.988,0.859,0.997,0.98,214.1,260,33280,0.739,hash_chain_replay
controlled_weak_network_simulation,hash_chain,0.01,0.0,200,1000,128,3,0.986,0.859,0.997,0.98,214.1,260,33280,0.739,hash_chain_replay
controlled_weak_network_simulation,hash_chain,0.01,0.0,200,1000,512,1,0.99,0.859,0.997,0.98,214.1,260,133120,0.739,hash_chain_replay
controlled_weak_network_simulation,hash_chain,0.01,0.0,200,1000,512,2,0.988,0.859,0.997,0.98,214.1,260,133120,0.739,hash_chain_replay
controlled_weak_network_simulation,hash_chain,0.01,0.0,200,1000,512,3,0.986,0.859,0.997,0.98,214.1,260,133120,0.739,hash_chain_replay
controlled_weak_network_simulation,hash_chain,0.01,0.01,0,100,128,1,0.9865,0.9256,0.997,0.978,5.91,26,3328,0.8056,hash_chain_replay
controlled_weak_network_simulation,hash_chain,0.01,0.01,0,100,128,2,0.9845,0.9256,0.997,0.978,5.91,26,3328,0.8056,hash_chain_replay
controlled_weak_network_simulation,hash_chain,0.01,0.01,0,100,128,3,0.9825,0.9256,0.997,0.978,5.91,26,3328,0.8056,hash_chain_replay
controlled_weak_network_simulation,hash_chain,0.01,0.01,0,100,512,1,0.9865,0.9256,0.997,0.978,5.91,26,13312,0.8056,hash_chain_replay
controlled_weak_network_simulation,hash_chain,0.01,0.01,0,100,512,2,0.9845,0.9256,0.997,0.978,5.91,26,13312,0.8056,hash_chain_replay
controlled_weak_network_simulation,hash_chain,0.01,0.01,0,100,512,3,0.9825,0.9256,0.997,0.978,5.91,26,13312,0.8056,hash_chain_replay
controlled_weak_network_simulation,hash_chain,0.01,0.01,0,500,128,1,0.9865,0.9256,0.997,0.978,9.55,130,16640,0.8056,hash_chain_replay
controlled_weak_network_simulation,hash_chain,0.01,0.01,0,500,128,2,0.9845,0.9256,0.997,0.978,9.55,130,16640,0.8056,hash_chain_replay
controlled_weak_network_simulation,hash_chain,0.01,0.01,0,500,128,3,0.9825,0.9256,0.997,0.978,9.55,130,16640,0.8056,hash_chain_replay
controlled_weak_network_simulation,hash_chain,0.01,0.01,0,500,512,1,0.9865,0.9256,0.997,0.978,9.55,130,66560,0.8056,hash_chain_replay
controlled_weak_network_simulation,hash_chain,0.01,0.01,0,500,512,2,0.9845,0.9256,0.997,0.978,9.55,130,66560,0.8056,hash_chain_replay
controlled_weak_network_simulation,hash_chain,0.01,0.01,0,500,512,3,0.9825,0.9256,0.997,0.978,9.55,130,66560,0.8056,hash_chain_replay
controlled_weak_network_simulation,hash_chain,0.01,0.01,0,1000,128,1,0.9865,0.9256,0.997,0.978,14.1,260,33280,0.8056,hash_chain_replay
controlled_weak_network_simulation,hash_chain,0.01,0.01,0,1000,128,2,0.9845,0.9256,0.997,0.978,14.1,260,33280,0.8056,hash_chain_replay
controlled_weak_network_simulation,hash_chain,0.01,0.01,0,1000,128,3,0.9825,0.9256,0.997,0.978,14.1,260,33280,0.8056,hash_chain_replay
controlled_weak_network_simulation,hash_chain,0.01,0.01,0,1000,512,1,0.9865,0.9256,0.997,0.978,14.1,260,133120,0.8056,hash_chain_replay
controlled_weak_network_simulation,hash_chain,0.01,0.01,0,1000,512,2,0.9845,0.9256,0.997,0.978,14.1,260,133120,0.8056,hash_chain_replay
controlled_weak_network_simulation,hash_chain,0.01,0.01,0,1000,512,3,0.9825,0.9256,0.997,0.978,14.1,260,133120,0.8056,hash_chain_replay
controlled_weak_network_simulation,hash_chain,0.01,0.01,50,100,128,1,0.9865,0.9076,0.997,0.978,55.91,26,3328,0.7876,hash_chain_replay
controlled_weak_network_simulation,hash_chain,0.01,0.01,50,100,128,2,0.9845,0.9076,0.997,0.978,55.91,26,3328,0.7876,hash_chain_replay
controlled_weak_network_simulation,hash_chain,0.01,0.01,50,100,128,3,0.9825,0.9076,0.997,0.978,55.91,26,3328,0.7876,hash_chain_replay
controlled_weak_network_simulation,hash_chain,0.01,0.01,50,100,512,1,0.9865,0.9076,0.997,0.978,55.91,26,13312,0.7876,hash_chain_replay
controlled_weak_network_simulation,hash_chain,0.01,0.01,50,100,512,2,0.9845,0.9076,0.997,0.978,55.91,26,13312,0.7876,hash_chain_replay
controlled_weak_network_simulation,hash_chain,0.01,0.01,50,100,512,3,0.9825,0.9076,0.997,0.978,55.91,26,13312,0.7876,hash_chain_replay
controlled_weak_network_simulation,hash_chain,0.01,0.01,50,500,128,1,0.9865,0.9076,0.997,0.978,59.55,130,16640,0.7876,hash_chain_replay
controlled_weak_network_simulation,hash_chain,0.01,0.01,50,500,128,2,0.9845,0.9076,0.997,0.978,59.55,130,16640,0.7876,hash_chain_replay
controlled_weak_network_simulation,hash_chain,0.01,0.01,50,500,128,3,0.9825,0.9076,0.997,0.978,59.55,130,16640,0.7876,hash_chain_replay
controlled_weak_network_simulation,hash_chain,0.01,0.01,50,500,512,1,0.9865,0.9076,0.997,0.978,59.55,130,66560,0.7876,hash_chain_replay
controlled_weak_network_simulation,hash_chain,0.01,0.01,50,500,512,2,0.9845,0.9076,0.997,0.978,59.55,130,66560,0.7876,hash_chain_replay
controlled_weak_network_simulation,hash_chain,0.01,0.01,50,500,512,3,0.9825,0.9076,0.997,0.978,59.55,130,66560,0.7876,hash_chain_replay
controlled_weak_network_simulation,hash_chain,0.01,0.01,50,1000,128,1,0.9865,0.9076,0.997,0.978,64.1,260,33280,0.7876,hash_chain_replay
controlled_weak_network_simulation,hash_chain,0.01,0.01,50,1000,128,2,0.9845,0.9076,0.997,0.978,64.1,260,33280,0.7876,hash_chain_replay
controlled_weak_network_simulation,hash_chain,0.01,0.01,50,1000,128,3,0.9825,0.9076,0.997,0.978,64.1,260,33280,0.7876,hash_chain_replay
controlled_weak_network_simulation,hash_chain,0.01,0.01,50,1000,512,1,0.9865,0.9076,0.997,0.978,64.1,260,133120,0.7876,hash_chain_replay
controlled_weak_network_simulation,hash_chain,0.01,0.01,50,1000,512,2,0.9845,0.9076,0.997,0.978,64.1,260,133120,0.7876,hash_chain_replay
controlled_weak_network_simulation,hash_chain,0.01,0.01,50,1000,512,3,0.9825,0.9076,0.997,0.978,64.1,260,133120,0.7876,hash_chain_replay
controlled_weak_network_simulation,hash_chain,0.01,0.01,100,100,128,1,0.9865,0.8896,0.997,0.978,105.91,26,3328,0.7696,hash_chain_replay
controlled_weak_network_simulation,hash_chain,0.01,0.01,100,100,128,2,0.9845,0.8896,0.997,0.978,105.91,26,3328,0.7696,hash_chain_replay
controlled_weak_network_simulation,hash_chain,0.01,0.01,100,100,128,3,0.9825,0.8896,0.997,0.978,105.91,26,3328,0.7696,hash_chain_replay
controlled_weak_network_simulation,hash_chain,0.01,0.01,100,100,512,1,0.9865,0.8896,0.997,0.978,105.91,26,13312,0.7696,hash_chain_replay
controlled_weak_network_simulation,hash_chain,0.01,0.01,100,100,512,2,0.9845,0.8896,0.997,0.978,105.91,26,13312,0.7696,hash_chain_replay
controlled_weak_network_simulation,hash_chain,0.01,0.01,100,100,512,3,0.9825,0.8896,0.997,0.978,105.91,26,13312,0.7696,hash_chain_replay
controlled_weak_network_simulation,hash_chain,0.01,0.01,100,500,128,1,0.9865,0.8896,0.997,0.978,109.55,130,16640,0.7696,hash_chain_replay
controlled_weak_network_simulation,hash_chain,0.01,0.01,100,500,128,2,0.9845,0.8896,0.997,0.978,109.55,130,16640,0.7696,hash_chain_replay
controlled_weak_network_simulation,hash_chain,0.01,0.01,100,500,128,3,0.9825,0.8896,0.997,0.978,109.55,130,16640,0.7696,hash_chain_replay
controlled_weak_network_simulation,hash_chain,0.01,0.01,100,500,512,1,0.9865,0.8896,0.997,0.978,109.55,130,66560,0.7696,hash_chain_replay
controlled_weak_network_simulation,hash_chain,0.01,0.01,100,500,512,2,0.9845,0.8896,0.997,0.978,109.55,130,66560,0.7696,hash_chain_replay
controlled_weak_network_simulation,hash_chain,0.01,0.01,100,500,512,3,0.9825,0.8896,0.997,0.978,109.55,130,66560,0.7696,hash_chain_replay
controlled_weak_network_simulation,hash_chain,0.01,0.01,100,1000,128,1,0.9865,0.8896,0.997,0.978,114.1,260,33280,0.7696,hash_chain_replay
controlled_weak_network_simulation,hash_chain,0.01,0.01,100,1000,128,2,0.9845,0.8896,0.997,0.978,114.1,260,33280,0.7696,hash_chain_replay
controlled_weak_network_simulation,hash_chain,0.01,0.01,100,1000,128,3,0.9825,0.8896,0.997,0.978,114.1,260,33280,0.7696,hash_chain_replay
controlled_weak_network_simulation,hash_chain,0.01,0.01,100,1000,512,1,0.9865,0.8896,0.997,0.978,114.1,260,133120,0.7696,hash_chain_replay
controlled_weak_network_simulation,hash_chain,0.01,0.01,100,1000,512,2,0.9845,0.8896,0.997,0.978,114.1,260,133120,0.7696,hash_chain_replay
controlled_weak_network_simulation,hash_chain,0.01,0.01,100,1000,512,3,0.9825,0.8896,0.997,0.978,114.1,260,133120,0.7696,hash_chain_replay
controlled_weak_network_simulation,hash_chain,0.01,0.01,200,100,128,1,0.9865,0.8536,0.997,0.978,205.91,26,3328,0.7336,hash_chain_replay
controlled_weak_network_simulation,hash_chain,0.01,0.01,200,100,128,2,0.9845,0.8536,0.997,0.978,205.91,26,3328,0.7336,hash_chain_replay
controlled_weak_network_simulation,hash_chain,0.01,0.01,200,100,128,3,0.9825,0.8536,0.997,0.978,205.91,26,3328,0.7336,hash_chain_replay
controlled_weak_network_simulation,hash_chain,0.01,0.01,200,100,512,1,0.9865,0.8536,0.997,0.978,205.91,26,13312,0.7336,hash_chain_replay
controlled_weak_network_simulation,hash_chain,0.01,0.01,200,100,512,2,0.9845,0.8536,0.997,0.978,205.91,26,13312,0.7336,hash_chain_replay
controlled_weak_network_simulation,hash_chain,0.01,0.01,200,100,512,3,0.9825,0.8536,0.997,0.978,205.91,26,13312,0.7336,hash_chain_replay
controlled_weak_network_simulation,hash_chain,0.01,0.01,200,500,128,1,0.9865,0.8536,0.997,0.978,209.55,130,16640,0.7336,hash_chain_replay
controlled_weak_network_simulation,hash_chain,0.01,0.01,200,500,128,2,0.9845,0.8536,0.997,0.978,209.55,130,16640,0.7336,hash_chain_replay
controlled_weak_network_simulation,hash_chain,0.01,0.01,200,500,128,3,0.9825,0.8536,0.997,0.978,209.55,130,16640,0.7336,hash_chain_replay
controlled_weak_network_simulation,hash_chain,0.01,0.01,200,500,512,1,0.9865,0.8536,0.997,0.978,209.55,130,66560,0.7336,hash_chain_replay
controlled_weak_network_simulation,hash_chain,0.01,0.01,200,500,512,2,0.9845,0.8536,0.997,0.978,209.55,130,66560,0.7336,hash_chain_replay
controlled_weak_network_simulation,hash_chain,0.01,0.01,200,500,512,3,0.9825,0.8536,0.997,0.978,209.55,130,66560,0.7336,hash_chain_replay
controlled_weak_network_simulation,hash_chain,0.01,0.01,200,1000,128,1,0.9865,0.8536,0.997,0.978,214.1,260,33280,0.7336,hash_chain_replay
controlled_weak_network_simulation,hash_chain,0.01,0.01,200,1000,128,2,0.9845,0.8536,0.997,0.978,214.1,260,33280,0.7336,hash_chain_replay
controlled_weak_network_simulation,hash_chain,0.01,0.01,200,1000,128,3,0.9825,0.8536,0.997,0.978,214.1,260,33280,0.7336,hash_chain_replay
controlled_weak_network_simulation,hash_chain,0.01,0.01,200,1000,512,1,0.9865,0.8536,0.997,0.978,214.1,260,133120,0.7336,hash_chain_replay
controlled_weak_network_simulation,hash_chain,0.01,0.01,200,1000,512,2,0.9845,0.8536,0.997,0.978,214.1,260,133120,0.7336,hash_chain_replay
controlled_weak_network_simulation,hash_chain,0.01,0.01,200,1000,512,3,0.9825,0.8536,0.997,0.978,214.1,260,133120,0.7336,hash_chain_replay
controlled_weak_network_simulation,hash_chain,0.01,0.03,0,100,128,1,0.9795,0.9148,0.997,0.974,5.91,26,3328,0.7948,hash_chain_replay
controlled_weak_network_simulation,hash_chain,0.01,0.03,0,100,128,2,0.9775,0.9148,0.997,0.974,5.91,26,3328,0.7948,hash_chain_replay
controlled_weak_network_simulation,hash_chain,0.01,0.03,0,100,128,3,0.9755,0.9148,0.997,0.974,5.91,26,3328,0.7948,hash_chain_replay
controlled_weak_network_simulation,hash_chain,0.01,0.03,0,100,512,1,0.9795,0.9148,0.997,0.974,5.91,26,13312,0.7948,hash_chain_replay
controlled_weak_network_simulation,hash_chain,0.01,0.03,0,100,512,2,0.9775,0.9148,0.997,0.974,5.91,26,13312,0.7948,hash_chain_replay
controlled_weak_network_simulation,hash_chain,0.01,0.03,0,100,512,3,0.9755,0.9148,0.997,0.974,5.91,26,13312,0.7948,hash_chain_replay
controlled_weak_network_simulation,hash_chain,0.01,0.03,0,500,128,1,0.9795,0.9148,0.997,0.974,9.55,130,16640,0.7948,hash_chain_replay
controlled_weak_network_simulation,hash_chain,0.01,0.03,0,500,128,2,0.9775,0.9148,0.997,0.974,9.55,130,16640,0.7948,hash_chain_replay
controlled_weak_network_simulation,hash_chain,0.01,0.03,0,500,128,3,0.9755,0.9148,0.997,0.974,9.55,130,16640,0.7948,hash_chain_replay
controlled_weak_network_simulation,hash_chain,0.01,0.03,0,500,512,1,0.9795,0.9148,0.997,0.974,9.55,130,66560,0.7948,hash_chain_replay
controlled_weak_network_simulation,hash_chain,0.01,0.03,0,500,512,2,0.9775,0.9148,0.997,0.974,9.55,130,66560,0.7948,hash_chain_replay
controlled_weak_network_simulation,hash_chain,0.01,0.03,0,500,512,3,0.9755,0.9148,0.997,0.974,9.55,130,66560,0.7948,hash_chain_replay
controlled_weak_network_simulation,hash_chain,0.01,0.03,0,1000,128,1,0.9795,0.9148,0.997,0.974,14.1,260,33280,0.7948,hash_chain_replay
controlled_weak_network_simulation,hash_chain,0.01,0.03,0,1000,128,2,0.9775,0.9148,0.997,0.974,14.1,260,33280,0.7948,hash_chain_replay
controlled_weak_network_simulation,hash_chain,0.01,0.03,0,1000,128,3,0.9755,0.9148,0.997,0.974,14.1,260,33280,0.7948,hash_chain_replay
controlled_weak_network_simulation,hash_chain,0.01,0.03,0,1000,512,1,0.9795,0.9148,0.997,0.974,14.1,260,133120,0.7948,hash_chain_replay
controlled_weak_network_simulation,hash_chain,0.01,0.03,0,1000,512,2,0.9775,0.9148,0.997,0.974,14.1,260,133120,0.7948,hash_chain_replay
controlled_weak_network_simulation,hash_chain,0.01,0.03,0,1000,512,3,0.9755,0.9148,0.997,0.974,14.1,260,133120,0.7948,hash_chain_replay
controlled_weak_network_simulation,hash_chain,0.01,0.03,50,100,128,1,0.9795,0.8968,0.997,0.974,55.91,26,3328,0.7768,hash_chain_replay
controlled_weak_network_simulation,hash_chain,0.01,0.03,50,100,128,2,0.9775,0.8968,0.997,0.974,55.91,26,3328,0.7768,hash_chain_replay
controlled_weak_network_simulation,hash_chain,0.01,0.03,50,100,128,3,0.9755,0.8968,0.997,0.974,55.91,26,3328,0.7768,hash_chain_replay
controlled_weak_network_simulation,hash_chain,0.01,0.03,50,100,512,1,0.9795,0.8968,0.997,0.974,55.91,26,13312,0.7768,hash_chain_replay
controlled_weak_network_simulation,hash_chain,0.01,0.03,50,100,512,2,0.9775,0.8968,0.997,0.974,55.91,26,13312,0.7768,hash_chain_replay
controlled_weak_network_simulation,hash_chain,0.01,0.03,50,100,512,3,0.9755,0.8968,0.997,0.974,55.91,26,13312,0.7768,hash_chain_replay
controlled_weak_network_simulation,hash_chain,0.01,0.03,50,500,128,1,0.9795,0.8968,0.997,0.974,59.55,130,16640,0.7768,hash_chain_replay
controlled_weak_network_simulation,hash_chain,0.01,0.03,50,500,128,2,0.9775,0.8968,0.997,0.974,59.55,130,16640,0.7768,hash_chain_replay
controlled_weak_network_simulation,hash_chain,0.01,0.03,50,500,128,3,0.9755,0.8968,0.997,0.974,59.55,130,16640,0.7768,hash_chain_replay
controlled_weak_network_simulation,hash_chain,0.01,0.03,50,500,512,1,0.9795,0.8968,0.997,0.974,59.55,130,66560,0.7768,hash_chain_replay
controlled_weak_network_simulation,hash_chain,0.01,0.03,50,500,512,2,0.9775,0.8968,0.997,0.974,59.55,130,66560,0.7768,hash_chain_replay
controlled_weak_network_simulation,hash_chain,0.01,0.03,50,500,512,3,0.9755,0.8968,0.997,0.974,59.55,130,66560,0.7768,hash_chain_replay
controlled_weak_network_simulation,hash_chain,0.01,0.03,50,1000,128,1,0.9795,0.8968,0.997,0.974,64.1,260,33280,0.7768,hash_chain_replay
controlled_weak_network_simulation,hash_chain,0.01,0.03,50,1000,128,2,0.9775,0.8968,0.997,0.974,64.1,260,33280,0.7768,hash_chain_replay
controlled_weak_network_simulation,hash_chain,0.01,0.03,50,1000,128,3,0.9755,0.8968,0.997,0.974,64.1,260,33280,0.7768,hash_chain_replay
controlled_weak_network_simulation,hash_chain,0.01,0.03,50,1000,512,1,0.9795,0.8968,0.997,0.974,64.1,260,133120,0.7768,hash_chain_replay
controlled_weak_network_simulation,hash_chain,0.01,0.03,50,1000,512,2,0.9775,0.8968,0.997,0.974,64.1,260,133120,0.7768,hash_chain_replay
controlled_weak_network_simulation,hash_chain,0.01,0.03,50,1000,512,3,0.9755,0.8968,0.997,0.974,64.1,260,133120,0.7768,hash_chain_replay
controlled_weak_network_simulation,hash_chain,0.01,0.03,100,100,128,1,0.9795,0.8788,0.997,0.974,105.91,26,3328,0.7588,hash_chain_replay
controlled_weak_network_simulation,hash_chain,0.01,0.03,100,100,128,2,0.9775,0.8788,0.997,0.974,105.91,26,3328,0.7588,hash_chain_replay
controlled_weak_network_simulation,hash_chain,0.01,0.03,100,100,128,3,0.9755,0.8788,0.997,0.974,105.91,26,3328,0.7588,hash_chain_replay
controlled_weak_network_simulation,hash_chain,0.01,0.03,100,100,512,1,0.9795,0.8788,0.997,0.974,105.91,26,13312,0.7588,hash_chain_replay
controlled_weak_network_simulation,hash_chain,0.01,0.03,100,100,512,2,0.9775,0.8788,0.997,0.974,105.91,26,13312,0.7588,hash_chain_replay
controlled_weak_network_simulation,hash_chain,0.01,0.03,100,100,512,3,0.9755,0.8788,0.997,0.974,105.91,26,13312,0.7588,hash_chain_replay
controlled_weak_network_simulation,hash_chain,0.01,0.03,100,500,128,1,0.9795,0.8788,0.997,0.974,109.55,130,16640,0.7588,hash_chain_replay
controlled_weak_network_simulation,hash_chain,0.01,0.03,100,500,128,2,0.9775,0.8788,0.997,0.974,109.55,130,16640,0.7588,hash_chain_replay
controlled_weak_network_simulation,hash_chain,0.01,0.03,100,500,128,3,0.9755,0.8788,0.997,0.974,109.55,130,16640,0.7588,hash_chain_replay
controlled_weak_network_simulation,hash_chain,0.01,0.03,100,500,512,1,0.9795,0.8788,0.997,0.974,109.55,130,66560,0.7588,hash_chain_replay
controlled_weak_network_simulation,hash_chain,0.01,0.03,100,500,512,2,0.9775,0.8788,0.997,0.974,109.55,130,66560,0.7588,hash_chain_replay
controlled_weak_network_simulation,hash_chain,0.01,0.03,100,500,512,3,0.9755,0.8788,0.997,0.974,109.55,130,66560,0.7588,hash_chain_replay
controlled_weak_network_simulation,hash_chain,0.01,0.03,100,1000,128,1,0.9795,0.8788,0.997,0.974,114.1,260,33280,0.7588,hash_chain_replay
controlled_weak_network_simulation,hash_chain,0.01,0.03,100,1000,128,2,0.9775,0.8788,0.997,0.974,114.1,260,33280,0.7588,hash_chain_replay
controlled_weak_network_simulation,hash_chain,0.01,0.03,100,1000,128,3,0.9755,0.8788,0.997,0.974,114.1,260,33280,0.7588,hash_chain_replay
controlled_weak_network_simulation,hash_chain,0.01,0.03,100,1000,512,1,0.9795,0.8788,0.997,0.974,114.1,260,133120,0.7588,hash_chain_replay
controlled_weak_network_simulation,hash_chain,0.01,0.03,100,1000,512,2,0.9775,0.8788,0.997,0.974,114.1,260,133120,0.7588,hash_chain_replay
controlled_weak_network_simulation,hash_chain,0.01,0.03,100,1000,512,3,0.9755,0.8788,0.997,0.974,114.1,260,133120,0.7588,hash_chain_replay
controlled_weak_network_simulation,hash_chain,0.01,0.03,200,100,128,1,0.9795,0.8428,0.997,0.974,205.91,26,3328,0.7228,hash_chain_replay
controlled_weak_network_simulation,hash_chain,0.01,0.03,200,100,128,2,0.9775,0.8428,0.997,0.974,205.91,26,3328,0.7228,hash_chain_replay
controlled_weak_network_simulation,hash_chain,0.01,0.03,200,100,128,3,0.9755,0.8428,0.997,0.974,205.91,26,3328,0.7228,hash_chain_replay
controlled_weak_network_simulation,hash_chain,0.01,0.03,200,100,512,1,0.9795,0.8428,0.997,0.974,205.91,26,13312,0.7228,hash_chain_replay
controlled_weak_network_simulation,hash_chain,0.01,0.03,200,100,512,2,0.9775,0.8428,0.997,0.974,205.91,26,13312,0.7228,hash_chain_replay
controlled_weak_network_simulation,hash_chain,0.01,0.03,200,100,512,3,0.9755,0.8428,0.997,0.974,205.91,26,13312,0.7228,hash_chain_replay
controlled_weak_network_simulation,hash_chain,0.01,0.03,200,500,128,1,0.9795,0.8428,0.997,0.974,209.55,130,16640,0.7228,hash_chain_replay
controlled_weak_network_simulation,hash_chain,0.01,0.03,200,500,128,2,0.9775,0.8428,0.997,0.974,209.55,130,16640,0.7228,hash_chain_replay
controlled_weak_network_simulation,hash_chain,0.01,0.03,200,500,128,3,0.9755,0.8428,0.997,0.974,209.55,130,16640,0.7228,hash_chain_replay
controlled_weak_network_simulation,hash_chain,0.01,0.03,200,500,512,1,0.9795,0.8428,0.997,0.974,209.55,130,66560,0.7228,hash_chain_replay
controlled_weak_network_simulation,hash_chain,0.01,0.03,200,500,512,2,0.9775,0.8428,0.997,0.974,209.55,130,66560,0.7228,hash_chain_replay
controlled_weak_network_simulation,hash_chain,0.01,0.03,200,500,512,3,0.9755,0.8428,0.997,0.974,209.55,130,66560,0.7228,hash_chain_replay
controlled_weak_network_simulation,hash_chain,0.01,0.03,200,1000,128,1,0.9795,0.8428,0.997,0.974,214.1,260,33280,0.7228,hash_chain_replay
controlled_weak_network_simulation,hash_chain,0.01,0.03,200,1000,128,2,0.9775,0.8428,0.997,0.974,214.1,260,33280,0.7228,hash_chain_replay
controlled_weak_network_simulation,hash_chain,0.01,0.03,200,1000,128,3,0.9755,0.8428,0.997,0.974,214.1,260,33280,0.7228,hash_chain_replay
controlled_weak_network_simulation,hash_chain,0.01,0.03,200,1000,512,1,0.9795,0.8428,0.997,0.974,214.1,260,133120,0.7228,hash_chain_replay
controlled_weak_network_simulation,hash_chain,0.01,0.03,200,1000,512,2,0.9775,0.8428,0.997,0.974,214.1,260,133120,0.7228,hash_chain_replay
controlled_weak_network_simulation,hash_chain,0.01,0.03,200,1000,512,3,0.9755,0.8428,0.997,0.974,214.1,260,133120,0.7228,hash_chain_replay
controlled_weak_network_simulation,hash_chain,0.03,0.0,0,100,128,1,0.97,0.913,0.991,0.98,5.98,28,3584,0.793,hash_chain_replay
controlled_weak_network_simulation,hash_chain,0.03,0.0,0,100,128,2,0.968,0.913,0.991,0.98,5.98,28,3584,0.793,hash_chain_replay
controlled_weak_network_simulation,hash_chain,0.03,0.0,0,100,128,3,0.966,0.913,0.991,0.98,5.98,28,3584,0.793,hash_chain_replay
controlled_weak_network_simulation,hash_chain,0.03,0.0,0,100,512,1,0.97,0.913,0.991,0.98,5.98,28,14336,0.793,hash_chain_replay
controlled_weak_network_simulation,hash_chain,0.03,0.0,0,100,512,2,0.968,0.913,0.991,0.98,5.98,28,14336,0.793,hash_chain_replay
controlled_weak_network_simulation,hash_chain,0.03,0.0,0,100,512,3,0.966,0.913,0.991,0.98,5.98,28,14336,0.793,hash_chain_replay
controlled_weak_network_simulation,hash_chain,0.03,0.0,0,500,128,1,0.97,0.913,0.991,0.98,9.9,140,17920,0.793,hash_chain_replay
controlled_weak_network_simulation,hash_chain,0.03,0.0,0,500,128,2,0.968,0.913,0.991,0.98,9.9,140,17920,0.793,hash_chain_replay
controlled_weak_network_simulation,hash_chain,0.03,0.0,0,500,128,3,0.966,0.913,0.991,0.98,9.9,140,17920,0.793,hash_chain_replay
controlled_weak_network_simulation,hash_chain,0.03,0.0,0,500,512,1,0.97,0.913,0.991,0.98,9.9,140,71680,0.793,hash_chain_replay
controlled_weak_network_simulation,hash_chain,0.03,0.0,0,500,512,2,0.968,0.913,0.991,0.98,9.9,140,71680,0.793,hash_chain_replay
controlled_weak_network_simulation,hash_chain,0.03,0.0,0,500,512,3,0.966,0.913,0.991,0.98,9.9,140,71680,0.793,hash_chain_replay
controlled_weak_network_simulation,hash_chain,0.03,0.0,0,1000,128,1,0.97,0.913,0.991,0.98,14.8,280,35840,0.793,hash_chain_replay
controlled_weak_network_simulation,hash_chain,0.03,0.0,0,1000,128,2,0.968,0.913,0.991,0.98,14.8,280,35840,0.793,hash_chain_replay
controlled_weak_network_simulation,hash_chain,0.03,0.0,0,1000,128,3,0.966,0.913,0.991,0.98,14.8,280,35840,0.793,hash_chain_replay
controlled_weak_network_simulation,hash_chain,0.03,0.0,0,1000,512,1,0.97,0.913,0.991,0.98,14.8,280,143360,0.793,hash_chain_replay
controlled_weak_network_simulation,hash_chain,0.03,0.0,0,1000,512,2,0.968,0.913,0.991,0.98,14.8,280,143360,0.793,hash_chain_replay
controlled_weak_network_simulation,hash_chain,0.03,0.0,0,1000,512,3,0.966,0.913,0.991,0.98,14.8,280,143360,0.793,hash_chain_replay
controlled_weak_network_simulation,hash_chain,0.03,0.0,50,100,128,1,0.97,0.895,0.991,0.98,55.98,28,3584,0.775,hash_chain_replay
controlled_weak_network_simulation,hash_chain,0.03,0.0,50,100,128,2,0.968,0.895,0.991,0.98,55.98,28,3584,0.775,hash_chain_replay
controlled_weak_network_simulation,hash_chain,0.03,0.0,50,100,128,3,0.966,0.895,0.991,0.98,55.98,28,3584,0.775,hash_chain_replay
controlled_weak_network_simulation,hash_chain,0.03,0.0,50,100,512,1,0.97,0.895,0.991,0.98,55.98,28,14336,0.775,hash_chain_replay
controlled_weak_network_simulation,hash_chain,0.03,0.0,50,100,512,2,0.968,0.895,0.991,0.98,55.98,28,14336,0.775,hash_chain_replay
controlled_weak_network_simulation,hash_chain,0.03,0.0,50,100,512,3,0.966,0.895,0.991,0.98,55.98,28,14336,0.775,hash_chain_replay
controlled_weak_network_simulation,hash_chain,0.03,0.0,50,500,128,1,0.97,0.895,0.991,0.98,59.9,140,17920,0.775,hash_chain_replay
controlled_weak_network_simulation,hash_chain,0.03,0.0,50,500,128,2,0.968,0.895,0.991,0.98,59.9,140,17920,0.775,hash_chain_replay
controlled_weak_network_simulation,hash_chain,0.03,0.0,50,500,128,3,0.966,0.895,0.991,0.98,59.9,140,17920,0.775,hash_chain_replay
controlled_weak_network_simulation,hash_chain,0.03,0.0,50,500,512,1,0.97,0.895,0.991,0.98,59.9,140,71680,0.775,hash_chain_replay
controlled_weak_network_simulation,hash_chain,0.03,0.0,50,500,512,2,0.968,0.895,0.991,0.98,59.9,140,71680,0.775,hash_chain_replay
controlled_weak_network_simulation,hash_chain,0.03,0.0,50,500,512,3,0.966,0.895,0.991,0.98,59.9,140,71680,0.775,hash_chain_replay
controlled_weak_network_simulation,hash_chain,0.03,0.0,50,1000,128,1,0.97,0.895,0.991,0.98,64.8,280,35840,0.775,hash_chain_replay
controlled_weak_network_simulation,hash_chain,0.03,0.0,50,1000,128,2,0.968,0.895,0.991,0.98,64.8,280,35840,0.775,hash_chain_replay
controlled_weak_network_simulation,hash_chain,0.03,0.0,50,1000,128,3,0.966,0.895,0.991,0.98,64.8,280,35840,0.775,hash_chain_replay
controlled_weak_network_simulation,hash_chain,0.03,0.0,50,1000,512,1,0.97,0.895,0.991,0.98,64.8,280,143360,0.775,hash_chain_replay
controlled_weak_network_simulation,hash_chain,0.03,0.0,50,1000,512,2,0.968,0.895,0.991,0.98,64.8,280,143360,0.775,hash_chain_replay
controlled_weak_network_simulation,hash_chain,0.03,0.0,50,1000,512,3,0.966,0.895,0.991,0.98,64.8,280,143360,0.775,hash_chain_replay
controlled_weak_network_simulation,hash_chain,0.03,0.0,100,100,128,1,0.97,0.877,0.991,0.98,105.98,28,3584,0.757,hash_chain_replay
controlled_weak_network_simulation,hash_chain,0.03,0.0,100,100,128,2,0.968,0.877,0.991,0.98,105.98,28,3584,0.757,hash_chain_replay
controlled_weak_network_simulation,hash_chain,0.03,0.0,100,100,128,3,0.966,0.877,0.991,0.98,105.98,28,3584,0.757,hash_chain_replay
controlled_weak_network_simulation,hash_chain,0.03,0.0,100,100,512,1,0.97,0.877,0.991,0.98,105.98,28,14336,0.757,hash_chain_replay
controlled_weak_network_simulation,hash_chain,0.03,0.0,100,100,512,2,0.968,0.877,0.991,0.98,105.98,28,14336,0.757,hash_chain_replay
controlled_weak_network_simulation,hash_chain,0.03,0.0,100,100,512,3,0.966,0.877,0.991,0.98,105.98,28,14336,0.757,hash_chain_replay
controlled_weak_network_simulation,hash_chain,0.03,0.0,100,500,128,1,0.97,0.877,0.991,0.98,109.9,140,17920,0.757,hash_chain_replay
controlled_weak_network_simulation,hash_chain,0.03,0.0,100,500,128,2,0.968,0.877,0.991,0.98,109.9,140,17920,0.757,hash_chain_replay
controlled_weak_network_simulation,hash_chain,0.03,0.0,100,500,128,3,0.966,0.877,0.991,0.98,109.9,140,17920,0.757,hash_chain_replay
controlled_weak_network_simulation,hash_chain,0.03,0.0,100,500,512,1,0.97,0.877,0.991,0.98,109.9,140,71680,0.757,hash_chain_replay
controlled_weak_network_simulation,hash_chain,0.03,0.0,100,500,512,2,0.968,0.877,0.991,0.98,109.9,140,71680,0.757,hash_chain_replay
controlled_weak_network_simulation,hash_chain,0.03,0.0,100,500,512,3,0.966,0.877,0.991,0.98,109.9,140,71680,0.757,hash_chain_replay
controlled_weak_network_simulation,hash_chain,0.03,0.0,100,1000,128,1,0.97,0.877,0.991,0.98,114.8,280,35840,0.757,hash_chain_replay
controlled_weak_network_simulation,hash_chain,0.03,0.0,100,1000,128,2,0.968,0.877,0.991,0.98,114.8,280,35840,0.757,hash_chain_replay
controlled_weak_network_simulation,hash_chain,0.03,0.0,100,1000,128,3,0.966,0.877,0.991,0.98,114.8,280,35840,0.757,hash_chain_replay
controlled_weak_network_simulation,hash_chain,0.03,0.0,100,1000,512,1,0.97,0.877,0.991,0.98,114.8,280,143360,0.757,hash_chain_replay
controlled_weak_network_simulation,hash_chain,0.03,0.0,100,1000,512,2,0.968,0.877,0.991,0.98,114.8,280,143360,0.757,hash_chain_replay
controlled_weak_network_simulation,hash_chain,0.03,0.0,100,1000,512,3,0.966,0.877,0.991,0.98,114.8,280,143360,0.757,hash_chain_replay
controlled_weak_network_simulation,hash_chain,0.03,0.0,200,100,128,1,0.97,0.841,0.991,0.98,205.98,28,3584,0.721,hash_chain_replay
controlled_weak_network_simulation,hash_chain,0.03,0.0,200,100,128,2,0.968,0.841,0.991,0.98,205.98,28,3584,0.721,hash_chain_replay
controlled_weak_network_simulation,hash_chain,0.03,0.0,200,100,128,3,0.966,0.841,0.991,0.98,205.98,28,3584,0.721,hash_chain_replay
controlled_weak_network_simulation,hash_chain,0.03,0.0,200,100,512,1,0.97,0.841,0.991,0.98,205.98,28,14336,0.721,hash_chain_replay
controlled_weak_network_simulation,hash_chain,0.03,0.0,200,100,512,2,0.968,0.841,0.991,0.98,205.98,28,14336,0.721,hash_chain_replay
controlled_weak_network_simulation,hash_chain,0.03,0.0,200,100,512,3,0.966,0.841,0.991,0.98,205.98,28,14336,0.721,hash_chain_replay
controlled_weak_network_simulation,hash_chain,0.03,0.0,200,500,128,1,0.97,0.841,0.991,0.98,209.9,140,17920,0.721,hash_chain_replay
controlled_weak_network_simulation,hash_chain,0.03,0.0,200,500,128,2,0.968,0.841,0.991,0.98,209.9,140,17920,0.721,hash_chain_replay
controlled_weak_network_simulation,hash_chain,0.03,0.0,200,500,128,3,0.966,0.841,0.991,0.98,209.9,140,17920,0.721,hash_chain_replay
controlled_weak_network_simulation,hash_chain,0.03,0.0,200,500,512,1,0.97,0.841,0.991,0.98,209.9,140,71680,0.721,hash_chain_replay
controlled_weak_network_simulation,hash_chain,0.03,0.0,200,500,512,2,0.968,0.841,0.991,0.98,209.9,140,71680,0.721,hash_chain_replay
controlled_weak_network_simulation,hash_chain,0.03,0.0,200,500,512,3,0.966,0.841,0.991,0.98,209.9,140,71680,0.721,hash_chain_replay
controlled_weak_network_simulation,hash_chain,0.03,0.0,200,1000,128,1,0.97,0.841,0.991,0.98,214.8,280,35840,0.721,hash_chain_replay
controlled_weak_network_simulation,hash_chain,0.03,0.0,200,1000,128,2,0.968,0.841,0.991,0.98,214.8,280,35840,0.721,hash_chain_replay
controlled_weak_network_simulation,hash_chain,0.03,0.0,200,1000,128,3,0.966,0.841,0.991,0.98,214.8,280,35840,0.721,hash_chain_replay
controlled_weak_network_simulation,hash_chain,0.03,0.0,200,1000,512,1,0.97,0.841,0.991,0.98,214.8,280,143360,0.721,hash_chain_replay
controlled_weak_network_simulation,hash_chain,0.03,0.0,200,1000,512,2,0.968,0.841,0.991,0.98,214.8,280,143360,0.721,hash_chain_replay
controlled_weak_network_simulation,hash_chain,0.03,0.0,200,1000,512,3,0.966,0.841,0.991,0.98,214.8,280,143360,0.721,hash_chain_replay
controlled_weak_network_simulation,hash_chain,0.03,0.01,0,100,128,1,0.9665,0.9076,0.991,0.978,5.98,28,3584,0.7876,hash_chain_replay
controlled_weak_network_simulation,hash_chain,0.03,0.01,0,100,128,2,0.9645,0.9076,0.991,0.978,5.98,28,3584,0.7876,hash_chain_replay
controlled_weak_network_simulation,hash_chain,0.03,0.01,0,100,128,3,0.9625,0.9076,0.991,0.978,5.98,28,3584,0.7876,hash_chain_replay
controlled_weak_network_simulation,hash_chain,0.03,0.01,0,100,512,1,0.9665,0.9076,0.991,0.978,5.98,28,14336,0.7876,hash_chain_replay
controlled_weak_network_simulation,hash_chain,0.03,0.01,0,100,512,2,0.9645,0.9076,0.991,0.978,5.98,28,14336,0.7876,hash_chain_replay
controlled_weak_network_simulation,hash_chain,0.03,0.01,0,100,512,3,0.9625,0.9076,0.991,0.978,5.98,28,14336,0.7876,hash_chain_replay
controlled_weak_network_simulation,hash_chain,0.03,0.01,0,500,128,1,0.9665,0.9076,0.991,0.978,9.9,140,17920,0.7876,hash_chain_replay
controlled_weak_network_simulation,hash_chain,0.03,0.01,0,500,128,2,0.9645,0.9076,0.991,0.978,9.9,140,17920,0.7876,hash_chain_replay
controlled_weak_network_simulation,hash_chain,0.03,0.01,0,500,128,3,0.9625,0.9076,0.991,0.978,9.9,140,17920,0.7876,hash_chain_replay
controlled_weak_network_simulation,hash_chain,0.03,0.01,0,500,512,1,0.9665,0.9076,0.991,0.978,9.9,140,71680,0.7876,hash_chain_replay
controlled_weak_network_simulation,hash_chain,0.03,0.01,0,500,512,2,0.9645,0.9076,0.991,0.978,9.9,140,71680,0.7876,hash_chain_replay
controlled_weak_network_simulation,hash_chain,0.03,0.01,0,500,512,3,0.9625,0.9076,0.991,0.978,9.9,140,71680,0.7876,hash_chain_replay
controlled_weak_network_simulation,hash_chain,0.03,0.01,0,1000,128,1,0.9665,0.9076,0.991,0.978,14.8,280,35840,0.7876,hash_chain_replay
controlled_weak_network_simulation,hash_chain,0.03,0.01,0,1000,128,2,0.9645,0.9076,0.991,0.978,14.8,280,35840,0.7876,hash_chain_replay
controlled_weak_network_simulation,hash_chain,0.03,0.01,0,1000,128,3,0.9625,0.9076,0.991,0.978,14.8,280,35840,0.7876,hash_chain_replay
controlled_weak_network_simulation,hash_chain,0.03,0.01,0,1000,512,1,0.9665,0.9076,0.991,0.978,14.8,280,143360,0.7876,hash_chain_replay
controlled_weak_network_simulation,hash_chain,0.03,0.01,0,1000,512,2,0.9645,0.9076,0.991,0.978,14.8,280,143360,0.7876,hash_chain_replay
controlled_weak_network_simulation,hash_chain,0.03,0.01,0,1000,512,3,0.9625,0.9076,0.991,0.978,14.8,280,143360,0.7876,hash_chain_replay
controlled_weak_network_simulation,hash_chain,0.03,0.01,50,100,128,1,0.9665,0.8896,0.991,0.978,55.98,28,3584,0.7696,hash_chain_replay
controlled_weak_network_simulation,hash_chain,0.03,0.01,50,100,128,2,0.9645,0.8896,0.991,0.978,55.98,28,3584,0.7696,hash_chain_replay
controlled_weak_network_simulation,hash_chain,0.03,0.01,50,100,128,3,0.9625,0.8896,0.991,0.978,55.98,28,3584,0.7696,hash_chain_replay
controlled_weak_network_simulation,hash_chain,0.03,0.01,50,100,512,1,0.9665,0.8896,0.991,0.978,55.98,28,14336,0.7696,hash_chain_replay
controlled_weak_network_simulation,hash_chain,0.03,0.01,50,100,512,2,0.9645,0.8896,0.991,0.978,55.98,28,14336,0.7696,hash_chain_replay
controlled_weak_network_simulation,hash_chain,0.03,0.01,50,100,512,3,0.9625,0.8896,0.991,0.978,55.98,28,14336,0.7696,hash_chain_replay
controlled_weak_network_simulation,hash_chain,0.03,0.01,50,500,128,1,0.9665,0.8896,0.991,0.978,59.9,140,17920,0.7696,hash_chain_replay
controlled_weak_network_simulation,hash_chain,0.03,0.01,50,500,128,2,0.9645,0.8896,0.991,0.978,59.9,140,17920,0.7696,hash_chain_replay
controlled_weak_network_simulation,hash_chain,0.03,0.01,50,500,128,3,0.9625,0.8896,0.991,0.978,59.9,140,17920,0.7696,hash_chain_replay
controlled_weak_network_simulation,hash_chain,0.03,0.01,50,500,512,1,0.9665,0.8896,0.991,0.978,59.9,140,71680,0.7696,hash_chain_replay
controlled_weak_network_simulation,hash_chain,0.03,0.01,50,500,512,2,0.9645,0.8896,0.991,0.978,59.9,140,71680,0.7696,hash_chain_replay
controlled_weak_network_simulation,hash_chain,0.03,0.01,50,500,512,3,0.9625,0.8896,0.991,0.978,59.9,140,71680,0.7696,hash_chain_replay
controlled_weak_network_simulation,hash_chain,0.03,0.01,50,1000,128,1,0.9665,0.8896,0.991,0.978,64.8,280,35840,0.7696,hash_chain_replay
controlled_weak_network_simulation,hash_chain,0.03,0.01,50,1000,128,2,0.9645,0.8896,0.991,0.978,64.8,280,35840,0.7696,hash_chain_replay
controlled_weak_network_simulation,hash_chain,0.03,0.01,50,1000,128,3,0.9625,0.8896,0.991,0.978,64.8,280,35840,0.7696,hash_chain_replay
controlled_weak_network_simulation,hash_chain,0.03,0.01,50,1000,512,1,0.9665,0.8896,0.991,0.978,64.8,280,143360,0.7696,hash_chain_replay
controlled_weak_network_simulation,hash_chain,0.03,0.01,50,1000,512,2,0.9645,0.8896,0.991,0.978,64.8,280,143360,0.7696,hash_chain_replay
controlled_weak_network_simulation,hash_chain,0.03,0.01,50,1000,512,3,0.9625,0.8896,0.991,0.978,64.8,280,143360,0.7696,hash_chain_replay
controlled_weak_network_simulation,hash_chain,0.03,0.01,100,100,128,1,0.9665,0.8716,0.991,0.978,105.98,28,3584,0.7516,hash_chain_replay
controlled_weak_network_simulation,hash_chain,0.03,0.01,100,100,128,2,0.9645,0.8716,0.991,0.978,105.98,28,3584,0.7516,hash_chain_replay
controlled_weak_network_simulation,hash_chain,0.03,0.01,100,100,128,3,0.9625,0.8716,0.991,0.978,105.98,28,3584,0.7516,hash_chain_replay
controlled_weak_network_simulation,hash_chain,0.03,0.01,100,100,512,1,0.9665,0.8716,0.991,0.978,105.98,28,14336,0.7516,hash_chain_replay
controlled_weak_network_simulation,hash_chain,0.03,0.01,100,100,512,2,0.9645,0.8716,0.991,0.978,105.98,28,14336,0.7516,hash_chain_replay
controlled_weak_network_simulation,hash_chain,0.03,0.01,100,100,512,3,0.9625,0.8716,0.991,0.978,105.98,28,14336,0.7516,hash_chain_replay
controlled_weak_network_simulation,hash_chain,0.03,0.01,100,500,128,1,0.9665,0.8716,0.991,0.978,109.9,140,17920,0.7516,hash_chain_replay
controlled_weak_network_simulation,hash_chain,0.03,0.01,100,500,128,2,0.9645,0.8716,0.991,0.978,109.9,140,17920,0.7516,hash_chain_replay
controlled_weak_network_simulation,hash_chain,0.03,0.01,100,500,128,3,0.9625,0.8716,0.991,0.978,109.9,140,17920,0.7516,hash_chain_replay
controlled_weak_network_simulation,hash_chain,0.03,0.01,100,500,512,1,0.9665,0.8716,0.991,0.978,109.9,140,71680,0.7516,hash_chain_replay
controlled_weak_network_simulation,hash_chain,0.03,0.01,100,500,512,2,0.9645,0.8716,0.991,0.978,109.9,140,71680,0.7516,hash_chain_replay
controlled_weak_network_simulation,hash_chain,0.03,0.01,100,500,512,3,0.9625,0.8716,0.991,0.978,109.9,140,71680,0.7516,hash_chain_replay
controlled_weak_network_simulation,hash_chain,0.03,0.01,100,1000,128,1,0.9665,0.8716,0.991,0.978,114.8,280,35840,0.7516,hash_chain_replay
controlled_weak_network_simulation,hash_chain,0.03,0.01,100,1000,128,2,0.9645,0.8716,0.991,0.978,114.8,280,35840,0.7516,hash_chain_replay
controlled_weak_network_simulation,hash_chain,0.03,0.01,100,1000,128,3,0.9625,0.8716,0.991,0.978,114.8,280,35840,0.7516,hash_chain_replay
controlled_weak_network_simulation,hash_chain,0.03,0.01,100,1000,512,1,0.9665,0.8716,0.991,0.978,114.8,280,143360,0.7516,hash_chain_replay
controlled_weak_network_simulation,hash_chain,0.03,0.01,100,1000,512,2,0.9645,0.8716,0.991,0.978,114.8,280,143360,0.7516,hash_chain_replay
controlled_weak_network_simulation,hash_chain,0.03,0.01,100,1000,512,3,0.9625,0.8716,0.991,0.978,114.8,280,143360,0.7516,hash_chain_replay
controlled_weak_network_simulation,hash_chain,0.03,0.01,200,100,128,1,0.9665,0.8356,0.991,0.978,205.98,28,3584,0.7156,hash_chain_replay
controlled_weak_network_simulation,hash_chain,0.03,0.01,200,100,128,2,0.9645,0.8356,0.991,0.978,205.98,28,3584,0.7156,hash_chain_replay
controlled_weak_network_simulation,hash_chain,0.03,0.01,200,100,128,3,0.9625,0.8356,0.991,0.978,205.98,28,3584,0.7156,hash_chain_replay
controlled_weak_network_simulation,hash_chain,0.03,0.01,200,100,512,1,0.9665,0.8356,0.991,0.978,205.98,28,14336,0.7156,hash_chain_replay
controlled_weak_network_simulation,hash_chain,0.03,0.01,200,100,512,2,0.9645,0.8356,0.991,0.978,205.98,28,14336,0.7156,hash_chain_replay
controlled_weak_network_simulation,hash_chain,0.03,0.01,200,100,512,3,0.9625,0.8356,0.991,0.978,205.98,28,14336,0.7156,hash_chain_replay
controlled_weak_network_simulation,hash_chain,0.03,0.01,200,500,128,1,0.9665,0.8356,0.991,0.978,209.9,140,17920,0.7156,hash_chain_replay
controlled_weak_network_simulation,hash_chain,0.03,0.01,200,500,128,2,0.9645,0.8356,0.991,0.978,209.9,140,17920,0.7156,hash_chain_replay
controlled_weak_network_simulation,hash_chain,0.03,0.01,200,500,128,3,0.9625,0.8356,0.991,0.978,209.9,140,17920,0.7156,hash_chain_replay
controlled_weak_network_simulation,hash_chain,0.03,0.01,200,500,512,1,0.9665,0.8356,0.991,0.978,209.9,140,71680,0.7156,hash_chain_replay
controlled_weak_network_simulation,hash_chain,0.03,0.01,200,500,512,2,0.9645,0.8356,0.991,0.978,209.9,140,71680,0.7156,hash_chain_replay
controlled_weak_network_simulation,hash_chain,0.03,0.01,200,500,512,3,0.9625,0.8356,0.991,0.978,209.9,140,71680,0.7156,hash_chain_replay
controlled_weak_network_simulation,hash_chain,0.03,0.01,200,1000,128,1,0.9665,0.8356,0.991,0.978,214.8,280,35840,0.7156,hash_chain_replay
controlled_weak_network_simulation,hash_chain,0.03,0.01,200,1000,128,2,0.9645,0.8356,0.991,0.978,214.8,280,35840,0.7156,hash_chain_replay
controlled_weak_network_simulation,hash_chain,0.03,0.01,200,1000,128,3,0.9625,0.8356,0.991,0.978,214.8,280,35840,0.7156,hash_chain_replay
controlled_weak_network_simulation,hash_chain,0.03,0.01,200,1000,512,1,0.9665,0.8356,0.991,0.978,214.8,280,143360,0.7156,hash_chain_replay
controlled_weak_network_simulation,hash_chain,0.03,0.01,200,1000,512,2,0.9645,0.8356,0.991,0.978,214.8,280,143360,0.7156,hash_chain_replay
controlled_weak_network_simulation,hash_chain,0.03,0.01,200,1000,512,3,0.9625,0.8356,0.991,0.978,214.8,280,143360,0.7156,hash_chain_replay
controlled_weak_network_simulation,hash_chain,0.03,0.03,0,100,128,1,0.9595,0.8968,0.991,0.974,5.98,28,3584,0.7768,hash_chain_replay
controlled_weak_network_simulation,hash_chain,0.03,0.03,0,100,128,2,0.9575,0.8968,0.991,0.974,5.98,28,3584,0.7768,hash_chain_replay
controlled_weak_network_simulation,hash_chain,0.03,0.03,0,100,128,3,0.9555,0.8968,0.991,0.974,5.98,28,3584,0.7768,hash_chain_replay
controlled_weak_network_simulation,hash_chain,0.03,0.03,0,100,512,1,0.9595,0.8968,0.991,0.974,5.98,28,14336,0.7768,hash_chain_replay
controlled_weak_network_simulation,hash_chain,0.03,0.03,0,100,512,2,0.9575,0.8968,0.991,0.974,5.98,28,14336,0.7768,hash_chain_replay
controlled_weak_network_simulation,hash_chain,0.03,0.03,0,100,512,3,0.9555,0.8968,0.991,0.974,5.98,28,14336,0.7768,hash_chain_replay
controlled_weak_network_simulation,hash_chain,0.03,0.03,0,500,128,1,0.9595,0.8968,0.991,0.974,9.9,140,17920,0.7768,hash_chain_replay
controlled_weak_network_simulation,hash_chain,0.03,0.03,0,500,128,2,0.9575,0.8968,0.991,0.974,9.9,140,17920,0.7768,hash_chain_replay
controlled_weak_network_simulation,hash_chain,0.03,0.03,0,500,128,3,0.9555,0.8968,0.991,0.974,9.9,140,17920,0.7768,hash_chain_replay
controlled_weak_network_simulation,hash_chain,0.03,0.03,0,500,512,1,0.9595,0.8968,0.991,0.974,9.9,140,71680,0.7768,hash_chain_replay
controlled_weak_network_simulation,hash_chain,0.03,0.03,0,500,512,2,0.9575,0.8968,0.991,0.974,9.9,140,71680,0.7768,hash_chain_replay
controlled_weak_network_simulation,hash_chain,0.03,0.03,0,500,512,3,0.9555,0.8968,0.991,0.974,9.9,140,71680,0.7768,hash_chain_replay
controlled_weak_network_simulation,hash_chain,0.03,0.03,0,1000,128,1,0.9595,0.8968,0.991,0.974,14.8,280,35840,0.7768,hash_chain_replay
controlled_weak_network_simulation,hash_chain,0.03,0.03,0,1000,128,2,0.9575,0.8968,0.991,0.974,14.8,280,35840,0.7768,hash_chain_replay
controlled_weak_network_simulation,hash_chain,0.03,0.03,0,1000,128,3,0.9555,0.8968,0.991,0.974,14.8,280,35840,0.7768,hash_chain_replay
controlled_weak_network_simulation,hash_chain,0.03,0.03,0,1000,512,1,0.9595,0.8968,0.991,0.974,14.8,280,143360,0.7768,hash_chain_replay
controlled_weak_network_simulation,hash_chain,0.03,0.03,0,1000,512,2,0.9575,0.8968,0.991,0.974,14.8,280,143360,0.7768,hash_chain_replay
controlled_weak_network_simulation,hash_chain,0.03,0.03,0,1000,512,3,0.9555,0.8968,0.991,0.974,14.8,280,143360,0.7768,hash_chain_replay
controlled_weak_network_simulation,hash_chain,0.03,0.03,50,100,128,1,0.9595,0.8788,0.991,0.974,55.98,28,3584,0.7588,hash_chain_replay
controlled_weak_network_simulation,hash_chain,0.03,0.03,50,100,128,2,0.9575,0.8788,0.991,0.974,55.98,28,3584,0.7588,hash_chain_replay
controlled_weak_network_simulation,hash_chain,0.03,0.03,50,100,128,3,0.9555,0.8788,0.991,0.974,55.98,28,3584,0.7588,hash_chain_replay
controlled_weak_network_simulation,hash_chain,0.03,0.03,50,100,512,1,0.9595,0.8788,0.991,0.974,55.98,28,14336,0.7588,hash_chain_replay
controlled_weak_network_simulation,hash_chain,0.03,0.03,50,100,512,2,0.9575,0.8788,0.991,0.974,55.98,28,14336,0.7588,hash_chain_replay
controlled_weak_network_simulation,hash_chain,0.03,0.03,50,100,512,3,0.9555,0.8788,0.991,0.974,55.98,28,14336,0.7588,hash_chain_replay
controlled_weak_network_simulation,hash_chain,0.03,0.03,50,500,128,1,0.9595,0.8788,0.991,0.974,59.9,140,17920,0.7588,hash_chain_replay
controlled_weak_network_simulation,hash_chain,0.03,0.03,50,500,128,2,0.9575,0.8788,0.991,0.974,59.9,140,17920,0.7588,hash_chain_replay
controlled_weak_network_simulation,hash_chain,0.03,0.03,50,500,128,3,0.9555,0.8788,0.991,0.974,59.9,140,17920,0.7588,hash_chain_replay
controlled_weak_network_simulation,hash_chain,0.03,0.03,50,500,512,1,0.9595,0.8788,0.991,0.974,59.9,140,71680,0.7588,hash_chain_replay
controlled_weak_network_simulation,hash_chain,0.03,0.03,50,500,512,2,0.9575,0.8788,0.991,0.974,59.9,140,71680,0.7588,hash_chain_replay
controlled_weak_network_simulation,hash_chain,0.03,0.03,50,500,512,3,0.9555,0.8788,0.991,0.974,59.9,140,71680,0.7588,hash_chain_replay
controlled_weak_network_simulation,hash_chain,0.03,0.03,50,1000,128,1,0.9595,0.8788,0.991,0.974,64.8,280,35840,0.7588,hash_chain_replay
controlled_weak_network_simulation,hash_chain,0.03,0.03,50,1000,128,2,0.9575,0.8788,0.991,0.974,64.8,280,35840,0.7588,hash_chain_replay
controlled_weak_network_simulation,hash_chain,0.03,0.03,50,1000,128,3,0.9555,0.8788,0.991,0.974,64.8,280,35840,0.7588,hash_chain_replay
controlled_weak_network_simulation,hash_chain,0.03,0.03,50,1000,512,1,0.9595,0.8788,0.991,0.974,64.8,280,143360,0.7588,hash_chain_replay
controlled_weak_network_simulation,hash_chain,0.03,0.03,50,1000,512,2,0.9575,0.8788,0.991,0.974,64.8,280,143360,0.7588,hash_chain_replay
controlled_weak_network_simulation,hash_chain,0.03,0.03,50,1000,512,3,0.9555,0.8788,0.991,0.974,64.8,280,143360,0.7588,hash_chain_replay
controlled_weak_network_simulation,hash_chain,0.03,0.03,100,100,128,1,0.9595,0.8608,0.991,0.974,105.98,28,3584,0.7408,hash_chain_replay
controlled_weak_network_simulation,hash_chain,0.03,0.03,100,100,128,2,0.9575,0.8608,0.991,0.974,105.98,28,3584,0.7408,hash_chain_replay
controlled_weak_network_simulation,hash_chain,0.03,0.03,100,100,128,3,0.9555,0.8608,0.991,0.974,105.98,28,3584,0.7408,hash_chain_replay
controlled_weak_network_simulation,hash_chain,0.03,0.03,100,100,512,1,0.9595,0.8608,0.991,0.974,105.98,28,14336,0.7408,hash_chain_replay
controlled_weak_network_simulation,hash_chain,0.03,0.03,100,100,512,2,0.9575,0.8608,0.991,0.974,105.98,28,14336,0.7408,hash_chain_replay
controlled_weak_network_simulation,hash_chain,0.03,0.03,100,100,512,3,0.9555,0.8608,0.991,0.974,105.98,28,14336,0.7408,hash_chain_replay
controlled_weak_network_simulation,hash_chain,0.03,0.03,100,500,128,1,0.9595,0.8608,0.991,0.974,109.9,140,17920,0.7408,hash_chain_replay
controlled_weak_network_simulation,hash_chain,0.03,0.03,100,500,128,2,0.9575,0.8608,0.991,0.974,109.9,140,17920,0.7408,hash_chain_replay
controlled_weak_network_simulation,hash_chain,0.03,0.03,100,500,128,3,0.9555,0.8608,0.991,0.974,109.9,140,17920,0.7408,hash_chain_replay
controlled_weak_network_simulation,hash_chain,0.03,0.03,100,500,512,1,0.9595,0.8608,0.991,0.974,109.9,140,71680,0.7408,hash_chain_replay
controlled_weak_network_simulation,hash_chain,0.03,0.03,100,500,512,2,0.9575,0.8608,0.991,0.974,109.9,140,71680,0.7408,hash_chain_replay
controlled_weak_network_simulation,hash_chain,0.03,0.03,100,500,512,3,0.9555,0.8608,0.991,0.974,109.9,140,71680,0.7408,hash_chain_replay
controlled_weak_network_simulation,hash_chain,0.03,0.03,100,1000,128,1,0.9595,0.8608,0.991,0.974,114.8,280,35840,0.7408,hash_chain_replay
controlled_weak_network_simulation,hash_chain,0.03,0.03,100,1000,128,2,0.9575,0.8608,0.991,0.974,114.8,280,35840,0.7408,hash_chain_replay
controlled_weak_network_simulation,hash_chain,0.03,0.03,100,1000,128,3,0.9555,0.8608,0.991,0.974,114.8,280,35840,0.7408,hash_chain_replay
controlled_weak_network_simulation,hash_chain,0.03,0.03,100,1000,512,1,0.9595,0.8608,0.991,0.974,114.8,280,143360,0.7408,hash_chain_replay
controlled_weak_network_simulation,hash_chain,0.03,0.03,100,1000,512,2,0.9575,0.8608,0.991,0.974,114.8,280,143360,0.7408,hash_chain_replay
controlled_weak_network_simulation,hash_chain,0.03,0.03,100,1000,512,3,0.9555,0.8608,0.991,0.974,114.8,280,143360,0.7408,hash_chain_replay
controlled_weak_network_simulation,hash_chain,0.03,0.03,200,100,128,1,0.9595,0.8248,0.991,0.974,205.98,28,3584,0.7048,hash_chain_replay
controlled_weak_network_simulation,hash_chain,0.03,0.03,200,100,128,2,0.9575,0.8248,0.991,0.974,205.98,28,3584,0.7048,hash_chain_replay
controlled_weak_network_simulation,hash_chain,0.03,0.03,200,100,128,3,0.9555,0.8248,0.991,0.974,205.98,28,3584,0.7048,hash_chain_replay
controlled_weak_network_simulation,hash_chain,0.03,0.03,200,100,512,1,0.9595,0.8248,0.991,0.974,205.98,28,14336,0.7048,hash_chain_replay
controlled_weak_network_simulation,hash_chain,0.03,0.03,200,100,512,2,0.9575,0.8248,0.991,0.974,205.98,28,14336,0.7048,hash_chain_replay
controlled_weak_network_simulation,hash_chain,0.03,0.03,200,100,512,3,0.9555,0.8248,0.991,0.974,205.98,28,14336,0.7048,hash_chain_replay
controlled_weak_network_simulation,hash_chain,0.03,0.03,200,500,128,1,0.9595,0.8248,0.991,0.974,209.9,140,17920,0.7048,hash_chain_replay
controlled_weak_network_simulation,hash_chain,0.03,0.03,200,500,128,2,0.9575,0.8248,0.991,0.974,209.9,140,17920,0.7048,hash_chain_replay
controlled_weak_network_simulation,hash_chain,0.03,0.03,200,500,128,3,0.9555,0.8248,0.991,0.974,209.9,140,17920,0.7048,hash_chain_replay
controlled_weak_network_simulation,hash_chain,0.03,0.03,200,500,512,1,0.9595,0.8248,0.991,0.974,209.9,140,71680,0.7048,hash_chain_replay
controlled_weak_network_simulation,hash_chain,0.03,0.03,200,500,512,2,0.9575,0.8248,0.991,0.974,209.9,140,71680,0.7048,hash_chain_replay
controlled_weak_network_simulation,hash_chain,0.03,0.03,200,500,512,3,0.9555,0.8248,0.991,0.974,209.9,140,71680,0.7048,hash_chain_replay
controlled_weak_network_simulation,hash_chain,0.03,0.03,200,1000,128,1,0.9595,0.8248,0.991,0.974,214.8,280,35840,0.7048,hash_chain_replay
controlled_weak_network_simulation,hash_chain,0.03,0.03,200,1000,128,2,0.9575,0.8248,0.991,0.974,214.8,280,35840,0.7048,hash_chain_replay
controlled_weak_network_simulation,hash_chain,0.03,0.03,200,1000,128,3,0.9555,0.8248,0.991,0.974,214.8,280,35840,0.7048,hash_chain_replay
controlled_weak_network_simulation,hash_chain,0.03,0.03,200,1000,512,1,0.9595,0.8248,0.991,0.974,214.8,280,143360,0.7048,hash_chain_replay
controlled_weak_network_simulation,hash_chain,0.03,0.03,200,1000,512,2,0.9575,0.8248,0.991,0.974,214.8,280,143360,0.7048,hash_chain_replay
controlled_weak_network_simulation,hash_chain,0.03,0.03,200,1000,512,3,0.9555,0.8248,0.991,0.974,214.8,280,143360,0.7048,hash_chain_replay
controlled_weak_network_simulation,hash_chain,0.05,0.0,0,100,128,1,0.95,0.895,0.985,0.98,6.05,30,3840,0.775,hash_chain_replay
controlled_weak_network_simulation,hash_chain,0.05,0.0,0,100,128,2,0.948,0.895,0.985,0.98,6.05,30,3840,0.775,hash_chain_replay
controlled_weak_network_simulation,hash_chain,0.05,0.0,0,100,128,3,0.946,0.895,0.985,0.98,6.05,30,3840,0.775,hash_chain_replay
controlled_weak_network_simulation,hash_chain,0.05,0.0,0,100,512,1,0.95,0.895,0.985,0.98,6.05,30,15360,0.775,hash_chain_replay
controlled_weak_network_simulation,hash_chain,0.05,0.0,0,100,512,2,0.948,0.895,0.985,0.98,6.05,30,15360,0.775,hash_chain_replay
controlled_weak_network_simulation,hash_chain,0.05,0.0,0,100,512,3,0.946,0.895,0.985,0.98,6.05,30,15360,0.775,hash_chain_replay
controlled_weak_network_simulation,hash_chain,0.05,0.0,0,500,128,1,0.95,0.895,0.985,0.98,10.25,150,19200,0.775,hash_chain_replay
controlled_weak_network_simulation,hash_chain,0.05,0.0,0,500,128,2,0.948,0.895,0.985,0.98,10.25,150,19200,0.775,hash_chain_replay
controlled_weak_network_simulation,hash_chain,0.05,0.0,0,500,128,3,0.946,0.895,0.985,0.98,10.25,150,19200,0.775,hash_chain_replay
controlled_weak_network_simulation,hash_chain,0.05,0.0,0,500,512,1,0.95,0.895,0.985,0.98,10.25,150,76800,0.775,hash_chain_replay
controlled_weak_network_simulation,hash_chain,0.05,0.0,0,500,512,2,0.948,0.895,0.985,0.98,10.25,150,76800,0.775,hash_chain_replay
controlled_weak_network_simulation,hash_chain,0.05,0.0,0,500,512,3,0.946,0.895,0.985,0.98,10.25,150,76800,0.775,hash_chain_replay
controlled_weak_network_simulation,hash_chain,0.05,0.0,0,1000,128,1,0.95,0.895,0.985,0.98,15.5,300,38400,0.775,hash_chain_replay
controlled_weak_network_simulation,hash_chain,0.05,0.0,0,1000,128,2,0.948,0.895,0.985,0.98,15.5,300,38400,0.775,hash_chain_replay
controlled_weak_network_simulation,hash_chain,0.05,0.0,0,1000,128,3,0.946,0.895,0.985,0.98,15.5,300,38400,0.775,hash_chain_replay
controlled_weak_network_simulation,hash_chain,0.05,0.0,0,1000,512,1,0.95,0.895,0.985,0.98,15.5,300,153600,0.775,hash_chain_replay
controlled_weak_network_simulation,hash_chain,0.05,0.0,0,1000,512,2,0.948,0.895,0.985,0.98,15.5,300,153600,0.775,hash_chain_replay
controlled_weak_network_simulation,hash_chain,0.05,0.0,0,1000,512,3,0.946,0.895,0.985,0.98,15.5,300,153600,0.775,hash_chain_replay
controlled_weak_network_simulation,hash_chain,0.05,0.0,50,100,128,1,0.95,0.877,0.985,0.98,56.05,30,3840,0.757,hash_chain_replay
controlled_weak_network_simulation,hash_chain,0.05,0.0,50,100,128,2,0.948,0.877,0.985,0.98,56.05,30,3840,0.757,hash_chain_replay
controlled_weak_network_simulation,hash_chain,0.05,0.0,50,100,128,3,0.946,0.877,0.985,0.98,56.05,30,3840,0.757,hash_chain_replay
controlled_weak_network_simulation,hash_chain,0.05,0.0,50,100,512,1,0.95,0.877,0.985,0.98,56.05,30,15360,0.757,hash_chain_replay
controlled_weak_network_simulation,hash_chain,0.05,0.0,50,100,512,2,0.948,0.877,0.985,0.98,56.05,30,15360,0.757,hash_chain_replay
controlled_weak_network_simulation,hash_chain,0.05,0.0,50,100,512,3,0.946,0.877,0.985,0.98,56.05,30,15360,0.757,hash_chain_replay
controlled_weak_network_simulation,hash_chain,0.05,0.0,50,500,128,1,0.95,0.877,0.985,0.98,60.25,150,19200,0.757,hash_chain_replay
controlled_weak_network_simulation,hash_chain,0.05,0.0,50,500,128,2,0.948,0.877,0.985,0.98,60.25,150,19200,0.757,hash_chain_replay
controlled_weak_network_simulation,hash_chain,0.05,0.0,50,500,128,3,0.946,0.877,0.985,0.98,60.25,150,19200,0.757,hash_chain_replay
controlled_weak_network_simulation,hash_chain,0.05,0.0,50,500,512,1,0.95,0.877,0.985,0.98,60.25,150,76800,0.757,hash_chain_replay
controlled_weak_network_simulation,hash_chain,0.05,0.0,50,500,512,2,0.948,0.877,0.985,0.98,60.25,150,76800,0.757,hash_chain_replay
controlled_weak_network_simulation,hash_chain,0.05,0.0,50,500,512,3,0.946,0.877,0.985,0.98,60.25,150,76800,0.757,hash_chain_replay
controlled_weak_network_simulation,hash_chain,0.05,0.0,50,1000,128,1,0.95,0.877,0.985,0.98,65.5,300,38400,0.757,hash_chain_replay
controlled_weak_network_simulation,hash_chain,0.05,0.0,50,1000,128,2,0.948,0.877,0.985,0.98,65.5,300,38400,0.757,hash_chain_replay
controlled_weak_network_simulation,hash_chain,0.05,0.0,50,1000,128,3,0.946,0.877,0.985,0.98,65.5,300,38400,0.757,hash_chain_replay
controlled_weak_network_simulation,hash_chain,0.05,0.0,50,1000,512,1,0.95,0.877,0.985,0.98,65.5,300,153600,0.757,hash_chain_replay
controlled_weak_network_simulation,hash_chain,0.05,0.0,50,1000,512,2,0.948,0.877,0.985,0.98,65.5,300,153600,0.757,hash_chain_replay
controlled_weak_network_simulation,hash_chain,0.05,0.0,50,1000,512,3,0.946,0.877,0.985,0.98,65.5,300,153600,0.757,hash_chain_replay
controlled_weak_network_simulation,hash_chain,0.05,0.0,100,100,128,1,0.95,0.859,0.985,0.98,106.05,30,3840,0.739,hash_chain_replay
controlled_weak_network_simulation,hash_chain,0.05,0.0,100,100,128,2,0.948,0.859,0.985,0.98,106.05,30,3840,0.739,hash_chain_replay
controlled_weak_network_simulation,hash_chain,0.05,0.0,100,100,128,3,0.946,0.859,0.985,0.98,106.05,30,3840,0.739,hash_chain_replay
controlled_weak_network_simulation,hash_chain,0.05,0.0,100,100,512,1,0.95,0.859,0.985,0.98,106.05,30,15360,0.739,hash_chain_replay
controlled_weak_network_simulation,hash_chain,0.05,0.0,100,100,512,2,0.948,0.859,0.985,0.98,106.05,30,15360,0.739,hash_chain_replay
controlled_weak_network_simulation,hash_chain,0.05,0.0,100,100,512,3,0.946,0.859,0.985,0.98,106.05,30,15360,0.739,hash_chain_replay
controlled_weak_network_simulation,hash_chain,0.05,0.0,100,500,128,1,0.95,0.859,0.985,0.98,110.25,150,19200,0.739,hash_chain_replay
controlled_weak_network_simulation,hash_chain,0.05,0.0,100,500,128,2,0.948,0.859,0.985,0.98,110.25,150,19200,0.739,hash_chain_replay
controlled_weak_network_simulation,hash_chain,0.05,0.0,100,500,128,3,0.946,0.859,0.985,0.98,110.25,150,19200,0.739,hash_chain_replay
controlled_weak_network_simulation,hash_chain,0.05,0.0,100,500,512,1,0.95,0.859,0.985,0.98,110.25,150,76800,0.739,hash_chain_replay
controlled_weak_network_simulation,hash_chain,0.05,0.0,100,500,512,2,0.948,0.859,0.985,0.98,110.25,150,76800,0.739,hash_chain_replay
controlled_weak_network_simulation,hash_chain,0.05,0.0,100,500,512,3,0.946,0.859,0.985,0.98,110.25,150,76800,0.739,hash_chain_replay
controlled_weak_network_simulation,hash_chain,0.05,0.0,100,1000,128,1,0.95,0.859,0.985,0.98,115.5,300,38400,0.739,hash_chain_replay
controlled_weak_network_simulation,hash_chain,0.05,0.0,100,1000,128,2,0.948,0.859,0.985,0.98,115.5,300,38400,0.739,hash_chain_replay
controlled_weak_network_simulation,hash_chain,0.05,0.0,100,1000,128,3,0.946,0.859,0.985,0.98,115.5,300,38400,0.739,hash_chain_replay
controlled_weak_network_simulation,hash_chain,0.05,0.0,100,1000,512,1,0.95,0.859,0.985,0.98,115.5,300,153600,0.739,hash_chain_replay
controlled_weak_network_simulation,hash_chain,0.05,0.0,100,1000,512,2,0.948,0.859,0.985,0.98,115.5,300,153600,0.739,hash_chain_replay
controlled_weak_network_simulation,hash_chain,0.05,0.0,100,1000,512,3,0.946,0.859,0.985,0.98,115.5,300,153600,0.739,hash_chain_replay
controlled_weak_network_simulation,hash_chain,0.05,0.0,200,100,128,1,0.95,0.823,0.985,0.98,206.05,30,3840,0.703,hash_chain_replay
controlled_weak_network_simulation,hash_chain,0.05,0.0,200,100,128,2,0.948,0.823,0.985,0.98,206.05,30,3840,0.703,hash_chain_replay
controlled_weak_network_simulation,hash_chain,0.05,0.0,200,100,128,3,0.946,0.823,0.985,0.98,206.05,30,3840,0.703,hash_chain_replay
controlled_weak_network_simulation,hash_chain,0.05,0.0,200,100,512,1,0.95,0.823,0.985,0.98,206.05,30,15360,0.703,hash_chain_replay
controlled_weak_network_simulation,hash_chain,0.05,0.0,200,100,512,2,0.948,0.823,0.985,0.98,206.05,30,15360,0.703,hash_chain_replay
controlled_weak_network_simulation,hash_chain,0.05,0.0,200,100,512,3,0.946,0.823,0.985,0.98,206.05,30,15360,0.703,hash_chain_replay
controlled_weak_network_simulation,hash_chain,0.05,0.0,200,500,128,1,0.95,0.823,0.985,0.98,210.25,150,19200,0.703,hash_chain_replay
controlled_weak_network_simulation,hash_chain,0.05,0.0,200,500,128,2,0.948,0.823,0.985,0.98,210.25,150,19200,0.703,hash_chain_replay
controlled_weak_network_simulation,hash_chain,0.05,0.0,200,500,128,3,0.946,0.823,0.985,0.98,210.25,150,19200,0.703,hash_chain_replay
controlled_weak_network_simulation,hash_chain,0.05,0.0,200,500,512,1,0.95,0.823,0.985,0.98,210.25,150,76800,0.703,hash_chain_replay
controlled_weak_network_simulation,hash_chain,0.05,0.0,200,500,512,2,0.948,0.823,0.985,0.98,210.25,150,76800,0.703,hash_chain_replay
controlled_weak_network_simulation,hash_chain,0.05,0.0,200,500,512,3,0.946,0.823,0.985,0.98,210.25,150,76800,0.703,hash_chain_replay
controlled_weak_network_simulation,hash_chain,0.05,0.0,200,1000,128,1,0.95,0.823,0.985,0.98,215.5,300,38400,0.703,hash_chain_replay
controlled_weak_network_simulation,hash_chain,0.05,0.0,200,1000,128,2,0.948,0.823,0.985,0.98,215.5,300,38400,0.703,hash_chain_replay
controlled_weak_network_simulation,hash_chain,0.05,0.0,200,1000,128,3,0.946,0.823,0.985,0.98,215.5,300,38400,0.703,hash_chain_replay
controlled_weak_network_simulation,hash_chain,0.05,0.0,200,1000,512,1,0.95,0.823,0.985,0.98,215.5,300,153600,0.703,hash_chain_replay
controlled_weak_network_simulation,hash_chain,0.05,0.0,200,1000,512,2,0.948,0.823,0.985,0.98,215.5,300,153600,0.703,hash_chain_replay
controlled_weak_network_simulation,hash_chain,0.05,0.0,200,1000,512,3,0.946,0.823,0.985,0.98,215.5,300,153600,0.703,hash_chain_replay
controlled_weak_network_simulation,hash_chain,0.05,0.01,0,100,128,1,0.9465,0.8896,0.985,0.978,6.05,30,3840,0.7696,hash_chain_replay
controlled_weak_network_simulation,hash_chain,0.05,0.01,0,100,128,2,0.9445,0.8896,0.985,0.978,6.05,30,3840,0.7696,hash_chain_replay
controlled_weak_network_simulation,hash_chain,0.05,0.01,0,100,128,3,0.9425,0.8896,0.985,0.978,6.05,30,3840,0.7696,hash_chain_replay
controlled_weak_network_simulation,hash_chain,0.05,0.01,0,100,512,1,0.9465,0.8896,0.985,0.978,6.05,30,15360,0.7696,hash_chain_replay
controlled_weak_network_simulation,hash_chain,0.05,0.01,0,100,512,2,0.9445,0.8896,0.985,0.978,6.05,30,15360,0.7696,hash_chain_replay
controlled_weak_network_simulation,hash_chain,0.05,0.01,0,100,512,3,0.9425,0.8896,0.985,0.978,6.05,30,15360,0.7696,hash_chain_replay
controlled_weak_network_simulation,hash_chain,0.05,0.01,0,500,128,1,0.9465,0.8896,0.985,0.978,10.25,150,19200,0.7696,hash_chain_replay
controlled_weak_network_simulation,hash_chain,0.05,0.01,0,500,128,2,0.9445,0.8896,0.985,0.978,10.25,150,19200,0.7696,hash_chain_replay
controlled_weak_network_simulation,hash_chain,0.05,0.01,0,500,128,3,0.9425,0.8896,0.985,0.978,10.25,150,19200,0.7696,hash_chain_replay
controlled_weak_network_simulation,hash_chain,0.05,0.01,0,500,512,1,0.9465,0.8896,0.985,0.978,10.25,150,76800,0.7696,hash_chain_replay
controlled_weak_network_simulation,hash_chain,0.05,0.01,0,500,512,2,0.9445,0.8896,0.985,0.978,10.25,150,76800,0.7696,hash_chain_replay
controlled_weak_network_simulation,hash_chain,0.05,0.01,0,500,512,3,0.9425,0.8896,0.985,0.978,10.25,150,76800,0.7696,hash_chain_replay
controlled_weak_network_simulation,hash_chain,0.05,0.01,0,1000,128,1,0.9465,0.8896,0.985,0.978,15.5,300,38400,0.7696,hash_chain_replay
controlled_weak_network_simulation,hash_chain,0.05,0.01,0,1000,128,2,0.9445,0.8896,0.985,0.978,15.5,300,38400,0.7696,hash_chain_replay
controlled_weak_network_simulation,hash_chain,0.05,0.01,0,1000,128,3,0.9425,0.8896,0.985,0.978,15.5,300,38400,0.7696,hash_chain_replay
controlled_weak_network_simulation,hash_chain,0.05,0.01,0,1000,512,1,0.9465,0.8896,0.985,0.978,15.5,300,153600,0.7696,hash_chain_replay
controlled_weak_network_simulation,hash_chain,0.05,0.01,0,1000,512,2,0.9445,0.8896,0.985,0.978,15.5,300,153600,0.7696,hash_chain_replay
controlled_weak_network_simulation,hash_chain,0.05,0.01,0,1000,512,3,0.9425,0.8896,0.985,0.978,15.5,300,153600,0.7696,hash_chain_replay
controlled_weak_network_simulation,hash_chain,0.05,0.01,50,100,128,1,0.9465,0.8716,0.985,0.978,56.05,30,3840,0.7516,hash_chain_replay
controlled_weak_network_simulation,hash_chain,0.05,0.01,50,100,128,2,0.9445,0.8716,0.985,0.978,56.05,30,3840,0.7516,hash_chain_replay
controlled_weak_network_simulation,hash_chain,0.05,0.01,50,100,128,3,0.9425,0.8716,0.985,0.978,56.05,30,3840,0.7516,hash_chain_replay
controlled_weak_network_simulation,hash_chain,0.05,0.01,50,100,512,1,0.9465,0.8716,0.985,0.978,56.05,30,15360,0.7516,hash_chain_replay
controlled_weak_network_simulation,hash_chain,0.05,0.01,50,100,512,2,0.9445,0.8716,0.985,0.978,56.05,30,15360,0.7516,hash_chain_replay
controlled_weak_network_simulation,hash_chain,0.05,0.01,50,100,512,3,0.9425,0.8716,0.985,0.978,56.05,30,15360,0.7516,hash_chain_replay
controlled_weak_network_simulation,hash_chain,0.05,0.01,50,500,128,1,0.9465,0.8716,0.985,0.978,60.25,150,19200,0.7516,hash_chain_replay
controlled_weak_network_simulation,hash_chain,0.05,0.01,50,500,128,2,0.9445,0.8716,0.985,0.978,60.25,150,19200,0.7516,hash_chain_replay
controlled_weak_network_simulation,hash_chain,0.05,0.01,50,500,128,3,0.9425,0.8716,0.985,0.978,60.25,150,19200,0.7516,hash_chain_replay
controlled_weak_network_simulation,hash_chain,0.05,0.01,50,500,512,1,0.9465,0.8716,0.985,0.978,60.25,150,76800,0.7516,hash_chain_replay
controlled_weak_network_simulation,hash_chain,0.05,0.01,50,500,512,2,0.9445,0.8716,0.985,0.978,60.25,150,76800,0.7516,hash_chain_replay
controlled_weak_network_simulation,hash_chain,0.05,0.01,50,500,512,3,0.9425,0.8716,0.985,0.978,60.25,150,76800,0.7516,hash_chain_replay
controlled_weak_network_simulation,hash_chain,0.05,0.01,50,1000,128,1,0.9465,0.8716,0.985,0.978,65.5,300,38400,0.7516,hash_chain_replay
controlled_weak_network_simulation,hash_chain,0.05,0.01,50,1000,128,2,0.9445,0.8716,0.985,0.978,65.5,300,38400,0.7516,hash_chain_replay
controlled_weak_network_simulation,hash_chain,0.05,0.01,50,1000,128,3,0.9425,0.8716,0.985,0.978,65.5,300,38400,0.7516,hash_chain_replay
controlled_weak_network_simulation,hash_chain,0.05,0.01,50,1000,512,1,0.9465,0.8716,0.985,0.978,65.5,300,153600,0.7516,hash_chain_replay
controlled_weak_network_simulation,hash_chain,0.05,0.01,50,1000,512,2,0.9445,0.8716,0.985,0.978,65.5,300,153600,0.7516,hash_chain_replay
controlled_weak_network_simulation,hash_chain,0.05,0.01,50,1000,512,3,0.9425,0.8716,0.985,0.978,65.5,300,153600,0.7516,hash_chain_replay
controlled_weak_network_simulation,hash_chain,0.05,0.01,100,100,128,1,0.9465,0.8536,0.985,0.978,106.05,30,3840,0.7336,hash_chain_replay
controlled_weak_network_simulation,hash_chain,0.05,0.01,100,100,128,2,0.9445,0.8536,0.985,0.978,106.05,30,3840,0.7336,hash_chain_replay
controlled_weak_network_simulation,hash_chain,0.05,0.01,100,100,128,3,0.9425,0.8536,0.985,0.978,106.05,30,3840,0.7336,hash_chain_replay
controlled_weak_network_simulation,hash_chain,0.05,0.01,100,100,512,1,0.9465,0.8536,0.985,0.978,106.05,30,15360,0.7336,hash_chain_replay
controlled_weak_network_simulation,hash_chain,0.05,0.01,100,100,512,2,0.9445,0.8536,0.985,0.978,106.05,30,15360,0.7336,hash_chain_replay
controlled_weak_network_simulation,hash_chain,0.05,0.01,100,100,512,3,0.9425,0.8536,0.985,0.978,106.05,30,15360,0.7336,hash_chain_replay
controlled_weak_network_simulation,hash_chain,0.05,0.01,100,500,128,1,0.9465,0.8536,0.985,0.978,110.25,150,19200,0.7336,hash_chain_replay
controlled_weak_network_simulation,hash_chain,0.05,0.01,100,500,128,2,0.9445,0.8536,0.985,0.978,110.25,150,19200,0.7336,hash_chain_replay
controlled_weak_network_simulation,hash_chain,0.05,0.01,100,500,128,3,0.9425,0.8536,0.985,0.978,110.25,150,19200,0.7336,hash_chain_replay
controlled_weak_network_simulation,hash_chain,0.05,0.01,100,500,512,1,0.9465,0.8536,0.985,0.978,110.25,150,76800,0.7336,hash_chain_replay
controlled_weak_network_simulation,hash_chain,0.05,0.01,100,500,512,2,0.9445,0.8536,0.985,0.978,110.25,150,76800,0.7336,hash_chain_replay
controlled_weak_network_simulation,hash_chain,0.05,0.01,100,500,512,3,0.9425,0.8536,0.985,0.978,110.25,150,76800,0.7336,hash_chain_replay
controlled_weak_network_simulation,hash_chain,0.05,0.01,100,1000,128,1,0.9465,0.8536,0.985,0.978,115.5,300,38400,0.7336,hash_chain_replay
controlled_weak_network_simulation,hash_chain,0.05,0.01,100,1000,128,2,0.9445,0.8536,0.985,0.978,115.5,300,38400,0.7336,hash_chain_replay
controlled_weak_network_simulation,hash_chain,0.05,0.01,100,1000,128,3,0.9425,0.8536,0.985,0.978,115.5,300,38400,0.7336,hash_chain_replay
controlled_weak_network_simulation,hash_chain,0.05,0.01,100,1000,512,1,0.9465,0.8536,0.985,0.978,115.5,300,153600,0.7336,hash_chain_replay
controlled_weak_network_simulation,hash_chain,0.05,0.01,100,1000,512,2,0.9445,0.8536,0.985,0.978,115.5,300,153600,0.7336,hash_chain_replay
controlled_weak_network_simulation,hash_chain,0.05,0.01,100,1000,512,3,0.9425,0.8536,0.985,0.978,115.5,300,153600,0.7336,hash_chain_replay
controlled_weak_network_simulation,hash_chain,0.05,0.01,200,100,128,1,0.9465,0.8176,0.985,0.978,206.05,30,3840,0.6976,hash_chain_replay
controlled_weak_network_simulation,hash_chain,0.05,0.01,200,100,128,2,0.9445,0.8176,0.985,0.978,206.05,30,3840,0.6976,hash_chain_replay
controlled_weak_network_simulation,hash_chain,0.05,0.01,200,100,128,3,0.9425,0.8176,0.985,0.978,206.05,30,3840,0.6976,hash_chain_replay
controlled_weak_network_simulation,hash_chain,0.05,0.01,200,100,512,1,0.9465,0.8176,0.985,0.978,206.05,30,15360,0.6976,hash_chain_replay
controlled_weak_network_simulation,hash_chain,0.05,0.01,200,100,512,2,0.9445,0.8176,0.985,0.978,206.05,30,15360,0.6976,hash_chain_replay
controlled_weak_network_simulation,hash_chain,0.05,0.01,200,100,512,3,0.9425,0.8176,0.985,0.978,206.05,30,15360,0.6976,hash_chain_replay
controlled_weak_network_simulation,hash_chain,0.05,0.01,200,500,128,1,0.9465,0.8176,0.985,0.978,210.25,150,19200,0.6976,hash_chain_replay
controlled_weak_network_simulation,hash_chain,0.05,0.01,200,500,128,2,0.9445,0.8176,0.985,0.978,210.25,150,19200,0.6976,hash_chain_replay
controlled_weak_network_simulation,hash_chain,0.05,0.01,200,500,128,3,0.9425,0.8176,0.985,0.978,210.25,150,19200,0.6976,hash_chain_replay
controlled_weak_network_simulation,hash_chain,0.05,0.01,200,500,512,1,0.9465,0.8176,0.985,0.978,210.25,150,76800,0.6976,hash_chain_replay
controlled_weak_network_simulation,hash_chain,0.05,0.01,200,500,512,2,0.9445,0.8176,0.985,0.978,210.25,150,76800,0.6976,hash_chain_replay
controlled_weak_network_simulation,hash_chain,0.05,0.01,200,500,512,3,0.9425,0.8176,0.985,0.978,210.25,150,76800,0.6976,hash_chain_replay
controlled_weak_network_simulation,hash_chain,0.05,0.01,200,1000,128,1,0.9465,0.8176,0.985,0.978,215.5,300,38400,0.6976,hash_chain_replay
controlled_weak_network_simulation,hash_chain,0.05,0.01,200,1000,128,2,0.9445,0.8176,0.985,0.978,215.5,300,38400,0.6976,hash_chain_replay
controlled_weak_network_simulation,hash_chain,0.05,0.01,200,1000,128,3,0.9425,0.8176,0.985,0.978,215.5,300,38400,0.6976,hash_chain_replay
controlled_weak_network_simulation,hash_chain,0.05,0.01,200,1000,512,1,0.9465,0.8176,0.985,0.978,215.5,300,153600,0.6976,hash_chain_replay
controlled_weak_network_simulation,hash_chain,0.05,0.01,200,1000,512,2,0.9445,0.8176,0.985,0.978,215.5,300,153600,0.6976,hash_chain_replay
controlled_weak_network_simulation,hash_chain,0.05,0.01,200,1000,512,3,0.9425,0.8176,0.985,0.978,215.5,300,153600,0.6976,hash_chain_replay
controlled_weak_network_simulation,hash_chain,0.05,0.03,0,100,128,1,0.9395,0.8788,0.985,0.974,6.05,30,3840,0.7588,hash_chain_replay
controlled_weak_network_simulation,hash_chain,0.05,0.03,0,100,128,2,0.9375,0.8788,0.985,0.974,6.05,30,3840,0.7588,hash_chain_replay
controlled_weak_network_simulation,hash_chain,0.05,0.03,0,100,128,3,0.9355,0.8788,0.985,0.974,6.05,30,3840,0.7588,hash_chain_replay
controlled_weak_network_simulation,hash_chain,0.05,0.03,0,100,512,1,0.9395,0.8788,0.985,0.974,6.05,30,15360,0.7588,hash_chain_replay
controlled_weak_network_simulation,hash_chain,0.05,0.03,0,100,512,2,0.9375,0.8788,0.985,0.974,6.05,30,15360,0.7588,hash_chain_replay
controlled_weak_network_simulation,hash_chain,0.05,0.03,0,100,512,3,0.9355,0.8788,0.985,0.974,6.05,30,15360,0.7588,hash_chain_replay
controlled_weak_network_simulation,hash_chain,0.05,0.03,0,500,128,1,0.9395,0.8788,0.985,0.974,10.25,150,19200,0.7588,hash_chain_replay
controlled_weak_network_simulation,hash_chain,0.05,0.03,0,500,128,2,0.9375,0.8788,0.985,0.974,10.25,150,19200,0.7588,hash_chain_replay
controlled_weak_network_simulation,hash_chain,0.05,0.03,0,500,128,3,0.9355,0.8788,0.985,0.974,10.25,150,19200,0.7588,hash_chain_replay
controlled_weak_network_simulation,hash_chain,0.05,0.03,0,500,512,1,0.9395,0.8788,0.985,0.974,10.25,150,76800,0.7588,hash_chain_replay
controlled_weak_network_simulation,hash_chain,0.05,0.03,0,500,512,2,0.9375,0.8788,0.985,0.974,10.25,150,76800,0.7588,hash_chain_replay
controlled_weak_network_simulation,hash_chain,0.05,0.03,0,500,512,3,0.9355,0.8788,0.985,0.974,10.25,150,76800,0.7588,hash_chain_replay
controlled_weak_network_simulation,hash_chain,0.05,0.03,0,1000,128,1,0.9395,0.8788,0.985,0.974,15.5,300,38400,0.7588,hash_chain_replay
controlled_weak_network_simulation,hash_chain,0.05,0.03,0,1000,128,2,0.9375,0.8788,0.985,0.974,15.5,300,38400,0.7588,hash_chain_replay
controlled_weak_network_simulation,hash_chain,0.05,0.03,0,1000,128,3,0.9355,0.8788,0.985,0.974,15.5,300,38400,0.7588,hash_chain_replay
controlled_weak_network_simulation,hash_chain,0.05,0.03,0,1000,512,1,0.9395,0.8788,0.985,0.974,15.5,300,153600,0.7588,hash_chain_replay
controlled_weak_network_simulation,hash_chain,0.05,0.03,0,1000,512,2,0.9375,0.8788,0.985,0.974,15.5,300,153600,0.7588,hash_chain_replay
controlled_weak_network_simulation,hash_chain,0.05,0.03,0,1000,512,3,0.9355,0.8788,0.985,0.974,15.5,300,153600,0.7588,hash_chain_replay
controlled_weak_network_simulation,hash_chain,0.05,0.03,50,100,128,1,0.9395,0.8608,0.985,0.974,56.05,30,3840,0.7408,hash_chain_replay
controlled_weak_network_simulation,hash_chain,0.05,0.03,50,100,128,2,0.9375,0.8608,0.985,0.974,56.05,30,3840,0.7408,hash_chain_replay
controlled_weak_network_simulation,hash_chain,0.05,0.03,50,100,128,3,0.9355,0.8608,0.985,0.974,56.05,30,3840,0.7408,hash_chain_replay
controlled_weak_network_simulation,hash_chain,0.05,0.03,50,100,512,1,0.9395,0.8608,0.985,0.974,56.05,30,15360,0.7408,hash_chain_replay
controlled_weak_network_simulation,hash_chain,0.05,0.03,50,100,512,2,0.9375,0.8608,0.985,0.974,56.05,30,15360,0.7408,hash_chain_replay
controlled_weak_network_simulation,hash_chain,0.05,0.03,50,100,512,3,0.9355,0.8608,0.985,0.974,56.05,30,15360,0.7408,hash_chain_replay
controlled_weak_network_simulation,hash_chain,0.05,0.03,50,500,128,1,0.9395,0.8608,0.985,0.974,60.25,150,19200,0.7408,hash_chain_replay
controlled_weak_network_simulation,hash_chain,0.05,0.03,50,500,128,2,0.9375,0.8608,0.985,0.974,60.25,150,19200,0.7408,hash_chain_replay
controlled_weak_network_simulation,hash_chain,0.05,0.03,50,500,128,3,0.9355,0.8608,0.985,0.974,60.25,150,19200,0.7408,hash_chain_replay
controlled_weak_network_simulation,hash_chain,0.05,0.03,50,500,512,1,0.9395,0.8608,0.985,0.974,60.25,150,76800,0.7408,hash_chain_replay
controlled_weak_network_simulation,hash_chain,0.05,0.03,50,500,512,2,0.9375,0.8608,0.985,0.974,60.25,150,76800,0.7408,hash_chain_replay
controlled_weak_network_simulation,hash_chain,0.05,0.03,50,500,512,3,0.9355,0.8608,0.985,0.974,60.25,150,76800,0.7408,hash_chain_replay
controlled_weak_network_simulation,hash_chain,0.05,0.03,50,1000,128,1,0.9395,0.8608,0.985,0.974,65.5,300,38400,0.7408,hash_chain_replay
controlled_weak_network_simulation,hash_chain,0.05,0.03,50,1000,128,2,0.9375,0.8608,0.985,0.974,65.5,300,38400,0.7408,hash_chain_replay
controlled_weak_network_simulation,hash_chain,0.05,0.03,50,1000,128,3,0.9355,0.8608,0.985,0.974,65.5,300,38400,0.7408,hash_chain_replay
controlled_weak_network_simulation,hash_chain,0.05,0.03,50,1000,512,1,0.9395,0.8608,0.985,0.974,65.5,300,153600,0.7408,hash_chain_replay
controlled_weak_network_simulation,hash_chain,0.05,0.03,50,1000,512,2,0.9375,0.8608,0.985,0.974,65.5,300,153600,0.7408,hash_chain_replay
controlled_weak_network_simulation,hash_chain,0.05,0.03,50,1000,512,3,0.9355,0.8608,0.985,0.974,65.5,300,153600,0.7408,hash_chain_replay
controlled_weak_network_simulation,hash_chain,0.05,0.03,100,100,128,1,0.9395,0.8428,0.985,0.974,106.05,30,3840,0.7228,hash_chain_replay
controlled_weak_network_simulation,hash_chain,0.05,0.03,100,100,128,2,0.9375,0.8428,0.985,0.974,106.05,30,3840,0.7228,hash_chain_replay
controlled_weak_network_simulation,hash_chain,0.05,0.03,100,100,128,3,0.9355,0.8428,0.985,0.974,106.05,30,3840,0.7228,hash_chain_replay
controlled_weak_network_simulation,hash_chain,0.05,0.03,100,100,512,1,0.9395,0.8428,0.985,0.974,106.05,30,15360,0.7228,hash_chain_replay
controlled_weak_network_simulation,hash_chain,0.05,0.03,100,100,512,2,0.9375,0.8428,0.985,0.974,106.05,30,15360,0.7228,hash_chain_replay
controlled_weak_network_simulation,hash_chain,0.05,0.03,100,100,512,3,0.9355,0.8428,0.985,0.974,106.05,30,15360,0.7228,hash_chain_replay
controlled_weak_network_simulation,hash_chain,0.05,0.03,100,500,128,1,0.9395,0.8428,0.985,0.974,110.25,150,19200,0.7228,hash_chain_replay
controlled_weak_network_simulation,hash_chain,0.05,0.03,100,500,128,2,0.9375,0.8428,0.985,0.974,110.25,150,19200,0.7228,hash_chain_replay
controlled_weak_network_simulation,hash_chain,0.05,0.03,100,500,128,3,0.9355,0.8428,0.985,0.974,110.25,150,19200,0.7228,hash_chain_replay
controlled_weak_network_simulation,hash_chain,0.05,0.03,100,500,512,1,0.9395,0.8428,0.985,0.974,110.25,150,76800,0.7228,hash_chain_replay
controlled_weak_network_simulation,hash_chain,0.05,0.03,100,500,512,2,0.9375,0.8428,0.985,0.974,110.25,150,76800,0.7228,hash_chain_replay
controlled_weak_network_simulation,hash_chain,0.05,0.03,100,500,512,3,0.9355,0.8428,0.985,0.974,110.25,150,76800,0.7228,hash_chain_replay
controlled_weak_network_simulation,hash_chain,0.05,0.03,100,1000,128,1,0.9395,0.8428,0.985,0.974,115.5,300,38400,0.7228,hash_chain_replay
controlled_weak_network_simulation,hash_chain,0.05,0.03,100,1000,128,2,0.9375,0.8428,0.985,0.974,115.5,300,38400,0.7228,hash_chain_replay
controlled_weak_network_simulation,hash_chain,0.05,0.03,100,1000,128,3,0.9355,0.8428,0.985,0.974,115.5,300,38400,0.7228,hash_chain_replay
controlled_weak_network_simulation,hash_chain,0.05,0.03,100,1000,512,1,0.9395,0.8428,0.985,0.974,115.5,300,153600,0.7228,hash_chain_replay
controlled_weak_network_simulation,hash_chain,0.05,0.03,100,1000,512,2,0.9375,0.8428,0.985,0.974,115.5,300,153600,0.7228,hash_chain_replay
controlled_weak_network_simulation,hash_chain,0.05,0.03,100,1000,512,3,0.9355,0.8428,0.985,0.974,115.5,300,153600,0.7228,hash_chain_replay
controlled_weak_network_simulation,hash_chain,0.05,0.03,200,100,128,1,0.9395,0.8068,0.985,0.974,206.05,30,3840,0.6868,hash_chain_replay
controlled_weak_network_simulation,hash_chain,0.05,0.03,200,100,128,2,0.9375,0.8068,0.985,0.974,206.05,30,3840,0.6868,hash_chain_replay
controlled_weak_network_simulation,hash_chain,0.05,0.03,200,100,128,3,0.9355,0.8068,0.985,0.974,206.05,30,3840,0.6868,hash_chain_replay
controlled_weak_network_simulation,hash_chain,0.05,0.03,200,100,512,1,0.9395,0.8068,0.985,0.974,206.05,30,15360,0.6868,hash_chain_replay
controlled_weak_network_simulation,hash_chain,0.05,0.03,200,100,512,2,0.9375,0.8068,0.985,0.974,206.05,30,15360,0.6868,hash_chain_replay
controlled_weak_network_simulation,hash_chain,0.05,0.03,200,100,512,3,0.9355,0.8068,0.985,0.974,206.05,30,15360,0.6868,hash_chain_replay
controlled_weak_network_simulation,hash_chain,0.05,0.03,200,500,128,1,0.9395,0.8068,0.985,0.974,210.25,150,19200,0.6868,hash_chain_replay
controlled_weak_network_simulation,hash_chain,0.05,0.03,200,500,128,2,0.9375,0.8068,0.985,0.974,210.25,150,19200,0.6868,hash_chain_replay
controlled_weak_network_simulation,hash_chain,0.05,0.03,200,500,128,3,0.9355,0.8068,0.985,0.974,210.25,150,19200,0.6868,hash_chain_replay
controlled_weak_network_simulation,hash_chain,0.05,0.03,200,500,512,1,0.9395,0.8068,0.985,0.974,210.25,150,76800,0.6868,hash_chain_replay
controlled_weak_network_simulation,hash_chain,0.05,0.03,200,500,512,2,0.9375,0.8068,0.985,0.974,210.25,150,76800,0.6868,hash_chain_replay
controlled_weak_network_simulation,hash_chain,0.05,0.03,200,500,512,3,0.9355,0.8068,0.985,0.974,210.25,150,76800,0.6868,hash_chain_replay
controlled_weak_network_simulation,hash_chain,0.05,0.03,200,1000,128,1,0.9395,0.8068,0.985,0.974,215.5,300,38400,0.6868,hash_chain_replay
controlled_weak_network_simulation,hash_chain,0.05,0.03,200,1000,128,2,0.9375,0.8068,0.985,0.974,215.5,300,38400,0.6868,hash_chain_replay
controlled_weak_network_simulation,hash_chain,0.05,0.03,200,1000,128,3,0.9355,0.8068,0.985,0.974,215.5,300,38400,0.6868,hash_chain_replay
controlled_weak_network_simulation,hash_chain,0.05,0.03,200,1000,512,1,0.9395,0.8068,0.985,0.974,215.5,300,153600,0.6868,hash_chain_replay
controlled_weak_network_simulation,hash_chain,0.05,0.03,200,1000,512,2,0.9375,0.8068,0.985,0.974,215.5,300,153600,0.6868,hash_chain_replay
controlled_weak_network_simulation,hash_chain,0.05,0.03,200,1000,512,3,0.9355,0.8068,0.985,0.974,215.5,300,153600,0.6868,hash_chain_replay
controlled_weak_network_simulation,hash_chain,0.1,0.0,0,100,128,1,0.9,0.85,0.97,0.98,6.225,35,4480,0.73,hash_chain_replay
controlled_weak_network_simulation,hash_chain,0.1,0.0,0,100,128,2,0.898,0.85,0.97,0.98,6.225,35,4480,0.73,hash_chain_replay
controlled_weak_network_simulation,hash_chain,0.1,0.0,0,100,128,3,0.896,0.85,0.97,0.98,6.225,35,4480,0.73,hash_chain_replay
controlled_weak_network_simulation,hash_chain,0.1,0.0,0,100,512,1,0.9,0.85,0.97,0.98,6.225,35,17920,0.73,hash_chain_replay
controlled_weak_network_simulation,hash_chain,0.1,0.0,0,100,512,2,0.898,0.85,0.97,0.98,6.225,35,17920,0.73,hash_chain_replay
controlled_weak_network_simulation,hash_chain,0.1,0.0,0,100,512,3,0.896,0.85,0.97,0.98,6.225,35,17920,0.73,hash_chain_replay
controlled_weak_network_simulation,hash_chain,0.1,0.0,0,500,128,1,0.9,0.85,0.97,0.98,11.125,175,22400,0.73,hash_chain_replay
controlled_weak_network_simulation,hash_chain,0.1,0.0,0,500,128,2,0.898,0.85,0.97,0.98,11.125,175,22400,0.73,hash_chain_replay
controlled_weak_network_simulation,hash_chain,0.1,0.0,0,500,128,3,0.896,0.85,0.97,0.98,11.125,175,22400,0.73,hash_chain_replay
controlled_weak_network_simulation,hash_chain,0.1,0.0,0,500,512,1,0.9,0.85,0.97,0.98,11.125,175,89600,0.73,hash_chain_replay
controlled_weak_network_simulation,hash_chain,0.1,0.0,0,500,512,2,0.898,0.85,0.97,0.98,11.125,175,89600,0.73,hash_chain_replay
controlled_weak_network_simulation,hash_chain,0.1,0.0,0,500,512,3,0.896,0.85,0.97,0.98,11.125,175,89600,0.73,hash_chain_replay
controlled_weak_network_simulation,hash_chain,0.1,0.0,0,1000,128,1,0.9,0.85,0.97,0.98,17.25,350,44800,0.73,hash_chain_replay
controlled_weak_network_simulation,hash_chain,0.1,0.0,0,1000,128,2,0.898,0.85,0.97,0.98,17.25,350,44800,0.73,hash_chain_replay
controlled_weak_network_simulation,hash_chain,0.1,0.0,0,1000,128,3,0.896,0.85,0.97,0.98,17.25,350,44800,0.73,hash_chain_replay
controlled_weak_network_simulation,hash_chain,0.1,0.0,0,1000,512,1,0.9,0.85,0.97,0.98,17.25,350,179200,0.73,hash_chain_replay
controlled_weak_network_simulation,hash_chain,0.1,0.0,0,1000,512,2,0.898,0.85,0.97,0.98,17.25,350,179200,0.73,hash_chain_replay
controlled_weak_network_simulation,hash_chain,0.1,0.0,0,1000,512,3,0.896,0.85,0.97,0.98,17.25,350,179200,0.73,hash_chain_replay
controlled_weak_network_simulation,hash_chain,0.1,0.0,50,100,128,1,0.9,0.832,0.97,0.98,56.225,35,4480,0.712,hash_chain_replay
controlled_weak_network_simulation,hash_chain,0.1,0.0,50,100,128,2,0.898,0.832,0.97,0.98,56.225,35,4480,0.712,hash_chain_replay
controlled_weak_network_simulation,hash_chain,0.1,0.0,50,100,128,3,0.896,0.832,0.97,0.98,56.225,35,4480,0.712,hash_chain_replay
controlled_weak_network_simulation,hash_chain,0.1,0.0,50,100,512,1,0.9,0.832,0.97,0.98,56.225,35,17920,0.712,hash_chain_replay
controlled_weak_network_simulation,hash_chain,0.1,0.0,50,100,512,2,0.898,0.832,0.97,0.98,56.225,35,17920,0.712,hash_chain_replay
controlled_weak_network_simulation,hash_chain,0.1,0.0,50,100,512,3,0.896,0.832,0.97,0.98,56.225,35,17920,0.712,hash_chain_replay
controlled_weak_network_simulation,hash_chain,0.1,0.0,50,500,128,1,0.9,0.832,0.97,0.98,61.125,175,22400,0.712,hash_chain_replay
controlled_weak_network_simulation,hash_chain,0.1,0.0,50,500,128,2,0.898,0.832,0.97,0.98,61.125,175,22400,0.712,hash_chain_replay
controlled_weak_network_simulation,hash_chain,0.1,0.0,50,500,128,3,0.896,0.832,0.97,0.98,61.125,175,22400,0.712,hash_chain_replay
controlled_weak_network_simulation,hash_chain,0.1,0.0,50,500,512,1,0.9,0.832,0.97,0.98,61.125,175,89600,0.712,hash_chain_replay
controlled_weak_network_simulation,hash_chain,0.1,0.0,50,500,512,2,0.898,0.832,0.97,0.98,61.125,175,89600,0.712,hash_chain_replay
controlled_weak_network_simulation,hash_chain,0.1,0.0,50,500,512,3,0.896,0.832,0.97,0.98,61.125,175,89600,0.712,hash_chain_replay
controlled_weak_network_simulation,hash_chain,0.1,0.0,50,1000,128,1,0.9,0.832,0.97,0.98,67.25,350,44800,0.712,hash_chain_replay
controlled_weak_network_simulation,hash_chain,0.1,0.0,50,1000,128,2,0.898,0.832,0.97,0.98,67.25,350,44800,0.712,hash_chain_replay
controlled_weak_network_simulation,hash_chain,0.1,0.0,50,1000,128,3,0.896,0.832,0.97,0.98,67.25,350,44800,0.712,hash_chain_replay
controlled_weak_network_simulation,hash_chain,0.1,0.0,50,1000,512,1,0.9,0.832,0.97,0.98,67.25,350,179200,0.712,hash_chain_replay
controlled_weak_network_simulation,hash_chain,0.1,0.0,50,1000,512,2,0.898,0.832,0.97,0.98,67.25,350,179200,0.712,hash_chain_replay
controlled_weak_network_simulation,hash_chain,0.1,0.0,50,1000,512,3,0.896,0.832,0.97,0.98,67.25,350,179200,0.712,hash_chain_replay
controlled_weak_network_simulation,hash_chain,0.1,0.0,100,100,128,1,0.9,0.814,0.97,0.98,106.225,35,4480,0.694,hash_chain_replay
controlled_weak_network_simulation,hash_chain,0.1,0.0,100,100,128,2,0.898,0.814,0.97,0.98,106.225,35,4480,0.694,hash_chain_replay
controlled_weak_network_simulation,hash_chain,0.1,0.0,100,100,128,3,0.896,0.814,0.97,0.98,106.225,35,4480,0.694,hash_chain_replay
controlled_weak_network_simulation,hash_chain,0.1,0.0,100,100,512,1,0.9,0.814,0.97,0.98,106.225,35,17920,0.694,hash_chain_replay
controlled_weak_network_simulation,hash_chain,0.1,0.0,100,100,512,2,0.898,0.814,0.97,0.98,106.225,35,17920,0.694,hash_chain_replay
controlled_weak_network_simulation,hash_chain,0.1,0.0,100,100,512,3,0.896,0.814,0.97,0.98,106.225,35,17920,0.694,hash_chain_replay
controlled_weak_network_simulation,hash_chain,0.1,0.0,100,500,128,1,0.9,0.814,0.97,0.98,111.125,175,22400,0.694,hash_chain_replay
controlled_weak_network_simulation,hash_chain,0.1,0.0,100,500,128,2,0.898,0.814,0.97,0.98,111.125,175,22400,0.694,hash_chain_replay
controlled_weak_network_simulation,hash_chain,0.1,0.0,100,500,128,3,0.896,0.814,0.97,0.98,111.125,175,22400,0.694,hash_chain_replay
controlled_weak_network_simulation,hash_chain,0.1,0.0,100,500,512,1,0.9,0.814,0.97,0.98,111.125,175,89600,0.694,hash_chain_replay
controlled_weak_network_simulation,hash_chain,0.1,0.0,100,500,512,2,0.898,0.814,0.97,0.98,111.125,175,89600,0.694,hash_chain_replay
controlled_weak_network_simulation,hash_chain,0.1,0.0,100,500,512,3,0.896,0.814,0.97,0.98,111.125,175,89600,0.694,hash_chain_replay
controlled_weak_network_simulation,hash_chain,0.1,0.0,100,1000,128,1,0.9,0.814,0.97,0.98,117.25,350,44800,0.694,hash_chain_replay
controlled_weak_network_simulation,hash_chain,0.1,0.0,100,1000,128,2,0.898,0.814,0.97,0.98,117.25,350,44800,0.694,hash_chain_replay
controlled_weak_network_simulation,hash_chain,0.1,0.0,100,1000,128,3,0.896,0.814,0.97,0.98,117.25,350,44800,0.694,hash_chain_replay
controlled_weak_network_simulation,hash_chain,0.1,0.0,100,1000,512,1,0.9,0.814,0.97,0.98,117.25,350,179200,0.694,hash_chain_replay
controlled_weak_network_simulation,hash_chain,0.1,0.0,100,1000,512,2,0.898,0.814,0.97,0.98,117.25,350,179200,0.694,hash_chain_replay
controlled_weak_network_simulation,hash_chain,0.1,0.0,100,1000,512,3,0.896,0.814,0.97,0.98,117.25,350,179200,0.694,hash_chain_replay
controlled_weak_network_simulation,hash_chain,0.1,0.0,200,100,128,1,0.9,0.778,0.97,0.98,206.225,35,4480,0.658,hash_chain_replay
controlled_weak_network_simulation,hash_chain,0.1,0.0,200,100,128,2,0.898,0.778,0.97,0.98,206.225,35,4480,0.658,hash_chain_replay
controlled_weak_network_simulation,hash_chain,0.1,0.0,200,100,128,3,0.896,0.778,0.97,0.98,206.225,35,4480,0.658,hash_chain_replay
controlled_weak_network_simulation,hash_chain,0.1,0.0,200,100,512,1,0.9,0.778,0.97,0.98,206.225,35,17920,0.658,hash_chain_replay
controlled_weak_network_simulation,hash_chain,0.1,0.0,200,100,512,2,0.898,0.778,0.97,0.98,206.225,35,17920,0.658,hash_chain_replay
controlled_weak_network_simulation,hash_chain,0.1,0.0,200,100,512,3,0.896,0.778,0.97,0.98,206.225,35,17920,0.658,hash_chain_replay
controlled_weak_network_simulation,hash_chain,0.1,0.0,200,500,128,1,0.9,0.778,0.97,0.98,211.125,175,22400,0.658,hash_chain_replay
controlled_weak_network_simulation,hash_chain,0.1,0.0,200,500,128,2,0.898,0.778,0.97,0.98,211.125,175,22400,0.658,hash_chain_replay
controlled_weak_network_simulation,hash_chain,0.1,0.0,200,500,128,3,0.896,0.778,0.97,0.98,211.125,175,22400,0.658,hash_chain_replay
controlled_weak_network_simulation,hash_chain,0.1,0.0,200,500,512,1,0.9,0.778,0.97,0.98,211.125,175,89600,0.658,hash_chain_replay
controlled_weak_network_simulation,hash_chain,0.1,0.0,200,500,512,2,0.898,0.778,0.97,0.98,211.125,175,89600,0.658,hash_chain_replay
controlled_weak_network_simulation,hash_chain,0.1,0.0,200,500,512,3,0.896,0.778,0.97,0.98,211.125,175,89600,0.658,hash_chain_replay
controlled_weak_network_simulation,hash_chain,0.1,0.0,200,1000,128,1,0.9,0.778,0.97,0.98,217.25,350,44800,0.658,hash_chain_replay
controlled_weak_network_simulation,hash_chain,0.1,0.0,200,1000,128,2,0.898,0.778,0.97,0.98,217.25,350,44800,0.658,hash_chain_replay
controlled_weak_network_simulation,hash_chain,0.1,0.0,200,1000,128,3,0.896,0.778,0.97,0.98,217.25,350,44800,0.658,hash_chain_replay
controlled_weak_network_simulation,hash_chain,0.1,0.0,200,1000,512,1,0.9,0.778,0.97,0.98,217.25,350,179200,0.658,hash_chain_replay
controlled_weak_network_simulation,hash_chain,0.1,0.0,200,1000,512,2,0.898,0.778,0.97,0.98,217.25,350,179200,0.658,hash_chain_replay
controlled_weak_network_simulation,hash_chain,0.1,0.0,200,1000,512,3,0.896,0.778,0.97,0.98,217.25,350,179200,0.658,hash_chain_replay
controlled_weak_network_simulation,hash_chain,0.1,0.01,0,100,128,1,0.8965,0.8446,0.97,0.978,6.225,35,4480,0.7246,hash_chain_replay
controlled_weak_network_simulation,hash_chain,0.1,0.01,0,100,128,2,0.8945,0.8446,0.97,0.978,6.225,35,4480,0.7246,hash_chain_replay
controlled_weak_network_simulation,hash_chain,0.1,0.01,0,100,128,3,0.8925,0.8446,0.97,0.978,6.225,35,4480,0.7246,hash_chain_replay
controlled_weak_network_simulation,hash_chain,0.1,0.01,0,100,512,1,0.8965,0.8446,0.97,0.978,6.225,35,17920,0.7246,hash_chain_replay
controlled_weak_network_simulation,hash_chain,0.1,0.01,0,100,512,2,0.8945,0.8446,0.97,0.978,6.225,35,17920,0.7246,hash_chain_replay
controlled_weak_network_simulation,hash_chain,0.1,0.01,0,100,512,3,0.8925,0.8446,0.97,0.978,6.225,35,17920,0.7246,hash_chain_replay
controlled_weak_network_simulation,hash_chain,0.1,0.01,0,500,128,1,0.8965,0.8446,0.97,0.978,11.125,175,22400,0.7246,hash_chain_replay
controlled_weak_network_simulation,hash_chain,0.1,0.01,0,500,128,2,0.8945,0.8446,0.97,0.978,11.125,175,22400,0.7246,hash_chain_replay
controlled_weak_network_simulation,hash_chain,0.1,0.01,0,500,128,3,0.8925,0.8446,0.97,0.978,11.125,175,22400,0.7246,hash_chain_replay
controlled_weak_network_simulation,hash_chain,0.1,0.01,0,500,512,1,0.8965,0.8446,0.97,0.978,11.125,175,89600,0.7246,hash_chain_replay
controlled_weak_network_simulation,hash_chain,0.1,0.01,0,500,512,2,0.8945,0.8446,0.97,0.978,11.125,175,89600,0.7246,hash_chain_replay
controlled_weak_network_simulation,hash_chain,0.1,0.01,0,500,512,3,0.8925,0.8446,0.97,0.978,11.125,175,89600,0.7246,hash_chain_replay
controlled_weak_network_simulation,hash_chain,0.1,0.01,0,1000,128,1,0.8965,0.8446,0.97,0.978,17.25,350,44800,0.7246,hash_chain_replay
controlled_weak_network_simulation,hash_chain,0.1,0.01,0,1000,128,2,0.8945,0.8446,0.97,0.978,17.25,350,44800,0.7246,hash_chain_replay
controlled_weak_network_simulation,hash_chain,0.1,0.01,0,1000,128,3,0.8925,0.8446,0.97,0.978,17.25,350,44800,0.7246,hash_chain_replay
controlled_weak_network_simulation,hash_chain,0.1,0.01,0,1000,512,1,0.8965,0.8446,0.97,0.978,17.25,350,179200,0.7246,hash_chain_replay
controlled_weak_network_simulation,hash_chain,0.1,0.01,0,1000,512,2,0.8945,0.8446,0.97,0.978,17.25,350,179200,0.7246,hash_chain_replay
controlled_weak_network_simulation,hash_chain,0.1,0.01,0,1000,512,3,0.8925,0.8446,0.97,0.978,17.25,350,179200,0.7246,hash_chain_replay
controlled_weak_network_simulation,hash_chain,0.1,0.01,50,100,128,1,0.8965,0.8266,0.97,0.978,56.225,35,4480,0.7066,hash_chain_replay
controlled_weak_network_simulation,hash_chain,0.1,0.01,50,100,128,2,0.8945,0.8266,0.97,0.978,56.225,35,4480,0.7066,hash_chain_replay
controlled_weak_network_simulation,hash_chain,0.1,0.01,50,100,128,3,0.8925,0.8266,0.97,0.978,56.225,35,4480,0.7066,hash_chain_replay
controlled_weak_network_simulation,hash_chain,0.1,0.01,50,100,512,1,0.8965,0.8266,0.97,0.978,56.225,35,17920,0.7066,hash_chain_replay
controlled_weak_network_simulation,hash_chain,0.1,0.01,50,100,512,2,0.8945,0.8266,0.97,0.978,56.225,35,17920,0.7066,hash_chain_replay
controlled_weak_network_simulation,hash_chain,0.1,0.01,50,100,512,3,0.8925,0.8266,0.97,0.978,56.225,35,17920,0.7066,hash_chain_replay
controlled_weak_network_simulation,hash_chain,0.1,0.01,50,500,128,1,0.8965,0.8266,0.97,0.978,61.125,175,22400,0.7066,hash_chain_replay
controlled_weak_network_simulation,hash_chain,0.1,0.01,50,500,128,2,0.8945,0.8266,0.97,0.978,61.125,175,22400,0.7066,hash_chain_replay
controlled_weak_network_simulation,hash_chain,0.1,0.01,50,500,128,3,0.8925,0.8266,0.97,0.978,61.125,175,22400,0.7066,hash_chain_replay
controlled_weak_network_simulation,hash_chain,0.1,0.01,50,500,512,1,0.8965,0.8266,0.97,0.978,61.125,175,89600,0.7066,hash_chain_replay
controlled_weak_network_simulation,hash_chain,0.1,0.01,50,500,512,2,0.8945,0.8266,0.97,0.978,61.125,175,89600,0.7066,hash_chain_replay
controlled_weak_network_simulation,hash_chain,0.1,0.01,50,500,512,3,0.8925,0.8266,0.97,0.978,61.125,175,89600,0.7066,hash_chain_replay
controlled_weak_network_simulation,hash_chain,0.1,0.01,50,1000,128,1,0.8965,0.8266,0.97,0.978,67.25,350,44800,0.7066,hash_chain_replay
controlled_weak_network_simulation,hash_chain,0.1,0.01,50,1000,128,2,0.8945,0.8266,0.97,0.978,67.25,350,44800,0.7066,hash_chain_replay
controlled_weak_network_simulation,hash_chain,0.1,0.01,50,1000,128,3,0.8925,0.8266,0.97,0.978,67.25,350,44800,0.7066,hash_chain_replay
controlled_weak_network_simulation,hash_chain,0.1,0.01,50,1000,512,1,0.8965,0.8266,0.97,0.978,67.25,350,179200,0.7066,hash_chain_replay
controlled_weak_network_simulation,hash_chain,0.1,0.01,50,1000,512,2,0.8945,0.8266,0.97,0.978,67.25,350,179200,0.7066,hash_chain_replay
controlled_weak_network_simulation,hash_chain,0.1,0.01,50,1000,512,3,0.8925,0.8266,0.97,0.978,67.25,350,179200,0.7066,hash_chain_replay
controlled_weak_network_simulation,hash_chain,0.1,0.01,100,100,128,1,0.8965,0.8086,0.97,0.978,106.225,35,4480,0.6886,hash_chain_replay
controlled_weak_network_simulation,hash_chain,0.1,0.01,100,100,128,2,0.8945,0.8086,0.97,0.978,106.225,35,4480,0.6886,hash_chain_replay
controlled_weak_network_simulation,hash_chain,0.1,0.01,100,100,128,3,0.8925,0.8086,0.97,0.978,106.225,35,4480,0.6886,hash_chain_replay
controlled_weak_network_simulation,hash_chain,0.1,0.01,100,100,512,1,0.8965,0.8086,0.97,0.978,106.225,35,17920,0.6886,hash_chain_replay
controlled_weak_network_simulation,hash_chain,0.1,0.01,100,100,512,2,0.8945,0.8086,0.97,0.978,106.225,35,17920,0.6886,hash_chain_replay
controlled_weak_network_simulation,hash_chain,0.1,0.01,100,100,512,3,0.8925,0.8086,0.97,0.978,106.225,35,17920,0.6886,hash_chain_replay
controlled_weak_network_simulation,hash_chain,0.1,0.01,100,500,128,1,0.8965,0.8086,0.97,0.978,111.125,175,22400,0.6886,hash_chain_replay
controlled_weak_network_simulation,hash_chain,0.1,0.01,100,500,128,2,0.8945,0.8086,0.97,0.978,111.125,175,22400,0.6886,hash_chain_replay
controlled_weak_network_simulation,hash_chain,0.1,0.01,100,500,128,3,0.8925,0.8086,0.97,0.978,111.125,175,22400,0.6886,hash_chain_replay
controlled_weak_network_simulation,hash_chain,0.1,0.01,100,500,512,1,0.8965,0.8086,0.97,0.978,111.125,175,89600,0.6886,hash_chain_replay
controlled_weak_network_simulation,hash_chain,0.1,0.01,100,500,512,2,0.8945,0.8086,0.97,0.978,111.125,175,89600,0.6886,hash_chain_replay
controlled_weak_network_simulation,hash_chain,0.1,0.01,100,500,512,3,0.8925,0.8086,0.97,0.978,111.125,175,89600,0.6886,hash_chain_replay
controlled_weak_network_simulation,hash_chain,0.1,0.01,100,1000,128,1,0.8965,0.8086,0.97,0.978,117.25,350,44800,0.6886,hash_chain_replay
controlled_weak_network_simulation,hash_chain,0.1,0.01,100,1000,128,2,0.8945,0.8086,0.97,0.978,117.25,350,44800,0.6886,hash_chain_replay
controlled_weak_network_simulation,hash_chain,0.1,0.01,100,1000,128,3,0.8925,0.8086,0.97,0.978,117.25,350,44800,0.6886,hash_chain_replay
controlled_weak_network_simulation,hash_chain,0.1,0.01,100,1000,512,1,0.8965,0.8086,0.97,0.978,117.25,350,179200,0.6886,hash_chain_replay
controlled_weak_network_simulation,hash_chain,0.1,0.01,100,1000,512,2,0.8945,0.8086,0.97,0.978,117.25,350,179200,0.6886,hash_chain_replay
controlled_weak_network_simulation,hash_chain,0.1,0.01,100,1000,512,3,0.8925,0.8086,0.97,0.978,117.25,350,179200,0.6886,hash_chain_replay
controlled_weak_network_simulation,hash_chain,0.1,0.01,200,100,128,1,0.8965,0.7726,0.97,0.978,206.225,35,4480,0.6526,hash_chain_replay
controlled_weak_network_simulation,hash_chain,0.1,0.01,200,100,128,2,0.8945,0.7726,0.97,0.978,206.225,35,4480,0.6526,hash_chain_replay
controlled_weak_network_simulation,hash_chain,0.1,0.01,200,100,128,3,0.8925,0.7726,0.97,0.978,206.225,35,4480,0.6526,hash_chain_replay
controlled_weak_network_simulation,hash_chain,0.1,0.01,200,100,512,1,0.8965,0.7726,0.97,0.978,206.225,35,17920,0.6526,hash_chain_replay
controlled_weak_network_simulation,hash_chain,0.1,0.01,200,100,512,2,0.8945,0.7726,0.97,0.978,206.225,35,17920,0.6526,hash_chain_replay
controlled_weak_network_simulation,hash_chain,0.1,0.01,200,100,512,3,0.8925,0.7726,0.97,0.978,206.225,35,17920,0.6526,hash_chain_replay
controlled_weak_network_simulation,hash_chain,0.1,0.01,200,500,128,1,0.8965,0.7726,0.97,0.978,211.125,175,22400,0.6526,hash_chain_replay
controlled_weak_network_simulation,hash_chain,0.1,0.01,200,500,128,2,0.8945,0.7726,0.97,0.978,211.125,175,22400,0.6526,hash_chain_replay
controlled_weak_network_simulation,hash_chain,0.1,0.01,200,500,128,3,0.8925,0.7726,0.97,0.978,211.125,175,22400,0.6526,hash_chain_replay
controlled_weak_network_simulation,hash_chain,0.1,0.01,200,500,512,1,0.8965,0.7726,0.97,0.978,211.125,175,89600,0.6526,hash_chain_replay
controlled_weak_network_simulation,hash_chain,0.1,0.01,200,500,512,2,0.8945,0.7726,0.97,0.978,211.125,175,89600,0.6526,hash_chain_replay
controlled_weak_network_simulation,hash_chain,0.1,0.01,200,500,512,3,0.8925,0.7726,0.97,0.978,211.125,175,89600,0.6526,hash_chain_replay
controlled_weak_network_simulation,hash_chain,0.1,0.01,200,1000,128,1,0.8965,0.7726,0.97,0.978,217.25,350,44800,0.6526,hash_chain_replay
controlled_weak_network_simulation,hash_chain,0.1,0.01,200,1000,128,2,0.8945,0.7726,0.97,0.978,217.25,350,44800,0.6526,hash_chain_replay
controlled_weak_network_simulation,hash_chain,0.1,0.01,200,1000,128,3,0.8925,0.7726,0.97,0.978,217.25,350,44800,0.6526,hash_chain_replay
controlled_weak_network_simulation,hash_chain,0.1,0.01,200,1000,512,1,0.8965,0.7726,0.97,0.978,217.25,350,179200,0.6526,hash_chain_replay
controlled_weak_network_simulation,hash_chain,0.1,0.01,200,1000,512,2,0.8945,0.7726,0.97,0.978,217.25,350,179200,0.6526,hash_chain_replay
controlled_weak_network_simulation,hash_chain,0.1,0.01,200,1000,512,3,0.8925,0.7726,0.97,0.978,217.25,350,179200,0.6526,hash_chain_replay
controlled_weak_network_simulation,hash_chain,0.1,0.03,0,100,128,1,0.8895,0.8338,0.97,0.974,6.225,35,4480,0.7138,hash_chain_replay
controlled_weak_network_simulation,hash_chain,0.1,0.03,0,100,128,2,0.8875,0.8338,0.97,0.974,6.225,35,4480,0.7138,hash_chain_replay
controlled_weak_network_simulation,hash_chain,0.1,0.03,0,100,128,3,0.8855,0.8338,0.97,0.974,6.225,35,4480,0.7138,hash_chain_replay
controlled_weak_network_simulation,hash_chain,0.1,0.03,0,100,512,1,0.8895,0.8338,0.97,0.974,6.225,35,17920,0.7138,hash_chain_replay
controlled_weak_network_simulation,hash_chain,0.1,0.03,0,100,512,2,0.8875,0.8338,0.97,0.974,6.225,35,17920,0.7138,hash_chain_replay
controlled_weak_network_simulation,hash_chain,0.1,0.03,0,100,512,3,0.8855,0.8338,0.97,0.974,6.225,35,17920,0.7138,hash_chain_replay
controlled_weak_network_simulation,hash_chain,0.1,0.03,0,500,128,1,0.8895,0.8338,0.97,0.974,11.125,175,22400,0.7138,hash_chain_replay
controlled_weak_network_simulation,hash_chain,0.1,0.03,0,500,128,2,0.8875,0.8338,0.97,0.974,11.125,175,22400,0.7138,hash_chain_replay
controlled_weak_network_simulation,hash_chain,0.1,0.03,0,500,128,3,0.8855,0.8338,0.97,0.974,11.125,175,22400,0.7138,hash_chain_replay
controlled_weak_network_simulation,hash_chain,0.1,0.03,0,500,512,1,0.8895,0.8338,0.97,0.974,11.125,175,89600,0.7138,hash_chain_replay
controlled_weak_network_simulation,hash_chain,0.1,0.03,0,500,512,2,0.8875,0.8338,0.97,0.974,11.125,175,89600,0.7138,hash_chain_replay
controlled_weak_network_simulation,hash_chain,0.1,0.03,0,500,512,3,0.8855,0.8338,0.97,0.974,11.125,175,89600,0.7138,hash_chain_replay
controlled_weak_network_simulation,hash_chain,0.1,0.03,0,1000,128,1,0.8895,0.8338,0.97,0.974,17.25,350,44800,0.7138,hash_chain_replay
controlled_weak_network_simulation,hash_chain,0.1,0.03,0,1000,128,2,0.8875,0.8338,0.97,0.974,17.25,350,44800,0.7138,hash_chain_replay
controlled_weak_network_simulation,hash_chain,0.1,0.03,0,1000,128,3,0.8855,0.8338,0.97,0.974,17.25,350,44800,0.7138,hash_chain_replay
controlled_weak_network_simulation,hash_chain,0.1,0.03,0,1000,512,1,0.8895,0.8338,0.97,0.974,17.25,350,179200,0.7138,hash_chain_replay
controlled_weak_network_simulation,hash_chain,0.1,0.03,0,1000,512,2,0.8875,0.8338,0.97,0.974,17.25,350,179200,0.7138,hash_chain_replay
controlled_weak_network_simulation,hash_chain,0.1,0.03,0,1000,512,3,0.8855,0.8338,0.97,0.974,17.25,350,179200,0.7138,hash_chain_replay
controlled_weak_network_simulation,hash_chain,0.1,0.03,50,100,128,1,0.8895,0.8158,0.97,0.974,56.225,35,4480,0.6958,hash_chain_replay
controlled_weak_network_simulation,hash_chain,0.1,0.03,50,100,128,2,0.8875,0.8158,0.97,0.974,56.225,35,4480,0.6958,hash_chain_replay
controlled_weak_network_simulation,hash_chain,0.1,0.03,50,100,128,3,0.8855,0.8158,0.97,0.974,56.225,35,4480,0.6958,hash_chain_replay
controlled_weak_network_simulation,hash_chain,0.1,0.03,50,100,512,1,0.8895,0.8158,0.97,0.974,56.225,35,17920,0.6958,hash_chain_replay
controlled_weak_network_simulation,hash_chain,0.1,0.03,50,100,512,2,0.8875,0.8158,0.97,0.974,56.225,35,17920,0.6958,hash_chain_replay
controlled_weak_network_simulation,hash_chain,0.1,0.03,50,100,512,3,0.8855,0.8158,0.97,0.974,56.225,35,17920,0.6958,hash_chain_replay
controlled_weak_network_simulation,hash_chain,0.1,0.03,50,500,128,1,0.8895,0.8158,0.97,0.974,61.125,175,22400,0.6958,hash_chain_replay
controlled_weak_network_simulation,hash_chain,0.1,0.03,50,500,128,2,0.8875,0.8158,0.97,0.974,61.125,175,22400,0.6958,hash_chain_replay
controlled_weak_network_simulation,hash_chain,0.1,0.03,50,500,128,3,0.8855,0.8158,0.97,0.974,61.125,175,22400,0.6958,hash_chain_replay
controlled_weak_network_simulation,hash_chain,0.1,0.03,50,500,512,1,0.8895,0.8158,0.97,0.974,61.125,175,89600,0.6958,hash_chain_replay
controlled_weak_network_simulation,hash_chain,0.1,0.03,50,500,512,2,0.8875,0.8158,0.97,0.974,61.125,175,89600,0.6958,hash_chain_replay
controlled_weak_network_simulation,hash_chain,0.1,0.03,50,500,512,3,0.8855,0.8158,0.97,0.974,61.125,175,89600,0.6958,hash_chain_replay
controlled_weak_network_simulation,hash_chain,0.1,0.03,50,1000,128,1,0.8895,0.8158,0.97,0.974,67.25,350,44800,0.6958,hash_chain_replay
controlled_weak_network_simulation,hash_chain,0.1,0.03,50,1000,128,2,0.8875,0.8158,0.97,0.974,67.25,350,44800,0.6958,hash_chain_replay
controlled_weak_network_simulation,hash_chain,0.1,0.03,50,1000,128,3,0.8855,0.8158,0.97,0.974,67.25,350,44800,0.6958,hash_chain_replay
controlled_weak_network_simulation,hash_chain,0.1,0.03,50,1000,512,1,0.8895,0.8158,0.97,0.974,67.25,350,179200,0.6958,hash_chain_replay
controlled_weak_network_simulation,hash_chain,0.1,0.03,50,1000,512,2,0.8875,0.8158,0.97,0.974,67.25,350,179200,0.6958,hash_chain_replay
controlled_weak_network_simulation,hash_chain,0.1,0.03,50,1000,512,3,0.8855,0.8158,0.97,0.974,67.25,350,179200,0.6958,hash_chain_replay
controlled_weak_network_simulation,hash_chain,0.1,0.03,100,100,128,1,0.8895,0.7978,0.97,0.974,106.225,35,4480,0.6778,hash_chain_replay
controlled_weak_network_simulation,hash_chain,0.1,0.03,100,100,128,2,0.8875,0.7978,0.97,0.974,106.225,35,4480,0.6778,hash_chain_replay
controlled_weak_network_simulation,hash_chain,0.1,0.03,100,100,128,3,0.8855,0.7978,0.97,0.974,106.225,35,4480,0.6778,hash_chain_replay
controlled_weak_network_simulation,hash_chain,0.1,0.03,100,100,512,1,0.8895,0.7978,0.97,0.974,106.225,35,17920,0.6778,hash_chain_replay
controlled_weak_network_simulation,hash_chain,0.1,0.03,100,100,512,2,0.8875,0.7978,0.97,0.974,106.225,35,17920,0.6778,hash_chain_replay
controlled_weak_network_simulation,hash_chain,0.1,0.03,100,100,512,3,0.8855,0.7978,0.97,0.974,106.225,35,17920,0.6778,hash_chain_replay
controlled_weak_network_simulation,hash_chain,0.1,0.03,100,500,128,1,0.8895,0.7978,0.97,0.974,111.125,175,22400,0.6778,hash_chain_replay
controlled_weak_network_simulation,hash_chain,0.1,0.03,100,500,128,2,0.8875,0.7978,0.97,0.974,111.125,175,22400,0.6778,hash_chain_replay
controlled_weak_network_simulation,hash_chain,0.1,0.03,100,500,128,3,0.8855,0.7978,0.97,0.974,111.125,175,22400,0.6778,hash_chain_replay
controlled_weak_network_simulation,hash_chain,0.1,0.03,100,500,512,1,0.8895,0.7978,0.97,0.974,111.125,175,89600,0.6778,hash_chain_replay
controlled_weak_network_simulation,hash_chain,0.1,0.03,100,500,512,2,0.8875,0.7978,0.97,0.974,111.125,175,89600,0.6778,hash_chain_replay
controlled_weak_network_simulation,hash_chain,0.1,0.03,100,500,512,3,0.8855,0.7978,0.97,0.974,111.125,175,89600,0.6778,hash_chain_replay
controlled_weak_network_simulation,hash_chain,0.1,0.03,100,1000,128,1,0.8895,0.7978,0.97,0.974,117.25,350,44800,0.6778,hash_chain_replay
controlled_weak_network_simulation,hash_chain,0.1,0.03,100,1000,128,2,0.8875,0.7978,0.97,0.974,117.25,350,44800,0.6778,hash_chain_replay
controlled_weak_network_simulation,hash_chain,0.1,0.03,100,1000,128,3,0.8855,0.7978,0.97,0.974,117.25,350,44800,0.6778,hash_chain_replay
controlled_weak_network_simulation,hash_chain,0.1,0.03,100,1000,512,1,0.8895,0.7978,0.97,0.974,117.25,350,179200,0.6778,hash_chain_replay
controlled_weak_network_simulation,hash_chain,0.1,0.03,100,1000,512,2,0.8875,0.7978,0.97,0.974,117.25,350,179200,0.6778,hash_chain_replay
controlled_weak_network_simulation,hash_chain,0.1,0.03,100,1000,512,3,0.8855,0.7978,0.97,0.974,117.25,350,179200,0.6778,hash_chain_replay
controlled_weak_network_simulation,hash_chain,0.1,0.03,200,100,128,1,0.8895,0.7618,0.97,0.974,206.225,35,4480,0.6418,hash_chain_replay
controlled_weak_network_simulation,hash_chain,0.1,0.03,200,100,128,2,0.8875,0.7618,0.97,0.974,206.225,35,4480,0.6418,hash_chain_replay
controlled_weak_network_simulation,hash_chain,0.1,0.03,200,100,128,3,0.8855,0.7618,0.97,0.974,206.225,35,4480,0.6418,hash_chain_replay
controlled_weak_network_simulation,hash_chain,0.1,0.03,200,100,512,1,0.8895,0.7618,0.97,0.974,206.225,35,17920,0.6418,hash_chain_replay
controlled_weak_network_simulation,hash_chain,0.1,0.03,200,100,512,2,0.8875,0.7618,0.97,0.974,206.225,35,17920,0.6418,hash_chain_replay
controlled_weak_network_simulation,hash_chain,0.1,0.03,200,100,512,3,0.8855,0.7618,0.97,0.974,206.225,35,17920,0.6418,hash_chain_replay
controlled_weak_network_simulation,hash_chain,0.1,0.03,200,500,128,1,0.8895,0.7618,0.97,0.974,211.125,175,22400,0.6418,hash_chain_replay
controlled_weak_network_simulation,hash_chain,0.1,0.03,200,500,128,2,0.8875,0.7618,0.97,0.974,211.125,175,22400,0.6418,hash_chain_replay
controlled_weak_network_simulation,hash_chain,0.1,0.03,200,500,128,3,0.8855,0.7618,0.97,0.974,211.125,175,22400,0.6418,hash_chain_replay
controlled_weak_network_simulation,hash_chain,0.1,0.03,200,500,512,1,0.8895,0.7618,0.97,0.974,211.125,175,89600,0.6418,hash_chain_replay
controlled_weak_network_simulation,hash_chain,0.1,0.03,200,500,512,2,0.8875,0.7618,0.97,0.974,211.125,175,89600,0.6418,hash_chain_replay
controlled_weak_network_simulation,hash_chain,0.1,0.03,200,500,512,3,0.8855,0.7618,0.97,0.974,211.125,175,89600,0.6418,hash_chain_replay
controlled_weak_network_simulation,hash_chain,0.1,0.03,200,1000,128,1,0.8895,0.7618,0.97,0.974,217.25,350,44800,0.6418,hash_chain_replay
controlled_weak_network_simulation,hash_chain,0.1,0.03,200,1000,128,2,0.8875,0.7618,0.97,0.974,217.25,350,44800,0.6418,hash_chain_replay
controlled_weak_network_simulation,hash_chain,0.1,0.03,200,1000,128,3,0.8855,0.7618,0.97,0.974,217.25,350,44800,0.6418,hash_chain_replay
controlled_weak_network_simulation,hash_chain,0.1,0.03,200,1000,512,1,0.8895,0.7618,0.97,0.974,217.25,350,179200,0.6418,hash_chain_replay
controlled_weak_network_simulation,hash_chain,0.1,0.03,200,1000,512,2,0.8875,0.7618,0.97,0.974,217.25,350,179200,0.6418,hash_chain_replay
controlled_weak_network_simulation,hash_chain,0.1,0.03,200,1000,512,3,0.8855,0.7618,0.97,0.974,217.25,350,179200,0.6418,hash_chain_replay
controlled_weak_network_simulation,ticket_only,0.0,0.0,0,100,128,1,1.0,0.96,0.0,0.78,3.0,1,256,0.95,session_ticket
controlled_weak_network_simulation,ticket_only,0.0,0.0,0,100,128,2,0.998,0.96,0.0,0.78,3.0,1,256,0.95,session_ticket
controlled_weak_network_simulation,ticket_only,0.0,0.0,0,100,128,3,0.996,0.96,0.0,0.78,3.0,1,256,0.95,session_ticket
controlled_weak_network_simulation,ticket_only,0.0,0.0,0,100,512,1,1.0,0.96,0.0,0.78,3.0,1,256,0.95,session_ticket
controlled_weak_network_simulation,ticket_only,0.0,0.0,0,100,512,2,0.998,0.96,0.0,0.78,3.0,1,256,0.95,session_ticket
controlled_weak_network_simulation,ticket_only,0.0,0.0,0,100,512,3,0.996,0.96,0.0,0.78,3.0,1,256,0.95,session_ticket
controlled_weak_network_simulation,ticket_only,0.0,0.0,0,500,128,1,1.0,0.96,0.0,0.78,3.0,1,256,0.95,session_ticket
controlled_weak_network_simulation,ticket_only,0.0,0.0,0,500,128,2,0.998,0.96,0.0,0.78,3.0,1,256,0.95,session_ticket
controlled_weak_network_simulation,ticket_only,0.0,0.0,0,500,128,3,0.996,0.96,0.0,0.78,3.0,1,256,0.95,session_ticket
controlled_weak_network_simulation,ticket_only,0.0,0.0,0,500,512,1,1.0,0.96,0.0,0.78,3.0,1,256,0.95,session_ticket
controlled_weak_network_simulation,ticket_only,0.0,0.0,0,500,512,2,0.998,0.96,0.0,0.78,3.0,1,256,0.95,session_ticket
controlled_weak_network_simulation,ticket_only,0.0,0.0,0,500,512,3,0.996,0.96,0.0,0.78,3.0,1,256,0.95,session_ticket
controlled_weak_network_simulation,ticket_only,0.0,0.0,0,1000,128,1,1.0,0.96,0.0,0.78,3.0,1,256,0.95,session_ticket
controlled_weak_network_simulation,ticket_only,0.0,0.0,0,1000,128,2,0.998,0.96,0.0,0.78,3.0,1,256,0.95,session_ticket
controlled_weak_network_simulation,ticket_only,0.0,0.0,0,1000,128,3,0.996,0.96,0.0,0.78,3.0,1,256,0.95,session_ticket
controlled_weak_network_simulation,ticket_only,0.0,0.0,0,1000,512,1,1.0,0.96,0.0,0.78,3.0,1,256,0.95,session_ticket
controlled_weak_network_simulation,ticket_only,0.0,0.0,0,1000,512,2,0.998,0.96,0.0,0.78,3.0,1,256,0.95,session_ticket
controlled_weak_network_simulation,ticket_only,0.0,0.0,0,1000,512,3,0.996,0.96,0.0,0.78,3.0,1,256,0.95,session_ticket
controlled_weak_network_simulation,ticket_only,0.0,0.0,50,100,128,1,1.0,0.924,0.0,0.78,53.0,1,256,0.926,session_ticket
controlled_weak_network_simulation,ticket_only,0.0,0.0,50,100,128,2,0.998,0.924,0.0,0.78,53.0,1,256,0.926,session_ticket
controlled_weak_network_simulation,ticket_only,0.0,0.0,50,100,128,3,0.996,0.924,0.0,0.78,53.0,1,256,0.926,session_ticket
controlled_weak_network_simulation,ticket_only,0.0,0.0,50,100,512,1,1.0,0.924,0.0,0.78,53.0,1,256,0.926,session_ticket
controlled_weak_network_simulation,ticket_only,0.0,0.0,50,100,512,2,0.998,0.924,0.0,0.78,53.0,1,256,0.926,session_ticket
controlled_weak_network_simulation,ticket_only,0.0,0.0,50,100,512,3,0.996,0.924,0.0,0.78,53.0,1,256,0.926,session_ticket
controlled_weak_network_simulation,ticket_only,0.0,0.0,50,500,128,1,1.0,0.924,0.0,0.78,53.0,1,256,0.926,session_ticket
controlled_weak_network_simulation,ticket_only,0.0,0.0,50,500,128,2,0.998,0.924,0.0,0.78,53.0,1,256,0.926,session_ticket
controlled_weak_network_simulation,ticket_only,0.0,0.0,50,500,128,3,0.996,0.924,0.0,0.78,53.0,1,256,0.926,session_ticket
controlled_weak_network_simulation,ticket_only,0.0,0.0,50,500,512,1,1.0,0.924,0.0,0.78,53.0,1,256,0.926,session_ticket
controlled_weak_network_simulation,ticket_only,0.0,0.0,50,500,512,2,0.998,0.924,0.0,0.78,53.0,1,256,0.926,session_ticket
controlled_weak_network_simulation,ticket_only,0.0,0.0,50,500,512,3,0.996,0.924,0.0,0.78,53.0,1,256,0.926,session_ticket
controlled_weak_network_simulation,ticket_only,0.0,0.0,50,1000,128,1,1.0,0.924,0.0,0.78,53.0,1,256,0.926,session_ticket
controlled_weak_network_simulation,ticket_only,0.0,0.0,50,1000,128,2,0.998,0.924,0.0,0.78,53.0,1,256,0.926,session_ticket
controlled_weak_network_simulation,ticket_only,0.0,0.0,50,1000,128,3,0.996,0.924,0.0,0.78,53.0,1,256,0.926,session_ticket
controlled_weak_network_simulation,ticket_only,0.0,0.0,50,1000,512,1,1.0,0.924,0.0,0.78,53.0,1,256,0.926,session_ticket
controlled_weak_network_simulation,ticket_only,0.0,0.0,50,1000,512,2,0.998,0.924,0.0,0.78,53.0,1,256,0.926,session_ticket
controlled_weak_network_simulation,ticket_only,0.0,0.0,50,1000,512,3,0.996,0.924,0.0,0.78,53.0,1,256,0.926,session_ticket
controlled_weak_network_simulation,ticket_only,0.0,0.0,100,100,128,1,1.0,0.888,0.0,0.78,103.0,1,256,0.902,session_ticket
controlled_weak_network_simulation,ticket_only,0.0,0.0,100,100,128,2,0.998,0.888,0.0,0.78,103.0,1,256,0.902,session_ticket
controlled_weak_network_simulation,ticket_only,0.0,0.0,100,100,128,3,0.996,0.888,0.0,0.78,103.0,1,256,0.902,session_ticket
controlled_weak_network_simulation,ticket_only,0.0,0.0,100,100,512,1,1.0,0.888,0.0,0.78,103.0,1,256,0.902,session_ticket
controlled_weak_network_simulation,ticket_only,0.0,0.0,100,100,512,2,0.998,0.888,0.0,0.78,103.0,1,256,0.902,session_ticket
controlled_weak_network_simulation,ticket_only,0.0,0.0,100,100,512,3,0.996,0.888,0.0,0.78,103.0,1,256,0.902,session_ticket
controlled_weak_network_simulation,ticket_only,0.0,0.0,100,500,128,1,1.0,0.888,0.0,0.78,103.0,1,256,0.902,session_ticket
controlled_weak_network_simulation,ticket_only,0.0,0.0,100,500,128,2,0.998,0.888,0.0,0.78,103.0,1,256,0.902,session_ticket
controlled_weak_network_simulation,ticket_only,0.0,0.0,100,500,128,3,0.996,0.888,0.0,0.78,103.0,1,256,0.902,session_ticket
controlled_weak_network_simulation,ticket_only,0.0,0.0,100,500,512,1,1.0,0.888,0.0,0.78,103.0,1,256,0.902,session_ticket
controlled_weak_network_simulation,ticket_only,0.0,0.0,100,500,512,2,0.998,0.888,0.0,0.78,103.0,1,256,0.902,session_ticket
controlled_weak_network_simulation,ticket_only,0.0,0.0,100,500,512,3,0.996,0.888,0.0,0.78,103.0,1,256,0.902,session_ticket
controlled_weak_network_simulation,ticket_only,0.0,0.0,100,1000,128,1,1.0,0.888,0.0,0.78,103.0,1,256,0.902,session_ticket
controlled_weak_network_simulation,ticket_only,0.0,0.0,100,1000,128,2,0.998,0.888,0.0,0.78,103.0,1,256,0.902,session_ticket
controlled_weak_network_simulation,ticket_only,0.0,0.0,100,1000,128,3,0.996,0.888,0.0,0.78,103.0,1,256,0.902,session_ticket
controlled_weak_network_simulation,ticket_only,0.0,0.0,100,1000,512,1,1.0,0.888,0.0,0.78,103.0,1,256,0.902,session_ticket
controlled_weak_network_simulation,ticket_only,0.0,0.0,100,1000,512,2,0.998,0.888,0.0,0.78,103.0,1,256,0.902,session_ticket
controlled_weak_network_simulation,ticket_only,0.0,0.0,100,1000,512,3,0.996,0.888,0.0,0.78,103.0,1,256,0.902,session_ticket
controlled_weak_network_simulation,ticket_only,0.0,0.0,200,100,128,1,1.0,0.816,0.0,0.78,203.0,1,256,0.854,session_ticket
controlled_weak_network_simulation,ticket_only,0.0,0.0,200,100,128,2,0.998,0.816,0.0,0.78,203.0,1,256,0.854,session_ticket
controlled_weak_network_simulation,ticket_only,0.0,0.0,200,100,128,3,0.996,0.816,0.0,0.78,203.0,1,256,0.854,session_ticket
controlled_weak_network_simulation,ticket_only,0.0,0.0,200,100,512,1,1.0,0.816,0.0,0.78,203.0,1,256,0.854,session_ticket
controlled_weak_network_simulation,ticket_only,0.0,0.0,200,100,512,2,0.998,0.816,0.0,0.78,203.0,1,256,0.854,session_ticket
controlled_weak_network_simulation,ticket_only,0.0,0.0,200,100,512,3,0.996,0.816,0.0,0.78,203.0,1,256,0.854,session_ticket
controlled_weak_network_simulation,ticket_only,0.0,0.0,200,500,128,1,1.0,0.816,0.0,0.78,203.0,1,256,0.854,session_ticket
controlled_weak_network_simulation,ticket_only,0.0,0.0,200,500,128,2,0.998,0.816,0.0,0.78,203.0,1,256,0.854,session_ticket
controlled_weak_network_simulation,ticket_only,0.0,0.0,200,500,128,3,0.996,0.816,0.0,0.78,203.0,1,256,0.854,session_ticket
controlled_weak_network_simulation,ticket_only,0.0,0.0,200,500,512,1,1.0,0.816,0.0,0.78,203.0,1,256,0.854,session_ticket
controlled_weak_network_simulation,ticket_only,0.0,0.0,200,500,512,2,0.998,0.816,0.0,0.78,203.0,1,256,0.854,session_ticket
controlled_weak_network_simulation,ticket_only,0.0,0.0,200,500,512,3,0.996,0.816,0.0,0.78,203.0,1,256,0.854,session_ticket
controlled_weak_network_simulation,ticket_only,0.0,0.0,200,1000,128,1,1.0,0.816,0.0,0.78,203.0,1,256,0.854,session_ticket
controlled_weak_network_simulation,ticket_only,0.0,0.0,200,1000,128,2,0.998,0.816,0.0,0.78,203.0,1,256,0.854,session_ticket
controlled_weak_network_simulation,ticket_only,0.0,0.0,200,1000,128,3,0.996,0.816,0.0,0.78,203.0,1,256,0.854,session_ticket
controlled_weak_network_simulation,ticket_only,0.0,0.0,200,1000,512,1,1.0,0.816,0.0,0.78,203.0,1,256,0.854,session_ticket
controlled_weak_network_simulation,ticket_only,0.0,0.0,200,1000,512,2,0.998,0.816,0.0,0.78,203.0,1,256,0.854,session_ticket
controlled_weak_network_simulation,ticket_only,0.0,0.0,200,1000,512,3,0.996,0.816,0.0,0.78,203.0,1,256,0.854,session_ticket
controlled_weak_network_simulation,ticket_only,0.0,0.01,0,100,128,1,0.9965,0.9492,0.0,0.78,3.0,1,256,0.9428,session_ticket
controlled_weak_network_simulation,ticket_only,0.0,0.01,0,100,128,2,0.9945,0.9492,0.0,0.78,3.0,1,256,0.9428,session_ticket
controlled_weak_network_simulation,ticket_only,0.0,0.01,0,100,128,3,0.9925,0.9492,0.0,0.78,3.0,1,256,0.9428,session_ticket
controlled_weak_network_simulation,ticket_only,0.0,0.01,0,100,512,1,0.9965,0.9492,0.0,0.78,3.0,1,256,0.9428,session_ticket
controlled_weak_network_simulation,ticket_only,0.0,0.01,0,100,512,2,0.9945,0.9492,0.0,0.78,3.0,1,256,0.9428,session_ticket
controlled_weak_network_simulation,ticket_only,0.0,0.01,0,100,512,3,0.9925,0.9492,0.0,0.78,3.0,1,256,0.9428,session_ticket
controlled_weak_network_simulation,ticket_only,0.0,0.01,0,500,128,1,0.9965,0.9492,0.0,0.78,3.0,1,256,0.9428,session_ticket
controlled_weak_network_simulation,ticket_only,0.0,0.01,0,500,128,2,0.9945,0.9492,0.0,0.78,3.0,1,256,0.9428,session_ticket
controlled_weak_network_simulation,ticket_only,0.0,0.01,0,500,128,3,0.9925,0.9492,0.0,0.78,3.0,1,256,0.9428,session_ticket
controlled_weak_network_simulation,ticket_only,0.0,0.01,0,500,512,1,0.9965,0.9492,0.0,0.78,3.0,1,256,0.9428,session_ticket
controlled_weak_network_simulation,ticket_only,0.0,0.01,0,500,512,2,0.9945,0.9492,0.0,0.78,3.0,1,256,0.9428,session_ticket
controlled_weak_network_simulation,ticket_only,0.0,0.01,0,500,512,3,0.9925,0.9492,0.0,0.78,3.0,1,256,0.9428,session_ticket
controlled_weak_network_simulation,ticket_only,0.0,0.01,0,1000,128,1,0.9965,0.9492,0.0,0.78,3.0,1,256,0.9428,session_ticket
controlled_weak_network_simulation,ticket_only,0.0,0.01,0,1000,128,2,0.9945,0.9492,0.0,0.78,3.0,1,256,0.9428,session_ticket
controlled_weak_network_simulation,ticket_only,0.0,0.01,0,1000,128,3,0.9925,0.9492,0.0,0.78,3.0,1,256,0.9428,session_ticket
controlled_weak_network_simulation,ticket_only,0.0,0.01,0,1000,512,1,0.9965,0.9492,0.0,0.78,3.0,1,256,0.9428,session_ticket
controlled_weak_network_simulation,ticket_only,0.0,0.01,0,1000,512,2,0.9945,0.9492,0.0,0.78,3.0,1,256,0.9428,session_ticket
controlled_weak_network_simulation,ticket_only,0.0,0.01,0,1000,512,3,0.9925,0.9492,0.0,0.78,3.0,1,256,0.9428,session_ticket
controlled_weak_network_simulation,ticket_only,0.0,0.01,50,100,128,1,0.9965,0.9132,0.0,0.78,53.0,1,256,0.9188,session_ticket
controlled_weak_network_simulation,ticket_only,0.0,0.01,50,100,128,2,0.9945,0.9132,0.0,0.78,53.0,1,256,0.9188,session_ticket
controlled_weak_network_simulation,ticket_only,0.0,0.01,50,100,128,3,0.9925,0.9132,0.0,0.78,53.0,1,256,0.9188,session_ticket
controlled_weak_network_simulation,ticket_only,0.0,0.01,50,100,512,1,0.9965,0.9132,0.0,0.78,53.0,1,256,0.9188,session_ticket
controlled_weak_network_simulation,ticket_only,0.0,0.01,50,100,512,2,0.9945,0.9132,0.0,0.78,53.0,1,256,0.9188,session_ticket
controlled_weak_network_simulation,ticket_only,0.0,0.01,50,100,512,3,0.9925,0.9132,0.0,0.78,53.0,1,256,0.9188,session_ticket
controlled_weak_network_simulation,ticket_only,0.0,0.01,50,500,128,1,0.9965,0.9132,0.0,0.78,53.0,1,256,0.9188,session_ticket
controlled_weak_network_simulation,ticket_only,0.0,0.01,50,500,128,2,0.9945,0.9132,0.0,0.78,53.0,1,256,0.9188,session_ticket
controlled_weak_network_simulation,ticket_only,0.0,0.01,50,500,128,3,0.9925,0.9132,0.0,0.78,53.0,1,256,0.9188,session_ticket
controlled_weak_network_simulation,ticket_only,0.0,0.01,50,500,512,1,0.9965,0.9132,0.0,0.78,53.0,1,256,0.9188,session_ticket
controlled_weak_network_simulation,ticket_only,0.0,0.01,50,500,512,2,0.9945,0.9132,0.0,0.78,53.0,1,256,0.9188,session_ticket
controlled_weak_network_simulation,ticket_only,0.0,0.01,50,500,512,3,0.9925,0.9132,0.0,0.78,53.0,1,256,0.9188,session_ticket
controlled_weak_network_simulation,ticket_only,0.0,0.01,50,1000,128,1,0.9965,0.9132,0.0,0.78,53.0,1,256,0.9188,session_ticket
controlled_weak_network_simulation,ticket_only,0.0,0.01,50,1000,128,2,0.9945,0.9132,0.0,0.78,53.0,1,256,0.9188,session_ticket
controlled_weak_network_simulation,ticket_only,0.0,0.01,50,1000,128,3,0.9925,0.9132,0.0,0.78,53.0,1,256,0.9188,session_ticket
controlled_weak_network_simulation,ticket_only,0.0,0.01,50,1000,512,1,0.9965,0.9132,0.0,0.78,53.0,1,256,0.9188,session_ticket
controlled_weak_network_simulation,ticket_only,0.0,0.01,50,1000,512,2,0.9945,0.9132,0.0,0.78,53.0,1,256,0.9188,session_ticket
controlled_weak_network_simulation,ticket_only,0.0,0.01,50,1000,512,3,0.9925,0.9132,0.0,0.78,53.0,1,256,0.9188,session_ticket
controlled_weak_network_simulation,ticket_only,0.0,0.01,100,100,128,1,0.9965,0.8772,0.0,0.78,103.0,1,256,0.8948,session_ticket
controlled_weak_network_simulation,ticket_only,0.0,0.01,100,100,128,2,0.9945,0.8772,0.0,0.78,103.0,1,256,0.8948,session_ticket
controlled_weak_network_simulation,ticket_only,0.0,0.01,100,100,128,3,0.9925,0.8772,0.0,0.78,103.0,1,256,0.8948,session_ticket
controlled_weak_network_simulation,ticket_only,0.0,0.01,100,100,512,1,0.9965,0.8772,0.0,0.78,103.0,1,256,0.8948,session_ticket
controlled_weak_network_simulation,ticket_only,0.0,0.01,100,100,512,2,0.9945,0.8772,0.0,0.78,103.0,1,256,0.8948,session_ticket
controlled_weak_network_simulation,ticket_only,0.0,0.01,100,100,512,3,0.9925,0.8772,0.0,0.78,103.0,1,256,0.8948,session_ticket
controlled_weak_network_simulation,ticket_only,0.0,0.01,100,500,128,1,0.9965,0.8772,0.0,0.78,103.0,1,256,0.8948,session_ticket
controlled_weak_network_simulation,ticket_only,0.0,0.01,100,500,128,2,0.9945,0.8772,0.0,0.78,103.0,1,256,0.8948,session_ticket
controlled_weak_network_simulation,ticket_only,0.0,0.01,100,500,128,3,0.9925,0.8772,0.0,0.78,103.0,1,256,0.8948,session_ticket
controlled_weak_network_simulation,ticket_only,0.0,0.01,100,500,512,1,0.9965,0.8772,0.0,0.78,103.0,1,256,0.8948,session_ticket
controlled_weak_network_simulation,ticket_only,0.0,0.01,100,500,512,2,0.9945,0.8772,0.0,0.78,103.0,1,256,0.8948,session_ticket
controlled_weak_network_simulation,ticket_only,0.0,0.01,100,500,512,3,0.9925,0.8772,0.0,0.78,103.0,1,256,0.8948,session_ticket
controlled_weak_network_simulation,ticket_only,0.0,0.01,100,1000,128,1,0.9965,0.8772,0.0,0.78,103.0,1,256,0.8948,session_ticket
controlled_weak_network_simulation,ticket_only,0.0,0.01,100,1000,128,2,0.9945,0.8772,0.0,0.78,103.0,1,256,0.8948,session_ticket
controlled_weak_network_simulation,ticket_only,0.0,0.01,100,1000,128,3,0.9925,0.8772,0.0,0.78,103.0,1,256,0.8948,session_ticket
controlled_weak_network_simulation,ticket_only,0.0,0.01,100,1000,512,1,0.9965,0.8772,0.0,0.78,103.0,1,256,0.8948,session_ticket
controlled_weak_network_simulation,ticket_only,0.0,0.01,100,1000,512,2,0.9945,0.8772,0.0,0.78,103.0,1,256,0.8948,session_ticket
controlled_weak_network_simulation,ticket_only,0.0,0.01,100,1000,512,3,0.9925,0.8772,0.0,0.78,103.0,1,256,0.8948,session_ticket
controlled_weak_network_simulation,ticket_only,0.0,0.01,200,100,128,1,0.9965,0.8052,0.0,0.78,203.0,1,256,0.8468,session_ticket
controlled_weak_network_simulation,ticket_only,0.0,0.01,200,100,128,2,0.9945,0.8052,0.0,0.78,203.0,1,256,0.8468,session_ticket
controlled_weak_network_simulation,ticket_only,0.0,0.01,200,100,128,3,0.9925,0.8052,0.0,0.78,203.0,1,256,0.8468,session_ticket
controlled_weak_network_simulation,ticket_only,0.0,0.01,200,100,512,1,0.9965,0.8052,0.0,0.78,203.0,1,256,0.8468,session_ticket
controlled_weak_network_simulation,ticket_only,0.0,0.01,200,100,512,2,0.9945,0.8052,0.0,0.78,203.0,1,256,0.8468,session_ticket
controlled_weak_network_simulation,ticket_only,0.0,0.01,200,100,512,3,0.9925,0.8052,0.0,0.78,203.0,1,256,0.8468,session_ticket
controlled_weak_network_simulation,ticket_only,0.0,0.01,200,500,128,1,0.9965,0.8052,0.0,0.78,203.0,1,256,0.8468,session_ticket
controlled_weak_network_simulation,ticket_only,0.0,0.01,200,500,128,2,0.9945,0.8052,0.0,0.78,203.0,1,256,0.8468,session_ticket
controlled_weak_network_simulation,ticket_only,0.0,0.01,200,500,128,3,0.9925,0.8052,0.0,0.78,203.0,1,256,0.8468,session_ticket
controlled_weak_network_simulation,ticket_only,0.0,0.01,200,500,512,1,0.9965,0.8052,0.0,0.78,203.0,1,256,0.8468,session_ticket
controlled_weak_network_simulation,ticket_only,0.0,0.01,200,500,512,2,0.9945,0.8052,0.0,0.78,203.0,1,256,0.8468,session_ticket
controlled_weak_network_simulation,ticket_only,0.0,0.01,200,500,512,3,0.9925,0.8052,0.0,0.78,203.0,1,256,0.8468,session_ticket
controlled_weak_network_simulation,ticket_only,0.0,0.01,200,1000,128,1,0.9965,0.8052,0.0,0.78,203.0,1,256,0.8468,session_ticket
controlled_weak_network_simulation,ticket_only,0.0,0.01,200,1000,128,2,0.9945,0.8052,0.0,0.78,203.0,1,256,0.8468,session_ticket
controlled_weak_network_simulation,ticket_only,0.0,0.01,200,1000,128,3,0.9925,0.8052,0.0,0.78,203.0,1,256,0.8468,session_ticket
controlled_weak_network_simulation,ticket_only,0.0,0.01,200,1000,512,1,0.9965,0.8052,0.0,0.78,203.0,1,256,0.8468,session_ticket
controlled_weak_network_simulation,ticket_only,0.0,0.01,200,1000,512,2,0.9945,0.8052,0.0,0.78,203.0,1,256,0.8468,session_ticket
controlled_weak_network_simulation,ticket_only,0.0,0.01,200,1000,512,3,0.9925,0.8052,0.0,0.78,203.0,1,256,0.8468,session_ticket
controlled_weak_network_simulation,ticket_only,0.0,0.03,0,100,128,1,0.9895,0.9276,0.0,0.78,3.0,1,256,0.9284,session_ticket
controlled_weak_network_simulation,ticket_only,0.0,0.03,0,100,128,2,0.9875,0.9276,0.0,0.78,3.0,1,256,0.9284,session_ticket
controlled_weak_network_simulation,ticket_only,0.0,0.03,0,100,128,3,0.9855,0.9276,0.0,0.78,3.0,1,256,0.9284,session_ticket
controlled_weak_network_simulation,ticket_only,0.0,0.03,0,100,512,1,0.9895,0.9276,0.0,0.78,3.0,1,256,0.9284,session_ticket
controlled_weak_network_simulation,ticket_only,0.0,0.03,0,100,512,2,0.9875,0.9276,0.0,0.78,3.0,1,256,0.9284,session_ticket
controlled_weak_network_simulation,ticket_only,0.0,0.03,0,100,512,3,0.9855,0.9276,0.0,0.78,3.0,1,256,0.9284,session_ticket
controlled_weak_network_simulation,ticket_only,0.0,0.03,0,500,128,1,0.9895,0.9276,0.0,0.78,3.0,1,256,0.9284,session_ticket
controlled_weak_network_simulation,ticket_only,0.0,0.03,0,500,128,2,0.9875,0.9276,0.0,0.78,3.0,1,256,0.9284,session_ticket
controlled_weak_network_simulation,ticket_only,0.0,0.03,0,500,128,3,0.9855,0.9276,0.0,0.78,3.0,1,256,0.9284,session_ticket
controlled_weak_network_simulation,ticket_only,0.0,0.03,0,500,512,1,0.9895,0.9276,0.0,0.78,3.0,1,256,0.9284,session_ticket
controlled_weak_network_simulation,ticket_only,0.0,0.03,0,500,512,2,0.9875,0.9276,0.0,0.78,3.0,1,256,0.9284,session_ticket
controlled_weak_network_simulation,ticket_only,0.0,0.03,0,500,512,3,0.9855,0.9276,0.0,0.78,3.0,1,256,0.9284,session_ticket
controlled_weak_network_simulation,ticket_only,0.0,0.03,0,1000,128,1,0.9895,0.9276,0.0,0.78,3.0,1,256,0.9284,session_ticket
controlled_weak_network_simulation,ticket_only,0.0,0.03,0,1000,128,2,0.9875,0.9276,0.0,0.78,3.0,1,256,0.9284,session_ticket
controlled_weak_network_simulation,ticket_only,0.0,0.03,0,1000,128,3,0.9855,0.9276,0.0,0.78,3.0,1,256,0.9284,session_ticket
controlled_weak_network_simulation,ticket_only,0.0,0.03,0,1000,512,1,0.9895,0.9276,0.0,0.78,3.0,1,256,0.9284,session_ticket
controlled_weak_network_simulation,ticket_only,0.0,0.03,0,1000,512,2,0.9875,0.9276,0.0,0.78,3.0,1,256,0.9284,session_ticket
controlled_weak_network_simulation,ticket_only,0.0,0.03,0,1000,512,3,0.9855,0.9276,0.0,0.78,3.0,1,256,0.9284,session_ticket
controlled_weak_network_simulation,ticket_only,0.0,0.03,50,100,128,1,0.9895,0.8916,0.0,0.78,53.0,1,256,0.9044,session_ticket
controlled_weak_network_simulation,ticket_only,0.0,0.03,50,100,128,2,0.9875,0.8916,0.0,0.78,53.0,1,256,0.9044,session_ticket
controlled_weak_network_simulation,ticket_only,0.0,0.03,50,100,128,3,0.9855,0.8916,0.0,0.78,53.0,1,256,0.9044,session_ticket
controlled_weak_network_simulation,ticket_only,0.0,0.03,50,100,512,1,0.9895,0.8916,0.0,0.78,53.0,1,256,0.9044,session_ticket
controlled_weak_network_simulation,ticket_only,0.0,0.03,50,100,512,2,0.9875,0.8916,0.0,0.78,53.0,1,256,0.9044,session_ticket
controlled_weak_network_simulation,ticket_only,0.0,0.03,50,100,512,3,0.9855,0.8916,0.0,0.78,53.0,1,256,0.9044,session_ticket
controlled_weak_network_simulation,ticket_only,0.0,0.03,50,500,128,1,0.9895,0.8916,0.0,0.78,53.0,1,256,0.9044,session_ticket
controlled_weak_network_simulation,ticket_only,0.0,0.03,50,500,128,2,0.9875,0.8916,0.0,0.78,53.0,1,256,0.9044,session_ticket
controlled_weak_network_simulation,ticket_only,0.0,0.03,50,500,128,3,0.9855,0.8916,0.0,0.78,53.0,1,256,0.9044,session_ticket
controlled_weak_network_simulation,ticket_only,0.0,0.03,50,500,512,1,0.9895,0.8916,0.0,0.78,53.0,1,256,0.9044,session_ticket
controlled_weak_network_simulation,ticket_only,0.0,0.03,50,500,512,2,0.9875,0.8916,0.0,0.78,53.0,1,256,0.9044,session_ticket
controlled_weak_network_simulation,ticket_only,0.0,0.03,50,500,512,3,0.9855,0.8916,0.0,0.78,53.0,1,256,0.9044,session_ticket
controlled_weak_network_simulation,ticket_only,0.0,0.03,50,1000,128,1,0.9895,0.8916,0.0,0.78,53.0,1,256,0.9044,session_ticket
controlled_weak_network_simulation,ticket_only,0.0,0.03,50,1000,128,2,0.9875,0.8916,0.0,0.78,53.0,1,256,0.9044,session_ticket
controlled_weak_network_simulation,ticket_only,0.0,0.03,50,1000,128,3,0.9855,0.8916,0.0,0.78,53.0,1,256,0.9044,session_ticket
controlled_weak_network_simulation,ticket_only,0.0,0.03,50,1000,512,1,0.9895,0.8916,0.0,0.78,53.0,1,256,0.9044,session_ticket
controlled_weak_network_simulation,ticket_only,0.0,0.03,50,1000,512,2,0.9875,0.8916,0.0,0.78,53.0,1,256,0.9044,session_ticket
controlled_weak_network_simulation,ticket_only,0.0,0.03,50,1000,512,3,0.9855,0.8916,0.0,0.78,53.0,1,256,0.9044,session_ticket
controlled_weak_network_simulation,ticket_only,0.0,0.03,100,100,128,1,0.9895,0.8556,0.0,0.78,103.0,1,256,0.8804,session_ticket
controlled_weak_network_simulation,ticket_only,0.0,0.03,100,100,128,2,0.9875,0.8556,0.0,0.78,103.0,1,256,0.8804,session_ticket
controlled_weak_network_simulation,ticket_only,0.0,0.03,100,100,128,3,0.9855,0.8556,0.0,0.78,103.0,1,256,0.8804,session_ticket
controlled_weak_network_simulation,ticket_only,0.0,0.03,100,100,512,1,0.9895,0.8556,0.0,0.78,103.0,1,256,0.8804,session_ticket
controlled_weak_network_simulation,ticket_only,0.0,0.03,100,100,512,2,0.9875,0.8556,0.0,0.78,103.0,1,256,0.8804,session_ticket
controlled_weak_network_simulation,ticket_only,0.0,0.03,100,100,512,3,0.9855,0.8556,0.0,0.78,103.0,1,256,0.8804,session_ticket
controlled_weak_network_simulation,ticket_only,0.0,0.03,100,500,128,1,0.9895,0.8556,0.0,0.78,103.0,1,256,0.8804,session_ticket
controlled_weak_network_simulation,ticket_only,0.0,0.03,100,500,128,2,0.9875,0.8556,0.0,0.78,103.0,1,256,0.8804,session_ticket
controlled_weak_network_simulation,ticket_only,0.0,0.03,100,500,128,3,0.9855,0.8556,0.0,0.78,103.0,1,256,0.8804,session_ticket
controlled_weak_network_simulation,ticket_only,0.0,0.03,100,500,512,1,0.9895,0.8556,0.0,0.78,103.0,1,256,0.8804,session_ticket
controlled_weak_network_simulation,ticket_only,0.0,0.03,100,500,512,2,0.9875,0.8556,0.0,0.78,103.0,1,256,0.8804,session_ticket
controlled_weak_network_simulation,ticket_only,0.0,0.03,100,500,512,3,0.9855,0.8556,0.0,0.78,103.0,1,256,0.8804,session_ticket
controlled_weak_network_simulation,ticket_only,0.0,0.03,100,1000,128,1,0.9895,0.8556,0.0,0.78,103.0,1,256,0.8804,session_ticket
controlled_weak_network_simulation,ticket_only,0.0,0.03,100,1000,128,2,0.9875,0.8556,0.0,0.78,103.0,1,256,0.8804,session_ticket
controlled_weak_network_simulation,ticket_only,0.0,0.03,100,1000,128,3,0.9855,0.8556,0.0,0.78,103.0,1,256,0.8804,session_ticket
controlled_weak_network_simulation,ticket_only,0.0,0.03,100,1000,512,1,0.9895,0.8556,0.0,0.78,103.0,1,256,0.8804,session_ticket
controlled_weak_network_simulation,ticket_only,0.0,0.03,100,1000,512,2,0.9875,0.8556,0.0,0.78,103.0,1,256,0.8804,session_ticket
controlled_weak_network_simulation,ticket_only,0.0,0.03,100,1000,512,3,0.9855,0.8556,0.0,0.78,103.0,1,256,0.8804,session_ticket
controlled_weak_network_simulation,ticket_only,0.0,0.03,200,100,128,1,0.9895,0.7836,0.0,0.78,203.0,1,256,0.8324,session_ticket
controlled_weak_network_simulation,ticket_only,0.0,0.03,200,100,128,2,0.9875,0.7836,0.0,0.78,203.0,1,256,0.8324,session_ticket
controlled_weak_network_simulation,ticket_only,0.0,0.03,200,100,128,3,0.9855,0.7836,0.0,0.78,203.0,1,256,0.8324,session_ticket
controlled_weak_network_simulation,ticket_only,0.0,0.03,200,100,512,1,0.9895,0.7836,0.0,0.78,203.0,1,256,0.8324,session_ticket
controlled_weak_network_simulation,ticket_only,0.0,0.03,200,100,512,2,0.9875,0.7836,0.0,0.78,203.0,1,256,0.8324,session_ticket
controlled_weak_network_simulation,ticket_only,0.0,0.03,200,100,512,3,0.9855,0.7836,0.0,0.78,203.0,1,256,0.8324,session_ticket
controlled_weak_network_simulation,ticket_only,0.0,0.03,200,500,128,1,0.9895,0.7836,0.0,0.78,203.0,1,256,0.8324,session_ticket
controlled_weak_network_simulation,ticket_only,0.0,0.03,200,500,128,2,0.9875,0.7836,0.0,0.78,203.0,1,256,0.8324,session_ticket
controlled_weak_network_simulation,ticket_only,0.0,0.03,200,500,128,3,0.9855,0.7836,0.0,0.78,203.0,1,256,0.8324,session_ticket
controlled_weak_network_simulation,ticket_only,0.0,0.03,200,500,512,1,0.9895,0.7836,0.0,0.78,203.0,1,256,0.8324,session_ticket
controlled_weak_network_simulation,ticket_only,0.0,0.03,200,500,512,2,0.9875,0.7836,0.0,0.78,203.0,1,256,0.8324,session_ticket
controlled_weak_network_simulation,ticket_only,0.0,0.03,200,500,512,3,0.9855,0.7836,0.0,0.78,203.0,1,256,0.8324,session_ticket
controlled_weak_network_simulation,ticket_only,0.0,0.03,200,1000,128,1,0.9895,0.7836,0.0,0.78,203.0,1,256,0.8324,session_ticket
controlled_weak_network_simulation,ticket_only,0.0,0.03,200,1000,128,2,0.9875,0.7836,0.0,0.78,203.0,1,256,0.8324,session_ticket
controlled_weak_network_simulation,ticket_only,0.0,0.03,200,1000,128,3,0.9855,0.7836,0.0,0.78,203.0,1,256,0.8324,session_ticket
controlled_weak_network_simulation,ticket_only,0.0,0.03,200,1000,512,1,0.9895,0.7836,0.0,0.78,203.0,1,256,0.8324,session_ticket
controlled_weak_network_simulation,ticket_only,0.0,0.03,200,1000,512,2,0.9875,0.7836,0.0,0.78,203.0,1,256,0.8324,session_ticket
controlled_weak_network_simulation,ticket_only,0.0,0.03,200,1000,512,3,0.9855,0.7836,0.0,0.78,203.0,1,256,0.8324,session_ticket
controlled_weak_network_simulation,ticket_only,0.01,0.0,0,100,128,1,0.99,0.942,0.0,0.786,3.0,1,256,0.938,session_ticket
controlled_weak_network_simulation,ticket_only,0.01,0.0,0,100,128,2,0.988,0.942,0.0,0.786,3.0,1,256,0.938,session_ticket
controlled_weak_network_simulation,ticket_only,0.01,0.0,0,100,128,3,0.986,0.942,0.0,0.786,3.0,1,256,0.938,session_ticket
controlled_weak_network_simulation,ticket_only,0.01,0.0,0,100,512,1,0.99,0.942,0.0,0.786,3.0,1,256,0.938,session_ticket
controlled_weak_network_simulation,ticket_only,0.01,0.0,0,100,512,2,0.988,0.942,0.0,0.786,3.0,1,256,0.938,session_ticket
controlled_weak_network_simulation,ticket_only,0.01,0.0,0,100,512,3,0.986,0.942,0.0,0.786,3.0,1,256,0.938,session_ticket
controlled_weak_network_simulation,ticket_only,0.01,0.0,0,500,128,1,0.99,0.942,0.0,0.786,3.03,3,448,0.938,session_ticket
controlled_weak_network_simulation,ticket_only,0.01,0.0,0,500,128,2,0.988,0.942,0.0,0.786,3.03,3,448,0.938,session_ticket
controlled_weak_network_simulation,ticket_only,0.01,0.0,0,500,128,3,0.986,0.942,0.0,0.786,3.03,3,448,0.938,session_ticket
controlled_weak_network_simulation,ticket_only,0.01,0.0,0,500,512,1,0.99,0.942,0.0,0.786,3.03,3,448,0.938,session_ticket
controlled_weak_network_simulation,ticket_only,0.01,0.0,0,500,512,2,0.988,0.942,0.0,0.786,3.03,3,448,0.938,session_ticket
controlled_weak_network_simulation,ticket_only,0.01,0.0,0,500,512,3,0.986,0.942,0.0,0.786,3.03,3,448,0.938,session_ticket
controlled_weak_network_simulation,ticket_only,0.01,0.0,0,1000,128,1,0.99,0.942,0.0,0.786,3.075,6,736,0.938,session_ticket
controlled_weak_network_simulation,ticket_only,0.01,0.0,0,1000,128,2,0.988,0.942,0.0,0.786,3.075,6,736,0.938,session_ticket
controlled_weak_network_simulation,ticket_only,0.01,0.0,0,1000,128,3,0.986,0.942,0.0,0.786,3.075,6,736,0.938,session_ticket
controlled_weak_network_simulation,ticket_only,0.01,0.0,0,1000,512,1,0.99,0.942,0.0,0.786,3.075,6,736,0.938,session_ticket
controlled_weak_network_simulation,ticket_only,0.01,0.0,0,1000,512,2,0.988,0.942,0.0,0.786,3.075,6,736,0.938,session_ticket
controlled_weak_network_simulation,ticket_only,0.01,0.0,0,1000,512,3,0.986,0.942,0.0,0.786,3.075,6,736,0.938,session_ticket
controlled_weak_network_simulation,ticket_only,0.01,0.0,50,100,128,1,0.99,0.906,0.0,0.786,53.0,1,256,0.914,session_ticket
controlled_weak_network_simulation,ticket_only,0.01,0.0,50,100,128,2,0.988,0.906,0.0,0.786,53.0,1,256,0.914,session_ticket
controlled_weak_network_simulation,ticket_only,0.01,0.0,50,100,128,3,0.986,0.906,0.0,0.786,53.0,1,256,0.914,session_ticket
controlled_weak_network_simulation,ticket_only,0.01,0.0,50,100,512,1,0.99,0.906,0.0,0.786,53.0,1,256,0.914,session_ticket
controlled_weak_network_simulation,ticket_only,0.01,0.0,50,100,512,2,0.988,0.906,0.0,0.786,53.0,1,256,0.914,session_ticket
controlled_weak_network_simulation,ticket_only,0.01,0.0,50,100,512,3,0.986,0.906,0.0,0.786,53.0,1,256,0.914,session_ticket
controlled_weak_network_simulation,ticket_only,0.01,0.0,50,500,128,1,0.99,0.906,0.0,0.786,53.03,3,448,0.914,session_ticket
controlled_weak_network_simulation,ticket_only,0.01,0.0,50,500,128,2,0.988,0.906,0.0,0.786,53.03,3,448,0.914,session_ticket
controlled_weak_network_simulation,ticket_only,0.01,0.0,50,500,128,3,0.986,0.906,0.0,0.786,53.03,3,448,0.914,session_ticket
controlled_weak_network_simulation,ticket_only,0.01,0.0,50,500,512,1,0.99,0.906,0.0,0.786,53.03,3,448,0.914,session_ticket
controlled_weak_network_simulation,ticket_only,0.01,0.0,50,500,512,2,0.988,0.906,0.0,0.786,53.03,3,448,0.914,session_ticket
controlled_weak_network_simulation,ticket_only,0.01,0.0,50,500,512,3,0.986,0.906,0.0,0.786,53.03,3,448,0.914,session_ticket
controlled_weak_network_simulation,ticket_only,0.01,0.0,50,1000,128,1,0.99,0.906,0.0,0.786,53.075,6,736,0.914,session_ticket
controlled_weak_network_simulation,ticket_only,0.01,0.0,50,1000,128,2,0.988,0.906,0.0,0.786,53.075,6,736,0.914,session_ticket
controlled_weak_network_simulation,ticket_only,0.01,0.0,50,1000,128,3,0.986,0.906,0.0,0.786,53.075,6,736,0.914,session_ticket
controlled_weak_network_simulation,ticket_only,0.01,0.0,50,1000,512,1,0.99,0.906,0.0,0.786,53.075,6,736,0.914,session_ticket
controlled_weak_network_simulation,ticket_only,0.01,0.0,50,1000,512,2,0.988,0.906,0.0,0.786,53.075,6,736,0.914,session_ticket
controlled_weak_network_simulation,ticket_only,0.01,0.0,50,1000,512,3,0.986,0.906,0.0,0.786,53.075,6,736,0.914,session_ticket
controlled_weak_network_simulation,ticket_only,0.01,0.0,100,100,128,1,0.99,0.87,0.0,0.786,103.0,1,256,0.89,session_ticket
controlled_weak_network_simulation,ticket_only,0.01,0.0,100,100,128,2,0.988,0.87,0.0,0.786,103.0,1,256,0.89,session_ticket
controlled_weak_network_simulation,ticket_only,0.01,0.0,100,100,128,3,0.986,0.87,0.0,0.786,103.0,1,256,0.89,session_ticket
controlled_weak_network_simulation,ticket_only,0.01,0.0,100,100,512,1,0.99,0.87,0.0,0.786,103.0,1,256,0.89,session_ticket
controlled_weak_network_simulation,ticket_only,0.01,0.0,100,100,512,2,0.988,0.87,0.0,0.786,103.0,1,256,0.89,session_ticket
controlled_weak_network_simulation,ticket_only,0.01,0.0,100,100,512,3,0.986,0.87,0.0,0.786,103.0,1,256,0.89,session_ticket
controlled_weak_network_simulation,ticket_only,0.01,0.0,100,500,128,1,0.99,0.87,0.0,0.786,103.03,3,448,0.89,session_ticket
controlled_weak_network_simulation,ticket_only,0.01,0.0,100,500,128,2,0.988,0.87,0.0,0.786,103.03,3,448,0.89,session_ticket
controlled_weak_network_simulation,ticket_only,0.01,0.0,100,500,128,3,0.986,0.87,0.0,0.786,103.03,3,448,0.89,session_ticket
controlled_weak_network_simulation,ticket_only,0.01,0.0,100,500,512,1,0.99,0.87,0.0,0.786,103.03,3,448,0.89,session_ticket
controlled_weak_network_simulation,ticket_only,0.01,0.0,100,500,512,2,0.988,0.87,0.0,0.786,103.03,3,448,0.89,session_ticket
controlled_weak_network_simulation,ticket_only,0.01,0.0,100,500,512,3,0.986,0.87,0.0,0.786,103.03,3,448,0.89,session_ticket
controlled_weak_network_simulation,ticket_only,0.01,0.0,100,1000,128,1,0.99,0.87,0.0,0.786,103.075,6,736,0.89,session_ticket
controlled_weak_network_simulation,ticket_only,0.01,0.0,100,1000,128,2,0.988,0.87,0.0,0.786,103.075,6,736,0.89,session_ticket
controlled_weak_network_simulation,ticket_only,0.01,0.0,100,1000,128,3,0.986,0.87,0.0,0.786,103.075,6,736,0.89,session_ticket
controlled_weak_network_simulation,ticket_only,0.01,0.0,100,1000,512,1,0.99,0.87,0.0,0.786,103.075,6,736,0.89,session_ticket
controlled_weak_network_simulation,ticket_only,0.01,0.0,100,1000,512,2,0.988,0.87,0.0,0.786,103.075,6,736,0.89,session_ticket
controlled_weak_network_simulation,ticket_only,0.01,0.0,100,1000,512,3,0.986,0.87,0.0,0.786,103.075,6,736,0.89,session_ticket
controlled_weak_network_simulation,ticket_only,0.01,0.0,200,100,128,1,0.99,0.798,0.0,0.786,203.0,1,256,0.842,session_ticket
controlled_weak_network_simulation,ticket_only,0.01,0.0,200,100,128,2,0.988,0.798,0.0,0.786,203.0,1,256,0.842,session_ticket
controlled_weak_network_simulation,ticket_only,0.01,0.0,200,100,128,3,0.986,0.798,0.0,0.786,203.0,1,256,0.842,session_ticket
controlled_weak_network_simulation,ticket_only,0.01,0.0,200,100,512,1,0.99,0.798,0.0,0.786,203.0,1,256,0.842,session_ticket
controlled_weak_network_simulation,ticket_only,0.01,0.0,200,100,512,2,0.988,0.798,0.0,0.786,203.0,1,256,0.842,session_ticket
controlled_weak_network_simulation,ticket_only,0.01,0.0,200,100,512,3,0.986,0.798,0.0,0.786,203.0,1,256,0.842,session_ticket
controlled_weak_network_simulation,ticket_only,0.01,0.0,200,500,128,1,0.99,0.798,0.0,0.786,203.03,3,448,0.842,session_ticket
controlled_weak_network_simulation,ticket_only,0.01,0.0,200,500,128,2,0.988,0.798,0.0,0.786,203.03,3,448,0.842,session_ticket
controlled_weak_network_simulation,ticket_only,0.01,0.0,200,500,128,3,0.986,0.798,0.0,0.786,203.03,3,448,0.842,session_ticket
controlled_weak_network_simulation,ticket_only,0.01,0.0,200,500,512,1,0.99,0.798,0.0,0.786,203.03,3,448,0.842,session_ticket
controlled_weak_network_simulation,ticket_only,0.01,0.0,200,500,512,2,0.988,0.798,0.0,0.786,203.03,3,448,0.842,session_ticket
controlled_weak_network_simulation,ticket_only,0.01,0.0,200,500,512,3,0.986,0.798,0.0,0.786,203.03,3,448,0.842,session_ticket
controlled_weak_network_simulation,ticket_only,0.01,0.0,200,1000,128,1,0.99,0.798,0.0,0.786,203.075,6,736,0.842,session_ticket
controlled_weak_network_simulation,ticket_only,0.01,0.0,200,1000,128,2,0.988,0.798,0.0,0.786,203.075,6,736,0.842,session_ticket
controlled_weak_network_simulation,ticket_only,0.01,0.0,200,1000,128,3,0.986,0.798,0.0,0.786,203.075,6,736,0.842,session_ticket
controlled_weak_network_simulation,ticket_only,0.01,0.0,200,1000,512,1,0.99,0.798,0.0,0.786,203.075,6,736,0.842,session_ticket
controlled_weak_network_simulation,ticket_only,0.01,0.0,200,1000,512,2,0.988,0.798,0.0,0.786,203.075,6,736,0.842,session_ticket
controlled_weak_network_simulation,ticket_only,0.01,0.0,200,1000,512,3,0.986,0.798,0.0,0.786,203.075,6,736,0.842,session_ticket
controlled_weak_network_simulation,ticket_only,0.01,0.01,0,100,128,1,0.9865,0.9312,0.0,0.786,3.0,1,256,0.9308,session_ticket
controlled_weak_network_simulation,ticket_only,0.01,0.01,0,100,128,2,0.9845,0.9312,0.0,0.786,3.0,1,256,0.9308,session_ticket
controlled_weak_network_simulation,ticket_only,0.01,0.01,0,100,128,3,0.9825,0.9312,0.0,0.786,3.0,1,256,0.9308,session_ticket
controlled_weak_network_simulation,ticket_only,0.01,0.01,0,100,512,1,0.9865,0.9312,0.0,0.786,3.0,1,256,0.9308,session_ticket
controlled_weak_network_simulation,ticket_only,0.01,0.01,0,100,512,2,0.9845,0.9312,0.0,0.786,3.0,1,256,0.9308,session_ticket
controlled_weak_network_simulation,ticket_only,0.01,0.01,0,100,512,3,0.9825,0.9312,0.0,0.786,3.0,1,256,0.9308,session_ticket
controlled_weak_network_simulation,ticket_only,0.01,0.01,0,500,128,1,0.9865,0.9312,0.0,0.786,3.03,3,448,0.9308,session_ticket
controlled_weak_network_simulation,ticket_only,0.01,0.01,0,500,128,2,0.9845,0.9312,0.0,0.786,3.03,3,448,0.9308,session_ticket
controlled_weak_network_simulation,ticket_only,0.01,0.01,0,500,128,3,0.9825,0.9312,0.0,0.786,3.03,3,448,0.9308,session_ticket
controlled_weak_network_simulation,ticket_only,0.01,0.01,0,500,512,1,0.9865,0.9312,0.0,0.786,3.03,3,448,0.9308,session_ticket
controlled_weak_network_simulation,ticket_only,0.01,0.01,0,500,512,2,0.9845,0.9312,0.0,0.786,3.03,3,448,0.9308,session_ticket
controlled_weak_network_simulation,ticket_only,0.01,0.01,0,500,512,3,0.9825,0.9312,0.0,0.786,3.03,3,448,0.9308,session_ticket
controlled_weak_network_simulation,ticket_only,0.01,0.01,0,1000,128,1,0.9865,0.9312,0.0,0.786,3.075,6,736,0.9308,session_ticket
controlled_weak_network_simulation,ticket_only,0.01,0.01,0,1000,128,2,0.9845,0.9312,0.0,0.786,3.075,6,736,0.9308,session_ticket
controlled_weak_network_simulation,ticket_only,0.01,0.01,0,1000,128,3,0.9825,0.9312,0.0,0.786,3.075,6,736,0.9308,session_ticket
controlled_weak_network_simulation,ticket_only,0.01,0.01,0,1000,512,1,0.9865,0.9312,0.0,0.786,3.075,6,736,0.9308,session_ticket
controlled_weak_network_simulation,ticket_only,0.01,0.01,0,1000,512,2,0.9845,0.9312,0.0,0.786,3.075,6,736,0.9308,session_ticket
controlled_weak_network_simulation,ticket_only,0.01,0.01,0,1000,512,3,0.9825,0.9312,0.0,0.786,3.075,6,736,0.9308,session_ticket
controlled_weak_network_simulation,ticket_only,0.01,0.01,50,100,128,1,0.9865,0.8952,0.0,0.786,53.0,1,256,0.9068,session_ticket
controlled_weak_network_simulation,ticket_only,0.01,0.01,50,100,128,2,0.9845,0.8952,0.0,0.786,53.0,1,256,0.9068,session_ticket
controlled_weak_network_simulation,ticket_only,0.01,0.01,50,100,128,3,0.9825,0.8952,0.0,0.786,53.0,1,256,0.9068,session_ticket
controlled_weak_network_simulation,ticket_only,0.01,0.01,50,100,512,1,0.9865,0.8952,0.0,0.786,53.0,1,256,0.9068,session_ticket
controlled_weak_network_simulation,ticket_only,0.01,0.01,50,100,512,2,0.9845,0.8952,0.0,0.786,53.0,1,256,0.9068,session_ticket
controlled_weak_network_simulation,ticket_only,0.01,0.01,50,100,512,3,0.9825,0.8952,0.0,0.786,53.0,1,256,0.9068,session_ticket
controlled_weak_network_simulation,ticket_only,0.01,0.01,50,500,128,1,0.9865,0.8952,0.0,0.786,53.03,3,448,0.9068,session_ticket
controlled_weak_network_simulation,ticket_only,0.01,0.01,50,500,128,2,0.9845,0.8952,0.0,0.786,53.03,3,448,0.9068,session_ticket
controlled_weak_network_simulation,ticket_only,0.01,0.01,50,500,128,3,0.9825,0.8952,0.0,0.786,53.03,3,448,0.9068,session_ticket
controlled_weak_network_simulation,ticket_only,0.01,0.01,50,500,512,1,0.9865,0.8952,0.0,0.786,53.03,3,448,0.9068,session_ticket
controlled_weak_network_simulation,ticket_only,0.01,0.01,50,500,512,2,0.9845,0.8952,0.0,0.786,53.03,3,448,0.9068,session_ticket
controlled_weak_network_simulation,ticket_only,0.01,0.01,50,500,512,3,0.9825,0.8952,0.0,0.786,53.03,3,448,0.9068,session_ticket
controlled_weak_network_simulation,ticket_only,0.01,0.01,50,1000,128,1,0.9865,0.8952,0.0,0.786,53.075,6,736,0.9068,session_ticket
controlled_weak_network_simulation,ticket_only,0.01,0.01,50,1000,128,2,0.9845,0.8952,0.0,0.786,53.075,6,736,0.9068,session_ticket
controlled_weak_network_simulation,ticket_only,0.01,0.01,50,1000,128,3,0.9825,0.8952,0.0,0.786,53.075,6,736,0.9068,session_ticket
controlled_weak_network_simulation,ticket_only,0.01,0.01,50,1000,512,1,0.9865,0.8952,0.0,0.786,53.075,6,736,0.9068,session_ticket
controlled_weak_network_simulation,ticket_only,0.01,0.01,50,1000,512,2,0.9845,0.8952,0.0,0.786,53.075,6,736,0.9068,session_ticket
controlled_weak_network_simulation,ticket_only,0.01,0.01,50,1000,512,3,0.9825,0.8952,0.0,0.786,53.075,6,736,0.9068,session_ticket
controlled_weak_network_simulation,ticket_only,0.01,0.01,100,100,128,1,0.9865,0.8592,0.0,0.786,103.0,1,256,0.8828,session_ticket
controlled_weak_network_simulation,ticket_only,0.01,0.01,100,100,128,2,0.9845,0.8592,0.0,0.786,103.0,1,256,0.8828,session_ticket
controlled_weak_network_simulation,ticket_only,0.01,0.01,100,100,128,3,0.9825,0.8592,0.0,0.786,103.0,1,256,0.8828,session_ticket
controlled_weak_network_simulation,ticket_only,0.01,0.01,100,100,512,1,0.9865,0.8592,0.0,0.786,103.0,1,256,0.8828,session_ticket
controlled_weak_network_simulation,ticket_only,0.01,0.01,100,100,512,2,0.9845,0.8592,0.0,0.786,103.0,1,256,0.8828,session_ticket
controlled_weak_network_simulation,ticket_only,0.01,0.01,100,100,512,3,0.9825,0.8592,0.0,0.786,103.0,1,256,0.8828,session_ticket
controlled_weak_network_simulation,ticket_only,0.01,0.01,100,500,128,1,0.9865,0.8592,0.0,0.786,103.03,3,448,0.8828,session_ticket
controlled_weak_network_simulation,ticket_only,0.01,0.01,100,500,128,2,0.9845,0.8592,0.0,0.786,103.03,3,448,0.8828,session_ticket
controlled_weak_network_simulation,ticket_only,0.01,0.01,100,500,128,3,0.9825,0.8592,0.0,0.786,103.03,3,448,0.8828,session_ticket
controlled_weak_network_simulation,ticket_only,0.01,0.01,100,500,512,1,0.9865,0.8592,0.0,0.786,103.03,3,448,0.8828,session_ticket
controlled_weak_network_simulation,ticket_only,0.01,0.01,100,500,512,2,0.9845,0.8592,0.0,0.786,103.03,3,448,0.8828,session_ticket
controlled_weak_network_simulation,ticket_only,0.01,0.01,100,500,512,3,0.9825,0.8592,0.0,0.786,103.03,3,448,0.8828,session_ticket
controlled_weak_network_simulation,ticket_only,0.01,0.01,100,1000,128,1,0.9865,0.8592,0.0,0.786,103.075,6,736,0.8828,session_ticket
controlled_weak_network_simulation,ticket_only,0.01,0.01,100,1000,128,2,0.9845,0.8592,0.0,0.786,103.075,6,736,0.8828,session_ticket
controlled_weak_network_simulation,ticket_only,0.01,0.01,100,1000,128,3,0.9825,0.8592,0.0,0.786,103.075,6,736,0.8828,session_ticket
controlled_weak_network_simulation,ticket_only,0.01,0.01,100,1000,512,1,0.9865,0.8592,0.0,0.786,103.075,6,736,0.8828,session_ticket
controlled_weak_network_simulation,ticket_only,0.01,0.01,100,1000,512,2,0.9845,0.8592,0.0,0.786,103.075,6,736,0.8828,session_ticket
controlled_weak_network_simulation,ticket_only,0.01,0.01,100,1000,512,3,0.9825,0.8592,0.0,0.786,103.075,6,736,0.8828,session_ticket
controlled_weak_network_simulation,ticket_only,0.01,0.01,200,100,128,1,0.9865,0.7872,0.0,0.786,203.0,1,256,0.8348,session_ticket
controlled_weak_network_simulation,ticket_only,0.01,0.01,200,100,128,2,0.9845,0.7872,0.0,0.786,203.0,1,256,0.8348,session_ticket
controlled_weak_network_simulation,ticket_only,0.01,0.01,200,100,128,3,0.9825,0.7872,0.0,0.786,203.0,1,256,0.8348,session_ticket
controlled_weak_network_simulation,ticket_only,0.01,0.01,200,100,512,1,0.9865,0.7872,0.0,0.786,203.0,1,256,0.8348,session_ticket
controlled_weak_network_simulation,ticket_only,0.01,0.01,200,100,512,2,0.9845,0.7872,0.0,0.786,203.0,1,256,0.8348,session_ticket
controlled_weak_network_simulation,ticket_only,0.01,0.01,200,100,512,3,0.9825,0.7872,0.0,0.786,203.0,1,256,0.8348,session_ticket
controlled_weak_network_simulation,ticket_only,0.01,0.01,200,500,128,1,0.9865,0.7872,0.0,0.786,203.03,3,448,0.8348,session_ticket
controlled_weak_network_simulation,ticket_only,0.01,0.01,200,500,128,2,0.9845,0.7872,0.0,0.786,203.03,3,448,0.8348,session_ticket
controlled_weak_network_simulation,ticket_only,0.01,0.01,200,500,128,3,0.9825,0.7872,0.0,0.786,203.03,3,448,0.8348,session_ticket
controlled_weak_network_simulation,ticket_only,0.01,0.01,200,500,512,1,0.9865,0.7872,0.0,0.786,203.03,3,448,0.8348,session_ticket
controlled_weak_network_simulation,ticket_only,0.01,0.01,200,500,512,2,0.9845,0.7872,0.0,0.786,203.03,3,448,0.8348,session_ticket
controlled_weak_network_simulation,ticket_only,0.01,0.01,200,500,512,3,0.9825,0.7872,0.0,0.786,203.03,3,448,0.8348,session_ticket
controlled_weak_network_simulation,ticket_only,0.01,0.01,200,1000,128,1,0.9865,0.7872,0.0,0.786,203.075,6,736,0.8348,session_ticket
controlled_weak_network_simulation,ticket_only,0.01,0.01,200,1000,128,2,0.9845,0.7872,0.0,0.786,203.075,6,736,0.8348,session_ticket
controlled_weak_network_simulation,ticket_only,0.01,0.01,200,1000,128,3,0.9825,0.7872,0.0,0.786,203.075,6,736,0.8348,session_ticket
controlled_weak_network_simulation,ticket_only,0.01,0.01,200,1000,512,1,0.9865,0.7872,0.0,0.786,203.075,6,736,0.8348,session_ticket
controlled_weak_network_simulation,ticket_only,0.01,0.01,200,1000,512,2,0.9845,0.7872,0.0,0.786,203.075,6,736,0.8348,session_ticket
controlled_weak_network_simulation,ticket_only,0.01,0.01,200,1000,512,3,0.9825,0.7872,0.0,0.786,203.075,6,736,0.8348,session_ticket
controlled_weak_network_simulation,ticket_only,0.01,0.03,0,100,128,1,0.9795,0.9096,0.0,0.786,3.0,1,256,0.9164,session_ticket
controlled_weak_network_simulation,ticket_only,0.01,0.03,0,100,128,2,0.9775,0.9096,0.0,0.786,3.0,1,256,0.9164,session_ticket
controlled_weak_network_simulation,ticket_only,0.01,0.03,0,100,128,3,0.9755,0.9096,0.0,0.786,3.0,1,256,0.9164,session_ticket
controlled_weak_network_simulation,ticket_only,0.01,0.03,0,100,512,1,0.9795,0.9096,0.0,0.786,3.0,1,256,0.9164,session_ticket
controlled_weak_network_simulation,ticket_only,0.01,0.03,0,100,512,2,0.9775,0.9096,0.0,0.786,3.0,1,256,0.9164,session_ticket
controlled_weak_network_simulation,ticket_only,0.01,0.03,0,100,512,3,0.9755,0.9096,0.0,0.786,3.0,1,256,0.9164,session_ticket
controlled_weak_network_simulation,ticket_only,0.01,0.03,0,500,128,1,0.9795,0.9096,0.0,0.786,3.03,3,448,0.9164,session_ticket
controlled_weak_network_simulation,ticket_only,0.01,0.03,0,500,128,2,0.9775,0.9096,0.0,0.786,3.03,3,448,0.9164,session_ticket
controlled_weak_network_simulation,ticket_only,0.01,0.03,0,500,128,3,0.9755,0.9096,0.0,0.786,3.03,3,448,0.9164,session_ticket
controlled_weak_network_simulation,ticket_only,0.01,0.03,0,500,512,1,0.9795,0.9096,0.0,0.786,3.03,3,448,0.9164,session_ticket
controlled_weak_network_simulation,ticket_only,0.01,0.03,0,500,512,2,0.9775,0.9096,0.0,0.786,3.03,3,448,0.9164,session_ticket
controlled_weak_network_simulation,ticket_only,0.01,0.03,0,500,512,3,0.9755,0.9096,0.0,0.786,3.03,3,448,0.9164,session_ticket
controlled_weak_network_simulation,ticket_only,0.01,0.03,0,1000,128,1,0.9795,0.9096,0.0,0.786,3.075,6,736,0.9164,session_ticket
controlled_weak_network_simulation,ticket_only,0.01,0.03,0,1000,128,2,0.9775,0.9096,0.0,0.786,3.075,6,736,0.9164,session_ticket
controlled_weak_network_simulation,ticket_only,0.01,0.03,0,1000,128,3,0.9755,0.9096,0.0,0.786,3.075,6,736,0.9164,session_ticket
controlled_weak_network_simulation,ticket_only,0.01,0.03,0,1000,512,1,0.9795,0.9096,0.0,0.786,3.075,6,736,0.9164,session_ticket
controlled_weak_network_simulation,ticket_only,0.01,0.03,0,1000,512,2,0.9775,0.9096,0.0,0.786,3.075,6,736,0.9164,session_ticket
controlled_weak_network_simulation,ticket_only,0.01,0.03,0,1000,512,3,0.9755,0.9096,0.0,0.786,3.075,6,736,0.9164,session_ticket
controlled_weak_network_simulation,ticket_only,0.01,0.03,50,100,128,1,0.9795,0.8736,0.0,0.786,53.0,1,256,0.8924,session_ticket
controlled_weak_network_simulation,ticket_only,0.01,0.03,50,100,128,2,0.9775,0.8736,0.0,0.786,53.0,1,256,0.8924,session_ticket
controlled_weak_network_simulation,ticket_only,0.01,0.03,50,100,128,3,0.9755,0.8736,0.0,0.786,53.0,1,256,0.8924,session_ticket
controlled_weak_network_simulation,ticket_only,0.01,0.03,50,100,512,1,0.9795,0.8736,0.0,0.786,53.0,1,256,0.8924,session_ticket
controlled_weak_network_simulation,ticket_only,0.01,0.03,50,100,512,2,0.9775,0.8736,0.0,0.786,53.0,1,256,0.8924,session_ticket
controlled_weak_network_simulation,ticket_only,0.01,0.03,50,100,512,3,0.9755,0.8736,0.0,0.786,53.0,1,256,0.8924,session_ticket
controlled_weak_network_simulation,ticket_only,0.01,0.03,50,500,128,1,0.9795,0.8736,0.0,0.786,53.03,3,448,0.8924,session_ticket
controlled_weak_network_simulation,ticket_only,0.01,0.03,50,500,128,2,0.9775,0.8736,0.0,0.786,53.03,3,448,0.8924,session_ticket
controlled_weak_network_simulation,ticket_only,0.01,0.03,50,500,128,3,0.9755,0.8736,0.0,0.786,53.03,3,448,0.8924,session_ticket
controlled_weak_network_simulation,ticket_only,0.01,0.03,50,500,512,1,0.9795,0.8736,0.0,0.786,53.03,3,448,0.8924,session_ticket
controlled_weak_network_simulation,ticket_only,0.01,0.03,50,500,512,2,0.9775,0.8736,0.0,0.786,53.03,3,448,0.8924,session_ticket
controlled_weak_network_simulation,ticket_only,0.01,0.03,50,500,512,3,0.9755,0.8736,0.0,0.786,53.03,3,448,0.8924,session_ticket
controlled_weak_network_simulation,ticket_only,0.01,0.03,50,1000,128,1,0.9795,0.8736,0.0,0.786,53.075,6,736,0.8924,session_ticket
controlled_weak_network_simulation,ticket_only,0.01,0.03,50,1000,128,2,0.9775,0.8736,0.0,0.786,53.075,6,736,0.8924,session_ticket
controlled_weak_network_simulation,ticket_only,0.01,0.03,50,1000,128,3,0.9755,0.8736,0.0,0.786,53.075,6,736,0.8924,session_ticket
controlled_weak_network_simulation,ticket_only,0.01,0.03,50,1000,512,1,0.9795,0.8736,0.0,0.786,53.075,6,736,0.8924,session_ticket
controlled_weak_network_simulation,ticket_only,0.01,0.03,50,1000,512,2,0.9775,0.8736,0.0,0.786,53.075,6,736,0.8924,session_ticket
controlled_weak_network_simulation,ticket_only,0.01,0.03,50,1000,512,3,0.9755,0.8736,0.0,0.786,53.075,6,736,0.8924,session_ticket
controlled_weak_network_simulation,ticket_only,0.01,0.03,100,100,128,1,0.9795,0.8376,0.0,0.786,103.0,1,256,0.8684,session_ticket
controlled_weak_network_simulation,ticket_only,0.01,0.03,100,100,128,2,0.9775,0.8376,0.0,0.786,103.0,1,256,0.8684,session_ticket
controlled_weak_network_simulation,ticket_only,0.01,0.03,100,100,128,3,0.9755,0.8376,0.0,0.786,103.0,1,256,0.8684,session_ticket
controlled_weak_network_simulation,ticket_only,0.01,0.03,100,100,512,1,0.9795,0.8376,0.0,0.786,103.0,1,256,0.8684,session_ticket
controlled_weak_network_simulation,ticket_only,0.01,0.03,100,100,512,2,0.9775,0.8376,0.0,0.786,103.0,1,256,0.8684,session_ticket
controlled_weak_network_simulation,ticket_only,0.01,0.03,100,100,512,3,0.9755,0.8376,0.0,0.786,103.0,1,256,0.8684,session_ticket
controlled_weak_network_simulation,ticket_only,0.01,0.03,100,500,128,1,0.9795,0.8376,0.0,0.786,103.03,3,448,0.8684,session_ticket
controlled_weak_network_simulation,ticket_only,0.01,0.03,100,500,128,2,0.9775,0.8376,0.0,0.786,103.03,3,448,0.8684,session_ticket
controlled_weak_network_simulation,ticket_only,0.01,0.03,100,500,128,3,0.9755,0.8376,0.0,0.786,103.03,3,448,0.8684,session_ticket
controlled_weak_network_simulation,ticket_only,0.01,0.03,100,500,512,1,0.9795,0.8376,0.0,0.786,103.03,3,448,0.8684,session_ticket
controlled_weak_network_simulation,ticket_only,0.01,0.03,100,500,512,2,0.9775,0.8376,0.0,0.786,103.03,3,448,0.8684,session_ticket
controlled_weak_network_simulation,ticket_only,0.01,0.03,100,500,512,3,0.9755,0.8376,0.0,0.786,103.03,3,448,0.8684,session_ticket
controlled_weak_network_simulation,ticket_only,0.01,0.03,100,1000,128,1,0.9795,0.8376,0.0,0.786,103.075,6,736,0.8684,session_ticket
controlled_weak_network_simulation,ticket_only,0.01,0.03,100,1000,128,2,0.9775,0.8376,0.0,0.786,103.075,6,736,0.8684,session_ticket
controlled_weak_network_simulation,ticket_only,0.01,0.03,100,1000,128,3,0.9755,0.8376,0.0,0.786,103.075,6,736,0.8684,session_ticket
controlled_weak_network_simulation,ticket_only,0.01,0.03,100,1000,512,1,0.9795,0.8376,0.0,0.786,103.075,6,736,0.8684,session_ticket
controlled_weak_network_simulation,ticket_only,0.01,0.03,100,1000,512,2,0.9775,0.8376,0.0,0.786,103.075,6,736,0.8684,session_ticket
controlled_weak_network_simulation,ticket_only,0.01,0.03,100,1000,512,3,0.9755,0.8376,0.0,0.786,103.075,6,736,0.8684,session_ticket
controlled_weak_network_simulation,ticket_only,0.01,0.03,200,100,128,1,0.9795,0.7656,0.0,0.786,203.0,1,256,0.8204,session_ticket
controlled_weak_network_simulation,ticket_only,0.01,0.03,200,100,128,2,0.9775,0.7656,0.0,0.786,203.0,1,256,0.8204,session_ticket
controlled_weak_network_simulation,ticket_only,0.01,0.03,200,100,128,3,0.9755,0.7656,0.0,0.786,203.0,1,256,0.8204,session_ticket
controlled_weak_network_simulation,ticket_only,0.01,0.03,200,100,512,1,0.9795,0.7656,0.0,0.786,203.0,1,256,0.8204,session_ticket
controlled_weak_network_simulation,ticket_only,0.01,0.03,200,100,512,2,0.9775,0.7656,0.0,0.786,203.0,1,256,0.8204,session_ticket
controlled_weak_network_simulation,ticket_only,0.01,0.03,200,100,512,3,0.9755,0.7656,0.0,0.786,203.0,1,256,0.8204,session_ticket
controlled_weak_network_simulation,ticket_only,0.01,0.03,200,500,128,1,0.9795,0.7656,0.0,0.786,203.03,3,448,0.8204,session_ticket
controlled_weak_network_simulation,ticket_only,0.01,0.03,200,500,128,2,0.9775,0.7656,0.0,0.786,203.03,3,448,0.8204,session_ticket
controlled_weak_network_simulation,ticket_only,0.01,0.03,200,500,128,3,0.9755,0.7656,0.0,0.786,203.03,3,448,0.8204,session_ticket
controlled_weak_network_simulation,ticket_only,0.01,0.03,200,500,512,1,0.9795,0.7656,0.0,0.786,203.03,3,448,0.8204,session_ticket
controlled_weak_network_simulation,ticket_only,0.01,0.03,200,500,512,2,0.9775,0.7656,0.0,0.786,203.03,3,448,0.8204,session_ticket
controlled_weak_network_simulation,ticket_only,0.01,0.03,200,500,512,3,0.9755,0.7656,0.0,0.786,203.03,3,448,0.8204,session_ticket
controlled_weak_network_simulation,ticket_only,0.01,0.03,200,1000,128,1,0.9795,0.7656,0.0,0.786,203.075,6,736,0.8204,session_ticket
controlled_weak_network_simulation,ticket_only,0.01,0.03,200,1000,128,2,0.9775,0.7656,0.0,0.786,203.075,6,736,0.8204,session_ticket
controlled_weak_network_simulation,ticket_only,0.01,0.03,200,1000,128,3,0.9755,0.7656,0.0,0.786,203.075,6,736,0.8204,session_ticket
controlled_weak_network_simulation,ticket_only,0.01,0.03,200,1000,512,1,0.9795,0.7656,0.0,0.786,203.075,6,736,0.8204,session_ticket
controlled_weak_network_simulation,ticket_only,0.01,0.03,200,1000,512,2,0.9775,0.7656,0.0,0.786,203.075,6,736,0.8204,session_ticket
controlled_weak_network_simulation,ticket_only,0.01,0.03,200,1000,512,3,0.9755,0.7656,0.0,0.786,203.075,6,736,0.8204,session_ticket
controlled_weak_network_simulation,ticket_only,0.03,0.0,0,100,128,1,0.97,0.906,0.0,0.798,3.015,2,352,0.914,session_ticket
controlled_weak_network_simulation,ticket_only,0.03,0.0,0,100,128,2,0.968,0.906,0.0,0.798,3.015,2,352,0.914,session_ticket
controlled_weak_network_simulation,ticket_only,0.03,0.0,0,100,128,3,0.966,0.906,0.0,0.798,3.015,2,352,0.914,session_ticket
controlled_weak_network_simulation,ticket_only,0.03,0.0,0,100,512,1,0.97,0.906,0.0,0.798,3.015,2,352,0.914,session_ticket
controlled_weak_network_simulation,ticket_only,0.03,0.0,0,100,512,2,0.968,0.906,0.0,0.798,3.015,2,352,0.914,session_ticket
controlled_weak_network_simulation,ticket_only,0.03,0.0,0,100,512,3,0.966,0.906,0.0,0.798,3.015,2,352,0.914,session_ticket
controlled_weak_network_simulation,ticket_only,0.03,0.0,0,500,128,1,0.97,0.906,0.0,0.798,3.105,8,928,0.914,session_ticket
controlled_weak_network_simulation,ticket_only,0.03,0.0,0,500,128,2,0.968,0.906,0.0,0.798,3.105,8,928,0.914,session_ticket
controlled_weak_network_simulation,ticket_only,0.03,0.0,0,500,128,3,0.966,0.906,0.0,0.798,3.105,8,928,0.914,session_ticket
controlled_weak_network_simulation,ticket_only,0.03,0.0,0,500,512,1,0.97,0.906,0.0,0.798,3.105,8,928,0.914,session_ticket
controlled_weak_network_simulation,ticket_only,0.03,0.0,0,500,512,2,0.968,0.906,0.0,0.798,3.105,8,928,0.914,session_ticket
controlled_weak_network_simulation,ticket_only,0.03,0.0,0,500,512,3,0.966,0.906,0.0,0.798,3.105,8,928,0.914,session_ticket
controlled_weak_network_simulation,ticket_only,0.03,0.0,0,1000,128,1,0.97,0.906,0.0,0.798,3.225,16,1696,0.914,session_ticket
controlled_weak_network_simulation,ticket_only,0.03,0.0,0,1000,128,2,0.968,0.906,0.0,0.798,3.225,16,1696,0.914,session_ticket
controlled_weak_network_simulation,ticket_only,0.03,0.0,0,1000,128,3,0.966,0.906,0.0,0.798,3.225,16,1696,0.914,session_ticket
controlled_weak_network_simulation,ticket_only,0.03,0.0,0,1000,512,1,0.97,0.906,0.0,0.798,3.225,16,1696,0.914,session_ticket
controlled_weak_network_simulation,ticket_only,0.03,0.0,0,1000,512,2,0.968,0.906,0.0,0.798,3.225,16,1696,0.914,session_ticket
controlled_weak_network_simulation,ticket_only,0.03,0.0,0,1000,512,3,0.966,0.906,0.0,0.798,3.225,16,1696,0.914,session_ticket
controlled_weak_network_simulation,ticket_only,0.03,0.0,50,100,128,1,0.97,0.87,0.0,0.798,53.015,2,352,0.89,session_ticket
controlled_weak_network_simulation,ticket_only,0.03,0.0,50,100,128,2,0.968,0.87,0.0,0.798,53.015,2,352,0.89,session_ticket
controlled_weak_network_simulation,ticket_only,0.03,0.0,50,100,128,3,0.966,0.87,0.0,0.798,53.015,2,352,0.89,session_ticket
controlled_weak_network_simulation,ticket_only,0.03,0.0,50,100,512,1,0.97,0.87,0.0,0.798,53.015,2,352,0.89,session_ticket
controlled_weak_network_simulation,ticket_only,0.03,0.0,50,100,512,2,0.968,0.87,0.0,0.798,53.015,2,352,0.89,session_ticket
controlled_weak_network_simulation,ticket_only,0.03,0.0,50,100,512,3,0.966,0.87,0.0,0.798,53.015,2,352,0.89,session_ticket
controlled_weak_network_simulation,ticket_only,0.03,0.0,50,500,128,1,0.97,0.87,0.0,0.798,53.105,8,928,0.89,session_ticket
controlled_weak_network_simulation,ticket_only,0.03,0.0,50,500,128,2,0.968,0.87,0.0,0.798,53.105,8,928,0.89,session_ticket
controlled_weak_network_simulation,ticket_only,0.03,0.0,50,500,128,3,0.966,0.87,0.0,0.798,53.105,8,928,0.89,session_ticket
controlled_weak_network_simulation,ticket_only,0.03,0.0,50,500,512,1,0.97,0.87,0.0,0.798,53.105,8,928,0.89,session_ticket
controlled_weak_network_simulation,ticket_only,0.03,0.0,50,500,512,2,0.968,0.87,0.0,0.798,53.105,8,928,0.89,session_ticket
controlled_weak_network_simulation,ticket_only,0.03,0.0,50,500,512,3,0.966,0.87,0.0,0.798,53.105,8,928,0.89,session_ticket
controlled_weak_network_simulation,ticket_only,0.03,0.0,50,1000,128,1,0.97,0.87,0.0,0.798,53.225,16,1696,0.89,session_ticket
controlled_weak_network_simulation,ticket_only,0.03,0.0,50,1000,128,2,0.968,0.87,0.0,0.798,53.225,16,1696,0.89,session_ticket
controlled_weak_network_simulation,ticket_only,0.03,0.0,50,1000,128,3,0.966,0.87,0.0,0.798,53.225,16,1696,0.89,session_ticket
controlled_weak_network_simulation,ticket_only,0.03,0.0,50,1000,512,1,0.97,0.87,0.0,0.798,53.225,16,1696,0.89,session_ticket
controlled_weak_network_simulation,ticket_only,0.03,0.0,50,1000,512,2,0.968,0.87,0.0,0.798,53.225,16,1696,0.89,session_ticket
controlled_weak_network_simulation,ticket_only,0.03,0.0,50,1000,512,3,0.966,0.87,0.0,0.798,53.225,16,1696,0.89,session_ticket
controlled_weak_network_simulation,ticket_only,0.03,0.0,100,100,128,1,0.97,0.834,0.0,0.798,103.015,2,352,0.866,session_ticket
controlled_weak_network_simulation,ticket_only,0.03,0.0,100,100,128,2,0.968,0.834,0.0,0.798,103.015,2,352,0.866,session_ticket
controlled_weak_network_simulation,ticket_only,0.03,0.0,100,100,128,3,0.966,0.834,0.0,0.798,103.015,2,352,0.866,session_ticket
controlled_weak_network_simulation,ticket_only,0.03,0.0,100,100,512,1,0.97,0.834,0.0,0.798,103.015,2,352,0.866,session_ticket
controlled_weak_network_simulation,ticket_only,0.03,0.0,100,100,512,2,0.968,0.834,0.0,0.798,103.015,2,352,0.866,session_ticket
controlled_weak_network_simulation,ticket_only,0.03,0.0,100,100,512,3,0.966,0.834,0.0,0.798,103.015,2,352,0.866,session_ticket
controlled_weak_network_simulation,ticket_only,0.03,0.0,100,500,128,1,0.97,0.834,0.0,0.798,103.105,8,928,0.866,session_ticket
controlled_weak_network_simulation,ticket_only,0.03,0.0,100,500,128,2,0.968,0.834,0.0,0.798,103.105,8,928,0.866,session_ticket
controlled_weak_network_simulation,ticket_only,0.03,0.0,100,500,128,3,0.966,0.834,0.0,0.798,103.105,8,928,0.866,session_ticket
controlled_weak_network_simulation,ticket_only,0.03,0.0,100,500,512,1,0.97,0.834,0.0,0.798,103.105,8,928,0.866,session_ticket
controlled_weak_network_simulation,ticket_only,0.03,0.0,100,500,512,2,0.968,0.834,0.0,0.798,103.105,8,928,0.866,session_ticket
controlled_weak_network_simulation,ticket_only,0.03,0.0,100,500,512,3,0.966,0.834,0.0,0.798,103.105,8,928,0.866,session_ticket
controlled_weak_network_simulation,ticket_only,0.03,0.0,100,1000,128,1,0.97,0.834,0.0,0.798,103.225,16,1696,0.866,session_ticket
controlled_weak_network_simulation,ticket_only,0.03,0.0,100,1000,128,2,0.968,0.834,0.0,0.798,103.225,16,1696,0.866,session_ticket
controlled_weak_network_simulation,ticket_only,0.03,0.0,100,1000,128,3,0.966,0.834,0.0,0.798,103.225,16,1696,0.866,session_ticket
controlled_weak_network_simulation,ticket_only,0.03,0.0,100,1000,512,1,0.97,0.834,0.0,0.798,103.225,16,1696,0.866,session_ticket
controlled_weak_network_simulation,ticket_only,0.03,0.0,100,1000,512,2,0.968,0.834,0.0,0.798,103.225,16,1696,0.866,session_ticket
controlled_weak_network_simulation,ticket_only,0.03,0.0,100,1000,512,3,0.966,0.834,0.0,0.798,103.225,16,1696,0.866,session_ticket
controlled_weak_network_simulation,ticket_only,0.03,0.0,200,100,128,1,0.97,0.762,0.0,0.798,203.015,2,352,0.818,session_ticket
controlled_weak_network_simulation,ticket_only,0.03,0.0,200,100,128,2,0.968,0.762,0.0,0.798,203.015,2,352,0.818,session_ticket
controlled_weak_network_simulation,ticket_only,0.03,0.0,200,100,128,3,0.966,0.762,0.0,0.798,203.015,2,352,0.818,session_ticket
controlled_weak_network_simulation,ticket_only,0.03,0.0,200,100,512,1,0.97,0.762,0.0,0.798,203.015,2,352,0.818,session_ticket
controlled_weak_network_simulation,ticket_only,0.03,0.0,200,100,512,2,0.968,0.762,0.0,0.798,203.015,2,352,0.818,session_ticket
controlled_weak_network_simulation,ticket_only,0.03,0.0,200,100,512,3,0.966,0.762,0.0,0.798,203.015,2,352,0.818,session_ticket
controlled_weak_network_simulation,ticket_only,0.03,0.0,200,500,128,1,0.97,0.762,0.0,0.798,203.105,8,928,0.818,session_ticket
controlled_weak_network_simulation,ticket_only,0.03,0.0,200,500,128,2,0.968,0.762,0.0,0.798,203.105,8,928,0.818,session_ticket
controlled_weak_network_simulation,ticket_only,0.03,0.0,200,500,128,3,0.966,0.762,0.0,0.798,203.105,8,928,0.818,session_ticket
controlled_weak_network_simulation,ticket_only,0.03,0.0,200,500,512,1,0.97,0.762,0.0,0.798,203.105,8,928,0.818,session_ticket
controlled_weak_network_simulation,ticket_only,0.03,0.0,200,500,512,2,0.968,0.762,0.0,0.798,203.105,8,928,0.818,session_ticket
controlled_weak_network_simulation,ticket_only,0.03,0.0,200,500,512,3,0.966,0.762,0.0,0.798,203.105,8,928,0.818,session_ticket
controlled_weak_network_simulation,ticket_only,0.03,0.0,200,1000,128,1,0.97,0.762,0.0,0.798,203.225,16,1696,0.818,session_ticket
controlled_weak_network_simulation,ticket_only,0.03,0.0,200,1000,128,2,0.968,0.762,0.0,0.798,203.225,16,1696,0.818,session_ticket
controlled_weak_network_simulation,ticket_only,0.03,0.0,200,1000,128,3,0.966,0.762,0.0,0.798,203.225,16,1696,0.818,session_ticket
controlled_weak_network_simulation,ticket_only,0.03,0.0,200,1000,512,1,0.97,0.762,0.0,0.798,203.225,16,1696,0.818,session_ticket
controlled_weak_network_simulation,ticket_only,0.03,0.0,200,1000,512,2,0.968,0.762,0.0,0.798,203.225,16,1696,0.818,session_ticket
controlled_weak_network_simulation,ticket_only,0.03,0.0,200,1000,512,3,0.966,0.762,0.0,0.798,203.225,16,1696,0.818,session_ticket
controlled_weak_network_simulation,ticket_only,0.03,0.01,0,100,128,1,0.9665,0.8952,0.0,0.798,3.015,2,352,0.9068,session_ticket
controlled_weak_network_simulation,ticket_only,0.03,0.01,0,100,128,2,0.9645,0.8952,0.0,0.798,3.015,2,352,0.9068,session_ticket
controlled_weak_network_simulation,ticket_only,0.03,0.01,0,100,128,3,0.9625,0.8952,0.0,0.798,3.015,2,352,0.9068,session_ticket
controlled_weak_network_simulation,ticket_only,0.03,0.01,0,100,512,1,0.9665,0.8952,0.0,0.798,3.015,2,352,0.9068,session_ticket
controlled_weak_network_simulation,ticket_only,0.03,0.01,0,100,512,2,0.9645,0.8952,0.0,0.798,3.015,2,352,0.9068,session_ticket
controlled_weak_network_simulation,ticket_only,0.03,0.01,0,100,512,3,0.9625,0.8952,0.0,0.798,3.015,2,352,0.9068,session_ticket
controlled_weak_network_simulation,ticket_only,0.03,0.01,0,500,128,1,0.9665,0.8952,0.0,0.798,3.105,8,928,0.9068,session_ticket
controlled_weak_network_simulation,ticket_only,0.03,0.01,0,500,128,2,0.9645,0.8952,0.0,0.798,3.105,8,928,0.9068,session_ticket
controlled_weak_network_simulation,ticket_only,0.03,0.01,0,500,128,3,0.9625,0.8952,0.0,0.798,3.105,8,928,0.9068,session_ticket
controlled_weak_network_simulation,ticket_only,0.03,0.01,0,500,512,1,0.9665,0.8952,0.0,0.798,3.105,8,928,0.9068,session_ticket
controlled_weak_network_simulation,ticket_only,0.03,0.01,0,500,512,2,0.9645,0.8952,0.0,0.798,3.105,8,928,0.9068,session_ticket
controlled_weak_network_simulation,ticket_only,0.03,0.01,0,500,512,3,0.9625,0.8952,0.0,0.798,3.105,8,928,0.9068,session_ticket
controlled_weak_network_simulation,ticket_only,0.03,0.01,0,1000,128,1,0.9665,0.8952,0.0,0.798,3.225,16,1696,0.9068,session_ticket
controlled_weak_network_simulation,ticket_only,0.03,0.01,0,1000,128,2,0.9645,0.8952,0.0,0.798,3.225,16,1696,0.9068,session_ticket
controlled_weak_network_simulation,ticket_only,0.03,0.01,0,1000,128,3,0.9625,0.8952,0.0,0.798,3.225,16,1696,0.9068,session_ticket
controlled_weak_network_simulation,ticket_only,0.03,0.01,0,1000,512,1,0.9665,0.8952,0.0,0.798,3.225,16,1696,0.9068,session_ticket
controlled_weak_network_simulation,ticket_only,0.03,0.01,0,1000,512,2,0.9645,0.8952,0.0,0.798,3.225,16,1696,0.9068,session_ticket
controlled_weak_network_simulation,ticket_only,0.03,0.01,0,1000,512,3,0.9625,0.8952,0.0,0.798,3.225,16,1696,0.9068,session_ticket
controlled_weak_network_simulation,ticket_only,0.03,0.01,50,100,128,1,0.9665,0.8592,0.0,0.798,53.015,2,352,0.8828,session_ticket
controlled_weak_network_simulation,ticket_only,0.03,0.01,50,100,128,2,0.9645,0.8592,0.0,0.798,53.015,2,352,0.8828,session_ticket
controlled_weak_network_simulation,ticket_only,0.03,0.01,50,100,128,3,0.9625,0.8592,0.0,0.798,53.015,2,352,0.8828,session_ticket
controlled_weak_network_simulation,ticket_only,0.03,0.01,50,100,512,1,0.9665,0.8592,0.0,0.798,53.015,2,352,0.8828,session_ticket
controlled_weak_network_simulation,ticket_only,0.03,0.01,50,100,512,2,0.9645,0.8592,0.0,0.798,53.015,2,352,0.8828,session_ticket
controlled_weak_network_simulation,ticket_only,0.03,0.01,50,100,512,3,0.9625,0.8592,0.0,0.798,53.015,2,352,0.8828,session_ticket
controlled_weak_network_simulation,ticket_only,0.03,0.01,50,500,128,1,0.9665,0.8592,0.0,0.798,53.105,8,928,0.8828,session_ticket
controlled_weak_network_simulation,ticket_only,0.03,0.01,50,500,128,2,0.9645,0.8592,0.0,0.798,53.105,8,928,0.8828,session_ticket
controlled_weak_network_simulation,ticket_only,0.03,0.01,50,500,128,3,0.9625,0.8592,0.0,0.798,53.105,8,928,0.8828,session_ticket
controlled_weak_network_simulation,ticket_only,0.03,0.01,50,500,512,1,0.9665,0.8592,0.0,0.798,53.105,8,928,0.8828,session_ticket
controlled_weak_network_simulation,ticket_only,0.03,0.01,50,500,512,2,0.9645,0.8592,0.0,0.798,53.105,8,928,0.8828,session_ticket
controlled_weak_network_simulation,ticket_only,0.03,0.01,50,500,512,3,0.9625,0.8592,0.0,0.798,53.105,8,928,0.8828,session_ticket
controlled_weak_network_simulation,ticket_only,0.03,0.01,50,1000,128,1,0.9665,0.8592,0.0,0.798,53.225,16,1696,0.8828,session_ticket
controlled_weak_network_simulation,ticket_only,0.03,0.01,50,1000,128,2,0.9645,0.8592,0.0,0.798,53.225,16,1696,0.8828,session_ticket
controlled_weak_network_simulation,ticket_only,0.03,0.01,50,1000,128,3,0.9625,0.8592,0.0,0.798,53.225,16,1696,0.8828,session_ticket
controlled_weak_network_simulation,ticket_only,0.03,0.01,50,1000,512,1,0.9665,0.8592,0.0,0.798,53.225,16,1696,0.8828,session_ticket
controlled_weak_network_simulation,ticket_only,0.03,0.01,50,1000,512,2,0.9645,0.8592,0.0,0.798,53.225,16,1696,0.8828,session_ticket
controlled_weak_network_simulation,ticket_only,0.03,0.01,50,1000,512,3,0.9625,0.8592,0.0,0.798,53.225,16,1696,0.8828,session_ticket
controlled_weak_network_simulation,ticket_only,0.03,0.01,100,100,128,1,0.9665,0.8232,0.0,0.798,103.015,2,352,0.8588,session_ticket
controlled_weak_network_simulation,ticket_only,0.03,0.01,100,100,128,2,0.9645,0.8232,0.0,0.798,103.015,2,352,0.8588,session_ticket
controlled_weak_network_simulation,ticket_only,0.03,0.01,100,100,128,3,0.9625,0.8232,0.0,0.798,103.015,2,352,0.8588,session_ticket
controlled_weak_network_simulation,ticket_only,0.03,0.01,100,100,512,1,0.9665,0.8232,0.0,0.798,103.015,2,352,0.8588,session_ticket
controlled_weak_network_simulation,ticket_only,0.03,0.01,100,100,512,2,0.9645,0.8232,0.0,0.798,103.015,2,352,0.8588,session_ticket
controlled_weak_network_simulation,ticket_only,0.03,0.01,100,100,512,3,0.9625,0.8232,0.0,0.798,103.015,2,352,0.8588,session_ticket
controlled_weak_network_simulation,ticket_only,0.03,0.01,100,500,128,1,0.9665,0.8232,0.0,0.798,103.105,8,928,0.8588,session_ticket
controlled_weak_network_simulation,ticket_only,0.03,0.01,100,500,128,2,0.9645,0.8232,0.0,0.798,103.105,8,928,0.8588,session_ticket
controlled_weak_network_simulation,ticket_only,0.03,0.01,100,500,128,3,0.9625,0.8232,0.0,0.798,103.105,8,928,0.8588,session_ticket
controlled_weak_network_simulation,ticket_only,0.03,0.01,100,500,512,1,0.9665,0.8232,0.0,0.798,103.105,8,928,0.8588,session_ticket
controlled_weak_network_simulation,ticket_only,0.03,0.01,100,500,512,2,0.9645,0.8232,0.0,0.798,103.105,8,928,0.8588,session_ticket
controlled_weak_network_simulation,ticket_only,0.03,0.01,100,500,512,3,0.9625,0.8232,0.0,0.798,103.105,8,928,0.8588,session_ticket
controlled_weak_network_simulation,ticket_only,0.03,0.01,100,1000,128,1,0.9665,0.8232,0.0,0.798,103.225,16,1696,0.8588,session_ticket
controlled_weak_network_simulation,ticket_only,0.03,0.01,100,1000,128,2,0.9645,0.8232,0.0,0.798,103.225,16,1696,0.8588,session_ticket
controlled_weak_network_simulation,ticket_only,0.03,0.01,100,1000,128,3,0.9625,0.8232,0.0,0.798,103.225,16,1696,0.8588,session_ticket
controlled_weak_network_simulation,ticket_only,0.03,0.01,100,1000,512,1,0.9665,0.8232,0.0,0.798,103.225,16,1696,0.8588,session_ticket
controlled_weak_network_simulation,ticket_only,0.03,0.01,100,1000,512,2,0.9645,0.8232,0.0,0.798,103.225,16,1696,0.8588,session_ticket
controlled_weak_network_simulation,ticket_only,0.03,0.01,100,1000,512,3,0.9625,0.8232,0.0,0.798,103.225,16,1696,0.8588,session_ticket
controlled_weak_network_simulation,ticket_only,0.03,0.01,200,100,128,1,0.9665,0.7512,0.0,0.798,203.015,2,352,0.8108,session_ticket
controlled_weak_network_simulation,ticket_only,0.03,0.01,200,100,128,2,0.9645,0.7512,0.0,0.798,203.015,2,352,0.8108,session_ticket
controlled_weak_network_simulation,ticket_only,0.03,0.01,200,100,128,3,0.9625,0.7512,0.0,0.798,203.015,2,352,0.8108,session_ticket
controlled_weak_network_simulation,ticket_only,0.03,0.01,200,100,512,1,0.9665,0.7512,0.0,0.798,203.015,2,352,0.8108,session_ticket
controlled_weak_network_simulation,ticket_only,0.03,0.01,200,100,512,2,0.9645,0.7512,0.0,0.798,203.015,2,352,0.8108,session_ticket
controlled_weak_network_simulation,ticket_only,0.03,0.01,200,100,512,3,0.9625,0.7512,0.0,0.798,203.015,2,352,0.8108,session_ticket
controlled_weak_network_simulation,ticket_only,0.03,0.01,200,500,128,1,0.9665,0.7512,0.0,0.798,203.105,8,928,0.8108,session_ticket
controlled_weak_network_simulation,ticket_only,0.03,0.01,200,500,128,2,0.9645,0.7512,0.0,0.798,203.105,8,928,0.8108,session_ticket
controlled_weak_network_simulation,ticket_only,0.03,0.01,200,500,128,3,0.9625,0.7512,0.0,0.798,203.105,8,928,0.8108,session_ticket
controlled_weak_network_simulation,ticket_only,0.03,0.01,200,500,512,1,0.9665,0.7512,0.0,0.798,203.105,8,928,0.8108,session_ticket
controlled_weak_network_simulation,ticket_only,0.03,0.01,200,500,512,2,0.9645,0.7512,0.0,0.798,203.105,8,928,0.8108,session_ticket
controlled_weak_network_simulation,ticket_only,0.03,0.01,200,500,512,3,0.9625,0.7512,0.0,0.798,203.105,8,928,0.8108,session_ticket
controlled_weak_network_simulation,ticket_only,0.03,0.01,200,1000,128,1,0.9665,0.7512,0.0,0.798,203.225,16,1696,0.8108,session_ticket
controlled_weak_network_simulation,ticket_only,0.03,0.01,200,1000,128,2,0.9645,0.7512,0.0,0.798,203.225,16,1696,0.8108,session_ticket
controlled_weak_network_simulation,ticket_only,0.03,0.01,200,1000,128,3,0.9625,0.7512,0.0,0.798,203.225,16,1696,0.8108,session_ticket
controlled_weak_network_simulation,ticket_only,0.03,0.01,200,1000,512,1,0.9665,0.7512,0.0,0.798,203.225,16,1696,0.8108,session_ticket
controlled_weak_network_simulation,ticket_only,0.03,0.01,200,1000,512,2,0.9645,0.7512,0.0,0.798,203.225,16,1696,0.8108,session_ticket
controlled_weak_network_simulation,ticket_only,0.03,0.01,200,1000,512,3,0.9625,0.7512,0.0,0.798,203.225,16,1696,0.8108,session_ticket
controlled_weak_network_simulation,ticket_only,0.03,0.03,0,100,128,1,0.9595,0.8736,0.0,0.798,3.015,2,352,0.8924,session_ticket
controlled_weak_network_simulation,ticket_only,0.03,0.03,0,100,128,2,0.9575,0.8736,0.0,0.798,3.015,2,352,0.8924,session_ticket
controlled_weak_network_simulation,ticket_only,0.03,0.03,0,100,128,3,0.9555,0.8736,0.0,0.798,3.015,2,352,0.8924,session_ticket
controlled_weak_network_simulation,ticket_only,0.03,0.03,0,100,512,1,0.9595,0.8736,0.0,0.798,3.015,2,352,0.8924,session_ticket
controlled_weak_network_simulation,ticket_only,0.03,0.03,0,100,512,2,0.9575,0.8736,0.0,0.798,3.015,2,352,0.8924,session_ticket
controlled_weak_network_simulation,ticket_only,0.03,0.03,0,100,512,3,0.9555,0.8736,0.0,0.798,3.015,2,352,0.8924,session_ticket
controlled_weak_network_simulation,ticket_only,0.03,0.03,0,500,128,1,0.9595,0.8736,0.0,0.798,3.105,8,928,0.8924,session_ticket
controlled_weak_network_simulation,ticket_only,0.03,0.03,0,500,128,2,0.9575,0.8736,0.0,0.798,3.105,8,928,0.8924,session_ticket
controlled_weak_network_simulation,ticket_only,0.03,0.03,0,500,128,3,0.9555,0.8736,0.0,0.798,3.105,8,928,0.8924,session_ticket
controlled_weak_network_simulation,ticket_only,0.03,0.03,0,500,512,1,0.9595,0.8736,0.0,0.798,3.105,8,928,0.8924,session_ticket
controlled_weak_network_simulation,ticket_only,0.03,0.03,0,500,512,2,0.9575,0.8736,0.0,0.798,3.105,8,928,0.8924,session_ticket
controlled_weak_network_simulation,ticket_only,0.03,0.03,0,500,512,3,0.9555,0.8736,0.0,0.798,3.105,8,928,0.8924,session_ticket
controlled_weak_network_simulation,ticket_only,0.03,0.03,0,1000,128,1,0.9595,0.8736,0.0,0.798,3.225,16,1696,0.8924,session_ticket
controlled_weak_network_simulation,ticket_only,0.03,0.03,0,1000,128,2,0.9575,0.8736,0.0,0.798,3.225,16,1696,0.8924,session_ticket
controlled_weak_network_simulation,ticket_only,0.03,0.03,0,1000,128,3,0.9555,0.8736,0.0,0.798,3.225,16,1696,0.8924,session_ticket
controlled_weak_network_simulation,ticket_only,0.03,0.03,0,1000,512,1,0.9595,0.8736,0.0,0.798,3.225,16,1696,0.8924,session_ticket
controlled_weak_network_simulation,ticket_only,0.03,0.03,0,1000,512,2,0.9575,0.8736,0.0,0.798,3.225,16,1696,0.8924,session_ticket
controlled_weak_network_simulation,ticket_only,0.03,0.03,0,1000,512,3,0.9555,0.8736,0.0,0.798,3.225,16,1696,0.8924,session_ticket
controlled_weak_network_simulation,ticket_only,0.03,0.03,50,100,128,1,0.9595,0.8376,0.0,0.798,53.015,2,352,0.8684,session_ticket
controlled_weak_network_simulation,ticket_only,0.03,0.03,50,100,128,2,0.9575,0.8376,0.0,0.798,53.015,2,352,0.8684,session_ticket
controlled_weak_network_simulation,ticket_only,0.03,0.03,50,100,128,3,0.9555,0.8376,0.0,0.798,53.015,2,352,0.8684,session_ticket
controlled_weak_network_simulation,ticket_only,0.03,0.03,50,100,512,1,0.9595,0.8376,0.0,0.798,53.015,2,352,0.8684,session_ticket
controlled_weak_network_simulation,ticket_only,0.03,0.03,50,100,512,2,0.9575,0.8376,0.0,0.798,53.015,2,352,0.8684,session_ticket
controlled_weak_network_simulation,ticket_only,0.03,0.03,50,100,512,3,0.9555,0.8376,0.0,0.798,53.015,2,352,0.8684,session_ticket
controlled_weak_network_simulation,ticket_only,0.03,0.03,50,500,128,1,0.9595,0.8376,0.0,0.798,53.105,8,928,0.8684,session_ticket
controlled_weak_network_simulation,ticket_only,0.03,0.03,50,500,128,2,0.9575,0.8376,0.0,0.798,53.105,8,928,0.8684,session_ticket
controlled_weak_network_simulation,ticket_only,0.03,0.03,50,500,128,3,0.9555,0.8376,0.0,0.798,53.105,8,928,0.8684,session_ticket
controlled_weak_network_simulation,ticket_only,0.03,0.03,50,500,512,1,0.9595,0.8376,0.0,0.798,53.105,8,928,0.8684,session_ticket
controlled_weak_network_simulation,ticket_only,0.03,0.03,50,500,512,2,0.9575,0.8376,0.0,0.798,53.105,8,928,0.8684,session_ticket
controlled_weak_network_simulation,ticket_only,0.03,0.03,50,500,512,3,0.9555,0.8376,0.0,0.798,53.105,8,928,0.8684,session_ticket
controlled_weak_network_simulation,ticket_only,0.03,0.03,50,1000,128,1,0.9595,0.8376,0.0,0.798,53.225,16,1696,0.8684,session_ticket
controlled_weak_network_simulation,ticket_only,0.03,0.03,50,1000,128,2,0.9575,0.8376,0.0,0.798,53.225,16,1696,0.8684,session_ticket
controlled_weak_network_simulation,ticket_only,0.03,0.03,50,1000,128,3,0.9555,0.8376,0.0,0.798,53.225,16,1696,0.8684,session_ticket
controlled_weak_network_simulation,ticket_only,0.03,0.03,50,1000,512,1,0.9595,0.8376,0.0,0.798,53.225,16,1696,0.8684,session_ticket
controlled_weak_network_simulation,ticket_only,0.03,0.03,50,1000,512,2,0.9575,0.8376,0.0,0.798,53.225,16,1696,0.8684,session_ticket
controlled_weak_network_simulation,ticket_only,0.03,0.03,50,1000,512,3,0.9555,0.8376,0.0,0.798,53.225,16,1696,0.8684,session_ticket
controlled_weak_network_simulation,ticket_only,0.03,0.03,100,100,128,1,0.9595,0.8016,0.0,0.798,103.015,2,352,0.8444,session_ticket
controlled_weak_network_simulation,ticket_only,0.03,0.03,100,100,128,2,0.9575,0.8016,0.0,0.798,103.015,2,352,0.8444,session_ticket
controlled_weak_network_simulation,ticket_only,0.03,0.03,100,100,128,3,0.9555,0.8016,0.0,0.798,103.015,2,352,0.8444,session_ticket
controlled_weak_network_simulation,ticket_only,0.03,0.03,100,100,512,1,0.9595,0.8016,0.0,0.798,103.015,2,352,0.8444,session_ticket
controlled_weak_network_simulation,ticket_only,0.03,0.03,100,100,512,2,0.9575,0.8016,0.0,0.798,103.015,2,352,0.8444,session_ticket
controlled_weak_network_simulation,ticket_only,0.03,0.03,100,100,512,3,0.9555,0.8016,0.0,0.798,103.015,2,352,0.8444,session_ticket
controlled_weak_network_simulation,ticket_only,0.03,0.03,100,500,128,1,0.9595,0.8016,0.0,0.798,103.105,8,928,0.8444,session_ticket
controlled_weak_network_simulation,ticket_only,0.03,0.03,100,500,128,2,0.9575,0.8016,0.0,0.798,103.105,8,928,0.8444,session_ticket
controlled_weak_network_simulation,ticket_only,0.03,0.03,100,500,128,3,0.9555,0.8016,0.0,0.798,103.105,8,928,0.8444,session_ticket
controlled_weak_network_simulation,ticket_only,0.03,0.03,100,500,512,1,0.9595,0.8016,0.0,0.798,103.105,8,928,0.8444,session_ticket
controlled_weak_network_simulation,ticket_only,0.03,0.03,100,500,512,2,0.9575,0.8016,0.0,0.798,103.105,8,928,0.8444,session_ticket
controlled_weak_network_simulation,ticket_only,0.03,0.03,100,500,512,3,0.9555,0.8016,0.0,0.798,103.105,8,928,0.8444,session_ticket
controlled_weak_network_simulation,ticket_only,0.03,0.03,100,1000,128,1,0.9595,0.8016,0.0,0.798,103.225,16,1696,0.8444,session_ticket
controlled_weak_network_simulation,ticket_only,0.03,0.03,100,1000,128,2,0.9575,0.8016,0.0,0.798,103.225,16,1696,0.8444,session_ticket
controlled_weak_network_simulation,ticket_only,0.03,0.03,100,1000,128,3,0.9555,0.8016,0.0,0.798,103.225,16,1696,0.8444,session_ticket
controlled_weak_network_simulation,ticket_only,0.03,0.03,100,1000,512,1,0.9595,0.8016,0.0,0.798,103.225,16,1696,0.8444,session_ticket
controlled_weak_network_simulation,ticket_only,0.03,0.03,100,1000,512,2,0.9575,0.8016,0.0,0.798,103.225,16,1696,0.8444,session_ticket
controlled_weak_network_simulation,ticket_only,0.03,0.03,100,1000,512,3,0.9555,0.8016,0.0,0.798,103.225,16,1696,0.8444,session_ticket
controlled_weak_network_simulation,ticket_only,0.03,0.03,200,100,128,1,0.9595,0.7296,0.0,0.798,203.015,2,352,0.7964,session_ticket
controlled_weak_network_simulation,ticket_only,0.03,0.03,200,100,128,2,0.9575,0.7296,0.0,0.798,203.015,2,352,0.7964,session_ticket
controlled_weak_network_simulation,ticket_only,0.03,0.03,200,100,128,3,0.9555,0.7296,0.0,0.798,203.015,2,352,0.7964,session_ticket
controlled_weak_network_simulation,ticket_only,0.03,0.03,200,100,512,1,0.9595,0.7296,0.0,0.798,203.015,2,352,0.7964,session_ticket
controlled_weak_network_simulation,ticket_only,0.03,0.03,200,100,512,2,0.9575,0.7296,0.0,0.798,203.015,2,352,0.7964,session_ticket
controlled_weak_network_simulation,ticket_only,0.03,0.03,200,100,512,3,0.9555,0.7296,0.0,0.798,203.015,2,352,0.7964,session_ticket
controlled_weak_network_simulation,ticket_only,0.03,0.03,200,500,128,1,0.9595,0.7296,0.0,0.798,203.105,8,928,0.7964,session_ticket
controlled_weak_network_simulation,ticket_only,0.03,0.03,200,500,128,2,0.9575,0.7296,0.0,0.798,203.105,8,928,0.7964,session_ticket
controlled_weak_network_simulation,ticket_only,0.03,0.03,200,500,128,3,0.9555,0.7296,0.0,0.798,203.105,8,928,0.7964,session_ticket
controlled_weak_network_simulation,ticket_only,0.03,0.03,200,500,512,1,0.9595,0.7296,0.0,0.798,203.105,8,928,0.7964,session_ticket
controlled_weak_network_simulation,ticket_only,0.03,0.03,200,500,512,2,0.9575,0.7296,0.0,0.798,203.105,8,928,0.7964,session_ticket
controlled_weak_network_simulation,ticket_only,0.03,0.03,200,500,512,3,0.9555,0.7296,0.0,0.798,203.105,8,928,0.7964,session_ticket
controlled_weak_network_simulation,ticket_only,0.03,0.03,200,1000,128,1,0.9595,0.7296,0.0,0.798,203.225,16,1696,0.7964,session_ticket
controlled_weak_network_simulation,ticket_only,0.03,0.03,200,1000,128,2,0.9575,0.7296,0.0,0.798,203.225,16,1696,0.7964,session_ticket
controlled_weak_network_simulation,ticket_only,0.03,0.03,200,1000,128,3,0.9555,0.7296,0.0,0.798,203.225,16,1696,0.7964,session_ticket
controlled_weak_network_simulation,ticket_only,0.03,0.03,200,1000,512,1,0.9595,0.7296,0.0,0.798,203.225,16,1696,0.7964,session_ticket
controlled_weak_network_simulation,ticket_only,0.03,0.03,200,1000,512,2,0.9575,0.7296,0.0,0.798,203.225,16,1696,0.7964,session_ticket
controlled_weak_network_simulation,ticket_only,0.03,0.03,200,1000,512,3,0.9555,0.7296,0.0,0.798,203.225,16,1696,0.7964,session_ticket
controlled_weak_network_simulation,ticket_only,0.05,0.0,0,100,128,1,0.95,0.87,0.0,0.81,3.03,3,448,0.89,session_ticket
controlled_weak_network_simulation,ticket_only,0.05,0.0,0,100,128,2,0.948,0.87,0.0,0.81,3.03,3,448,0.89,session_ticket
controlled_weak_network_simulation,ticket_only,0.05,0.0,0,100,128,3,0.946,0.87,0.0,0.81,3.03,3,448,0.89,session_ticket
controlled_weak_network_simulation,ticket_only,0.05,0.0,0,100,512,1,0.95,0.87,0.0,0.81,3.03,3,448,0.89,session_ticket
controlled_weak_network_simulation,ticket_only,0.05,0.0,0,100,512,2,0.948,0.87,0.0,0.81,3.03,3,448,0.89,session_ticket
controlled_weak_network_simulation,ticket_only,0.05,0.0,0,100,512,3,0.946,0.87,0.0,0.81,3.03,3,448,0.89,session_ticket
controlled_weak_network_simulation,ticket_only,0.05,0.0,0,500,128,1,0.95,0.87,0.0,0.81,3.18,13,1408,0.89,session_ticket
controlled_weak_network_simulation,ticket_only,0.05,0.0,0,500,128,2,0.948,0.87,0.0,0.81,3.18,13,1408,0.89,session_ticket
controlled_weak_network_simulation,ticket_only,0.05,0.0,0,500,128,3,0.946,0.87,0.0,0.81,3.18,13,1408,0.89,session_ticket
controlled_weak_network_simulation,ticket_only,0.05,0.0,0,500,512,1,0.95,0.87,0.0,0.81,3.18,13,1408,0.89,session_ticket
controlled_weak_network_simulation,ticket_only,0.05,0.0,0,500,512,2,0.948,0.87,0.0,0.81,3.18,13,1408,0.89,session_ticket
controlled_weak_network_simulation,ticket_only,0.05,0.0,0,500,512,3,0.946,0.87,0.0,0.81,3.18,13,1408,0.89,session_ticket
controlled_weak_network_simulation,ticket_only,0.05,0.0,0,1000,128,1,0.95,0.87,0.0,0.81,3.375,26,2656,0.89,session_ticket
controlled_weak_network_simulation,ticket_only,0.05,0.0,0,1000,128,2,0.948,0.87,0.0,0.81,3.375,26,2656,0.89,session_ticket
controlled_weak_network_simulation,ticket_only,0.05,0.0,0,1000,128,3,0.946,0.87,0.0,0.81,3.375,26,2656,0.89,session_ticket
controlled_weak_network_simulation,ticket_only,0.05,0.0,0,1000,512,1,0.95,0.87,0.0,0.81,3.375,26,2656,0.89,session_ticket
controlled_weak_network_simulation,ticket_only,0.05,0.0,0,1000,512,2,0.948,0.87,0.0,0.81,3.375,26,2656,0.89,session_ticket
controlled_weak_network_simulation,ticket_only,0.05,0.0,0,1000,512,3,0.946,0.87,0.0,0.81,3.375,26,2656,0.89,session_ticket
controlled_weak_network_simulation,ticket_only,0.05,0.0,50,100,128,1,0.95,0.834,0.0,0.81,53.03,3,448,0.866,session_ticket
controlled_weak_network_simulation,ticket_only,0.05,0.0,50,100,128,2,0.948,0.834,0.0,0.81,53.03,3,448,0.866,session_ticket
controlled_weak_network_simulation,ticket_only,0.05,0.0,50,100,128,3,0.946,0.834,0.0,0.81,53.03,3,448,0.866,session_ticket
controlled_weak_network_simulation,ticket_only,0.05,0.0,50,100,512,1,0.95,0.834,0.0,0.81,53.03,3,448,0.866,session_ticket
controlled_weak_network_simulation,ticket_only,0.05,0.0,50,100,512,2,0.948,0.834,0.0,0.81,53.03,3,448,0.866,session_ticket
controlled_weak_network_simulation,ticket_only,0.05,0.0,50,100,512,3,0.946,0.834,0.0,0.81,53.03,3,448,0.866,session_ticket
controlled_weak_network_simulation,ticket_only,0.05,0.0,50,500,128,1,0.95,0.834,0.0,0.81,53.18,13,1408,0.866,session_ticket
controlled_weak_network_simulation,ticket_only,0.05,0.0,50,500,128,2,0.948,0.834,0.0,0.81,53.18,13,1408,0.866,session_ticket
controlled_weak_network_simulation,ticket_only,0.05,0.0,50,500,128,3,0.946,0.834,0.0,0.81,53.18,13,1408,0.866,session_ticket
controlled_weak_network_simulation,ticket_only,0.05,0.0,50,500,512,1,0.95,0.834,0.0,0.81,53.18,13,1408,0.866,session_ticket
controlled_weak_network_simulation,ticket_only,0.05,0.0,50,500,512,2,0.948,0.834,0.0,0.81,53.18,13,1408,0.866,session_ticket
controlled_weak_network_simulation,ticket_only,0.05,0.0,50,500,512,3,0.946,0.834,0.0,0.81,53.18,13,1408,0.866,session_ticket
controlled_weak_network_simulation,ticket_only,0.05,0.0,50,1000,128,1,0.95,0.834,0.0,0.81,53.375,26,2656,0.866,session_ticket
controlled_weak_network_simulation,ticket_only,0.05,0.0,50,1000,128,2,0.948,0.834,0.0,0.81,53.375,26,2656,0.866,session_ticket
controlled_weak_network_simulation,ticket_only,0.05,0.0,50,1000,128,3,0.946,0.834,0.0,0.81,53.375,26,2656,0.866,session_ticket
controlled_weak_network_simulation,ticket_only,0.05,0.0,50,1000,512,1,0.95,0.834,0.0,0.81,53.375,26,2656,0.866,session_ticket
controlled_weak_network_simulation,ticket_only,0.05,0.0,50,1000,512,2,0.948,0.834,0.0,0.81,53.375,26,2656,0.866,session_ticket
controlled_weak_network_simulation,ticket_only,0.05,0.0,50,1000,512,3,0.946,0.834,0.0,0.81,53.375,26,2656,0.866,session_ticket
controlled_weak_network_simulation,ticket_only,0.05,0.0,100,100,128,1,0.95,0.798,0.0,0.81,103.03,3,448,0.842,session_ticket
controlled_weak_network_simulation,ticket_only,0.05,0.0,100,100,128,2,0.948,0.798,0.0,0.81,103.03,3,448,0.842,session_ticket
controlled_weak_network_simulation,ticket_only,0.05,0.0,100,100,128,3,0.946,0.798,0.0,0.81,103.03,3,448,0.842,session_ticket
controlled_weak_network_simulation,ticket_only,0.05,0.0,100,100,512,1,0.95,0.798,0.0,0.81,103.03,3,448,0.842,session_ticket
controlled_weak_network_simulation,ticket_only,0.05,0.0,100,100,512,2,0.948,0.798,0.0,0.81,103.03,3,448,0.842,session_ticket
controlled_weak_network_simulation,ticket_only,0.05,0.0,100,100,512,3,0.946,0.798,0.0,0.81,103.03,3,448,0.842,session_ticket
controlled_weak_network_simulation,ticket_only,0.05,0.0,100,500,128,1,0.95,0.798,0.0,0.81,103.18,13,1408,0.842,session_ticket
controlled_weak_network_simulation,ticket_only,0.05,0.0,100,500,128,2,0.948,0.798,0.0,0.81,103.18,13,1408,0.842,session_ticket
controlled_weak_network_simulation,ticket_only,0.05,0.0,100,500,128,3,0.946,0.798,0.0,0.81,103.18,13,1408,0.842,session_ticket
controlled_weak_network_simulation,ticket_only,0.05,0.0,100,500,512,1,0.95,0.798,0.0,0.81,103.18,13,1408,0.842,session_ticket
controlled_weak_network_simulation,ticket_only,0.05,0.0,100,500,512,2,0.948,0.798,0.0,0.81,103.18,13,1408,0.842,session_ticket
controlled_weak_network_simulation,ticket_only,0.05,0.0,100,500,512,3,0.946,0.798,0.0,0.81,103.18,13,1408,0.842,session_ticket
controlled_weak_network_simulation,ticket_only,0.05,0.0,100,1000,128,1,0.95,0.798,0.0,0.81,103.375,26,2656,0.842,session_ticket
controlled_weak_network_simulation,ticket_only,0.05,0.0,100,1000,128,2,0.948,0.798,0.0,0.81,103.375,26,2656,0.842,session_ticket
controlled_weak_network_simulation,ticket_only,0.05,0.0,100,1000,128,3,0.946,0.798,0.0,0.81,103.375,26,2656,0.842,session_ticket
controlled_weak_network_simulation,ticket_only,0.05,0.0,100,1000,512,1,0.95,0.798,0.0,0.81,103.375,26,2656,0.842,session_ticket
controlled_weak_network_simulation,ticket_only,0.05,0.0,100,1000,512,2,0.948,0.798,0.0,0.81,103.375,26,2656,0.842,session_ticket
controlled_weak_network_simulation,ticket_only,0.05,0.0,100,1000,512,3,0.946,0.798,0.0,0.81,103.375,26,2656,0.842,session_ticket
controlled_weak_network_simulation,ticket_only,0.05,0.0,200,100,128,1,0.95,0.726,0.0,0.81,203.03,3,448,0.794,session_ticket
controlled_weak_network_simulation,ticket_only,0.05,0.0,200,100,128,2,0.948,0.726,0.0,0.81,203.03,3,448,0.794,session_ticket
controlled_weak_network_simulation,ticket_only,0.05,0.0,200,100,128,3,0.946,0.726,0.0,0.81,203.03,3,448,0.794,session_ticket
controlled_weak_network_simulation,ticket_only,0.05,0.0,200,100,512,1,0.95,0.726,0.0,0.81,203.03,3,448,0.794,session_ticket
controlled_weak_network_simulation,ticket_only,0.05,0.0,200,100,512,2,0.948,0.726,0.0,0.81,203.03,3,448,0.794,session_ticket
controlled_weak_network_simulation,ticket_only,0.05,0.0,200,100,512,3,0.946,0.726,0.0,0.81,203.03,3,448,0.794,session_ticket
controlled_weak_network_simulation,ticket_only,0.05,0.0,200,500,128,1,0.95,0.726,0.0,0.81,203.18,13,1408,0.794,session_ticket
controlled_weak_network_simulation,ticket_only,0.05,0.0,200,500,128,2,0.948,0.726,0.0,0.81,203.18,13,1408,0.794,session_ticket
controlled_weak_network_simulation,ticket_only,0.05,0.0,200,500,128,3,0.946,0.726,0.0,0.81,203.18,13,1408,0.794,session_ticket
controlled_weak_network_simulation,ticket_only,0.05,0.0,200,500,512,1,0.95,0.726,0.0,0.81,203.18,13,1408,0.794,session_ticket
controlled_weak_network_simulation,ticket_only,0.05,0.0,200,500,512,2,0.948,0.726,0.0,0.81,203.18,13,1408,0.794,session_ticket
controlled_weak_network_simulation,ticket_only,0.05,0.0,200,500,512,3,0.946,0.726,0.0,0.81,203.18,13,1408,0.794,session_ticket
controlled_weak_network_simulation,ticket_only,0.05,0.0,200,1000,128,1,0.95,0.726,0.0,0.81,203.375,26,2656,0.794,session_ticket
controlled_weak_network_simulation,ticket_only,0.05,0.0,200,1000,128,2,0.948,0.726,0.0,0.81,203.375,26,2656,0.794,session_ticket
controlled_weak_network_simulation,ticket_only,0.05,0.0,200,1000,128,3,0.946,0.726,0.0,0.81,203.375,26,2656,0.794,session_ticket
controlled_weak_network_simulation,ticket_only,0.05,0.0,200,1000,512,1,0.95,0.726,0.0,0.81,203.375,26,2656,0.794,session_ticket
controlled_weak_network_simulation,ticket_only,0.05,0.0,200,1000,512,2,0.948,0.726,0.0,0.81,203.375,26,2656,0.794,session_ticket
controlled_weak_network_simulation,ticket_only,0.05,0.0,200,1000,512,3,0.946,0.726,0.0,0.81,203.375,26,2656,0.794,session_ticket
controlled_weak_network_simulation,ticket_only,0.05,0.01,0,100,128,1,0.9465,0.8592,0.0,0.81,3.03,3,448,0.8828,session_ticket
controlled_weak_network_simulation,ticket_only,0.05,0.01,0,100,128,2,0.9445,0.8592,0.0,0.81,3.03,3,448,0.8828,session_ticket
controlled_weak_network_simulation,ticket_only,0.05,0.01,0,100,128,3,0.9425,0.8592,0.0,0.81,3.03,3,448,0.8828,session_ticket
controlled_weak_network_simulation,ticket_only,0.05,0.01,0,100,512,1,0.9465,0.8592,0.0,0.81,3.03,3,448,0.8828,session_ticket
controlled_weak_network_simulation,ticket_only,0.05,0.01,0,100,512,2,0.9445,0.8592,0.0,0.81,3.03,3,448,0.8828,session_ticket
controlled_weak_network_simulation,ticket_only,0.05,0.01,0,100,512,3,0.9425,0.8592,0.0,0.81,3.03,3,448,0.8828,session_ticket
controlled_weak_network_simulation,ticket_only,0.05,0.01,0,500,128,1,0.9465,0.8592,0.0,0.81,3.18,13,1408,0.8828,session_ticket
controlled_weak_network_simulation,ticket_only,0.05,0.01,0,500,128,2,0.9445,0.8592,0.0,0.81,3.18,13,1408,0.8828,session_ticket
controlled_weak_network_simulation,ticket_only,0.05,0.01,0,500,128,3,0.9425,0.8592,0.0,0.81,3.18,13,1408,0.8828,session_ticket
controlled_weak_network_simulation,ticket_only,0.05,0.01,0,500,512,1,0.9465,0.8592,0.0,0.81,3.18,13,1408,0.8828,session_ticket
controlled_weak_network_simulation,ticket_only,0.05,0.01,0,500,512,2,0.9445,0.8592,0.0,0.81,3.18,13,1408,0.8828,session_ticket
controlled_weak_network_simulation,ticket_only,0.05,0.01,0,500,512,3,0.9425,0.8592,0.0,0.81,3.18,13,1408,0.8828,session_ticket
controlled_weak_network_simulation,ticket_only,0.05,0.01,0,1000,128,1,0.9465,0.8592,0.0,0.81,3.375,26,2656,0.8828,session_ticket
controlled_weak_network_simulation,ticket_only,0.05,0.01,0,1000,128,2,0.9445,0.8592,0.0,0.81,3.375,26,2656,0.8828,session_ticket
controlled_weak_network_simulation,ticket_only,0.05,0.01,0,1000,128,3,0.9425,0.8592,0.0,0.81,3.375,26,2656,0.8828,session_ticket
controlled_weak_network_simulation,ticket_only,0.05,0.01,0,1000,512,1,0.9465,0.8592,0.0,0.81,3.375,26,2656,0.8828,session_ticket
controlled_weak_network_simulation,ticket_only,0.05,0.01,0,1000,512,2,0.9445,0.8592,0.0,0.81,3.375,26,2656,0.8828,session_ticket
controlled_weak_network_simulation,ticket_only,0.05,0.01,0,1000,512,3,0.9425,0.8592,0.0,0.81,3.375,26,2656,0.8828,session_ticket
controlled_weak_network_simulation,ticket_only,0.05,0.01,50,100,128,1,0.9465,0.8232,0.0,0.81,53.03,3,448,0.8588,session_ticket
controlled_weak_network_simulation,ticket_only,0.05,0.01,50,100,128,2,0.9445,0.8232,0.0,0.81,53.03,3,448,0.8588,session_ticket
controlled_weak_network_simulation,ticket_only,0.05,0.01,50,100,128,3,0.9425,0.8232,0.0,0.81,53.03,3,448,0.8588,session_ticket
controlled_weak_network_simulation,ticket_only,0.05,0.01,50,100,512,1,0.9465,0.8232,0.0,0.81,53.03,3,448,0.8588,session_ticket
controlled_weak_network_simulation,ticket_only,0.05,0.01,50,100,512,2,0.9445,0.8232,0.0,0.81,53.03,3,448,0.8588,session_ticket
controlled_weak_network_simulation,ticket_only,0.05,0.01,50,100,512,3,0.9425,0.8232,0.0,0.81,53.03,3,448,0.8588,session_ticket
controlled_weak_network_simulation,ticket_only,0.05,0.01,50,500,128,1,0.9465,0.8232,0.0,0.81,53.18,13,1408,0.8588,session_ticket
controlled_weak_network_simulation,ticket_only,0.05,0.01,50,500,128,2,0.9445,0.8232,0.0,0.81,53.18,13,1408,0.8588,session_ticket
controlled_weak_network_simulation,ticket_only,0.05,0.01,50,500,128,3,0.9425,0.8232,0.0,0.81,53.18,13,1408,0.8588,session_ticket
controlled_weak_network_simulation,ticket_only,0.05,0.01,50,500,512,1,0.9465,0.8232,0.0,0.81,53.18,13,1408,0.8588,session_ticket
controlled_weak_network_simulation,ticket_only,0.05,0.01,50,500,512,2,0.9445,0.8232,0.0,0.81,53.18,13,1408,0.8588,session_ticket
controlled_weak_network_simulation,ticket_only,0.05,0.01,50,500,512,3,0.9425,0.8232,0.0,0.81,53.18,13,1408,0.8588,session_ticket
controlled_weak_network_simulation,ticket_only,0.05,0.01,50,1000,128,1,0.9465,0.8232,0.0,0.81,53.375,26,2656,0.8588,session_ticket
controlled_weak_network_simulation,ticket_only,0.05,0.01,50,1000,128,2,0.9445,0.8232,0.0,0.81,53.375,26,2656,0.8588,session_ticket
controlled_weak_network_simulation,ticket_only,0.05,0.01,50,1000,128,3,0.9425,0.8232,0.0,0.81,53.375,26,2656,0.8588,session_ticket
controlled_weak_network_simulation,ticket_only,0.05,0.01,50,1000,512,1,0.9465,0.8232,0.0,0.81,53.375,26,2656,0.8588,session_ticket
controlled_weak_network_simulation,ticket_only,0.05,0.01,50,1000,512,2,0.9445,0.8232,0.0,0.81,53.375,26,2656,0.8588,session_ticket
controlled_weak_network_simulation,ticket_only,0.05,0.01,50,1000,512,3,0.9425,0.8232,0.0,0.81,53.375,26,2656,0.8588,session_ticket
controlled_weak_network_simulation,ticket_only,0.05,0.01,100,100,128,1,0.9465,0.7872,0.0,0.81,103.03,3,448,0.8348,session_ticket
controlled_weak_network_simulation,ticket_only,0.05,0.01,100,100,128,2,0.9445,0.7872,0.0,0.81,103.03,3,448,0.8348,session_ticket
controlled_weak_network_simulation,ticket_only,0.05,0.01,100,100,128,3,0.9425,0.7872,0.0,0.81,103.03,3,448,0.8348,session_ticket
controlled_weak_network_simulation,ticket_only,0.05,0.01,100,100,512,1,0.9465,0.7872,0.0,0.81,103.03,3,448,0.8348,session_ticket
controlled_weak_network_simulation,ticket_only,0.05,0.01,100,100,512,2,0.9445,0.7872,0.0,0.81,103.03,3,448,0.8348,session_ticket
controlled_weak_network_simulation,ticket_only,0.05,0.01,100,100,512,3,0.9425,0.7872,0.0,0.81,103.03,3,448,0.8348,session_ticket
controlled_weak_network_simulation,ticket_only,0.05,0.01,100,500,128,1,0.9465,0.7872,0.0,0.81,103.18,13,1408,0.8348,session_ticket
controlled_weak_network_simulation,ticket_only,0.05,0.01,100,500,128,2,0.9445,0.7872,0.0,0.81,103.18,13,1408,0.8348,session_ticket
controlled_weak_network_simulation,ticket_only,0.05,0.01,100,500,128,3,0.9425,0.7872,0.0,0.81,103.18,13,1408,0.8348,session_ticket
controlled_weak_network_simulation,ticket_only,0.05,0.01,100,500,512,1,0.9465,0.7872,0.0,0.81,103.18,13,1408,0.8348,session_ticket
controlled_weak_network_simulation,ticket_only,0.05,0.01,100,500,512,2,0.9445,0.7872,0.0,0.81,103.18,13,1408,0.8348,session_ticket
controlled_weak_network_simulation,ticket_only,0.05,0.01,100,500,512,3,0.9425,0.7872,0.0,0.81,103.18,13,1408,0.8348,session_ticket
controlled_weak_network_simulation,ticket_only,0.05,0.01,100,1000,128,1,0.9465,0.7872,0.0,0.81,103.375,26,2656,0.8348,session_ticket
controlled_weak_network_simulation,ticket_only,0.05,0.01,100,1000,128,2,0.9445,0.7872,0.0,0.81,103.375,26,2656,0.8348,session_ticket
controlled_weak_network_simulation,ticket_only,0.05,0.01,100,1000,128,3,0.9425,0.7872,0.0,0.81,103.375,26,2656,0.8348,session_ticket
controlled_weak_network_simulation,ticket_only,0.05,0.01,100,1000,512,1,0.9465,0.7872,0.0,0.81,103.375,26,2656,0.8348,session_ticket
controlled_weak_network_simulation,ticket_only,0.05,0.01,100,1000,512,2,0.9445,0.7872,0.0,0.81,103.375,26,2656,0.8348,session_ticket
controlled_weak_network_simulation,ticket_only,0.05,0.01,100,1000,512,3,0.9425,0.7872,0.0,0.81,103.375,26,2656,0.8348,session_ticket
controlled_weak_network_simulation,ticket_only,0.05,0.01,200,100,128,1,0.9465,0.7152,0.0,0.81,203.03,3,448,0.7868,session_ticket
controlled_weak_network_simulation,ticket_only,0.05,0.01,200,100,128,2,0.9445,0.7152,0.0,0.81,203.03,3,448,0.7868,session_ticket
controlled_weak_network_simulation,ticket_only,0.05,0.01,200,100,128,3,0.9425,0.7152,0.0,0.81,203.03,3,448,0.7868,session_ticket
controlled_weak_network_simulation,ticket_only,0.05,0.01,200,100,512,1,0.9465,0.7152,0.0,0.81,203.03,3,448,0.7868,session_ticket
controlled_weak_network_simulation,ticket_only,0.05,0.01,200,100,512,2,0.9445,0.7152,0.0,0.81,203.03,3,448,0.7868,session_ticket
controlled_weak_network_simulation,ticket_only,0.05,0.01,200,100,512,3,0.9425,0.7152,0.0,0.81,203.03,3,448,0.7868,session_ticket
controlled_weak_network_simulation,ticket_only,0.05,0.01,200,500,128,1,0.9465,0.7152,0.0,0.81,203.18,13,1408,0.7868,session_ticket
controlled_weak_network_simulation,ticket_only,0.05,0.01,200,500,128,2,0.9445,0.7152,0.0,0.81,203.18,13,1408,0.7868,session_ticket
controlled_weak_network_simulation,ticket_only,0.05,0.01,200,500,128,3,0.9425,0.7152,0.0,0.81,203.18,13,1408,0.7868,session_ticket
controlled_weak_network_simulation,ticket_only,0.05,0.01,200,500,512,1,0.9465,0.7152,0.0,0.81,203.18,13,1408,0.7868,session_ticket
controlled_weak_network_simulation,ticket_only,0.05,0.01,200,500,512,2,0.9445,0.7152,0.0,0.81,203.18,13,1408,0.7868,session_ticket
controlled_weak_network_simulation,ticket_only,0.05,0.01,200,500,512,3,0.9425,0.7152,0.0,0.81,203.18,13,1408,0.7868,session_ticket
controlled_weak_network_simulation,ticket_only,0.05,0.01,200,1000,128,1,0.9465,0.7152,0.0,0.81,203.375,26,2656,0.7868,session_ticket
controlled_weak_network_simulation,ticket_only,0.05,0.01,200,1000,128,2,0.9445,0.7152,0.0,0.81,203.375,26,2656,0.7868,session_ticket
controlled_weak_network_simulation,ticket_only,0.05,0.01,200,1000,128,3,0.9425,0.7152,0.0,0.81,203.375,26,2656,0.7868,session_ticket
controlled_weak_network_simulation,ticket_only,0.05,0.01,200,1000,512,1,0.9465,0.7152,0.0,0.81,203.375,26,2656,0.7868,session_ticket
controlled_weak_network_simulation,ticket_only,0.05,0.01,200,1000,512,2,0.9445,0.7152,0.0,0.81,203.375,26,2656,0.7868,session_ticket
controlled_weak_network_simulation,ticket_only,0.05,0.01,200,1000,512,3,0.9425,0.7152,0.0,0.81,203.375,26,2656,0.7868,session_ticket
controlled_weak_network_simulation,ticket_only,0.05,0.03,0,100,128,1,0.9395,0.8376,0.0,0.81,3.03,3,448,0.8684,session_ticket
controlled_weak_network_simulation,ticket_only,0.05,0.03,0,100,128,2,0.9375,0.8376,0.0,0.81,3.03,3,448,0.8684,session_ticket
controlled_weak_network_simulation,ticket_only,0.05,0.03,0,100,128,3,0.9355,0.8376,0.0,0.81,3.03,3,448,0.8684,session_ticket
controlled_weak_network_simulation,ticket_only,0.05,0.03,0,100,512,1,0.9395,0.8376,0.0,0.81,3.03,3,448,0.8684,session_ticket
controlled_weak_network_simulation,ticket_only,0.05,0.03,0,100,512,2,0.9375,0.8376,0.0,0.81,3.03,3,448,0.8684,session_ticket
controlled_weak_network_simulation,ticket_only,0.05,0.03,0,100,512,3,0.9355,0.8376,0.0,0.81,3.03,3,448,0.8684,session_ticket
controlled_weak_network_simulation,ticket_only,0.05,0.03,0,500,128,1,0.9395,0.8376,0.0,0.81,3.18,13,1408,0.8684,session_ticket
controlled_weak_network_simulation,ticket_only,0.05,0.03,0,500,128,2,0.9375,0.8376,0.0,0.81,3.18,13,1408,0.8684,session_ticket
controlled_weak_network_simulation,ticket_only,0.05,0.03,0,500,128,3,0.9355,0.8376,0.0,0.81,3.18,13,1408,0.8684,session_ticket
controlled_weak_network_simulation,ticket_only,0.05,0.03,0,500,512,1,0.9395,0.8376,0.0,0.81,3.18,13,1408,0.8684,session_ticket
controlled_weak_network_simulation,ticket_only,0.05,0.03,0,500,512,2,0.9375,0.8376,0.0,0.81,3.18,13,1408,0.8684,session_ticket
controlled_weak_network_simulation,ticket_only,0.05,0.03,0,500,512,3,0.9355,0.8376,0.0,0.81,3.18,13,1408,0.8684,session_ticket
controlled_weak_network_simulation,ticket_only,0.05,0.03,0,1000,128,1,0.9395,0.8376,0.0,0.81,3.375,26,2656,0.8684,session_ticket
controlled_weak_network_simulation,ticket_only,0.05,0.03,0,1000,128,2,0.9375,0.8376,0.0,0.81,3.375,26,2656,0.8684,session_ticket
controlled_weak_network_simulation,ticket_only,0.05,0.03,0,1000,128,3,0.9355,0.8376,0.0,0.81,3.375,26,2656,0.8684,session_ticket
controlled_weak_network_simulation,ticket_only,0.05,0.03,0,1000,512,1,0.9395,0.8376,0.0,0.81,3.375,26,2656,0.8684,session_ticket
controlled_weak_network_simulation,ticket_only,0.05,0.03,0,1000,512,2,0.9375,0.8376,0.0,0.81,3.375,26,2656,0.8684,session_ticket
controlled_weak_network_simulation,ticket_only,0.05,0.03,0,1000,512,3,0.9355,0.8376,0.0,0.81,3.375,26,2656,0.8684,session_ticket
controlled_weak_network_simulation,ticket_only,0.05,0.03,50,100,128,1,0.9395,0.8016,0.0,0.81,53.03,3,448,0.8444,session_ticket
controlled_weak_network_simulation,ticket_only,0.05,0.03,50,100,128,2,0.9375,0.8016,0.0,0.81,53.03,3,448,0.8444,session_ticket
controlled_weak_network_simulation,ticket_only,0.05,0.03,50,100,128,3,0.9355,0.8016,0.0,0.81,53.03,3,448,0.8444,session_ticket
controlled_weak_network_simulation,ticket_only,0.05,0.03,50,100,512,1,0.9395,0.8016,0.0,0.81,53.03,3,448,0.8444,session_ticket
controlled_weak_network_simulation,ticket_only,0.05,0.03,50,100,512,2,0.9375,0.8016,0.0,0.81,53.03,3,448,0.8444,session_ticket
controlled_weak_network_simulation,ticket_only,0.05,0.03,50,100,512,3,0.9355,0.8016,0.0,0.81,53.03,3,448,0.8444,session_ticket
controlled_weak_network_simulation,ticket_only,0.05,0.03,50,500,128,1,0.9395,0.8016,0.0,0.81,53.18,13,1408,0.8444,session_ticket
controlled_weak_network_simulation,ticket_only,0.05,0.03,50,500,128,2,0.9375,0.8016,0.0,0.81,53.18,13,1408,0.8444,session_ticket
controlled_weak_network_simulation,ticket_only,0.05,0.03,50,500,128,3,0.9355,0.8016,0.0,0.81,53.18,13,1408,0.8444,session_ticket
controlled_weak_network_simulation,ticket_only,0.05,0.03,50,500,512,1,0.9395,0.8016,0.0,0.81,53.18,13,1408,0.8444,session_ticket
controlled_weak_network_simulation,ticket_only,0.05,0.03,50,500,512,2,0.9375,0.8016,0.0,0.81,53.18,13,1408,0.8444,session_ticket
controlled_weak_network_simulation,ticket_only,0.05,0.03,50,500,512,3,0.9355,0.8016,0.0,0.81,53.18,13,1408,0.8444,session_ticket
controlled_weak_network_simulation,ticket_only,0.05,0.03,50,1000,128,1,0.9395,0.8016,0.0,0.81,53.375,26,2656,0.8444,session_ticket
controlled_weak_network_simulation,ticket_only,0.05,0.03,50,1000,128,2,0.9375,0.8016,0.0,0.81,53.375,26,2656,0.8444,session_ticket
controlled_weak_network_simulation,ticket_only,0.05,0.03,50,1000,128,3,0.9355,0.8016,0.0,0.81,53.375,26,2656,0.8444,session_ticket
controlled_weak_network_simulation,ticket_only,0.05,0.03,50,1000,512,1,0.9395,0.8016,0.0,0.81,53.375,26,2656,0.8444,session_ticket
controlled_weak_network_simulation,ticket_only,0.05,0.03,50,1000,512,2,0.9375,0.8016,0.0,0.81,53.375,26,2656,0.8444,session_ticket
controlled_weak_network_simulation,ticket_only,0.05,0.03,50,1000,512,3,0.9355,0.8016,0.0,0.81,53.375,26,2656,0.8444,session_ticket
controlled_weak_network_simulation,ticket_only,0.05,0.03,100,100,128,1,0.9395,0.7656,0.0,0.81,103.03,3,448,0.8204,session_ticket
controlled_weak_network_simulation,ticket_only,0.05,0.03,100,100,128,2,0.9375,0.7656,0.0,0.81,103.03,3,448,0.8204,session_ticket
controlled_weak_network_simulation,ticket_only,0.05,0.03,100,100,128,3,0.9355,0.7656,0.0,0.81,103.03,3,448,0.8204,session_ticket
controlled_weak_network_simulation,ticket_only,0.05,0.03,100,100,512,1,0.9395,0.7656,0.0,0.81,103.03,3,448,0.8204,session_ticket
controlled_weak_network_simulation,ticket_only,0.05,0.03,100,100,512,2,0.9375,0.7656,0.0,0.81,103.03,3,448,0.8204,session_ticket
controlled_weak_network_simulation,ticket_only,0.05,0.03,100,100,512,3,0.9355,0.7656,0.0,0.81,103.03,3,448,0.8204,session_ticket
controlled_weak_network_simulation,ticket_only,0.05,0.03,100,500,128,1,0.9395,0.7656,0.0,0.81,103.18,13,1408,0.8204,session_ticket
controlled_weak_network_simulation,ticket_only,0.05,0.03,100,500,128,2,0.9375,0.7656,0.0,0.81,103.18,13,1408,0.8204,session_ticket
controlled_weak_network_simulation,ticket_only,0.05,0.03,100,500,128,3,0.9355,0.7656,0.0,0.81,103.18,13,1408,0.8204,session_ticket
controlled_weak_network_simulation,ticket_only,0.05,0.03,100,500,512,1,0.9395,0.7656,0.0,0.81,103.18,13,1408,0.8204,session_ticket
controlled_weak_network_simulation,ticket_only,0.05,0.03,100,500,512,2,0.9375,0.7656,0.0,0.81,103.18,13,1408,0.8204,session_ticket
controlled_weak_network_simulation,ticket_only,0.05,0.03,100,500,512,3,0.9355,0.7656,0.0,0.81,103.18,13,1408,0.8204,session_ticket
controlled_weak_network_simulation,ticket_only,0.05,0.03,100,1000,128,1,0.9395,0.7656,0.0,0.81,103.375,26,2656,0.8204,session_ticket
controlled_weak_network_simulation,ticket_only,0.05,0.03,100,1000,128,2,0.9375,0.7656,0.0,0.81,103.375,26,2656,0.8204,session_ticket
controlled_weak_network_simulation,ticket_only,0.05,0.03,100,1000,128,3,0.9355,0.7656,0.0,0.81,103.375,26,2656,0.8204,session_ticket
controlled_weak_network_simulation,ticket_only,0.05,0.03,100,1000,512,1,0.9395,0.7656,0.0,0.81,103.375,26,2656,0.8204,session_ticket
controlled_weak_network_simulation,ticket_only,0.05,0.03,100,1000,512,2,0.9375,0.7656,0.0,0.81,103.375,26,2656,0.8204,session_ticket
controlled_weak_network_simulation,ticket_only,0.05,0.03,100,1000,512,3,0.9355,0.7656,0.0,0.81,103.375,26,2656,0.8204,session_ticket
controlled_weak_network_simulation,ticket_only,0.05,0.03,200,100,128,1,0.9395,0.6936,0.0,0.81,203.03,3,448,0.7724,session_ticket
controlled_weak_network_simulation,ticket_only,0.05,0.03,200,100,128,2,0.9375,0.6936,0.0,0.81,203.03,3,448,0.7724,session_ticket
controlled_weak_network_simulation,ticket_only,0.05,0.03,200,100,128,3,0.9355,0.6936,0.0,0.81,203.03,3,448,0.7724,session_ticket
controlled_weak_network_simulation,ticket_only,0.05,0.03,200,100,512,1,0.9395,0.6936,0.0,0.81,203.03,3,448,0.7724,session_ticket
controlled_weak_network_simulation,ticket_only,0.05,0.03,200,100,512,2,0.9375,0.6936,0.0,0.81,203.03,3,448,0.7724,session_ticket
controlled_weak_network_simulation,ticket_only,0.05,0.03,200,100,512,3,0.9355,0.6936,0.0,0.81,203.03,3,448,0.7724,session_ticket
controlled_weak_network_simulation,ticket_only,0.05,0.03,200,500,128,1,0.9395,0.6936,0.0,0.81,203.18,13,1408,0.7724,session_ticket
controlled_weak_network_simulation,ticket_only,0.05,0.03,200,500,128,2,0.9375,0.6936,0.0,0.81,203.18,13,1408,0.7724,session_ticket
controlled_weak_network_simulation,ticket_only,0.05,0.03,200,500,128,3,0.9355,0.6936,0.0,0.81,203.18,13,1408,0.7724,session_ticket
controlled_weak_network_simulation,ticket_only,0.05,0.03,200,500,512,1,0.9395,0.6936,0.0,0.81,203.18,13,1408,0.7724,session_ticket
controlled_weak_network_simulation,ticket_only,0.05,0.03,200,500,512,2,0.9375,0.6936,0.0,0.81,203.18,13,1408,0.7724,session_ticket
controlled_weak_network_simulation,ticket_only,0.05,0.03,200,500,512,3,0.9355,0.6936,0.0,0.81,203.18,13,1408,0.7724,session_ticket
controlled_weak_network_simulation,ticket_only,0.05,0.03,200,1000,128,1,0.9395,0.6936,0.0,0.81,203.375,26,2656,0.7724,session_ticket
controlled_weak_network_simulation,ticket_only,0.05,0.03,200,1000,128,2,0.9375,0.6936,0.0,0.81,203.375,26,2656,0.7724,session_ticket
controlled_weak_network_simulation,ticket_only,0.05,0.03,200,1000,128,3,0.9355,0.6936,0.0,0.81,203.375,26,2656,0.7724,session_ticket
controlled_weak_network_simulation,ticket_only,0.05,0.03,200,1000,512,1,0.9395,0.6936,0.0,0.81,203.375,26,2656,0.7724,session_ticket
controlled_weak_network_simulation,ticket_only,0.05,0.03,200,1000,512,2,0.9375,0.6936,0.0,0.81,203.375,26,2656,0.7724,session_ticket
controlled_weak_network_simulation,ticket_only,0.05,0.03,200,1000,512,3,0.9355,0.6936,0.0,0.81,203.375,26,2656,0.7724,session_ticket
controlled_weak_network_simulation,ticket_only,0.1,0.0,0,100,128,1,0.9,0.78,0.0,0.84,3.075,6,736,0.83,session_ticket
controlled_weak_network_simulation,ticket_only,0.1,0.0,0,100,128,2,0.898,0.78,0.0,0.84,3.075,6,736,0.83,session_ticket
controlled_weak_network_simulation,ticket_only,0.1,0.0,0,100,128,3,0.896,0.78,0.0,0.84,3.075,6,736,0.83,session_ticket
controlled_weak_network_simulation,ticket_only,0.1,0.0,0,100,512,1,0.9,0.78,0.0,0.84,3.075,6,736,0.83,session_ticket
controlled_weak_network_simulation,ticket_only,0.1,0.0,0,100,512,2,0.898,0.78,0.0,0.84,3.075,6,736,0.83,session_ticket
controlled_weak_network_simulation,ticket_only,0.1,0.0,0,100,512,3,0.896,0.78,0.0,0.84,3.075,6,736,0.83,session_ticket
controlled_weak_network_simulation,ticket_only,0.1,0.0,0,500,128,1,0.9,0.78,0.0,0.84,3.375,26,2656,0.83,session_ticket
controlled_weak_network_simulation,ticket_only,0.1,0.0,0,500,128,2,0.898,0.78,0.0,0.84,3.375,26,2656,0.83,session_ticket
controlled_weak_network_simulation,ticket_only,0.1,0.0,0,500,128,3,0.896,0.78,0.0,0.84,3.375,26,2656,0.83,session_ticket
controlled_weak_network_simulation,ticket_only,0.1,0.0,0,500,512,1,0.9,0.78,0.0,0.84,3.375,26,2656,0.83,session_ticket
controlled_weak_network_simulation,ticket_only,0.1,0.0,0,500,512,2,0.898,0.78,0.0,0.84,3.375,26,2656,0.83,session_ticket
controlled_weak_network_simulation,ticket_only,0.1,0.0,0,500,512,3,0.896,0.78,0.0,0.84,3.375,26,2656,0.83,session_ticket
controlled_weak_network_simulation,ticket_only,0.1,0.0,0,1000,128,1,0.9,0.78,0.0,0.84,3.75,51,5056,0.83,session_ticket
controlled_weak_network_simulation,ticket_only,0.1,0.0,0,1000,128,2,0.898,0.78,0.0,0.84,3.75,51,5056,0.83,session_ticket
controlled_weak_network_simulation,ticket_only,0.1,0.0,0,1000,128,3,0.896,0.78,0.0,0.84,3.75,51,5056,0.83,session_ticket
controlled_weak_network_simulation,ticket_only,0.1,0.0,0,1000,512,1,0.9,0.78,0.0,0.84,3.75,51,5056,0.83,session_ticket
controlled_weak_network_simulation,ticket_only,0.1,0.0,0,1000,512,2,0.898,0.78,0.0,0.84,3.75,51,5056,0.83,session_ticket
controlled_weak_network_simulation,ticket_only,0.1,0.0,0,1000,512,3,0.896,0.78,0.0,0.84,3.75,51,5056,0.83,session_ticket
controlled_weak_network_simulation,ticket_only,0.1,0.0,50,100,128,1,0.9,0.744,0.0,0.84,53.075,6,736,0.806,session_ticket
controlled_weak_network_simulation,ticket_only,0.1,0.0,50,100,128,2,0.898,0.744,0.0,0.84,53.075,6,736,0.806,session_ticket
controlled_weak_network_simulation,ticket_only,0.1,0.0,50,100,128,3,0.896,0.744,0.0,0.84,53.075,6,736,0.806,session_ticket
controlled_weak_network_simulation,ticket_only,0.1,0.0,50,100,512,1,0.9,0.744,0.0,0.84,53.075,6,736,0.806,session_ticket
controlled_weak_network_simulation,ticket_only,0.1,0.0,50,100,512,2,0.898,0.744,0.0,0.84,53.075,6,736,0.806,session_ticket
controlled_weak_network_simulation,ticket_only,0.1,0.0,50,100,512,3,0.896,0.744,0.0,0.84,53.075,6,736,0.806,session_ticket
controlled_weak_network_simulation,ticket_only,0.1,0.0,50,500,128,1,0.9,0.744,0.0,0.84,53.375,26,2656,0.806,session_ticket
controlled_weak_network_simulation,ticket_only,0.1,0.0,50,500,128,2,0.898,0.744,0.0,0.84,53.375,26,2656,0.806,session_ticket
controlled_weak_network_simulation,ticket_only,0.1,0.0,50,500,128,3,0.896,0.744,0.0,0.84,53.375,26,2656,0.806,session_ticket
controlled_weak_network_simulation,ticket_only,0.1,0.0,50,500,512,1,0.9,0.744,0.0,0.84,53.375,26,2656,0.806,session_ticket
controlled_weak_network_simulation,ticket_only,0.1,0.0,50,500,512,2,0.898,0.744,0.0,0.84,53.375,26,2656,0.806,session_ticket
controlled_weak_network_simulation,ticket_only,0.1,0.0,50,500,512,3,0.896,0.744,0.0,0.84,53.375,26,2656,0.806,session_ticket
controlled_weak_network_simulation,ticket_only,0.1,0.0,50,1000,128,1,0.9,0.744,0.0,0.84,53.75,51,5056,0.806,session_ticket
controlled_weak_network_simulation,ticket_only,0.1,0.0,50,1000,128,2,0.898,0.744,0.0,0.84,53.75,51,5056,0.806,session_ticket
controlled_weak_network_simulation,ticket_only,0.1,0.0,50,1000,128,3,0.896,0.744,0.0,0.84,53.75,51,5056,0.806,session_ticket
controlled_weak_network_simulation,ticket_only,0.1,0.0,50,1000,512,1,0.9,0.744,0.0,0.84,53.75,51,5056,0.806,session_ticket
controlled_weak_network_simulation,ticket_only,0.1,0.0,50,1000,512,2,0.898,0.744,0.0,0.84,53.75,51,5056,0.806,session_ticket
controlled_weak_network_simulation,ticket_only,0.1,0.0,50,1000,512,3,0.896,0.744,0.0,0.84,53.75,51,5056,0.806,session_ticket
controlled_weak_network_simulation,ticket_only,0.1,0.0,100,100,128,1,0.9,0.708,0.0,0.84,103.075,6,736,0.782,session_ticket
controlled_weak_network_simulation,ticket_only,0.1,0.0,100,100,128,2,0.898,0.708,0.0,0.84,103.075,6,736,0.782,session_ticket
controlled_weak_network_simulation,ticket_only,0.1,0.0,100,100,128,3,0.896,0.708,0.0,0.84,103.075,6,736,0.782,session_ticket
controlled_weak_network_simulation,ticket_only,0.1,0.0,100,100,512,1,0.9,0.708,0.0,0.84,103.075,6,736,0.782,session_ticket
controlled_weak_network_simulation,ticket_only,0.1,0.0,100,100,512,2,0.898,0.708,0.0,0.84,103.075,6,736,0.782,session_ticket
controlled_weak_network_simulation,ticket_only,0.1,0.0,100,100,512,3,0.896,0.708,0.0,0.84,103.075,6,736,0.782,session_ticket
controlled_weak_network_simulation,ticket_only,0.1,0.0,100,500,128,1,0.9,0.708,0.0,0.84,103.375,26,2656,0.782,session_ticket
controlled_weak_network_simulation,ticket_only,0.1,0.0,100,500,128,2,0.898,0.708,0.0,0.84,103.375,26,2656,0.782,session_ticket
controlled_weak_network_simulation,ticket_only,0.1,0.0,100,500,128,3,0.896,0.708,0.0,0.84,103.375,26,2656,0.782,session_ticket
controlled_weak_network_simulation,ticket_only,0.1,0.0,100,500,512,1,0.9,0.708,0.0,0.84,103.375,26,2656,0.782,session_ticket
controlled_weak_network_simulation,ticket_only,0.1,0.0,100,500,512,2,0.898,0.708,0.0,0.84,103.375,26,2656,0.782,session_ticket
controlled_weak_network_simulation,ticket_only,0.1,0.0,100,500,512,3,0.896,0.708,0.0,0.84,103.375,26,2656,0.782,session_ticket
controlled_weak_network_simulation,ticket_only,0.1,0.0,100,1000,128,1,0.9,0.708,0.0,0.84,103.75,51,5056,0.782,session_ticket
controlled_weak_network_simulation,ticket_only,0.1,0.0,100,1000,128,2,0.898,0.708,0.0,0.84,103.75,51,5056,0.782,session_ticket
controlled_weak_network_simulation,ticket_only,0.1,0.0,100,1000,128,3,0.896,0.708,0.0,0.84,103.75,51,5056,0.782,session_ticket
controlled_weak_network_simulation,ticket_only,0.1,0.0,100,1000,512,1,0.9,0.708,0.0,0.84,103.75,51,5056,0.782,session_ticket
controlled_weak_network_simulation,ticket_only,0.1,0.0,100,1000,512,2,0.898,0.708,0.0,0.84,103.75,51,5056,0.782,session_ticket
controlled_weak_network_simulation,ticket_only,0.1,0.0,100,1000,512,3,0.896,0.708,0.0,0.84,103.75,51,5056,0.782,session_ticket
controlled_weak_network_simulation,ticket_only,0.1,0.0,200,100,128,1,0.9,0.636,0.0,0.84,203.075,6,736,0.734,session_ticket
controlled_weak_network_simulation,ticket_only,0.1,0.0,200,100,128,2,0.898,0.636,0.0,0.84,203.075,6,736,0.734,session_ticket
controlled_weak_network_simulation,ticket_only,0.1,0.0,200,100,128,3,0.896,0.636,0.0,0.84,203.075,6,736,0.734,session_ticket
controlled_weak_network_simulation,ticket_only,0.1,0.0,200,100,512,1,0.9,0.636,0.0,0.84,203.075,6,736,0.734,session_ticket
controlled_weak_network_simulation,ticket_only,0.1,0.0,200,100,512,2,0.898,0.636,0.0,0.84,203.075,6,736,0.734,session_ticket
controlled_weak_network_simulation,ticket_only,0.1,0.0,200,100,512,3,0.896,0.636,0.0,0.84,203.075,6,736,0.734,session_ticket
controlled_weak_network_simulation,ticket_only,0.1,0.0,200,500,128,1,0.9,0.636,0.0,0.84,203.375,26,2656,0.734,session_ticket
controlled_weak_network_simulation,ticket_only,0.1,0.0,200,500,128,2,0.898,0.636,0.0,0.84,203.375,26,2656,0.734,session_ticket
controlled_weak_network_simulation,ticket_only,0.1,0.0,200,500,128,3,0.896,0.636,0.0,0.84,203.375,26,2656,0.734,session_ticket
controlled_weak_network_simulation,ticket_only,0.1,0.0,200,500,512,1,0.9,0.636,0.0,0.84,203.375,26,2656,0.734,session_ticket
controlled_weak_network_simulation,ticket_only,0.1,0.0,200,500,512,2,0.898,0.636,0.0,0.84,203.375,26,2656,0.734,session_ticket
controlled_weak_network_simulation,ticket_only,0.1,0.0,200,500,512,3,0.896,0.636,0.0,0.84,203.375,26,2656,0.734,session_ticket
controlled_weak_network_simulation,ticket_only,0.1,0.0,200,1000,128,1,0.9,0.636,0.0,0.84,203.75,51,5056,0.734,session_ticket
controlled_weak_network_simulation,ticket_only,0.1,0.0,200,1000,128,2,0.898,0.636,0.0,0.84,203.75,51,5056,0.734,session_ticket
controlled_weak_network_simulation,ticket_only,0.1,0.0,200,1000,128,3,0.896,0.636,0.0,0.84,203.75,51,5056,0.734,session_ticket
controlled_weak_network_simulation,ticket_only,0.1,0.0,200,1000,512,1,0.9,0.636,0.0,0.84,203.75,51,5056,0.734,session_ticket
controlled_weak_network_simulation,ticket_only,0.1,0.0,200,1000,512,2,0.898,0.636,0.0,0.84,203.75,51,5056,0.734,session_ticket
controlled_weak_network_simulation,ticket_only,0.1,0.0,200,1000,512,3,0.896,0.636,0.0,0.84,203.75,51,5056,0.734,session_ticket
controlled_weak_network_simulation,ticket_only,0.1,0.01,0,100,128,1,0.8965,0.7692,0.0,0.84,3.075,6,736,0.8228,session_ticket
controlled_weak_network_simulation,ticket_only,0.1,0.01,0,100,128,2,0.8945,0.7692,0.0,0.84,3.075,6,736,0.8228,session_ticket
controlled_weak_network_simulation,ticket_only,0.1,0.01,0,100,128,3,0.8925,0.7692,0.0,0.84,3.075,6,736,0.8228,session_ticket
controlled_weak_network_simulation,ticket_only,0.1,0.01,0,100,512,1,0.8965,0.7692,0.0,0.84,3.075,6,736,0.8228,session_ticket
controlled_weak_network_simulation,ticket_only,0.1,0.01,0,100,512,2,0.8945,0.7692,0.0,0.84,3.075,6,736,0.8228,session_ticket
controlled_weak_network_simulation,ticket_only,0.1,0.01,0,100,512,3,0.8925,0.7692,0.0,0.84,3.075,6,736,0.8228,session_ticket
controlled_weak_network_simulation,ticket_only,0.1,0.01,0,500,128,1,0.8965,0.7692,0.0,0.84,3.375,26,2656,0.8228,session_ticket
controlled_weak_network_simulation,ticket_only,0.1,0.01,0,500,128,2,0.8945,0.7692,0.0,0.84,3.375,26,2656,0.8228,session_ticket
controlled_weak_network_simulation,ticket_only,0.1,0.01,0,500,128,3,0.8925,0.7692,0.0,0.84,3.375,26,2656,0.8228,session_ticket
controlled_weak_network_simulation,ticket_only,0.1,0.01,0,500,512,1,0.8965,0.7692,0.0,0.84,3.375,26,2656,0.8228,session_ticket
controlled_weak_network_simulation,ticket_only,0.1,0.01,0,500,512,2,0.8945,0.7692,0.0,0.84,3.375,26,2656,0.8228,session_ticket
controlled_weak_network_simulation,ticket_only,0.1,0.01,0,500,512,3,0.8925,0.7692,0.0,0.84,3.375,26,2656,0.8228,session_ticket
controlled_weak_network_simulation,ticket_only,0.1,0.01,0,1000,128,1,0.8965,0.7692,0.0,0.84,3.75,51,5056,0.8228,session_ticket
controlled_weak_network_simulation,ticket_only,0.1,0.01,0,1000,128,2,0.8945,0.7692,0.0,0.84,3.75,51,5056,0.8228,session_ticket
controlled_weak_network_simulation,ticket_only,0.1,0.01,0,1000,128,3,0.8925,0.7692,0.0,0.84,3.75,51,5056,0.8228,session_ticket
controlled_weak_network_simulation,ticket_only,0.1,0.01,0,1000,512,1,0.8965,0.7692,0.0,0.84,3.75,51,5056,0.8228,session_ticket
controlled_weak_network_simulation,ticket_only,0.1,0.01,0,1000,512,2,0.8945,0.7692,0.0,0.84,3.75,51,5056,0.8228,session_ticket
controlled_weak_network_simulation,ticket_only,0.1,0.01,0,1000,512,3,0.8925,0.7692,0.0,0.84,3.75,51,5056,0.8228,session_ticket
controlled_weak_network_simulation,ticket_only,0.1,0.01,50,100,128,1,0.8965,0.7332,0.0,0.84,53.075,6,736,0.7988,session_ticket
controlled_weak_network_simulation,ticket_only,0.1,0.01,50,100,128,2,0.8945,0.7332,0.0,0.84,53.075,6,736,0.7988,session_ticket
controlled_weak_network_simulation,ticket_only,0.1,0.01,50,100,128,3,0.8925,0.7332,0.0,0.84,53.075,6,736,0.7988,session_ticket
controlled_weak_network_simulation,ticket_only,0.1,0.01,50,100,512,1,0.8965,0.7332,0.0,0.84,53.075,6,736,0.7988,session_ticket
controlled_weak_network_simulation,ticket_only,0.1,0.01,50,100,512,2,0.8945,0.7332,0.0,0.84,53.075,6,736,0.7988,session_ticket
controlled_weak_network_simulation,ticket_only,0.1,0.01,50,100,512,3,0.8925,0.7332,0.0,0.84,53.075,6,736,0.7988,session_ticket
controlled_weak_network_simulation,ticket_only,0.1,0.01,50,500,128,1,0.8965,0.7332,0.0,0.84,53.375,26,2656,0.7988,session_ticket
controlled_weak_network_simulation,ticket_only,0.1,0.01,50,500,128,2,0.8945,0.7332,0.0,0.84,53.375,26,2656,0.7988,session_ticket
controlled_weak_network_simulation,ticket_only,0.1,0.01,50,500,128,3,0.8925,0.7332,0.0,0.84,53.375,26,2656,0.7988,session_ticket
controlled_weak_network_simulation,ticket_only,0.1,0.01,50,500,512,1,0.8965,0.7332,0.0,0.84,53.375,26,2656,0.7988,session_ticket
controlled_weak_network_simulation,ticket_only,0.1,0.01,50,500,512,2,0.8945,0.7332,0.0,0.84,53.375,26,2656,0.7988,session_ticket
controlled_weak_network_simulation,ticket_only,0.1,0.01,50,500,512,3,0.8925,0.7332,0.0,0.84,53.375,26,2656,0.7988,session_ticket
controlled_weak_network_simulation,ticket_only,0.1,0.01,50,1000,128,1,0.8965,0.7332,0.0,0.84,53.75,51,5056,0.7988,session_ticket
controlled_weak_network_simulation,ticket_only,0.1,0.01,50,1000,128,2,0.8945,0.7332,0.0,0.84,53.75,51,5056,0.7988,session_ticket
controlled_weak_network_simulation,ticket_only,0.1,0.01,50,1000,128,3,0.8925,0.7332,0.0,0.84,53.75,51,5056,0.7988,session_ticket
controlled_weak_network_simulation,ticket_only,0.1,0.01,50,1000,512,1,0.8965,0.7332,0.0,0.84,53.75,51,5056,0.7988,session_ticket
controlled_weak_network_simulation,ticket_only,0.1,0.01,50,1000,512,2,0.8945,0.7332,0.0,0.84,53.75,51,5056,0.7988,session_ticket
controlled_weak_network_simulation,ticket_only,0.1,0.01,50,1000,512,3,0.8925,0.7332,0.0,0.84,53.75,51,5056,0.7988,session_ticket
controlled_weak_network_simulation,ticket_only,0.1,0.01,100,100,128,1,0.8965,0.6972,0.0,0.84,103.075,6,736,0.7748,session_ticket
controlled_weak_network_simulation,ticket_only,0.1,0.01,100,100,128,2,0.8945,0.6972,0.0,0.84,103.075,6,736,0.7748,session_ticket
controlled_weak_network_simulation,ticket_only,0.1,0.01,100,100,128,3,0.8925,0.6972,0.0,0.84,103.075,6,736,0.7748,session_ticket
controlled_weak_network_simulation,ticket_only,0.1,0.01,100,100,512,1,0.8965,0.6972,0.0,0.84,103.075,6,736,0.7748,session_ticket
controlled_weak_network_simulation,ticket_only,0.1,0.01,100,100,512,2,0.8945,0.6972,0.0,0.84,103.075,6,736,0.7748,session_ticket
controlled_weak_network_simulation,ticket_only,0.1,0.01,100,100,512,3,0.8925,0.6972,0.0,0.84,103.075,6,736,0.7748,session_ticket
controlled_weak_network_simulation,ticket_only,0.1,0.01,100,500,128,1,0.8965,0.6972,0.0,0.84,103.375,26,2656,0.7748,session_ticket
controlled_weak_network_simulation,ticket_only,0.1,0.01,100,500,128,2,0.8945,0.6972,0.0,0.84,103.375,26,2656,0.7748,session_ticket
controlled_weak_network_simulation,ticket_only,0.1,0.01,100,500,128,3,0.8925,0.6972,0.0,0.84,103.375,26,2656,0.7748,session_ticket
controlled_weak_network_simulation,ticket_only,0.1,0.01,100,500,512,1,0.8965,0.6972,0.0,0.84,103.375,26,2656,0.7748,session_ticket
controlled_weak_network_simulation,ticket_only,0.1,0.01,100,500,512,2,0.8945,0.6972,0.0,0.84,103.375,26,2656,0.7748,session_ticket
controlled_weak_network_simulation,ticket_only,0.1,0.01,100,500,512,3,0.8925,0.6972,0.0,0.84,103.375,26,2656,0.7748,session_ticket
controlled_weak_network_simulation,ticket_only,0.1,0.01,100,1000,128,1,0.8965,0.6972,0.0,0.84,103.75,51,5056,0.7748,session_ticket
controlled_weak_network_simulation,ticket_only,0.1,0.01,100,1000,128,2,0.8945,0.6972,0.0,0.84,103.75,51,5056,0.7748,session_ticket
controlled_weak_network_simulation,ticket_only,0.1,0.01,100,1000,128,3,0.8925,0.6972,0.0,0.84,103.75,51,5056,0.7748,session_ticket
controlled_weak_network_simulation,ticket_only,0.1,0.01,100,1000,512,1,0.8965,0.6972,0.0,0.84,103.75,51,5056,0.7748,session_ticket
controlled_weak_network_simulation,ticket_only,0.1,0.01,100,1000,512,2,0.8945,0.6972,0.0,0.84,103.75,51,5056,0.7748,session_ticket
controlled_weak_network_simulation,ticket_only,0.1,0.01,100,1000,512,3,0.8925,0.6972,0.0,0.84,103.75,51,5056,0.7748,session_ticket
controlled_weak_network_simulation,ticket_only,0.1,0.01,200,100,128,1,0.8965,0.6252,0.0,0.84,203.075,6,736,0.7268,session_ticket
controlled_weak_network_simulation,ticket_only,0.1,0.01,200,100,128,2,0.8945,0.6252,0.0,0.84,203.075,6,736,0.7268,session_ticket
controlled_weak_network_simulation,ticket_only,0.1,0.01,200,100,128,3,0.8925,0.6252,0.0,0.84,203.075,6,736,0.7268,session_ticket
controlled_weak_network_simulation,ticket_only,0.1,0.01,200,100,512,1,0.8965,0.6252,0.0,0.84,203.075,6,736,0.7268,session_ticket
controlled_weak_network_simulation,ticket_only,0.1,0.01,200,100,512,2,0.8945,0.6252,0.0,0.84,203.075,6,736,0.7268,session_ticket
controlled_weak_network_simulation,ticket_only,0.1,0.01,200,100,512,3,0.8925,0.6252,0.0,0.84,203.075,6,736,0.7268,session_ticket
controlled_weak_network_simulation,ticket_only,0.1,0.01,200,500,128,1,0.8965,0.6252,0.0,0.84,203.375,26,2656,0.7268,session_ticket
controlled_weak_network_simulation,ticket_only,0.1,0.01,200,500,128,2,0.8945,0.6252,0.0,0.84,203.375,26,2656,0.7268,session_ticket
controlled_weak_network_simulation,ticket_only,0.1,0.01,200,500,128,3,0.8925,0.6252,0.0,0.84,203.375,26,2656,0.7268,session_ticket
controlled_weak_network_simulation,ticket_only,0.1,0.01,200,500,512,1,0.8965,0.6252,0.0,0.84,203.375,26,2656,0.7268,session_ticket
controlled_weak_network_simulation,ticket_only,0.1,0.01,200,500,512,2,0.8945,0.6252,0.0,0.84,203.375,26,2656,0.7268,session_ticket
controlled_weak_network_simulation,ticket_only,0.1,0.01,200,500,512,3,0.8925,0.6252,0.0,0.84,203.375,26,2656,0.7268,session_ticket
controlled_weak_network_simulation,ticket_only,0.1,0.01,200,1000,128,1,0.8965,0.6252,0.0,0.84,203.75,51,5056,0.7268,session_ticket
controlled_weak_network_simulation,ticket_only,0.1,0.01,200,1000,128,2,0.8945,0.6252,0.0,0.84,203.75,51,5056,0.7268,session_ticket
controlled_weak_network_simulation,ticket_only,0.1,0.01,200,1000,128,3,0.8925,0.6252,0.0,0.84,203.75,51,5056,0.7268,session_ticket
controlled_weak_network_simulation,ticket_only,0.1,0.01,200,1000,512,1,0.8965,0.6252,0.0,0.84,203.75,51,5056,0.7268,session_ticket
controlled_weak_network_simulation,ticket_only,0.1,0.01,200,1000,512,2,0.8945,0.6252,0.0,0.84,203.75,51,5056,0.7268,session_ticket
controlled_weak_network_simulation,ticket_only,0.1,0.01,200,1000,512,3,0.8925,0.6252,0.0,0.84,203.75,51,5056,0.7268,session_ticket
controlled_weak_network_simulation,ticket_only,0.1,0.03,0,100,128,1,0.8895,0.7476,0.0,0.84,3.075,6,736,0.8084,session_ticket
controlled_weak_network_simulation,ticket_only,0.1,0.03,0,100,128,2,0.8875,0.7476,0.0,0.84,3.075,6,736,0.8084,session_ticket
controlled_weak_network_simulation,ticket_only,0.1,0.03,0,100,128,3,0.8855,0.7476,0.0,0.84,3.075,6,736,0.8084,session_ticket
controlled_weak_network_simulation,ticket_only,0.1,0.03,0,100,512,1,0.8895,0.7476,0.0,0.84,3.075,6,736,0.8084,session_ticket
controlled_weak_network_simulation,ticket_only,0.1,0.03,0,100,512,2,0.8875,0.7476,0.0,0.84,3.075,6,736,0.8084,session_ticket
controlled_weak_network_simulation,ticket_only,0.1,0.03,0,100,512,3,0.8855,0.7476,0.0,0.84,3.075,6,736,0.8084,session_ticket
controlled_weak_network_simulation,ticket_only,0.1,0.03,0,500,128,1,0.8895,0.7476,0.0,0.84,3.375,26,2656,0.8084,session_ticket
controlled_weak_network_simulation,ticket_only,0.1,0.03,0,500,128,2,0.8875,0.7476,0.0,0.84,3.375,26,2656,0.8084,session_ticket
controlled_weak_network_simulation,ticket_only,0.1,0.03,0,500,128,3,0.8855,0.7476,0.0,0.84,3.375,26,2656,0.8084,session_ticket
controlled_weak_network_simulation,ticket_only,0.1,0.03,0,500,512,1,0.8895,0.7476,0.0,0.84,3.375,26,2656,0.8084,session_ticket
controlled_weak_network_simulation,ticket_only,0.1,0.03,0,500,512,2,0.8875,0.7476,0.0,0.84,3.375,26,2656,0.8084,session_ticket
controlled_weak_network_simulation,ticket_only,0.1,0.03,0,500,512,3,0.8855,0.7476,0.0,0.84,3.375,26,2656,0.8084,session_ticket
controlled_weak_network_simulation,ticket_only,0.1,0.03,0,1000,128,1,0.8895,0.7476,0.0,0.84,3.75,51,5056,0.8084,session_ticket
controlled_weak_network_simulation,ticket_only,0.1,0.03,0,1000,128,2,0.8875,0.7476,0.0,0.84,3.75,51,5056,0.8084,session_ticket
controlled_weak_network_simulation,ticket_only,0.1,0.03,0,1000,128,3,0.8855,0.7476,0.0,0.84,3.75,51,5056,0.8084,session_ticket
controlled_weak_network_simulation,ticket_only,0.1,0.03,0,1000,512,1,0.8895,0.7476,0.0,0.84,3.75,51,5056,0.8084,session_ticket
controlled_weak_network_simulation,ticket_only,0.1,0.03,0,1000,512,2,0.8875,0.7476,0.0,0.84,3.75,51,5056,0.8084,session_ticket
controlled_weak_network_simulation,ticket_only,0.1,0.03,0,1000,512,3,0.8855,0.7476,0.0,0.84,3.75,51,5056,0.8084,session_ticket
controlled_weak_network_simulation,ticket_only,0.1,0.03,50,100,128,1,0.8895,0.7116,0.0,0.84,53.075,6,736,0.7844,session_ticket
controlled_weak_network_simulation,ticket_only,0.1,0.03,50,100,128,2,0.8875,0.7116,0.0,0.84,53.075,6,736,0.7844,session_ticket
controlled_weak_network_simulation,ticket_only,0.1,0.03,50,100,128,3,0.8855,0.7116,0.0,0.84,53.075,6,736,0.7844,session_ticket
controlled_weak_network_simulation,ticket_only,0.1,0.03,50,100,512,1,0.8895,0.7116,0.0,0.84,53.075,6,736,0.7844,session_ticket
controlled_weak_network_simulation,ticket_only,0.1,0.03,50,100,512,2,0.8875,0.7116,0.0,0.84,53.075,6,736,0.7844,session_ticket
controlled_weak_network_simulation,ticket_only,0.1,0.03,50,100,512,3,0.8855,0.7116,0.0,0.84,53.075,6,736,0.7844,session_ticket
controlled_weak_network_simulation,ticket_only,0.1,0.03,50,500,128,1,0.8895,0.7116,0.0,0.84,53.375,26,2656,0.7844,session_ticket
controlled_weak_network_simulation,ticket_only,0.1,0.03,50,500,128,2,0.8875,0.7116,0.0,0.84,53.375,26,2656,0.7844,session_ticket
controlled_weak_network_simulation,ticket_only,0.1,0.03,50,500,128,3,0.8855,0.7116,0.0,0.84,53.375,26,2656,0.7844,session_ticket
controlled_weak_network_simulation,ticket_only,0.1,0.03,50,500,512,1,0.8895,0.7116,0.0,0.84,53.375,26,2656,0.7844,session_ticket
controlled_weak_network_simulation,ticket_only,0.1,0.03,50,500,512,2,0.8875,0.7116,0.0,0.84,53.375,26,2656,0.7844,session_ticket
controlled_weak_network_simulation,ticket_only,0.1,0.03,50,500,512,3,0.8855,0.7116,0.0,0.84,53.375,26,2656,0.7844,session_ticket
controlled_weak_network_simulation,ticket_only,0.1,0.03,50,1000,128,1,0.8895,0.7116,0.0,0.84,53.75,51,5056,0.7844,session_ticket
controlled_weak_network_simulation,ticket_only,0.1,0.03,50,1000,128,2,0.8875,0.7116,0.0,0.84,53.75,51,5056,0.7844,session_ticket
controlled_weak_network_simulation,ticket_only,0.1,0.03,50,1000,128,3,0.8855,0.7116,0.0,0.84,53.75,51,5056,0.7844,session_ticket
controlled_weak_network_simulation,ticket_only,0.1,0.03,50,1000,512,1,0.8895,0.7116,0.0,0.84,53.75,51,5056,0.7844,session_ticket
controlled_weak_network_simulation,ticket_only,0.1,0.03,50,1000,512,2,0.8875,0.7116,0.0,0.84,53.75,51,5056,0.7844,session_ticket
controlled_weak_network_simulation,ticket_only,0.1,0.03,50,1000,512,3,0.8855,0.7116,0.0,0.84,53.75,51,5056,0.7844,session_ticket
controlled_weak_network_simulation,ticket_only,0.1,0.03,100,100,128,1,0.8895,0.6756,0.0,0.84,103.075,6,736,0.7604,session_ticket
controlled_weak_network_simulation,ticket_only,0.1,0.03,100,100,128,2,0.8875,0.6756,0.0,0.84,103.075,6,736,0.7604,session_ticket
controlled_weak_network_simulation,ticket_only,0.1,0.03,100,100,128,3,0.8855,0.6756,0.0,0.84,103.075,6,736,0.7604,session_ticket
controlled_weak_network_simulation,ticket_only,0.1,0.03,100,100,512,1,0.8895,0.6756,0.0,0.84,103.075,6,736,0.7604,session_ticket
controlled_weak_network_simulation,ticket_only,0.1,0.03,100,100,512,2,0.8875,0.6756,0.0,0.84,103.075,6,736,0.7604,session_ticket
controlled_weak_network_simulation,ticket_only,0.1,0.03,100,100,512,3,0.8855,0.6756,0.0,0.84,103.075,6,736,0.7604,session_ticket
controlled_weak_network_simulation,ticket_only,0.1,0.03,100,500,128,1,0.8895,0.6756,0.0,0.84,103.375,26,2656,0.7604,session_ticket
controlled_weak_network_simulation,ticket_only,0.1,0.03,100,500,128,2,0.8875,0.6756,0.0,0.84,103.375,26,2656,0.7604,session_ticket
controlled_weak_network_simulation,ticket_only,0.1,0.03,100,500,128,3,0.8855,0.6756,0.0,0.84,103.375,26,2656,0.7604,session_ticket
controlled_weak_network_simulation,ticket_only,0.1,0.03,100,500,512,1,0.8895,0.6756,0.0,0.84,103.375,26,2656,0.7604,session_ticket
controlled_weak_network_simulation,ticket_only,0.1,0.03,100,500,512,2,0.8875,0.6756,0.0,0.84,103.375,26,2656,0.7604,session_ticket
controlled_weak_network_simulation,ticket_only,0.1,0.03,100,500,512,3,0.8855,0.6756,0.0,0.84,103.375,26,2656,0.7604,session_ticket
controlled_weak_network_simulation,ticket_only,0.1,0.03,100,1000,128,1,0.8895,0.6756,0.0,0.84,103.75,51,5056,0.7604,session_ticket
controlled_weak_network_simulation,ticket_only,0.1,0.03,100,1000,128,2,0.8875,0.6756,0.0,0.84,103.75,51,5056,0.7604,session_ticket
controlled_weak_network_simulation,ticket_only,0.1,0.03,100,1000,128,3,0.8855,0.6756,0.0,0.84,103.75,51,5056,0.7604,session_ticket
controlled_weak_network_simulation,ticket_only,0.1,0.03,100,1000,512,1,0.8895,0.6756,0.0,0.84,103.75,51,5056,0.7604,session_ticket
controlled_weak_network_simulation,ticket_only,0.1,0.03,100,1000,512,2,0.8875,0.6756,0.0,0.84,103.75,51,5056,0.7604,session_ticket
controlled_weak_network_simulation,ticket_only,0.1,0.03,100,1000,512,3,0.8855,0.6756,0.0,0.84,103.75,51,5056,0.7604,session_ticket
controlled_weak_network_simulation,ticket_only,0.1,0.03,200,100,128,1,0.8895,0.6036,0.0,0.84,203.075,6,736,0.7124,session_ticket
controlled_weak_network_simulation,ticket_only,0.1,0.03,200,100,128,2,0.8875,0.6036,0.0,0.84,203.075,6,736,0.7124,session_ticket
controlled_weak_network_simulation,ticket_only,0.1,0.03,200,100,128,3,0.8855,0.6036,0.0,0.84,203.075,6,736,0.7124,session_ticket
controlled_weak_network_simulation,ticket_only,0.1,0.03,200,100,512,1,0.8895,0.6036,0.0,0.84,203.075,6,736,0.7124,session_ticket
controlled_weak_network_simulation,ticket_only,0.1,0.03,200,100,512,2,0.8875,0.6036,0.0,0.84,203.075,6,736,0.7124,session_ticket
controlled_weak_network_simulation,ticket_only,0.1,0.03,200,100,512,3,0.8855,0.6036,0.0,0.84,203.075,6,736,0.7124,session_ticket
controlled_weak_network_simulation,ticket_only,0.1,0.03,200,500,128,1,0.8895,0.6036,0.0,0.84,203.375,26,2656,0.7124,session_ticket
controlled_weak_network_simulation,ticket_only,0.1,0.03,200,500,128,2,0.8875,0.6036,0.0,0.84,203.375,26,2656,0.7124,session_ticket
controlled_weak_network_simulation,ticket_only,0.1,0.03,200,500,128,3,0.8855,0.6036,0.0,0.84,203.375,26,2656,0.7124,session_ticket
controlled_weak_network_simulation,ticket_only,0.1,0.03,200,500,512,1,0.8895,0.6036,0.0,0.84,203.375,26,2656,0.7124,session_ticket
controlled_weak_network_simulation,ticket_only,0.1,0.03,200,500,512,2,0.8875,0.6036,0.0,0.84,203.375,26,2656,0.7124,session_ticket
controlled_weak_network_simulation,ticket_only,0.1,0.03,200,500,512,3,0.8855,0.6036,0.0,0.84,203.375,26,2656,0.7124,session_ticket
controlled_weak_network_simulation,ticket_only,0.1,0.03,200,1000,128,1,0.8895,0.6036,0.0,0.84,203.75,51,5056,0.7124,session_ticket
controlled_weak_network_simulation,ticket_only,0.1,0.03,200,1000,128,2,0.8875,0.6036,0.0,0.84,203.75,51,5056,0.7124,session_ticket
controlled_weak_network_simulation,ticket_only,0.1,0.03,200,1000,128,3,0.8855,0.6036,0.0,0.84,203.75,51,5056,0.7124,session_ticket
controlled_weak_network_simulation,ticket_only,0.1,0.03,200,1000,512,1,0.8895,0.6036,0.0,0.84,203.75,51,5056,0.7124,session_ticket
controlled_weak_network_simulation,ticket_only,0.1,0.03,200,1000,512,2,0.8875,0.6036,0.0,0.84,203.75,51,5056,0.7124,session_ticket
controlled_weak_network_simulation,ticket_only,0.1,0.03,200,1000,512,3,0.8855,0.6036,0.0,0.84,203.75,51,5056,0.7124,session_ticket
controlled_weak_network_simulation,gmcp_r,0.0,0.0,0,100,128,1,1.0,0.99,1.0,0.99,4.0,1,512,0.9,memory_ticket_checkpoint
controlled_weak_network_simulation,gmcp_r,0.0,0.0,0,100,128,2,0.998,0.99,1.0,0.99,4.0,1,512,0.9,memory_ticket_checkpoint
controlled_weak_network_simulation,gmcp_r,0.0,0.0,0,100,128,3,0.996,0.99,1.0,0.99,4.0,1,512,0.9,memory_ticket_checkpoint
controlled_weak_network_simulation,gmcp_r,0.0,0.0,0,100,512,1,1.0,0.99,1.0,0.99,4.0,1,512,0.9,memory_ticket_checkpoint
controlled_weak_network_simulation,gmcp_r,0.0,0.0,0,100,512,2,0.998,0.99,1.0,0.99,4.0,1,512,0.9,memory_ticket_checkpoint
controlled_weak_network_simulation,gmcp_r,0.0,0.0,0,100,512,3,0.996,0.99,1.0,0.99,4.0,1,512,0.9,memory_ticket_checkpoint
controlled_weak_network_simulation,gmcp_r,0.0,0.0,0,500,128,1,1.0,0.99,1.0,0.99,4.0,1,512,0.9,memory_ticket_checkpoint
controlled_weak_network_simulation,gmcp_r,0.0,0.0,0,500,128,2,0.998,0.99,1.0,0.99,4.0,1,512,0.9,memory_ticket_checkpoint
controlled_weak_network_simulation,gmcp_r,0.0,0.0,0,500,128,3,0.996,0.99,1.0,0.99,4.0,1,512,0.9,memory_ticket_checkpoint
controlled_weak_network_simulation,gmcp_r,0.0,0.0,0,500,512,1,1.0,0.99,1.0,0.99,4.0,1,512,0.9,memory_ticket_checkpoint
controlled_weak_network_simulation,gmcp_r,0.0,0.0,0,500,512,2,0.998,0.99,1.0,0.99,4.0,1,512,0.9,memory_ticket_checkpoint
controlled_weak_network_simulation,gmcp_r,0.0,0.0,0,500,512,3,0.996,0.99,1.0,0.99,4.0,1,512,0.9,memory_ticket_checkpoint
controlled_weak_network_simulation,gmcp_r,0.0,0.0,0,1000,128,1,1.0,0.99,1.0,0.99,4.0,1,512,0.9,memory_ticket_checkpoint
controlled_weak_network_simulation,gmcp_r,0.0,0.0,0,1000,128,2,0.998,0.99,1.0,0.99,4.0,1,512,0.9,memory_ticket_checkpoint
controlled_weak_network_simulation,gmcp_r,0.0,0.0,0,1000,128,3,0.996,0.99,1.0,0.99,4.0,1,512,0.9,memory_ticket_checkpoint
controlled_weak_network_simulation,gmcp_r,0.0,0.0,0,1000,512,1,1.0,0.99,1.0,0.99,4.0,1,512,0.9,memory_ticket_checkpoint
controlled_weak_network_simulation,gmcp_r,0.0,0.0,0,1000,512,2,0.998,0.99,1.0,0.99,4.0,1,512,0.9,memory_ticket_checkpoint
controlled_weak_network_simulation,gmcp_r,0.0,0.0,0,1000,512,3,0.996,0.99,1.0,0.99,4.0,1,512,0.9,memory_ticket_checkpoint
controlled_weak_network_simulation,gmcp_r,0.0,0.0,50,100,128,1,1.0,0.979,1.0,0.99,54.0,1,512,0.889,memory_ticket_checkpoint
controlled_weak_network_simulation,gmcp_r,0.0,0.0,50,100,128,2,0.998,0.979,1.0,0.99,54.0,1,512,0.889,memory_ticket_checkpoint
controlled_weak_network_simulation,gmcp_r,0.0,0.0,50,100,128,3,0.996,0.979,1.0,0.99,54.0,1,512,0.889,memory_ticket_checkpoint
controlled_weak_network_simulation,gmcp_r,0.0,0.0,50,100,512,1,1.0,0.979,1.0,0.99,54.0,1,512,0.889,memory_ticket_checkpoint
controlled_weak_network_simulation,gmcp_r,0.0,0.0,50,100,512,2,0.998,0.979,1.0,0.99,54.0,1,512,0.889,memory_ticket_checkpoint
controlled_weak_network_simulation,gmcp_r,0.0,0.0,50,100,512,3,0.996,0.979,1.0,0.99,54.0,1,512,0.889,memory_ticket_checkpoint
controlled_weak_network_simulation,gmcp_r,0.0,0.0,50,500,128,1,1.0,0.979,1.0,0.99,54.0,1,512,0.889,memory_ticket_checkpoint
controlled_weak_network_simulation,gmcp_r,0.0,0.0,50,500,128,2,0.998,0.979,1.0,0.99,54.0,1,512,0.889,memory_ticket_checkpoint
controlled_weak_network_simulation,gmcp_r,0.0,0.0,50,500,128,3,0.996,0.979,1.0,0.99,54.0,1,512,0.889,memory_ticket_checkpoint
controlled_weak_network_simulation,gmcp_r,0.0,0.0,50,500,512,1,1.0,0.979,1.0,0.99,54.0,1,512,0.889,memory_ticket_checkpoint
controlled_weak_network_simulation,gmcp_r,0.0,0.0,50,500,512,2,0.998,0.979,1.0,0.99,54.0,1,512,0.889,memory_ticket_checkpoint
controlled_weak_network_simulation,gmcp_r,0.0,0.0,50,500,512,3,0.996,0.979,1.0,0.99,54.0,1,512,0.889,memory_ticket_checkpoint
controlled_weak_network_simulation,gmcp_r,0.0,0.0,50,1000,128,1,1.0,0.979,1.0,0.99,54.0,1,512,0.889,memory_ticket_checkpoint
controlled_weak_network_simulation,gmcp_r,0.0,0.0,50,1000,128,2,0.998,0.979,1.0,0.99,54.0,1,512,0.889,memory_ticket_checkpoint
controlled_weak_network_simulation,gmcp_r,0.0,0.0,50,1000,128,3,0.996,0.979,1.0,0.99,54.0,1,512,0.889,memory_ticket_checkpoint
controlled_weak_network_simulation,gmcp_r,0.0,0.0,50,1000,512,1,1.0,0.979,1.0,0.99,54.0,1,512,0.889,memory_ticket_checkpoint
controlled_weak_network_simulation,gmcp_r,0.0,0.0,50,1000,512,2,0.998,0.979,1.0,0.99,54.0,1,512,0.889,memory_ticket_checkpoint
controlled_weak_network_simulation,gmcp_r,0.0,0.0,50,1000,512,3,0.996,0.979,1.0,0.99,54.0,1,512,0.889,memory_ticket_checkpoint
controlled_weak_network_simulation,gmcp_r,0.0,0.0,100,100,128,1,1.0,0.968,1.0,0.99,104.0,1,512,0.878,memory_ticket_checkpoint
controlled_weak_network_simulation,gmcp_r,0.0,0.0,100,100,128,2,0.998,0.968,1.0,0.99,104.0,1,512,0.878,memory_ticket_checkpoint
controlled_weak_network_simulation,gmcp_r,0.0,0.0,100,100,128,3,0.996,0.968,1.0,0.99,104.0,1,512,0.878,memory_ticket_checkpoint
controlled_weak_network_simulation,gmcp_r,0.0,0.0,100,100,512,1,1.0,0.968,1.0,0.99,104.0,1,512,0.878,memory_ticket_checkpoint
controlled_weak_network_simulation,gmcp_r,0.0,0.0,100,100,512,2,0.998,0.968,1.0,0.99,104.0,1,512,0.878,memory_ticket_checkpoint
controlled_weak_network_simulation,gmcp_r,0.0,0.0,100,100,512,3,0.996,0.968,1.0,0.99,104.0,1,512,0.878,memory_ticket_checkpoint
controlled_weak_network_simulation,gmcp_r,0.0,0.0,100,500,128,1,1.0,0.968,1.0,0.99,104.0,1,512,0.878,memory_ticket_checkpoint
controlled_weak_network_simulation,gmcp_r,0.0,0.0,100,500,128,2,0.998,0.968,1.0,0.99,104.0,1,512,0.878,memory_ticket_checkpoint
controlled_weak_network_simulation,gmcp_r,0.0,0.0,100,500,128,3,0.996,0.968,1.0,0.99,104.0,1,512,0.878,memory_ticket_checkpoint
controlled_weak_network_simulation,gmcp_r,0.0,0.0,100,500,512,1,1.0,0.968,1.0,0.99,104.0,1,512,0.878,memory_ticket_checkpoint
controlled_weak_network_simulation,gmcp_r,0.0,0.0,100,500,512,2,0.998,0.968,1.0,0.99,104.0,1,512,0.878,memory_ticket_checkpoint
controlled_weak_network_simulation,gmcp_r,0.0,0.0,100,500,512,3,0.996,0.968,1.0,0.99,104.0,1,512,0.878,memory_ticket_checkpoint
controlled_weak_network_simulation,gmcp_r,0.0,0.0,100,1000,128,1,1.0,0.968,1.0,0.99,104.0,1,512,0.878,memory_ticket_checkpoint
controlled_weak_network_simulation,gmcp_r,0.0,0.0,100,1000,128,2,0.998,0.968,1.0,0.99,104.0,1,512,0.878,memory_ticket_checkpoint
controlled_weak_network_simulation,gmcp_r,0.0,0.0,100,1000,128,3,0.996,0.968,1.0,0.99,104.0,1,512,0.878,memory_ticket_checkpoint
controlled_weak_network_simulation,gmcp_r,0.0,0.0,100,1000,512,1,1.0,0.968,1.0,0.99,104.0,1,512,0.878,memory_ticket_checkpoint
controlled_weak_network_simulation,gmcp_r,0.0,0.0,100,1000,512,2,0.998,0.968,1.0,0.99,104.0,1,512,0.878,memory_ticket_checkpoint
controlled_weak_network_simulation,gmcp_r,0.0,0.0,100,1000,512,3,0.996,0.968,1.0,0.99,104.0,1,512,0.878,memory_ticket_checkpoint
controlled_weak_network_simulation,gmcp_r,0.0,0.0,200,100,128,1,1.0,0.946,1.0,0.99,204.0,1,512,0.856,memory_ticket_checkpoint
controlled_weak_network_simulation,gmcp_r,0.0,0.0,200,100,128,2,0.998,0.946,1.0,0.99,204.0,1,512,0.856,memory_ticket_checkpoint
controlled_weak_network_simulation,gmcp_r,0.0,0.0,200,100,128,3,0.996,0.946,1.0,0.99,204.0,1,512,0.856,memory_ticket_checkpoint
controlled_weak_network_simulation,gmcp_r,0.0,0.0,200,100,512,1,1.0,0.946,1.0,0.99,204.0,1,512,0.856,memory_ticket_checkpoint
controlled_weak_network_simulation,gmcp_r,0.0,0.0,200,100,512,2,0.998,0.946,1.0,0.99,204.0,1,512,0.856,memory_ticket_checkpoint
controlled_weak_network_simulation,gmcp_r,0.0,0.0,200,100,512,3,0.996,0.946,1.0,0.99,204.0,1,512,0.856,memory_ticket_checkpoint
controlled_weak_network_simulation,gmcp_r,0.0,0.0,200,500,128,1,1.0,0.946,1.0,0.99,204.0,1,512,0.856,memory_ticket_checkpoint
controlled_weak_network_simulation,gmcp_r,0.0,0.0,200,500,128,2,0.998,0.946,1.0,0.99,204.0,1,512,0.856,memory_ticket_checkpoint
controlled_weak_network_simulation,gmcp_r,0.0,0.0,200,500,128,3,0.996,0.946,1.0,0.99,204.0,1,512,0.856,memory_ticket_checkpoint
controlled_weak_network_simulation,gmcp_r,0.0,0.0,200,500,512,1,1.0,0.946,1.0,0.99,204.0,1,512,0.856,memory_ticket_checkpoint
controlled_weak_network_simulation,gmcp_r,0.0,0.0,200,500,512,2,0.998,0.946,1.0,0.99,204.0,1,512,0.856,memory_ticket_checkpoint
controlled_weak_network_simulation,gmcp_r,0.0,0.0,200,500,512,3,0.996,0.946,1.0,0.99,204.0,1,512,0.856,memory_ticket_checkpoint
controlled_weak_network_simulation,gmcp_r,0.0,0.0,200,1000,128,1,1.0,0.946,1.0,0.99,204.0,1,512,0.856,memory_ticket_checkpoint
controlled_weak_network_simulation,gmcp_r,0.0,0.0,200,1000,128,2,0.998,0.946,1.0,0.99,204.0,1,512,0.856,memory_ticket_checkpoint
controlled_weak_network_simulation,gmcp_r,0.0,0.0,200,1000,128,3,0.996,0.946,1.0,0.99,204.0,1,512,0.856,memory_ticket_checkpoint
controlled_weak_network_simulation,gmcp_r,0.0,0.0,200,1000,512,1,1.0,0.946,1.0,0.99,204.0,1,512,0.856,memory_ticket_checkpoint
controlled_weak_network_simulation,gmcp_r,0.0,0.0,200,1000,512,2,0.998,0.946,1.0,0.99,204.0,1,512,0.856,memory_ticket_checkpoint
controlled_weak_network_simulation,gmcp_r,0.0,0.0,200,1000,512,3,0.996,0.946,1.0,0.99,204.0,1,512,0.856,memory_ticket_checkpoint
controlled_weak_network_simulation,gmcp_r,0.0,0.01,0,100,128,1,0.9965,0.9867,1.0,0.9895,4.0,1,512,0.8967,memory_ticket_checkpoint
controlled_weak_network_simulation,gmcp_r,0.0,0.01,0,100,128,2,0.9945,0.9867,1.0,0.9895,4.0,1,512,0.8967,memory_ticket_checkpoint
controlled_weak_network_simulation,gmcp_r,0.0,0.01,0,100,128,3,0.9925,0.9867,1.0,0.9895,4.0,1,512,0.8967,memory_ticket_checkpoint
controlled_weak_network_simulation,gmcp_r,0.0,0.01,0,100,512,1,0.9965,0.9867,1.0,0.9895,4.0,1,512,0.8967,memory_ticket_checkpoint
controlled_weak_network_simulation,gmcp_r,0.0,0.01,0,100,512,2,0.9945,0.9867,1.0,0.9895,4.0,1,512,0.8967,memory_ticket_checkpoint
controlled_weak_network_simulation,gmcp_r,0.0,0.01,0,100,512,3,0.9925,0.9867,1.0,0.9895,4.0,1,512,0.8967,memory_ticket_checkpoint
controlled_weak_network_simulation,gmcp_r,0.0,0.01,0,500,128,1,0.9965,0.9867,1.0,0.9895,4.012,3,704,0.8967,memory_ticket_checkpoint
controlled_weak_network_simulation,gmcp_r,0.0,0.01,0,500,128,2,0.9945,0.9867,1.0,0.9895,4.012,3,704,0.8967,memory_ticket_checkpoint
controlled_weak_network_simulation,gmcp_r,0.0,0.01,0,500,128,3,0.9925,0.9867,1.0,0.9895,4.012,3,704,0.8967,memory_ticket_checkpoint
controlled_weak_network_simulation,gmcp_r,0.0,0.01,0,500,512,1,0.9965,0.9867,1.0,0.9895,4.012,3,704,0.8967,memory_ticket_checkpoint
controlled_weak_network_simulation,gmcp_r,0.0,0.01,0,500,512,2,0.9945,0.9867,1.0,0.9895,4.012,3,704,0.8967,memory_ticket_checkpoint
controlled_weak_network_simulation,gmcp_r,0.0,0.01,0,500,512,3,0.9925,0.9867,1.0,0.9895,4.012,3,704,0.8967,memory_ticket_checkpoint
controlled_weak_network_simulation,gmcp_r,0.0,0.01,0,1000,128,1,0.9965,0.9867,1.0,0.9895,4.03,6,992,0.8967,memory_ticket_checkpoint
controlled_weak_network_simulation,gmcp_r,0.0,0.01,0,1000,128,2,0.9945,0.9867,1.0,0.9895,4.03,6,992,0.8967,memory_ticket_checkpoint
controlled_weak_network_simulation,gmcp_r,0.0,0.01,0,1000,128,3,0.9925,0.9867,1.0,0.9895,4.03,6,992,0.8967,memory_ticket_checkpoint
controlled_weak_network_simulation,gmcp_r,0.0,0.01,0,1000,512,1,0.9965,0.9867,1.0,0.9895,4.03,6,992,0.8967,memory_ticket_checkpoint
controlled_weak_network_simulation,gmcp_r,0.0,0.01,0,1000,512,2,0.9945,0.9867,1.0,0.9895,4.03,6,992,0.8967,memory_ticket_checkpoint
controlled_weak_network_simulation,gmcp_r,0.0,0.01,0,1000,512,3,0.9925,0.9867,1.0,0.9895,4.03,6,992,0.8967,memory_ticket_checkpoint
controlled_weak_network_simulation,gmcp_r,0.0,0.01,50,100,128,1,0.9965,0.9757,1.0,0.9895,54.0,1,512,0.8857,memory_ticket_checkpoint
controlled_weak_network_simulation,gmcp_r,0.0,0.01,50,100,128,2,0.9945,0.9757,1.0,0.9895,54.0,1,512,0.8857,memory_ticket_checkpoint
controlled_weak_network_simulation,gmcp_r,0.0,0.01,50,100,128,3,0.9925,0.9757,1.0,0.9895,54.0,1,512,0.8857,memory_ticket_checkpoint
controlled_weak_network_simulation,gmcp_r,0.0,0.01,50,100,512,1,0.9965,0.9757,1.0,0.9895,54.0,1,512,0.8857,memory_ticket_checkpoint
controlled_weak_network_simulation,gmcp_r,0.0,0.01,50,100,512,2,0.9945,0.9757,1.0,0.9895,54.0,1,512,0.8857,memory_ticket_checkpoint
controlled_weak_network_simulation,gmcp_r,0.0,0.01,50,100,512,3,0.9925,0.9757,1.0,0.9895,54.0,1,512,0.8857,memory_ticket_checkpoint
controlled_weak_network_simulation,gmcp_r,0.0,0.01,50,500,128,1,0.9965,0.9757,1.0,0.9895,54.012,3,704,0.8857,memory_ticket_checkpoint
controlled_weak_network_simulation,gmcp_r,0.0,0.01,50,500,128,2,0.9945,0.9757,1.0,0.9895,54.012,3,704,0.8857,memory_ticket_checkpoint
controlled_weak_network_simulation,gmcp_r,0.0,0.01,50,500,128,3,0.9925,0.9757,1.0,0.9895,54.012,3,704,0.8857,memory_ticket_checkpoint
controlled_weak_network_simulation,gmcp_r,0.0,0.01,50,500,512,1,0.9965,0.9757,1.0,0.9895,54.012,3,704,0.8857,memory_ticket_checkpoint
controlled_weak_network_simulation,gmcp_r,0.0,0.01,50,500,512,2,0.9945,0.9757,1.0,0.9895,54.012,3,704,0.8857,memory_ticket_checkpoint
controlled_weak_network_simulation,gmcp_r,0.0,0.01,50,500,512,3,0.9925,0.9757,1.0,0.9895,54.012,3,704,0.8857,memory_ticket_checkpoint
controlled_weak_network_simulation,gmcp_r,0.0,0.01,50,1000,128,1,0.9965,0.9757,1.0,0.9895,54.03,6,992,0.8857,memory_ticket_checkpoint
controlled_weak_network_simulation,gmcp_r,0.0,0.01,50,1000,128,2,0.9945,0.9757,1.0,0.9895,54.03,6,992,0.8857,memory_ticket_checkpoint
controlled_weak_network_simulation,gmcp_r,0.0,0.01,50,1000,128,3,0.9925,0.9757,1.0,0.9895,54.03,6,992,0.8857,memory_ticket_checkpoint
controlled_weak_network_simulation,gmcp_r,0.0,0.01,50,1000,512,1,0.9965,0.9757,1.0,0.9895,54.03,6,992,0.8857,memory_ticket_checkpoint
controlled_weak_network_simulation,gmcp_r,0.0,0.01,50,1000,512,2,0.9945,0.9757,1.0,0.9895,54.03,6,992,0.8857,memory_ticket_checkpoint
controlled_weak_network_simulation,gmcp_r,0.0,0.01,50,1000,512,3,0.9925,0.9757,1.0,0.9895,54.03,6,992,0.8857,memory_ticket_checkpoint
controlled_weak_network_simulation,gmcp_r,0.0,0.01,100,100,128,1,0.9965,0.9647,1.0,0.9895,104.0,1,512,0.8747,memory_ticket_checkpoint
controlled_weak_network_simulation,gmcp_r,0.0,0.01,100,100,128,2,0.9945,0.9647,1.0,0.9895,104.0,1,512,0.8747,memory_ticket_checkpoint
controlled_weak_network_simulation,gmcp_r,0.0,0.01,100,100,128,3,0.9925,0.9647,1.0,0.9895,104.0,1,512,0.8747,memory_ticket_checkpoint
controlled_weak_network_simulation,gmcp_r,0.0,0.01,100,100,512,1,0.9965,0.9647,1.0,0.9895,104.0,1,512,0.8747,memory_ticket_checkpoint
controlled_weak_network_simulation,gmcp_r,0.0,0.01,100,100,512,2,0.9945,0.9647,1.0,0.9895,104.0,1,512,0.8747,memory_ticket_checkpoint
controlled_weak_network_simulation,gmcp_r,0.0,0.01,100,100,512,3,0.9925,0.9647,1.0,0.9895,104.0,1,512,0.8747,memory_ticket_checkpoint
controlled_weak_network_simulation,gmcp_r,0.0,0.01,100,500,128,1,0.9965,0.9647,1.0,0.9895,104.012,3,704,0.8747,memory_ticket_checkpoint
controlled_weak_network_simulation,gmcp_r,0.0,0.01,100,500,128,2,0.9945,0.9647,1.0,0.9895,104.012,3,704,0.8747,memory_ticket_checkpoint
controlled_weak_network_simulation,gmcp_r,0.0,0.01,100,500,128,3,0.9925,0.9647,1.0,0.9895,104.012,3,704,0.8747,memory_ticket_checkpoint
controlled_weak_network_simulation,gmcp_r,0.0,0.01,100,500,512,1,0.9965,0.9647,1.0,0.9895,104.012,3,704,0.8747,memory_ticket_checkpoint
controlled_weak_network_simulation,gmcp_r,0.0,0.01,100,500,512,2,0.9945,0.9647,1.0,0.9895,104.012,3,704,0.8747,memory_ticket_checkpoint
controlled_weak_network_simulation,gmcp_r,0.0,0.01,100,500,512,3,0.9925,0.9647,1.0,0.9895,104.012,3,704,0.8747,memory_ticket_checkpoint
controlled_weak_network_simulation,gmcp_r,0.0,0.01,100,1000,128,1,0.9965,0.9647,1.0,0.9895,104.03,6,992,0.8747,memory_ticket_checkpoint
controlled_weak_network_simulation,gmcp_r,0.0,0.01,100,1000,128,2,0.9945,0.9647,1.0,0.9895,104.03,6,992,0.8747,memory_ticket_checkpoint
controlled_weak_network_simulation,gmcp_r,0.0,0.01,100,1000,128,3,0.9925,0.9647,1.0,0.9895,104.03,6,992,0.8747,memory_ticket_checkpoint
controlled_weak_network_simulation,gmcp_r,0.0,0.01,100,1000,512,1,0.9965,0.9647,1.0,0.9895,104.03,6,992,0.8747,memory_ticket_checkpoint
controlled_weak_network_simulation,gmcp_r,0.0,0.01,100,1000,512,2,0.9945,0.9647,1.0,0.9895,104.03,6,992,0.8747,memory_ticket_checkpoint
controlled_weak_network_simulation,gmcp_r,0.0,0.01,100,1000,512,3,0.9925,0.9647,1.0,0.9895,104.03,6,992,0.8747,memory_ticket_checkpoint
controlled_weak_network_simulation,gmcp_r,0.0,0.01,200,100,128,1,0.9965,0.9427,1.0,0.9895,204.0,1,512,0.8527,memory_ticket_checkpoint
controlled_weak_network_simulation,gmcp_r,0.0,0.01,200,100,128,2,0.9945,0.9427,1.0,0.9895,204.0,1,512,0.8527,memory_ticket_checkpoint
controlled_weak_network_simulation,gmcp_r,0.0,0.01,200,100,128,3,0.9925,0.9427,1.0,0.9895,204.0,1,512,0.8527,memory_ticket_checkpoint
controlled_weak_network_simulation,gmcp_r,0.0,0.01,200,100,512,1,0.9965,0.9427,1.0,0.9895,204.0,1,512,0.8527,memory_ticket_checkpoint
controlled_weak_network_simulation,gmcp_r,0.0,0.01,200,100,512,2,0.9945,0.9427,1.0,0.9895,204.0,1,512,0.8527,memory_ticket_checkpoint
controlled_weak_network_simulation,gmcp_r,0.0,0.01,200,100,512,3,0.9925,0.9427,1.0,0.9895,204.0,1,512,0.8527,memory_ticket_checkpoint
controlled_weak_network_simulation,gmcp_r,0.0,0.01,200,500,128,1,0.9965,0.9427,1.0,0.9895,204.012,3,704,0.8527,memory_ticket_checkpoint
controlled_weak_network_simulation,gmcp_r,0.0,0.01,200,500,128,2,0.9945,0.9427,1.0,0.9895,204.012,3,704,0.8527,memory_ticket_checkpoint
controlled_weak_network_simulation,gmcp_r,0.0,0.01,200,500,128,3,0.9925,0.9427,1.0,0.9895,204.012,3,704,0.8527,memory_ticket_checkpoint
controlled_weak_network_simulation,gmcp_r,0.0,0.01,200,500,512,1,0.9965,0.9427,1.0,0.9895,204.012,3,704,0.8527,memory_ticket_checkpoint
controlled_weak_network_simulation,gmcp_r,0.0,0.01,200,500,512,2,0.9945,0.9427,1.0,0.9895,204.012,3,704,0.8527,memory_ticket_checkpoint
controlled_weak_network_simulation,gmcp_r,0.0,0.01,200,500,512,3,0.9925,0.9427,1.0,0.9895,204.012,3,704,0.8527,memory_ticket_checkpoint
controlled_weak_network_simulation,gmcp_r,0.0,0.01,200,1000,128,1,0.9965,0.9427,1.0,0.9895,204.03,6,992,0.8527,memory_ticket_checkpoint
controlled_weak_network_simulation,gmcp_r,0.0,0.01,200,1000,128,2,0.9945,0.9427,1.0,0.9895,204.03,6,992,0.8527,memory_ticket_checkpoint
controlled_weak_network_simulation,gmcp_r,0.0,0.01,200,1000,128,3,0.9925,0.9427,1.0,0.9895,204.03,6,992,0.8527,memory_ticket_checkpoint
controlled_weak_network_simulation,gmcp_r,0.0,0.01,200,1000,512,1,0.9965,0.9427,1.0,0.9895,204.03,6,992,0.8527,memory_ticket_checkpoint
controlled_weak_network_simulation,gmcp_r,0.0,0.01,200,1000,512,2,0.9945,0.9427,1.0,0.9895,204.03,6,992,0.8527,memory_ticket_checkpoint
controlled_weak_network_simulation,gmcp_r,0.0,0.01,200,1000,512,3,0.9925,0.9427,1.0,0.9895,204.03,6,992,0.8527,memory_ticket_checkpoint
controlled_weak_network_simulation,gmcp_r,0.0,0.03,0,100,128,1,0.9895,0.9801,1.0,0.9885,4.006,2,608,0.8901,memory_ticket_checkpoint
controlled_weak_network_simulation,gmcp_r,0.0,0.03,0,100,128,2,0.9875,0.9801,1.0,0.9885,4.006,2,608,0.8901,memory_ticket_checkpoint
controlled_weak_network_simulation,gmcp_r,0.0,0.03,0,100,128,3,0.9855,0.9801,1.0,0.9885,4.006,2,608,0.8901,memory_ticket_checkpoint
controlled_weak_network_simulation,gmcp_r,0.0,0.03,0,100,512,1,0.9895,0.9801,1.0,0.9885,4.006,2,608,0.8901,memory_ticket_checkpoint
controlled_weak_network_simulation,gmcp_r,0.0,0.03,0,100,512,2,0.9875,0.9801,1.0,0.9885,4.006,2,608,0.8901,memory_ticket_checkpoint
controlled_weak_network_simulation,gmcp_r,0.0,0.03,0,100,512,3,0.9855,0.9801,1.0,0.9885,4.006,2,608,0.8901,memory_ticket_checkpoint
controlled_weak_network_simulation,gmcp_r,0.0,0.03,0,500,128,1,0.9895,0.9801,1.0,0.9885,4.042,8,1184,0.8901,memory_ticket_checkpoint
controlled_weak_network_simulation,gmcp_r,0.0,0.03,0,500,128,2,0.9875,0.9801,1.0,0.9885,4.042,8,1184,0.8901,memory_ticket_checkpoint
controlled_weak_network_simulation,gmcp_r,0.0,0.03,0,500,128,3,0.9855,0.9801,1.0,0.9885,4.042,8,1184,0.8901,memory_ticket_checkpoint
controlled_weak_network_simulation,gmcp_r,0.0,0.03,0,500,512,1,0.9895,0.9801,1.0,0.9885,4.042,8,1184,0.8901,memory_ticket_checkpoint
controlled_weak_network_simulation,gmcp_r,0.0,0.03,0,500,512,2,0.9875,0.9801,1.0,0.9885,4.042,8,1184,0.8901,memory_ticket_checkpoint
controlled_weak_network_simulation,gmcp_r,0.0,0.03,0,500,512,3,0.9855,0.9801,1.0,0.9885,4.042,8,1184,0.8901,memory_ticket_checkpoint
controlled_weak_network_simulation,gmcp_r,0.0,0.03,0,1000,128,1,0.9895,0.9801,1.0,0.9885,4.09,16,1952,0.8901,memory_ticket_checkpoint
controlled_weak_network_simulation,gmcp_r,0.0,0.03,0,1000,128,2,0.9875,0.9801,1.0,0.9885,4.09,16,1952,0.8901,memory_ticket_checkpoint
controlled_weak_network_simulation,gmcp_r,0.0,0.03,0,1000,128,3,0.9855,0.9801,1.0,0.9885,4.09,16,1952,0.8901,memory_ticket_checkpoint
controlled_weak_network_simulation,gmcp_r,0.0,0.03,0,1000,512,1,0.9895,0.9801,1.0,0.9885,4.09,16,1952,0.8901,memory_ticket_checkpoint
controlled_weak_network_simulation,gmcp_r,0.0,0.03,0,1000,512,2,0.9875,0.9801,1.0,0.9885,4.09,16,1952,0.8901,memory_ticket_checkpoint
controlled_weak_network_simulation,gmcp_r,0.0,0.03,0,1000,512,3,0.9855,0.9801,1.0,0.9885,4.09,16,1952,0.8901,memory_ticket_checkpoint
controlled_weak_network_simulation,gmcp_r,0.0,0.03,50,100,128,1,0.9895,0.9691,1.0,0.9885,54.006,2,608,0.8791,memory_ticket_checkpoint
controlled_weak_network_simulation,gmcp_r,0.0,0.03,50,100,128,2,0.9875,0.9691,1.0,0.9885,54.006,2,608,0.8791,memory_ticket_checkpoint
controlled_weak_network_simulation,gmcp_r,0.0,0.03,50,100,128,3,0.9855,0.9691,1.0,0.9885,54.006,2,608,0.8791,memory_ticket_checkpoint
controlled_weak_network_simulation,gmcp_r,0.0,0.03,50,100,512,1,0.9895,0.9691,1.0,0.9885,54.006,2,608,0.8791,memory_ticket_checkpoint
controlled_weak_network_simulation,gmcp_r,0.0,0.03,50,100,512,2,0.9875,0.9691,1.0,0.9885,54.006,2,608,0.8791,memory_ticket_checkpoint
controlled_weak_network_simulation,gmcp_r,0.0,0.03,50,100,512,3,0.9855,0.9691,1.0,0.9885,54.006,2,608,0.8791,memory_ticket_checkpoint
controlled_weak_network_simulation,gmcp_r,0.0,0.03,50,500,128,1,0.9895,0.9691,1.0,0.9885,54.042,8,1184,0.8791,memory_ticket_checkpoint
controlled_weak_network_simulation,gmcp_r,0.0,0.03,50,500,128,2,0.9875,0.9691,1.0,0.9885,54.042,8,1184,0.8791,memory_ticket_checkpoint
controlled_weak_network_simulation,gmcp_r,0.0,0.03,50,500,128,3,0.9855,0.9691,1.0,0.9885,54.042,8,1184,0.8791,memory_ticket_checkpoint
controlled_weak_network_simulation,gmcp_r,0.0,0.03,50,500,512,1,0.9895,0.9691,1.0,0.9885,54.042,8,1184,0.8791,memory_ticket_checkpoint
controlled_weak_network_simulation,gmcp_r,0.0,0.03,50,500,512,2,0.9875,0.9691,1.0,0.9885,54.042,8,1184,0.8791,memory_ticket_checkpoint
controlled_weak_network_simulation,gmcp_r,0.0,0.03,50,500,512,3,0.9855,0.9691,1.0,0.9885,54.042,8,1184,0.8791,memory_ticket_checkpoint
controlled_weak_network_simulation,gmcp_r,0.0,0.03,50,1000,128,1,0.9895,0.9691,1.0,0.9885,54.09,16,1952,0.8791,memory_ticket_checkpoint
controlled_weak_network_simulation,gmcp_r,0.0,0.03,50,1000,128,2,0.9875,0.9691,1.0,0.9885,54.09,16,1952,0.8791,memory_ticket_checkpoint
controlled_weak_network_simulation,gmcp_r,0.0,0.03,50,1000,128,3,0.9855,0.9691,1.0,0.9885,54.09,16,1952,0.8791,memory_ticket_checkpoint
controlled_weak_network_simulation,gmcp_r,0.0,0.03,50,1000,512,1,0.9895,0.9691,1.0,0.9885,54.09,16,1952,0.8791,memory_ticket_checkpoint
controlled_weak_network_simulation,gmcp_r,0.0,0.03,50,1000,512,2,0.9875,0.9691,1.0,0.9885,54.09,16,1952,0.8791,memory_ticket_checkpoint
controlled_weak_network_simulation,gmcp_r,0.0,0.03,50,1000,512,3,0.9855,0.9691,1.0,0.9885,54.09,16,1952,0.8791,memory_ticket_checkpoint
controlled_weak_network_simulation,gmcp_r,0.0,0.03,100,100,128,1,0.9895,0.9581,1.0,0.9885,104.006,2,608,0.8681,memory_ticket_checkpoint
controlled_weak_network_simulation,gmcp_r,0.0,0.03,100,100,128,2,0.9875,0.9581,1.0,0.9885,104.006,2,608,0.8681,memory_ticket_checkpoint
controlled_weak_network_simulation,gmcp_r,0.0,0.03,100,100,128,3,0.9855,0.9581,1.0,0.9885,104.006,2,608,0.8681,memory_ticket_checkpoint
controlled_weak_network_simulation,gmcp_r,0.0,0.03,100,100,512,1,0.9895,0.9581,1.0,0.9885,104.006,2,608,0.8681,memory_ticket_checkpoint
controlled_weak_network_simulation,gmcp_r,0.0,0.03,100,100,512,2,0.9875,0.9581,1.0,0.9885,104.006,2,608,0.8681,memory_ticket_checkpoint
controlled_weak_network_simulation,gmcp_r,0.0,0.03,100,100,512,3,0.9855,0.9581,1.0,0.9885,104.006,2,608,0.8681,memory_ticket_checkpoint
controlled_weak_network_simulation,gmcp_r,0.0,0.03,100,500,128,1,0.9895,0.9581,1.0,0.9885,104.042,8,1184,0.8681,memory_ticket_checkpoint
controlled_weak_network_simulation,gmcp_r,0.0,0.03,100,500,128,2,0.9875,0.9581,1.0,0.9885,104.042,8,1184,0.8681,memory_ticket_checkpoint
controlled_weak_network_simulation,gmcp_r,0.0,0.03,100,500,128,3,0.9855,0.9581,1.0,0.9885,104.042,8,1184,0.8681,memory_ticket_checkpoint
controlled_weak_network_simulation,gmcp_r,0.0,0.03,100,500,512,1,0.9895,0.9581,1.0,0.9885,104.042,8,1184,0.8681,memory_ticket_checkpoint
controlled_weak_network_simulation,gmcp_r,0.0,0.03,100,500,512,2,0.9875,0.9581,1.0,0.9885,104.042,8,1184,0.8681,memory_ticket_checkpoint
controlled_weak_network_simulation,gmcp_r,0.0,0.03,100,500,512,3,0.9855,0.9581,1.0,0.9885,104.042,8,1184,0.8681,memory_ticket_checkpoint
controlled_weak_network_simulation,gmcp_r,0.0,0.03,100,1000,128,1,0.9895,0.9581,1.0,0.9885,104.09,16,1952,0.8681,memory_ticket_checkpoint
controlled_weak_network_simulation,gmcp_r,0.0,0.03,100,1000,128,2,0.9875,0.9581,1.0,0.9885,104.09,16,1952,0.8681,memory_ticket_checkpoint
controlled_weak_network_simulation,gmcp_r,0.0,0.03,100,1000,128,3,0.9855,0.9581,1.0,0.9885,104.09,16,1952,0.8681,memory_ticket_checkpoint
controlled_weak_network_simulation,gmcp_r,0.0,0.03,100,1000,512,1,0.9895,0.9581,1.0,0.9885,104.09,16,1952,0.8681,memory_ticket_checkpoint
controlled_weak_network_simulation,gmcp_r,0.0,0.03,100,1000,512,2,0.9875,0.9581,1.0,0.9885,104.09,16,1952,0.8681,memory_ticket_checkpoint
controlled_weak_network_simulation,gmcp_r,0.0,0.03,100,1000,512,3,0.9855,0.9581,1.0,0.9885,104.09,16,1952,0.8681,memory_ticket_checkpoint
controlled_weak_network_simulation,gmcp_r,0.0,0.03,200,100,128,1,0.9895,0.9361,1.0,0.9885,204.006,2,608,0.8461,memory_ticket_checkpoint
controlled_weak_network_simulation,gmcp_r,0.0,0.03,200,100,128,2,0.9875,0.9361,1.0,0.9885,204.006,2,608,0.8461,memory_ticket_checkpoint
controlled_weak_network_simulation,gmcp_r,0.0,0.03,200,100,128,3,0.9855,0.9361,1.0,0.9885,204.006,2,608,0.8461,memory_ticket_checkpoint
controlled_weak_network_simulation,gmcp_r,0.0,0.03,200,100,512,1,0.9895,0.9361,1.0,0.9885,204.006,2,608,0.8461,memory_ticket_checkpoint
controlled_weak_network_simulation,gmcp_r,0.0,0.03,200,100,512,2,0.9875,0.9361,1.0,0.9885,204.006,2,608,0.8461,memory_ticket_checkpoint
controlled_weak_network_simulation,gmcp_r,0.0,0.03,200,100,512,3,0.9855,0.9361,1.0,0.9885,204.006,2,608,0.8461,memory_ticket_checkpoint
controlled_weak_network_simulation,gmcp_r,0.0,0.03,200,500,128,1,0.9895,0.9361,1.0,0.9885,204.042,8,1184,0.8461,memory_ticket_checkpoint
controlled_weak_network_simulation,gmcp_r,0.0,0.03,200,500,128,2,0.9875,0.9361,1.0,0.9885,204.042,8,1184,0.8461,memory_ticket_checkpoint
controlled_weak_network_simulation,gmcp_r,0.0,0.03,200,500,128,3,0.9855,0.9361,1.0,0.9885,204.042,8,1184,0.8461,memory_ticket_checkpoint
controlled_weak_network_simulation,gmcp_r,0.0,0.03,200,500,512,1,0.9895,0.9361,1.0,0.9885,204.042,8,1184,0.8461,memory_ticket_checkpoint
controlled_weak_network_simulation,gmcp_r,0.0,0.03,200,500,512,2,0.9875,0.9361,1.0,0.9885,204.042,8,1184,0.8461,memory_ticket_checkpoint
controlled_weak_network_simulation,gmcp_r,0.0,0.03,200,500,512,3,0.9855,0.9361,1.0,0.9885,204.042,8,1184,0.8461,memory_ticket_checkpoint
controlled_weak_network_simulation,gmcp_r,0.0,0.03,200,1000,128,1,0.9895,0.9361,1.0,0.9885,204.09,16,1952,0.8461,memory_ticket_checkpoint
controlled_weak_network_simulation,gmcp_r,0.0,0.03,200,1000,128,2,0.9875,0.9361,1.0,0.9885,204.09,16,1952,0.8461,memory_ticket_checkpoint
controlled_weak_network_simulation,gmcp_r,0.0,0.03,200,1000,128,3,0.9855,0.9361,1.0,0.9885,204.09,16,1952,0.8461,memory_ticket_checkpoint
controlled_weak_network_simulation,gmcp_r,0.0,0.03,200,1000,512,1,0.9895,0.9361,1.0,0.9885,204.09,16,1952,0.8461,memory_ticket_checkpoint
controlled_weak_network_simulation,gmcp_r,0.0,0.03,200,1000,512,2,0.9875,0.9361,1.0,0.9885,204.09,16,1952,0.8461,memory_ticket_checkpoint
controlled_weak_network_simulation,gmcp_r,0.0,0.03,200,1000,512,3,0.9855,0.9361,1.0,0.9885,204.09,16,1952,0.8461,memory_ticket_checkpoint
controlled_weak_network_simulation,gmcp_r,0.01,0.0,0,100,128,1,0.99,0.9845,0.9992,0.99,4.006,2,608,0.8945,memory_ticket_checkpoint
controlled_weak_network_simulation,gmcp_r,0.01,0.0,0,100,128,2,0.988,0.9845,0.9992,0.99,4.006,2,608,0.8945,memory_ticket_checkpoint
controlled_weak_network_simulation,gmcp_r,0.01,0.0,0,100,128,3,0.986,0.9845,0.9992,0.99,4.006,2,608,0.8945,memory_ticket_checkpoint
controlled_weak_network_simulation,gmcp_r,0.01,0.0,0,100,512,1,0.99,0.9845,0.9992,0.99,4.006,2,608,0.8945,memory_ticket_checkpoint
controlled_weak_network_simulation,gmcp_r,0.01,0.0,0,100,512,2,0.988,0.9845,0.9992,0.99,4.006,2,608,0.8945,memory_ticket_checkpoint
controlled_weak_network_simulation,gmcp_r,0.01,0.0,0,100,512,3,0.986,0.9845,0.9992,0.99,4.006,2,608,0.8945,memory_ticket_checkpoint
controlled_weak_network_simulation,gmcp_r,0.01,0.0,0,500,128,1,0.99,0.9845,0.9992,0.99,4.03,6,992,0.8945,memory_ticket_checkpoint
controlled_weak_network_simulation,gmcp_r,0.01,0.0,0,500,128,2,0.988,0.9845,0.9992,0.99,4.03,6,992,0.8945,memory_ticket_checkpoint
controlled_weak_network_simulation,gmcp_r,0.01,0.0,0,500,128,3,0.986,0.9845,0.9992,0.99,4.03,6,992,0.8945,memory_ticket_checkpoint
controlled_weak_network_simulation,gmcp_r,0.01,0.0,0,500,512,1,0.99,0.9845,0.9992,0.99,4.03,6,992,0.8945,memory_ticket_checkpoint
controlled_weak_network_simulation,gmcp_r,0.01,0.0,0,500,512,2,0.988,0.9845,0.9992,0.99,4.03,6,992,0.8945,memory_ticket_checkpoint
controlled_weak_network_simulation,gmcp_r,0.01,0.0,0,500,512,3,0.986,0.9845,0.9992,0.99,4.03,6,992,0.8945,memory_ticket_checkpoint
controlled_weak_network_simulation,gmcp_r,0.01,0.0,0,1000,128,1,0.99,0.9845,0.9992,0.99,4.06,11,1472,0.8945,memory_ticket_checkpoint
controlled_weak_network_simulation,gmcp_r,0.01,0.0,0,1000,128,2,0.988,0.9845,0.9992,0.99,4.06,11,1472,0.8945,memory_ticket_checkpoint
controlled_weak_network_simulation,gmcp_r,0.01,0.0,0,1000,128,3,0.986,0.9845,0.9992,0.99,4.06,11,1472,0.8945,memory_ticket_checkpoint
controlled_weak_network_simulation,gmcp_r,0.01,0.0,0,1000,512,1,0.99,0.9845,0.9992,0.99,4.06,11,1472,0.8945,memory_ticket_checkpoint
controlled_weak_network_simulation,gmcp_r,0.01,0.0,0,1000,512,2,0.988,0.9845,0.9992,0.99,4.06,11,1472,0.8945,memory_ticket_checkpoint
controlled_weak_network_simulation,gmcp_r,0.01,0.0,0,1000,512,3,0.986,0.9845,0.9992,0.99,4.06,11,1472,0.8945,memory_ticket_checkpoint
controlled_weak_network_simulation,gmcp_r,0.01,0.0,50,100,128,1,0.99,0.9735,0.9992,0.99,54.006,2,608,0.8835,memory_ticket_checkpoint
controlled_weak_network_simulation,gmcp_r,0.01,0.0,50,100,128,2,0.988,0.9735,0.9992,0.99,54.006,2,608,0.8835,memory_ticket_checkpoint
controlled_weak_network_simulation,gmcp_r,0.01,0.0,50,100,128,3,0.986,0.9735,0.9992,0.99,54.006,2,608,0.8835,memory_ticket_checkpoint
controlled_weak_network_simulation,gmcp_r,0.01,0.0,50,100,512,1,0.99,0.9735,0.9992,0.99,54.006,2,608,0.8835,memory_ticket_checkpoint
controlled_weak_network_simulation,gmcp_r,0.01,0.0,50,100,512,2,0.988,0.9735,0.9992,0.99,54.006,2,608,0.8835,memory_ticket_checkpoint
controlled_weak_network_simulation,gmcp_r,0.01,0.0,50,100,512,3,0.986,0.9735,0.9992,0.99,54.006,2,608,0.8835,memory_ticket_checkpoint
controlled_weak_network_simulation,gmcp_r,0.01,0.0,50,500,128,1,0.99,0.9735,0.9992,0.99,54.03,6,992,0.8835,memory_ticket_checkpoint
controlled_weak_network_simulation,gmcp_r,0.01,0.0,50,500,128,2,0.988,0.9735,0.9992,0.99,54.03,6,992,0.8835,memory_ticket_checkpoint
controlled_weak_network_simulation,gmcp_r,0.01,0.0,50,500,128,3,0.986,0.9735,0.9992,0.99,54.03,6,992,0.8835,memory_ticket_checkpoint
controlled_weak_network_simulation,gmcp_r,0.01,0.0,50,500,512,1,0.99,0.9735,0.9992,0.99,54.03,6,992,0.8835,memory_ticket_checkpoint
controlled_weak_network_simulation,gmcp_r,0.01,0.0,50,500,512,2,0.988,0.9735,0.9992,0.99,54.03,6,992,0.8835,memory_ticket_checkpoint
controlled_weak_network_simulation,gmcp_r,0.01,0.0,50,500,512,3,0.986,0.9735,0.9992,0.99,54.03,6,992,0.8835,memory_ticket_checkpoint
controlled_weak_network_simulation,gmcp_r,0.01,0.0,50,1000,128,1,0.99,0.9735,0.9992,0.99,54.06,11,1472,0.8835,memory_ticket_checkpoint
controlled_weak_network_simulation,gmcp_r,0.01,0.0,50,1000,128,2,0.988,0.9735,0.9992,0.99,54.06,11,1472,0.8835,memory_ticket_checkpoint
controlled_weak_network_simulation,gmcp_r,0.01,0.0,50,1000,128,3,0.986,0.9735,0.9992,0.99,54.06,11,1472,0.8835,memory_ticket_checkpoint
controlled_weak_network_simulation,gmcp_r,0.01,0.0,50,1000,512,1,0.99,0.9735,0.9992,0.99,54.06,11,1472,0.8835,memory_ticket_checkpoint
controlled_weak_network_simulation,gmcp_r,0.01,0.0,50,1000,512,2,0.988,0.9735,0.9992,0.99,54.06,11,1472,0.8835,memory_ticket_checkpoint
controlled_weak_network_simulation,gmcp_r,0.01,0.0,50,1000,512,3,0.986,0.9735,0.9992,0.99,54.06,11,1472,0.8835,memory_ticket_checkpoint
controlled_weak_network_simulation,gmcp_r,0.01,0.0,100,100,128,1,0.99,0.9625,0.9992,0.99,104.006,2,608,0.8725,memory_ticket_checkpoint
controlled_weak_network_simulation,gmcp_r,0.01,0.0,100,100,128,2,0.988,0.9625,0.9992,0.99,104.006,2,608,0.8725,memory_ticket_checkpoint
controlled_weak_network_simulation,gmcp_r,0.01,0.0,100,100,128,3,0.986,0.9625,0.9992,0.99,104.006,2,608,0.8725,memory_ticket_checkpoint
controlled_weak_network_simulation,gmcp_r,0.01,0.0,100,100,512,1,0.99,0.9625,0.9992,0.99,104.006,2,608,0.8725,memory_ticket_checkpoint
controlled_weak_network_simulation,gmcp_r,0.01,0.0,100,100,512,2,0.988,0.9625,0.9992,0.99,104.006,2,608,0.8725,memory_ticket_checkpoint
controlled_weak_network_simulation,gmcp_r,0.01,0.0,100,100,512,3,0.986,0.9625,0.9992,0.99,104.006,2,608,0.8725,memory_ticket_checkpoint
controlled_weak_network_simulation,gmcp_r,0.01,0.0,100,500,128,1,0.99,0.9625,0.9992,0.99,104.03,6,992,0.8725,memory_ticket_checkpoint
controlled_weak_network_simulation,gmcp_r,0.01,0.0,100,500,128,2,0.988,0.9625,0.9992,0.99,104.03,6,992,0.8725,memory_ticket_checkpoint
controlled_weak_network_simulation,gmcp_r,0.01,0.0,100,500,128,3,0.986,0.9625,0.9992,0.99,104.03,6,992,0.8725,memory_ticket_checkpoint
controlled_weak_network_simulation,gmcp_r,0.01,0.0,100,500,512,1,0.99,0.9625,0.9992,0.99,104.03,6,992,0.8725,memory_ticket_checkpoint
controlled_weak_network_simulation,gmcp_r,0.01,0.0,100,500,512,2,0.988,0.9625,0.9992,0.99,104.03,6,992,0.8725,memory_ticket_checkpoint
controlled_weak_network_simulation,gmcp_r,0.01,0.0,100,500,512,3,0.986,0.9625,0.9992,0.99,104.03,6,992,0.8725,memory_ticket_checkpoint
controlled_weak_network_simulation,gmcp_r,0.01,0.0,100,1000,128,1,0.99,0.9625,0.9992,0.99,104.06,11,1472,0.8725,memory_ticket_checkpoint
controlled_weak_network_simulation,gmcp_r,0.01,0.0,100,1000,128,2,0.988,0.9625,0.9992,0.99,104.06,11,1472,0.8725,memory_ticket_checkpoint
controlled_weak_network_simulation,gmcp_r,0.01,0.0,100,1000,128,3,0.986,0.9625,0.9992,0.99,104.06,11,1472,0.8725,memory_ticket_checkpoint
controlled_weak_network_simulation,gmcp_r,0.01,0.0,100,1000,512,1,0.99,0.9625,0.9992,0.99,104.06,11,1472,0.8725,memory_ticket_checkpoint
controlled_weak_network_simulation,gmcp_r,0.01,0.0,100,1000,512,2,0.988,0.9625,0.9992,0.99,104.06,11,1472,0.8725,memory_ticket_checkpoint
controlled_weak_network_simulation,gmcp_r,0.01,0.0,100,1000,512,3,0.986,0.9625,0.9992,0.99,104.06,11,1472,0.8725,memory_ticket_checkpoint
controlled_weak_network_simulation,gmcp_r,0.01,0.0,200,100,128,1,0.99,0.9405,0.9992,0.99,204.006,2,608,0.8505,memory_ticket_checkpoint
controlled_weak_network_simulation,gmcp_r,0.01,0.0,200,100,128,2,0.988,0.9405,0.9992,0.99,204.006,2,608,0.8505,memory_ticket_checkpoint
controlled_weak_network_simulation,gmcp_r,0.01,0.0,200,100,128,3,0.986,0.9405,0.9992,0.99,204.006,2,608,0.8505,memory_ticket_checkpoint
controlled_weak_network_simulation,gmcp_r,0.01,0.0,200,100,512,1,0.99,0.9405,0.9992,0.99,204.006,2,608,0.8505,memory_ticket_checkpoint
controlled_weak_network_simulation,gmcp_r,0.01,0.0,200,100,512,2,0.988,0.9405,0.9992,0.99,204.006,2,608,0.8505,memory_ticket_checkpoint
controlled_weak_network_simulation,gmcp_r,0.01,0.0,200,100,512,3,0.986,0.9405,0.9992,0.99,204.006,2,608,0.8505,memory_ticket_checkpoint
controlled_weak_network_simulation,gmcp_r,0.01,0.0,200,500,128,1,0.99,0.9405,0.9992,0.99,204.03,6,992,0.8505,memory_ticket_checkpoint
controlled_weak_network_simulation,gmcp_r,0.01,0.0,200,500,128,2,0.988,0.9405,0.9992,0.99,204.03,6,992,0.8505,memory_ticket_checkpoint
controlled_weak_network_simulation,gmcp_r,0.01,0.0,200,500,128,3,0.986,0.9405,0.9992,0.99,204.03,6,992,0.8505,memory_ticket_checkpoint
controlled_weak_network_simulation,gmcp_r,0.01,0.0,200,500,512,1,0.99,0.9405,0.9992,0.99,204.03,6,992,0.8505,memory_ticket_checkpoint
controlled_weak_network_simulation,gmcp_r,0.01,0.0,200,500,512,2,0.988,0.9405,0.9992,0.99,204.03,6,992,0.8505,memory_ticket_checkpoint
controlled_weak_network_simulation,gmcp_r,0.01,0.0,200,500,512,3,0.986,0.9405,0.9992,0.99,204.03,6,992,0.8505,memory_ticket_checkpoint
controlled_weak_network_simulation,gmcp_r,0.01,0.0,200,1000,128,1,0.99,0.9405,0.9992,0.99,204.06,11,1472,0.8505,memory_ticket_checkpoint
controlled_weak_network_simulation,gmcp_r,0.01,0.0,200,1000,128,2,0.988,0.9405,0.9992,0.99,204.06,11,1472,0.8505,memory_ticket_checkpoint
controlled_weak_network_simulation,gmcp_r,0.01,0.0,200,1000,128,3,0.986,0.9405,0.9992,0.99,204.06,11,1472,0.8505,memory_ticket_checkpoint
controlled_weak_network_simulation,gmcp_r,0.01,0.0,200,1000,512,1,0.99,0.9405,0.9992,0.99,204.06,11,1472,0.8505,memory_ticket_checkpoint
controlled_weak_network_simulation,gmcp_r,0.01,0.0,200,1000,512,2,0.988,0.9405,0.9992,0.99,204.06,11,1472,0.8505,memory_ticket_checkpoint
controlled_weak_network_simulation,gmcp_r,0.01,0.0,200,1000,512,3,0.986,0.9405,0.9992,0.99,204.06,11,1472,0.8505,memory_ticket_checkpoint
controlled_weak_network_simulation,gmcp_r,0.01,0.01,0,100,128,1,0.9865,0.9812,0.9992,0.9895,4.006,2,608,0.8912,memory_ticket_checkpoint
controlled_weak_network_simulation,gmcp_r,0.01,0.01,0,100,128,2,0.9845,0.9812,0.9992,0.9895,4.006,2,608,0.8912,memory_ticket_checkpoint
controlled_weak_network_simulation,gmcp_r,0.01,0.01,0,100,128,3,0.9825,0.9812,0.9992,0.9895,4.006,2,608,0.8912,memory_ticket_checkpoint
controlled_weak_network_simulation,gmcp_r,0.01,0.01,0,100,512,1,0.9865,0.9812,0.9992,0.9895,4.006,2,608,0.8912,memory_ticket_checkpoint
controlled_weak_network_simulation,gmcp_r,0.01,0.01,0,100,512,2,0.9845,0.9812,0.9992,0.9895,4.006,2,608,0.8912,memory_ticket_checkpoint
controlled_weak_network_simulation,gmcp_r,0.01,0.01,0,100,512,3,0.9825,0.9812,0.9992,0.9895,4.006,2,608,0.8912,memory_ticket_checkpoint
controlled_weak_network_simulation,gmcp_r,0.01,0.01,0,500,128,1,0.9865,0.9812,0.9992,0.9895,4.042,8,1184,0.8912,memory_ticket_checkpoint
controlled_weak_network_simulation,gmcp_r,0.01,0.01,0,500,128,2,0.9845,0.9812,0.9992,0.9895,4.042,8,1184,0.8912,memory_ticket_checkpoint
controlled_weak_network_simulation,gmcp_r,0.01,0.01,0,500,128,3,0.9825,0.9812,0.9992,0.9895,4.042,8,1184,0.8912,memory_ticket_checkpoint
controlled_weak_network_simulation,gmcp_r,0.01,0.01,0,500,512,1,0.9865,0.9812,0.9992,0.9895,4.042,8,1184,0.8912,memory_ticket_checkpoint
controlled_weak_network_simulation,gmcp_r,0.01,0.01,0,500,512,2,0.9845,0.9812,0.9992,0.9895,4.042,8,1184,0.8912,memory_ticket_checkpoint
controlled_weak_network_simulation,gmcp_r,0.01,0.01,0,500,512,3,0.9825,0.9812,0.9992,0.9895,4.042,8,1184,0.8912,memory_ticket_checkpoint
controlled_weak_network_simulation,gmcp_r,0.01,0.01,0,1000,128,1,0.9865,0.9812,0.9992,0.9895,4.09,16,1952,0.8912,memory_ticket_checkpoint
controlled_weak_network_simulation,gmcp_r,0.01,0.01,0,1000,128,2,0.9845,0.9812,0.9992,0.9895,4.09,16,1952,0.8912,memory_ticket_checkpoint
controlled_weak_network_simulation,gmcp_r,0.01,0.01,0,1000,128,3,0.9825,0.9812,0.9992,0.9895,4.09,16,1952,0.8912,memory_ticket_checkpoint
controlled_weak_network_simulation,gmcp_r,0.01,0.01,0,1000,512,1,0.9865,0.9812,0.9992,0.9895,4.09,16,1952,0.8912,memory_ticket_checkpoint
controlled_weak_network_simulation,gmcp_r,0.01,0.01,0,1000,512,2,0.9845,0.9812,0.9992,0.9895,4.09,16,1952,0.8912,memory_ticket_checkpoint
controlled_weak_network_simulation,gmcp_r,0.01,0.01,0,1000,512,3,0.9825,0.9812,0.9992,0.9895,4.09,16,1952,0.8912,memory_ticket_checkpoint
controlled_weak_network_simulation,gmcp_r,0.01,0.01,50,100,128,1,0.9865,0.9702,0.9992,0.9895,54.006,2,608,0.8802,memory_ticket_checkpoint
controlled_weak_network_simulation,gmcp_r,0.01,0.01,50,100,128,2,0.9845,0.9702,0.9992,0.9895,54.006,2,608,0.8802,memory_ticket_checkpoint
controlled_weak_network_simulation,gmcp_r,0.01,0.01,50,100,128,3,0.9825,0.9702,0.9992,0.9895,54.006,2,608,0.8802,memory_ticket_checkpoint
controlled_weak_network_simulation,gmcp_r,0.01,0.01,50,100,512,1,0.9865,0.9702,0.9992,0.9895,54.006,2,608,0.8802,memory_ticket_checkpoint
controlled_weak_network_simulation,gmcp_r,0.01,0.01,50,100,512,2,0.9845,0.9702,0.9992,0.9895,54.006,2,608,0.8802,memory_ticket_checkpoint
controlled_weak_network_simulation,gmcp_r,0.01,0.01,50,100,512,3,0.9825,0.9702,0.9992,0.9895,54.006,2,608,0.8802,memory_ticket_checkpoint
controlled_weak_network_simulation,gmcp_r,0.01,0.01,50,500,128,1,0.9865,0.9702,0.9992,0.9895,54.042,8,1184,0.8802,memory_ticket_checkpoint
controlled_weak_network_simulation,gmcp_r,0.01,0.01,50,500,128,2,0.9845,0.9702,0.9992,0.9895,54.042,8,1184,0.8802,memory_ticket_checkpoint
controlled_weak_network_simulation,gmcp_r,0.01,0.01,50,500,128,3,0.9825,0.9702,0.9992,0.9895,54.042,8,1184,0.8802,memory_ticket_checkpoint
controlled_weak_network_simulation,gmcp_r,0.01,0.01,50,500,512,1,0.9865,0.9702,0.9992,0.9895,54.042,8,1184,0.8802,memory_ticket_checkpoint
controlled_weak_network_simulation,gmcp_r,0.01,0.01,50,500,512,2,0.9845,0.9702,0.9992,0.9895,54.042,8,1184,0.8802,memory_ticket_checkpoint
controlled_weak_network_simulation,gmcp_r,0.01,0.01,50,500,512,3,0.9825,0.9702,0.9992,0.9895,54.042,8,1184,0.8802,memory_ticket_checkpoint
controlled_weak_network_simulation,gmcp_r,0.01,0.01,50,1000,128,1,0.9865,0.9702,0.9992,0.9895,54.09,16,1952,0.8802,memory_ticket_checkpoint
controlled_weak_network_simulation,gmcp_r,0.01,0.01,50,1000,128,2,0.9845,0.9702,0.9992,0.9895,54.09,16,1952,0.8802,memory_ticket_checkpoint
controlled_weak_network_simulation,gmcp_r,0.01,0.01,50,1000,128,3,0.9825,0.9702,0.9992,0.9895,54.09,16,1952,0.8802,memory_ticket_checkpoint
controlled_weak_network_simulation,gmcp_r,0.01,0.01,50,1000,512,1,0.9865,0.9702,0.9992,0.9895,54.09,16,1952,0.8802,memory_ticket_checkpoint
controlled_weak_network_simulation,gmcp_r,0.01,0.01,50,1000,512,2,0.9845,0.9702,0.9992,0.9895,54.09,16,1952,0.8802,memory_ticket_checkpoint
controlled_weak_network_simulation,gmcp_r,0.01,0.01,50,1000,512,3,0.9825,0.9702,0.9992,0.9895,54.09,16,1952,0.8802,memory_ticket_checkpoint
controlled_weak_network_simulation,gmcp_r,0.01,0.01,100,100,128,1,0.9865,0.9592,0.9992,0.9895,104.006,2,608,0.8692,memory_ticket_checkpoint
controlled_weak_network_simulation,gmcp_r,0.01,0.01,100,100,128,2,0.9845,0.9592,0.9992,0.9895,104.006,2,608,0.8692,memory_ticket_checkpoint
controlled_weak_network_simulation,gmcp_r,0.01,0.01,100,100,128,3,0.9825,0.9592,0.9992,0.9895,104.006,2,608,0.8692,memory_ticket_checkpoint
controlled_weak_network_simulation,gmcp_r,0.01,0.01,100,100,512,1,0.9865,0.9592,0.9992,0.9895,104.006,2,608,0.8692,memory_ticket_checkpoint
controlled_weak_network_simulation,gmcp_r,0.01,0.01,100,100,512,2,0.9845,0.9592,0.9992,0.9895,104.006,2,608,0.8692,memory_ticket_checkpoint
controlled_weak_network_simulation,gmcp_r,0.01,0.01,100,100,512,3,0.9825,0.9592,0.9992,0.9895,104.006,2,608,0.8692,memory_ticket_checkpoint
controlled_weak_network_simulation,gmcp_r,0.01,0.01,100,500,128,1,0.9865,0.9592,0.9992,0.9895,104.042,8,1184,0.8692,memory_ticket_checkpoint
controlled_weak_network_simulation,gmcp_r,0.01,0.01,100,500,128,2,0.9845,0.9592,0.9992,0.9895,104.042,8,1184,0.8692,memory_ticket_checkpoint
controlled_weak_network_simulation,gmcp_r,0.01,0.01,100,500,128,3,0.9825,0.9592,0.9992,0.9895,104.042,8,1184,0.8692,memory_ticket_checkpoint
controlled_weak_network_simulation,gmcp_r,0.01,0.01,100,500,512,1,0.9865,0.9592,0.9992,0.9895,104.042,8,1184,0.8692,memory_ticket_checkpoint
controlled_weak_network_simulation,gmcp_r,0.01,0.01,100,500,512,2,0.9845,0.9592,0.9992,0.9895,104.042,8,1184,0.8692,memory_ticket_checkpoint
controlled_weak_network_simulation,gmcp_r,0.01,0.01,100,500,512,3,0.9825,0.9592,0.9992,0.9895,104.042,8,1184,0.8692,memory_ticket_checkpoint
controlled_weak_network_simulation,gmcp_r,0.01,0.01,100,1000,128,1,0.9865,0.9592,0.9992,0.9895,104.09,16,1952,0.8692,memory_ticket_checkpoint
controlled_weak_network_simulation,gmcp_r,0.01,0.01,100,1000,128,2,0.9845,0.9592,0.9992,0.9895,104.09,16,1952,0.8692,memory_ticket_checkpoint
controlled_weak_network_simulation,gmcp_r,0.01,0.01,100,1000,128,3,0.9825,0.9592,0.9992,0.9895,104.09,16,1952,0.8692,memory_ticket_checkpoint
controlled_weak_network_simulation,gmcp_r,0.01,0.01,100,1000,512,1,0.9865,0.9592,0.9992,0.9895,104.09,16,1952,0.8692,memory_ticket_checkpoint
controlled_weak_network_simulation,gmcp_r,0.01,0.01,100,1000,512,2,0.9845,0.9592,0.9992,0.9895,104.09,16,1952,0.8692,memory_ticket_checkpoint
controlled_weak_network_simulation,gmcp_r,0.01,0.01,100,1000,512,3,0.9825,0.9592,0.9992,0.9895,104.09,16,1952,0.8692,memory_ticket_checkpoint
controlled_weak_network_simulation,gmcp_r,0.01,0.01,200,100,128,1,0.9865,0.9372,0.9992,0.9895,204.006,2,608,0.8472,memory_ticket_checkpoint
controlled_weak_network_simulation,gmcp_r,0.01,0.01,200,100,128,2,0.9845,0.9372,0.9992,0.9895,204.006,2,608,0.8472,memory_ticket_checkpoint
controlled_weak_network_simulation,gmcp_r,0.01,0.01,200,100,128,3,0.9825,0.9372,0.9992,0.9895,204.006,2,608,0.8472,memory_ticket_checkpoint
controlled_weak_network_simulation,gmcp_r,0.01,0.01,200,100,512,1,0.9865,0.9372,0.9992,0.9895,204.006,2,608,0.8472,memory_ticket_checkpoint
controlled_weak_network_simulation,gmcp_r,0.01,0.01,200,100,512,2,0.9845,0.9372,0.9992,0.9895,204.006,2,608,0.8472,memory_ticket_checkpoint
controlled_weak_network_simulation,gmcp_r,0.01,0.01,200,100,512,3,0.9825,0.9372,0.9992,0.9895,204.006,2,608,0.8472,memory_ticket_checkpoint
controlled_weak_network_simulation,gmcp_r,0.01,0.01,200,500,128,1,0.9865,0.9372,0.9992,0.9895,204.042,8,1184,0.8472,memory_ticket_checkpoint
controlled_weak_network_simulation,gmcp_r,0.01,0.01,200,500,128,2,0.9845,0.9372,0.9992,0.9895,204.042,8,1184,0.8472,memory_ticket_checkpoint
controlled_weak_network_simulation,gmcp_r,0.01,0.01,200,500,128,3,0.9825,0.9372,0.9992,0.9895,204.042,8,1184,0.8472,memory_ticket_checkpoint
controlled_weak_network_simulation,gmcp_r,0.01,0.01,200,500,512,1,0.9865,0.9372,0.9992,0.9895,204.042,8,1184,0.8472,memory_ticket_checkpoint
controlled_weak_network_simulation,gmcp_r,0.01,0.01,200,500,512,2,0.9845,0.9372,0.9992,0.9895,204.042,8,1184,0.8472,memory_ticket_checkpoint
controlled_weak_network_simulation,gmcp_r,0.01,0.01,200,500,512,3,0.9825,0.9372,0.9992,0.9895,204.042,8,1184,0.8472,memory_ticket_checkpoint
controlled_weak_network_simulation,gmcp_r,0.01,0.01,200,1000,128,1,0.9865,0.9372,0.9992,0.9895,204.09,16,1952,0.8472,memory_ticket_checkpoint
controlled_weak_network_simulation,gmcp_r,0.01,0.01,200,1000,128,2,0.9845,0.9372,0.9992,0.9895,204.09,16,1952,0.8472,memory_ticket_checkpoint
controlled_weak_network_simulation,gmcp_r,0.01,0.01,200,1000,128,3,0.9825,0.9372,0.9992,0.9895,204.09,16,1952,0.8472,memory_ticket_checkpoint
controlled_weak_network_simulation,gmcp_r,0.01,0.01,200,1000,512,1,0.9865,0.9372,0.9992,0.9895,204.09,16,1952,0.8472,memory_ticket_checkpoint
controlled_weak_network_simulation,gmcp_r,0.01,0.01,200,1000,512,2,0.9845,0.9372,0.9992,0.9895,204.09,16,1952,0.8472,memory_ticket_checkpoint
controlled_weak_network_simulation,gmcp_r,0.01,0.01,200,1000,512,3,0.9825,0.9372,0.9992,0.9895,204.09,16,1952,0.8472,memory_ticket_checkpoint
controlled_weak_network_simulation,gmcp_r,0.01,0.03,0,100,128,1,0.9795,0.9746,0.9992,0.9885,4.012,3,704,0.8846,memory_ticket_checkpoint
controlled_weak_network_simulation,gmcp_r,0.01,0.03,0,100,128,2,0.9775,0.9746,0.9992,0.9885,4.012,3,704,0.8846,memory_ticket_checkpoint
controlled_weak_network_simulation,gmcp_r,0.01,0.03,0,100,128,3,0.9755,0.9746,0.9992,0.9885,4.012,3,704,0.8846,memory_ticket_checkpoint
controlled_weak_network_simulation,gmcp_r,0.01,0.03,0,100,512,1,0.9795,0.9746,0.9992,0.9885,4.012,3,704,0.8846,memory_ticket_checkpoint
controlled_weak_network_simulation,gmcp_r,0.01,0.03,0,100,512,2,0.9775,0.9746,0.9992,0.9885,4.012,3,704,0.8846,memory_ticket_checkpoint
controlled_weak_network_simulation,gmcp_r,0.01,0.03,0,100,512,3,0.9755,0.9746,0.9992,0.9885,4.012,3,704,0.8846,memory_ticket_checkpoint
controlled_weak_network_simulation,gmcp_r,0.01,0.03,0,500,128,1,0.9795,0.9746,0.9992,0.9885,4.072,13,1664,0.8846,memory_ticket_checkpoint
controlled_weak_network_simulation,gmcp_r,0.01,0.03,0,500,128,2,0.9775,0.9746,0.9992,0.9885,4.072,13,1664,0.8846,memory_ticket_checkpoint
controlled_weak_network_simulation,gmcp_r,0.01,0.03,0,500,128,3,0.9755,0.9746,0.9992,0.9885,4.072,13,1664,0.8846,memory_ticket_checkpoint
controlled_weak_network_simulation,gmcp_r,0.01,0.03,0,500,512,1,0.9795,0.9746,0.9992,0.9885,4.072,13,1664,0.8846,memory_ticket_checkpoint
controlled_weak_network_simulation,gmcp_r,0.01,0.03,0,500,512,2,0.9775,0.9746,0.9992,0.9885,4.072,13,1664,0.8846,memory_ticket_checkpoint
controlled_weak_network_simulation,gmcp_r,0.01,0.03,0,500,512,3,0.9755,0.9746,0.9992,0.9885,4.072,13,1664,0.8846,memory_ticket_checkpoint
controlled_weak_network_simulation,gmcp_r,0.01,0.03,0,1000,128,1,0.9795,0.9746,0.9992,0.9885,4.15,26,2912,0.8846,memory_ticket_checkpoint
controlled_weak_network_simulation,gmcp_r,0.01,0.03,0,1000,128,2,0.9775,0.9746,0.9992,0.9885,4.15,26,2912,0.8846,memory_ticket_checkpoint
controlled_weak_network_simulation,gmcp_r,0.01,0.03,0,1000,128,3,0.9755,0.9746,0.9992,0.9885,4.15,26,2912,0.8846,memory_ticket_checkpoint
controlled_weak_network_simulation,gmcp_r,0.01,0.03,0,1000,512,1,0.9795,0.9746,0.9992,0.9885,4.15,26,2912,0.8846,memory_ticket_checkpoint
controlled_weak_network_simulation,gmcp_r,0.01,0.03,0,1000,512,2,0.9775,0.9746,0.9992,0.9885,4.15,26,2912,0.8846,memory_ticket_checkpoint
controlled_weak_network_simulation,gmcp_r,0.01,0.03,0,1000,512,3,0.9755,0.9746,0.9992,0.9885,4.15,26,2912,0.8846,memory_ticket_checkpoint
controlled_weak_network_simulation,gmcp_r,0.01,0.03,50,100,128,1,0.9795,0.9636,0.9992,0.9885,54.012,3,704,0.8736,memory_ticket_checkpoint
controlled_weak_network_simulation,gmcp_r,0.01,0.03,50,100,128,2,0.9775,0.9636,0.9992,0.9885,54.012,3,704,0.8736,memory_ticket_checkpoint
controlled_weak_network_simulation,gmcp_r,0.01,0.03,50,100,128,3,0.9755,0.9636,0.9992,0.9885,54.012,3,704,0.8736,memory_ticket_checkpoint
controlled_weak_network_simulation,gmcp_r,0.01,0.03,50,100,512,1,0.9795,0.9636,0.9992,0.9885,54.012,3,704,0.8736,memory_ticket_checkpoint
controlled_weak_network_simulation,gmcp_r,0.01,0.03,50,100,512,2,0.9775,0.9636,0.9992,0.9885,54.012,3,704,0.8736,memory_ticket_checkpoint
controlled_weak_network_simulation,gmcp_r,0.01,0.03,50,100,512,3,0.9755,0.9636,0.9992,0.9885,54.012,3,704,0.8736,memory_ticket_checkpoint
controlled_weak_network_simulation,gmcp_r,0.01,0.03,50,500,128,1,0.9795,0.9636,0.9992,0.9885,54.072,13,1664,0.8736,memory_ticket_checkpoint
controlled_weak_network_simulation,gmcp_r,0.01,0.03,50,500,128,2,0.9775,0.9636,0.9992,0.9885,54.072,13,1664,0.8736,memory_ticket_checkpoint
controlled_weak_network_simulation,gmcp_r,0.01,0.03,50,500,128,3,0.9755,0.9636,0.9992,0.9885,54.072,13,1664,0.8736,memory_ticket_checkpoint
controlled_weak_network_simulation,gmcp_r,0.01,0.03,50,500,512,1,0.9795,0.9636,0.9992,0.9885,54.072,13,1664,0.8736,memory_ticket_checkpoint
controlled_weak_network_simulation,gmcp_r,0.01,0.03,50,500,512,2,0.9775,0.9636,0.9992,0.9885,54.072,13,1664,0.8736,memory_ticket_checkpoint
controlled_weak_network_simulation,gmcp_r,0.01,0.03,50,500,512,3,0.9755,0.9636,0.9992,0.9885,54.072,13,1664,0.8736,memory_ticket_checkpoint
controlled_weak_network_simulation,gmcp_r,0.01,0.03,50,1000,128,1,0.9795,0.9636,0.9992,0.9885,54.15,26,2912,0.8736,memory_ticket_checkpoint
controlled_weak_network_simulation,gmcp_r,0.01,0.03,50,1000,128,2,0.9775,0.9636,0.9992,0.9885,54.15,26,2912,0.8736,memory_ticket_checkpoint
controlled_weak_network_simulation,gmcp_r,0.01,0.03,50,1000,128,3,0.9755,0.9636,0.9992,0.9885,54.15,26,2912,0.8736,memory_ticket_checkpoint
controlled_weak_network_simulation,gmcp_r,0.01,0.03,50,1000,512,1,0.9795,0.9636,0.9992,0.9885,54.15,26,2912,0.8736,memory_ticket_checkpoint
controlled_weak_network_simulation,gmcp_r,0.01,0.03,50,1000,512,2,0.9775,0.9636,0.9992,0.9885,54.15,26,2912,0.8736,memory_ticket_checkpoint
controlled_weak_network_simulation,gmcp_r,0.01,0.03,50,1000,512,3,0.9755,0.9636,0.9992,0.9885,54.15,26,2912,0.8736,memory_ticket_checkpoint
controlled_weak_network_simulation,gmcp_r,0.01,0.03,100,100,128,1,0.9795,0.9526,0.9992,0.9885,104.012,3,704,0.8626,memory_ticket_checkpoint
controlled_weak_network_simulation,gmcp_r,0.01,0.03,100,100,128,2,0.9775,0.9526,0.9992,0.9885,104.012,3,704,0.8626,memory_ticket_checkpoint
controlled_weak_network_simulation,gmcp_r,0.01,0.03,100,100,128,3,0.9755,0.9526,0.9992,0.9885,104.012,3,704,0.8626,memory_ticket_checkpoint
controlled_weak_network_simulation,gmcp_r,0.01,0.03,100,100,512,1,0.9795,0.9526,0.9992,0.9885,104.012,3,704,0.8626,memory_ticket_checkpoint
controlled_weak_network_simulation,gmcp_r,0.01,0.03,100,100,512,2,0.9775,0.9526,0.9992,0.9885,104.012,3,704,0.8626,memory_ticket_checkpoint
controlled_weak_network_simulation,gmcp_r,0.01,0.03,100,100,512,3,0.9755,0.9526,0.9992,0.9885,104.012,3,704,0.8626,memory_ticket_checkpoint
controlled_weak_network_simulation,gmcp_r,0.01,0.03,100,500,128,1,0.9795,0.9526,0.9992,0.9885,104.072,13,1664,0.8626,memory_ticket_checkpoint
controlled_weak_network_simulation,gmcp_r,0.01,0.03,100,500,128,2,0.9775,0.9526,0.9992,0.9885,104.072,13,1664,0.8626,memory_ticket_checkpoint
controlled_weak_network_simulation,gmcp_r,0.01,0.03,100,500,128,3,0.9755,0.9526,0.9992,0.9885,104.072,13,1664,0.8626,memory_ticket_checkpoint
controlled_weak_network_simulation,gmcp_r,0.01,0.03,100,500,512,1,0.9795,0.9526,0.9992,0.9885,104.072,13,1664,0.8626,memory_ticket_checkpoint
controlled_weak_network_simulation,gmcp_r,0.01,0.03,100,500,512,2,0.9775,0.9526,0.9992,0.9885,104.072,13,1664,0.8626,memory_ticket_checkpoint
controlled_weak_network_simulation,gmcp_r,0.01,0.03,100,500,512,3,0.9755,0.9526,0.9992,0.9885,104.072,13,1664,0.8626,memory_ticket_checkpoint
controlled_weak_network_simulation,gmcp_r,0.01,0.03,100,1000,128,1,0.9795,0.9526,0.9992,0.9885,104.15,26,2912,0.8626,memory_ticket_checkpoint
controlled_weak_network_simulation,gmcp_r,0.01,0.03,100,1000,128,2,0.9775,0.9526,0.9992,0.9885,104.15,26,2912,0.8626,memory_ticket_checkpoint
controlled_weak_network_simulation,gmcp_r,0.01,0.03,100,1000,128,3,0.9755,0.9526,0.9992,0.9885,104.15,26,2912,0.8626,memory_ticket_checkpoint
controlled_weak_network_simulation,gmcp_r,0.01,0.03,100,1000,512,1,0.9795,0.9526,0.9992,0.9885,104.15,26,2912,0.8626,memory_ticket_checkpoint
controlled_weak_network_simulation,gmcp_r,0.01,0.03,100,1000,512,2,0.9775,0.9526,0.9992,0.9885,104.15,26,2912,0.8626,memory_ticket_checkpoint
controlled_weak_network_simulation,gmcp_r,0.01,0.03,100,1000,512,3,0.9755,0.9526,0.9992,0.9885,104.15,26,2912,0.8626,memory_ticket_checkpoint
controlled_weak_network_simulation,gmcp_r,0.01,0.03,200,100,128,1,0.9795,0.9306,0.9992,0.9885,204.012,3,704,0.8406,memory_ticket_checkpoint
controlled_weak_network_simulation,gmcp_r,0.01,0.03,200,100,128,2,0.9775,0.9306,0.9992,0.9885,204.012,3,704,0.8406,memory_ticket_checkpoint
controlled_weak_network_simulation,gmcp_r,0.01,0.03,200,100,128,3,0.9755,0.9306,0.9992,0.9885,204.012,3,704,0.8406,memory_ticket_checkpoint
controlled_weak_network_simulation,gmcp_r,0.01,0.03,200,100,512,1,0.9795,0.9306,0.9992,0.9885,204.012,3,704,0.8406,memory_ticket_checkpoint
controlled_weak_network_simulation,gmcp_r,0.01,0.03,200,100,512,2,0.9775,0.9306,0.9992,0.9885,204.012,3,704,0.8406,memory_ticket_checkpoint
controlled_weak_network_simulation,gmcp_r,0.01,0.03,200,100,512,3,0.9755,0.9306,0.9992,0.9885,204.012,3,704,0.8406,memory_ticket_checkpoint
controlled_weak_network_simulation,gmcp_r,0.01,0.03,200,500,128,1,0.9795,0.9306,0.9992,0.9885,204.072,13,1664,0.8406,memory_ticket_checkpoint
controlled_weak_network_simulation,gmcp_r,0.01,0.03,200,500,128,2,0.9775,0.9306,0.9992,0.9885,204.072,13,1664,0.8406,memory_ticket_checkpoint
controlled_weak_network_simulation,gmcp_r,0.01,0.03,200,500,128,3,0.9755,0.9306,0.9992,0.9885,204.072,13,1664,0.8406,memory_ticket_checkpoint
controlled_weak_network_simulation,gmcp_r,0.01,0.03,200,500,512,1,0.9795,0.9306,0.9992,0.9885,204.072,13,1664,0.8406,memory_ticket_checkpoint
controlled_weak_network_simulation,gmcp_r,0.01,0.03,200,500,512,2,0.9775,0.9306,0.9992,0.9885,204.072,13,1664,0.8406,memory_ticket_checkpoint
controlled_weak_network_simulation,gmcp_r,0.01,0.03,200,500,512,3,0.9755,0.9306,0.9992,0.9885,204.072,13,1664,0.8406,memory_ticket_checkpoint
controlled_weak_network_simulation,gmcp_r,0.01,0.03,200,1000,128,1,0.9795,0.9306,0.9992,0.9885,204.15,26,2912,0.8406,memory_ticket_checkpoint
controlled_weak_network_simulation,gmcp_r,0.01,0.03,200,1000,128,2,0.9775,0.9306,0.9992,0.9885,204.15,26,2912,0.8406,memory_ticket_checkpoint
controlled_weak_network_simulation,gmcp_r,0.01,0.03,200,1000,128,3,0.9755,0.9306,0.9992,0.9885,204.15,26,2912,0.8406,memory_ticket_checkpoint
controlled_weak_network_simulation,gmcp_r,0.01,0.03,200,1000,512,1,0.9795,0.9306,0.9992,0.9885,204.15,26,2912,0.8406,memory_ticket_checkpoint
controlled_weak_network_simulation,gmcp_r,0.01,0.03,200,1000,512,2,0.9775,0.9306,0.9992,0.9885,204.15,26,2912,0.8406,memory_ticket_checkpoint
controlled_weak_network_simulation,gmcp_r,0.01,0.03,200,1000,512,3,0.9755,0.9306,0.9992,0.9885,204.15,26,2912,0.8406,memory_ticket_checkpoint
controlled_weak_network_simulation,gmcp_r,0.03,0.0,0,100,128,1,0.97,0.9735,0.9976,0.99,4.018,4,800,0.8835,memory_ticket_checkpoint
controlled_weak_network_simulation,gmcp_r,0.03,0.0,0,100,128,2,0.968,0.9735,0.9976,0.99,4.018,4,800,0.8835,memory_ticket_checkpoint
controlled_weak_network_simulation,gmcp_r,0.03,0.0,0,100,128,3,0.966,0.9735,0.9976,0.99,4.018,4,800,0.8835,memory_ticket_checkpoint
controlled_weak_network_simulation,gmcp_r,0.03,0.0,0,100,512,1,0.97,0.9735,0.9976,0.99,4.018,4,800,0.8835,memory_ticket_checkpoint
controlled_weak_network_simulation,gmcp_r,0.03,0.0,0,100,512,2,0.968,0.9735,0.9976,0.99,4.018,4,800,0.8835,memory_ticket_checkpoint
controlled_weak_network_simulation,gmcp_r,0.03,0.0,0,100,512,3,0.966,0.9735,0.9976,0.99,4.018,4,800,0.8835,memory_ticket_checkpoint
controlled_weak_network_simulation,gmcp_r,0.03,0.0,0,500,128,1,0.97,0.9735,0.9976,0.99,4.09,16,1952,0.8835,memory_ticket_checkpoint
controlled_weak_network_simulation,gmcp_r,0.03,0.0,0,500,128,2,0.968,0.9735,0.9976,0.99,4.09,16,1952,0.8835,memory_ticket_checkpoint
controlled_weak_network_simulation,gmcp_r,0.03,0.0,0,500,128,3,0.966,0.9735,0.9976,0.99,4.09,16,1952,0.8835,memory_ticket_checkpoint
controlled_weak_network_simulation,gmcp_r,0.03,0.0,0,500,512,1,0.97,0.9735,0.9976,0.99,4.09,16,1952,0.8835,memory_ticket_checkpoint
controlled_weak_network_simulation,gmcp_r,0.03,0.0,0,500,512,2,0.968,0.9735,0.9976,0.99,4.09,16,1952,0.8835,memory_ticket_checkpoint
controlled_weak_network_simulation,gmcp_r,0.03,0.0,0,500,512,3,0.966,0.9735,0.9976,0.99,4.09,16,1952,0.8835,memory_ticket_checkpoint
controlled_weak_network_simulation,gmcp_r,0.03,0.0,0,1000,128,1,0.97,0.9735,0.9976,0.99,4.18,31,3392,0.8835,memory_ticket_checkpoint
controlled_weak_network_simulation,gmcp_r,0.03,0.0,0,1000,128,2,0.968,0.9735,0.9976,0.99,4.18,31,3392,0.8835,memory_ticket_checkpoint
controlled_weak_network_simulation,gmcp_r,0.03,0.0,0,1000,128,3,0.966,0.9735,0.9976,0.99,4.18,31,3392,0.8835,memory_ticket_checkpoint
controlled_weak_network_simulation,gmcp_r,0.03,0.0,0,1000,512,1,0.97,0.9735,0.9976,0.99,4.18,31,3392,0.8835,memory_ticket_checkpoint
controlled_weak_network_simulation,gmcp_r,0.03,0.0,0,1000,512,2,0.968,0.9735,0.9976,0.99,4.18,31,3392,0.8835,memory_ticket_checkpoint
controlled_weak_network_simulation,gmcp_r,0.03,0.0,0,1000,512,3,0.966,0.9735,0.9976,0.99,4.18,31,3392,0.8835,memory_ticket_checkpoint
controlled_weak_network_simulation,gmcp_r,0.03,0.0,50,100,128,1,0.97,0.9625,0.9976,0.99,54.018,4,800,0.8725,memory_ticket_checkpoint
controlled_weak_network_simulation,gmcp_r,0.03,0.0,50,100,128,2,0.968,0.9625,0.9976,0.99,54.018,4,800,0.8725,memory_ticket_checkpoint
controlled_weak_network_simulation,gmcp_r,0.03,0.0,50,100,128,3,0.966,0.9625,0.9976,0.99,54.018,4,800,0.8725,memory_ticket_checkpoint
controlled_weak_network_simulation,gmcp_r,0.03,0.0,50,100,512,1,0.97,0.9625,0.9976,0.99,54.018,4,800,0.8725,memory_ticket_checkpoint
controlled_weak_network_simulation,gmcp_r,0.03,0.0,50,100,512,2,0.968,0.9625,0.9976,0.99,54.018,4,800,0.8725,memory_ticket_checkpoint
controlled_weak_network_simulation,gmcp_r,0.03,0.0,50,100,512,3,0.966,0.9625,0.9976,0.99,54.018,4,800,0.8725,memory_ticket_checkpoint
controlled_weak_network_simulation,gmcp_r,0.03,0.0,50,500,128,1,0.97,0.9625,0.9976,0.99,54.09,16,1952,0.8725,memory_ticket_checkpoint
controlled_weak_network_simulation,gmcp_r,0.03,0.0,50,500,128,2,0.968,0.9625,0.9976,0.99,54.09,16,1952,0.8725,memory_ticket_checkpoint
controlled_weak_network_simulation,gmcp_r,0.03,0.0,50,500,128,3,0.966,0.9625,0.9976,0.99,54.09,16,1952,0.8725,memory_ticket_checkpoint
controlled_weak_network_simulation,gmcp_r,0.03,0.0,50,500,512,1,0.97,0.9625,0.9976,0.99,54.09,16,1952,0.8725,memory_ticket_checkpoint
controlled_weak_network_simulation,gmcp_r,0.03,0.0,50,500,512,2,0.968,0.9625,0.9976,0.99,54.09,16,1952,0.8725,memory_ticket_checkpoint
controlled_weak_network_simulation,gmcp_r,0.03,0.0,50,500,512,3,0.966,0.9625,0.9976,0.99,54.09,16,1952,0.8725,memory_ticket_checkpoint
controlled_weak_network_simulation,gmcp_r,0.03,0.0,50,1000,128,1,0.97,0.9625,0.9976,0.99,54.18,31,3392,0.8725,memory_ticket_checkpoint
controlled_weak_network_simulation,gmcp_r,0.03,0.0,50,1000,128,2,0.968,0.9625,0.9976,0.99,54.18,31,3392,0.8725,memory_ticket_checkpoint
controlled_weak_network_simulation,gmcp_r,0.03,0.0,50,1000,128,3,0.966,0.9625,0.9976,0.99,54.18,31,3392,0.8725,memory_ticket_checkpoint
controlled_weak_network_simulation,gmcp_r,0.03,0.0,50,1000,512,1,0.97,0.9625,0.9976,0.99,54.18,31,3392,0.8725,memory_ticket_checkpoint
controlled_weak_network_simulation,gmcp_r,0.03,0.0,50,1000,512,2,0.968,0.9625,0.9976,0.99,54.18,31,3392,0.8725,memory_ticket_checkpoint
controlled_weak_network_simulation,gmcp_r,0.03,0.0,50,1000,512,3,0.966,0.9625,0.9976,0.99,54.18,31,3392,0.8725,memory_ticket_checkpoint
controlled_weak_network_simulation,gmcp_r,0.03,0.0,100,100,128,1,0.97,0.9515,0.9976,0.99,104.018,4,800,0.8615,memory_ticket_checkpoint
controlled_weak_network_simulation,gmcp_r,0.03,0.0,100,100,128,2,0.968,0.9515,0.9976,0.99,104.018,4,800,0.8615,memory_ticket_checkpoint
controlled_weak_network_simulation,gmcp_r,0.03,0.0,100,100,128,3,0.966,0.9515,0.9976,0.99,104.018,4,800,0.8615,memory_ticket_checkpoint
controlled_weak_network_simulation,gmcp_r,0.03,0.0,100,100,512,1,0.97,0.9515,0.9976,0.99,104.018,4,800,0.8615,memory_ticket_checkpoint
controlled_weak_network_simulation,gmcp_r,0.03,0.0,100,100,512,2,0.968,0.9515,0.9976,0.99,104.018,4,800,0.8615,memory_ticket_checkpoint
controlled_weak_network_simulation,gmcp_r,0.03,0.0,100,100,512,3,0.966,0.9515,0.9976,0.99,104.018,4,800,0.8615,memory_ticket_checkpoint
controlled_weak_network_simulation,gmcp_r,0.03,0.0,100,500,128,1,0.97,0.9515,0.9976,0.99,104.09,16,1952,0.8615,memory_ticket_checkpoint
controlled_weak_network_simulation,gmcp_r,0.03,0.0,100,500,128,2,0.968,0.9515,0.9976,0.99,104.09,16,1952,0.8615,memory_ticket_checkpoint
controlled_weak_network_simulation,gmcp_r,0.03,0.0,100,500,128,3,0.966,0.9515,0.9976,0.99,104.09,16,1952,0.8615,memory_ticket_checkpoint
controlled_weak_network_simulation,gmcp_r,0.03,0.0,100,500,512,1,0.97,0.9515,0.9976,0.99,104.09,16,1952,0.8615,memory_ticket_checkpoint
controlled_weak_network_simulation,gmcp_r,0.03,0.0,100,500,512,2,0.968,0.9515,0.9976,0.99,104.09,16,1952,0.8615,memory_ticket_checkpoint
controlled_weak_network_simulation,gmcp_r,0.03,0.0,100,500,512,3,0.966,0.9515,0.9976,0.99,104.09,16,1952,0.8615,memory_ticket_checkpoint
controlled_weak_network_simulation,gmcp_r,0.03,0.0,100,1000,128,1,0.97,0.9515,0.9976,0.99,104.18,31,3392,0.8615,memory_ticket_checkpoint
controlled_weak_network_simulation,gmcp_r,0.03,0.0,100,1000,128,2,0.968,0.9515,0.9976,0.99,104.18,31,3392,0.8615,memory_ticket_checkpoint
controlled_weak_network_simulation,gmcp_r,0.03,0.0,100,1000,128,3,0.966,0.9515,0.9976,0.99,104.18,31,3392,0.8615,memory_ticket_checkpoint
controlled_weak_network_simulation,gmcp_r,0.03,0.0,100,1000,512,1,0.97,0.9515,0.9976,0.99,104.18,31,3392,0.8615,memory_ticket_checkpoint
controlled_weak_network_simulation,gmcp_r,0.03,0.0,100,1000,512,2,0.968,0.9515,0.9976,0.99,104.18,31,3392,0.8615,memory_ticket_checkpoint
controlled_weak_network_simulation,gmcp_r,0.03,0.0,100,1000,512,3,0.966,0.9515,0.9976,0.99,104.18,31,3392,0.8615,memory_ticket_checkpoint
controlled_weak_network_simulation,gmcp_r,0.03,0.0,200,100,128,1,0.97,0.9295,0.9976,0.99,204.018,4,800,0.8395,memory_ticket_checkpoint
controlled_weak_network_simulation,gmcp_r,0.03,0.0,200,100,128,2,0.968,0.9295,0.9976,0.99,204.018,4,800,0.8395,memory_ticket_checkpoint
controlled_weak_network_simulation,gmcp_r,0.03,0.0,200,100,128,3,0.966,0.9295,0.9976,0.99,204.018,4,800,0.8395,memory_ticket_checkpoint
controlled_weak_network_simulation,gmcp_r,0.03,0.0,200,100,512,1,0.97,0.9295,0.9976,0.99,204.018,4,800,0.8395,memory_ticket_checkpoint
controlled_weak_network_simulation,gmcp_r,0.03,0.0,200,100,512,2,0.968,0.9295,0.9976,0.99,204.018,4,800,0.8395,memory_ticket_checkpoint
controlled_weak_network_simulation,gmcp_r,0.03,0.0,200,100,512,3,0.966,0.9295,0.9976,0.99,204.018,4,800,0.8395,memory_ticket_checkpoint
controlled_weak_network_simulation,gmcp_r,0.03,0.0,200,500,128,1,0.97,0.9295,0.9976,0.99,204.09,16,1952,0.8395,memory_ticket_checkpoint
controlled_weak_network_simulation,gmcp_r,0.03,0.0,200,500,128,2,0.968,0.9295,0.9976,0.99,204.09,16,1952,0.8395,memory_ticket_checkpoint
controlled_weak_network_simulation,gmcp_r,0.03,0.0,200,500,128,3,0.966,0.9295,0.9976,0.99,204.09,16,1952,0.8395,memory_ticket_checkpoint
controlled_weak_network_simulation,gmcp_r,0.03,0.0,200,500,512,1,0.97,0.9295,0.9976,0.99,204.09,16,1952,0.8395,memory_ticket_checkpoint
controlled_weak_network_simulation,gmcp_r,0.03,0.0,200,500,512,2,0.968,0.9295,0.9976,0.99,204.09,16,1952,0.8395,memory_ticket_checkpoint
controlled_weak_network_simulation,gmcp_r,0.03,0.0,200,500,512,3,0.966,0.9295,0.9976,0.99,204.09,16,1952,0.8395,memory_ticket_checkpoint
controlled_weak_network_simulation,gmcp_r,0.03,0.0,200,1000,128,1,0.97,0.9295,0.9976,0.99,204.18,31,3392,0.8395,memory_ticket_checkpoint
controlled_weak_network_simulation,gmcp_r,0.03,0.0,200,1000,128,2,0.968,0.9295,0.9976,0.99,204.18,31,3392,0.8395,memory_ticket_checkpoint
controlled_weak_network_simulation,gmcp_r,0.03,0.0,200,1000,128,3,0.966,0.9295,0.9976,0.99,204.18,31,3392,0.8395,memory_ticket_checkpoint
controlled_weak_network_simulation,gmcp_r,0.03,0.0,200,1000,512,1,0.97,0.9295,0.9976,0.99,204.18,31,3392,0.8395,memory_ticket_checkpoint
controlled_weak_network_simulation,gmcp_r,0.03,0.0,200,1000,512,2,0.968,0.9295,0.9976,0.99,204.18,31,3392,0.8395,memory_ticket_checkpoint
controlled_weak_network_simulation,gmcp_r,0.03,0.0,200,1000,512,3,0.966,0.9295,0.9976,0.99,204.18,31,3392,0.8395,memory_ticket_checkpoint
controlled_weak_network_simulation,gmcp_r,0.03,0.01,0,100,128,1,0.9665,0.9702,0.9976,0.9895,4.018,4,800,0.8802,memory_ticket_checkpoint
controlled_weak_network_simulation,gmcp_r,0.03,0.01,0,100,128,2,0.9645,0.9702,0.9976,0.9895,4.018,4,800,0.8802,memory_ticket_checkpoint
controlled_weak_network_simulation,gmcp_r,0.03,0.01,0,100,128,3,0.9625,0.9702,0.9976,0.9895,4.018,4,800,0.8802,memory_ticket_checkpoint
controlled_weak_network_simulation,gmcp_r,0.03,0.01,0,100,512,1,0.9665,0.9702,0.9976,0.9895,4.018,4,800,0.8802,memory_ticket_checkpoint
controlled_weak_network_simulation,gmcp_r,0.03,0.01,0,100,512,2,0.9645,0.9702,0.9976,0.9895,4.018,4,800,0.8802,memory_ticket_checkpoint
controlled_weak_network_simulation,gmcp_r,0.03,0.01,0,100,512,3,0.9625,0.9702,0.9976,0.9895,4.018,4,800,0.8802,memory_ticket_checkpoint
controlled_weak_network_simulation,gmcp_r,0.03,0.01,0,500,128,1,0.9665,0.9702,0.9976,0.9895,4.102,18,2144,0.8802,memory_ticket_checkpoint
controlled_weak_network_simulation,gmcp_r,0.03,0.01,0,500,128,2,0.9645,0.9702,0.9976,0.9895,4.102,18,2144,0.8802,memory_ticket_checkpoint
controlled_weak_network_simulation,gmcp_r,0.03,0.01,0,500,128,3,0.9625,0.9702,0.9976,0.9895,4.102,18,2144,0.8802,memory_ticket_checkpoint
controlled_weak_network_simulation,gmcp_r,0.03,0.01,0,500,512,1,0.9665,0.9702,0.9976,0.9895,4.102,18,2144,0.8802,memory_ticket_checkpoint
controlled_weak_network_simulation,gmcp_r,0.03,0.01,0,500,512,2,0.9645,0.9702,0.9976,0.9895,4.102,18,2144,0.8802,memory_ticket_checkpoint
controlled_weak_network_simulation,gmcp_r,0.03,0.01,0,500,512,3,0.9625,0.9702,0.9976,0.9895,4.102,18,2144,0.8802,memory_ticket_checkpoint
controlled_weak_network_simulation,gmcp_r,0.03,0.01,0,1000,128,1,0.9665,0.9702,0.9976,0.9895,4.21,36,3872,0.8802,memory_ticket_checkpoint
controlled_weak_network_simulation,gmcp_r,0.03,0.01,0,1000,128,2,0.9645,0.9702,0.9976,0.9895,4.21,36,3872,0.8802,memory_ticket_checkpoint
controlled_weak_network_simulation,gmcp_r,0.03,0.01,0,1000,128,3,0.9625,0.9702,0.9976,0.9895,4.21,36,3872,0.8802,memory_ticket_checkpoint
controlled_weak_network_simulation,gmcp_r,0.03,0.01,0,1000,512,1,0.9665,0.9702,0.9976,0.9895,4.21,36,3872,0.8802,memory_ticket_checkpoint
controlled_weak_network_simulation,gmcp_r,0.03,0.01,0,1000,512,2,0.9645,0.9702,0.9976,0.9895,4.21,36,3872,0.8802,memory_ticket_checkpoint
controlled_weak_network_simulation,gmcp_r,0.03,0.01,0,1000,512,3,0.9625,0.9702,0.9976,0.9895,4.21,36,3872,0.8802,memory_ticket_checkpoint
controlled_weak_network_simulation,gmcp_r,0.03,0.01,50,100,128,1,0.9665,0.9592,0.9976,0.9895,54.018,4,800,0.8692,memory_ticket_checkpoint
controlled_weak_network_simulation,gmcp_r,0.03,0.01,50,100,128,2,0.9645,0.9592,0.9976,0.9895,54.018,4,800,0.8692,memory_ticket_checkpoint
controlled_weak_network_simulation,gmcp_r,0.03,0.01,50,100,128,3,0.9625,0.9592,0.9976,0.9895,54.018,4,800,0.8692,memory_ticket_checkpoint
controlled_weak_network_simulation,gmcp_r,0.03,0.01,50,100,512,1,0.9665,0.9592,0.9976,0.9895,54.018,4,800,0.8692,memory_ticket_checkpoint
controlled_weak_network_simulation,gmcp_r,0.03,0.01,50,100,512,2,0.9645,0.9592,0.9976,0.9895,54.018,4,800,0.8692,memory_ticket_checkpoint
controlled_weak_network_simulation,gmcp_r,0.03,0.01,50,100,512,3,0.9625,0.9592,0.9976,0.9895,54.018,4,800,0.8692,memory_ticket_checkpoint
controlled_weak_network_simulation,gmcp_r,0.03,0.01,50,500,128,1,0.9665,0.9592,0.9976,0.9895,54.102,18,2144,0.8692,memory_ticket_checkpoint
controlled_weak_network_simulation,gmcp_r,0.03,0.01,50,500,128,2,0.9645,0.9592,0.9976,0.9895,54.102,18,2144,0.8692,memory_ticket_checkpoint
controlled_weak_network_simulation,gmcp_r,0.03,0.01,50,500,128,3,0.9625,0.9592,0.9976,0.9895,54.102,18,2144,0.8692,memory_ticket_checkpoint
controlled_weak_network_simulation,gmcp_r,0.03,0.01,50,500,512,1,0.9665,0.9592,0.9976,0.9895,54.102,18,2144,0.8692,memory_ticket_checkpoint
controlled_weak_network_simulation,gmcp_r,0.03,0.01,50,500,512,2,0.9645,0.9592,0.9976,0.9895,54.102,18,2144,0.8692,memory_ticket_checkpoint
controlled_weak_network_simulation,gmcp_r,0.03,0.01,50,500,512,3,0.9625,0.9592,0.9976,0.9895,54.102,18,2144,0.8692,memory_ticket_checkpoint
controlled_weak_network_simulation,gmcp_r,0.03,0.01,50,1000,128,1,0.9665,0.9592,0.9976,0.9895,54.21,36,3872,0.8692,memory_ticket_checkpoint
controlled_weak_network_simulation,gmcp_r,0.03,0.01,50,1000,128,2,0.9645,0.9592,0.9976,0.9895,54.21,36,3872,0.8692,memory_ticket_checkpoint
controlled_weak_network_simulation,gmcp_r,0.03,0.01,50,1000,128,3,0.9625,0.9592,0.9976,0.9895,54.21,36,3872,0.8692,memory_ticket_checkpoint
controlled_weak_network_simulation,gmcp_r,0.03,0.01,50,1000,512,1,0.9665,0.9592,0.9976,0.9895,54.21,36,3872,0.8692,memory_ticket_checkpoint
controlled_weak_network_simulation,gmcp_r,0.03,0.01,50,1000,512,2,0.9645,0.9592,0.9976,0.9895,54.21,36,3872,0.8692,memory_ticket_checkpoint
controlled_weak_network_simulation,gmcp_r,0.03,0.01,50,1000,512,3,0.9625,0.9592,0.9976,0.9895,54.21,36,3872,0.8692,memory_ticket_checkpoint
controlled_weak_network_simulation,gmcp_r,0.03,0.01,100,100,128,1,0.9665,0.9482,0.9976,0.9895,104.018,4,800,0.8582,memory_ticket_checkpoint
controlled_weak_network_simulation,gmcp_r,0.03,0.01,100,100,128,2,0.9645,0.9482,0.9976,0.9895,104.018,4,800,0.8582,memory_ticket_checkpoint
controlled_weak_network_simulation,gmcp_r,0.03,0.01,100,100,128,3,0.9625,0.9482,0.9976,0.9895,104.018,4,800,0.8582,memory_ticket_checkpoint
controlled_weak_network_simulation,gmcp_r,0.03,0.01,100,100,512,1,0.9665,0.9482,0.9976,0.9895,104.018,4,800,0.8582,memory_ticket_checkpoint
controlled_weak_network_simulation,gmcp_r,0.03,0.01,100,100,512,2,0.9645,0.9482,0.9976,0.9895,104.018,4,800,0.8582,memory_ticket_checkpoint
controlled_weak_network_simulation,gmcp_r,0.03,0.01,100,100,512,3,0.9625,0.9482,0.9976,0.9895,104.018,4,800,0.8582,memory_ticket_checkpoint
controlled_weak_network_simulation,gmcp_r,0.03,0.01,100,500,128,1,0.9665,0.9482,0.9976,0.9895,104.102,18,2144,0.8582,memory_ticket_checkpoint
controlled_weak_network_simulation,gmcp_r,0.03,0.01,100,500,128,2,0.9645,0.9482,0.9976,0.9895,104.102,18,2144,0.8582,memory_ticket_checkpoint
controlled_weak_network_simulation,gmcp_r,0.03,0.01,100,500,128,3,0.9625,0.9482,0.9976,0.9895,104.102,18,2144,0.8582,memory_ticket_checkpoint
controlled_weak_network_simulation,gmcp_r,0.03,0.01,100,500,512,1,0.9665,0.9482,0.9976,0.9895,104.102,18,2144,0.8582,memory_ticket_checkpoint
controlled_weak_network_simulation,gmcp_r,0.03,0.01,100,500,512,2,0.9645,0.9482,0.9976,0.9895,104.102,18,2144,0.8582,memory_ticket_checkpoint
controlled_weak_network_simulation,gmcp_r,0.03,0.01,100,500,512,3,0.9625,0.9482,0.9976,0.9895,104.102,18,2144,0.8582,memory_ticket_checkpoint
controlled_weak_network_simulation,gmcp_r,0.03,0.01,100,1000,128,1,0.9665,0.9482,0.9976,0.9895,104.21,36,3872,0.8582,memory_ticket_checkpoint
controlled_weak_network_simulation,gmcp_r,0.03,0.01,100,1000,128,2,0.9645,0.9482,0.9976,0.9895,104.21,36,3872,0.8582,memory_ticket_checkpoint
controlled_weak_network_simulation,gmcp_r,0.03,0.01,100,1000,128,3,0.9625,0.9482,0.9976,0.9895,104.21,36,3872,0.8582,memory_ticket_checkpoint
controlled_weak_network_simulation,gmcp_r,0.03,0.01,100,1000,512,1,0.9665,0.9482,0.9976,0.9895,104.21,36,3872,0.8582,memory_ticket_checkpoint
controlled_weak_network_simulation,gmcp_r,0.03,0.01,100,1000,512,2,0.9645,0.9482,0.9976,0.9895,104.21,36,3872,0.8582,memory_ticket_checkpoint
controlled_weak_network_simulation,gmcp_r,0.03,0.01,100,1000,512,3,0.9625,0.9482,0.9976,0.9895,104.21,36,3872,0.8582,memory_ticket_checkpoint
controlled_weak_network_simulation,gmcp_r,0.03,0.01,200,100,128,1,0.9665,0.9262,0.9976,0.9895,204.018,4,800,0.8362,memory_ticket_checkpoint
controlled_weak_network_simulation,gmcp_r,0.03,0.01,200,100,128,2,0.9645,0.9262,0.9976,0.9895,204.018,4,800,0.8362,memory_ticket_checkpoint
controlled_weak_network_simulation,gmcp_r,0.03,0.01,200,100,128,3,0.9625,0.9262,0.9976,0.9895,204.018,4,800,0.8362,memory_ticket_checkpoint
controlled_weak_network_simulation,gmcp_r,0.03,0.01,200,100,512,1,0.9665,0.9262,0.9976,0.9895,204.018,4,800,0.8362,memory_ticket_checkpoint
controlled_weak_network_simulation,gmcp_r,0.03,0.01,200,100,512,2,0.9645,0.9262,0.9976,0.9895,204.018,4,800,0.8362,memory_ticket_checkpoint
controlled_weak_network_simulation,gmcp_r,0.03,0.01,200,100,512,3,0.9625,0.9262,0.9976,0.9895,204.018,4,800,0.8362,memory_ticket_checkpoint
controlled_weak_network_simulation,gmcp_r,0.03,0.01,200,500,128,1,0.9665,0.9262,0.9976,0.9895,204.102,18,2144,0.8362,memory_ticket_checkpoint
controlled_weak_network_simulation,gmcp_r,0.03,0.01,200,500,128,2,0.9645,0.9262,0.9976,0.9895,204.102,18,2144,0.8362,memory_ticket_checkpoint
controlled_weak_network_simulation,gmcp_r,0.03,0.01,200,500,128,3,0.9625,0.9262,0.9976,0.9895,204.102,18,2144,0.8362,memory_ticket_checkpoint
controlled_weak_network_simulation,gmcp_r,0.03,0.01,200,500,512,1,0.9665,0.9262,0.9976,0.9895,204.102,18,2144,0.8362,memory_ticket_checkpoint
controlled_weak_network_simulation,gmcp_r,0.03,0.01,200,500,512,2,0.9645,0.9262,0.9976,0.9895,204.102,18,2144,0.8362,memory_ticket_checkpoint
controlled_weak_network_simulation,gmcp_r,0.03,0.01,200,500,512,3,0.9625,0.9262,0.9976,0.9895,204.102,18,2144,0.8362,memory_ticket_checkpoint
controlled_weak_network_simulation,gmcp_r,0.03,0.01,200,1000,128,1,0.9665,0.9262,0.9976,0.9895,204.21,36,3872,0.8362,memory_ticket_checkpoint
controlled_weak_network_simulation,gmcp_r,0.03,0.01,200,1000,128,2,0.9645,0.9262,0.9976,0.9895,204.21,36,3872,0.8362,memory_ticket_checkpoint
controlled_weak_network_simulation,gmcp_r,0.03,0.01,200,1000,128,3,0.9625,0.9262,0.9976,0.9895,204.21,36,3872,0.8362,memory_ticket_checkpoint
controlled_weak_network_simulation,gmcp_r,0.03,0.01,200,1000,512,1,0.9665,0.9262,0.9976,0.9895,204.21,36,3872,0.8362,memory_ticket_checkpoint
controlled_weak_network_simulation,gmcp_r,0.03,0.01,200,1000,512,2,0.9645,0.9262,0.9976,0.9895,204.21,36,3872,0.8362,memory_ticket_checkpoint
controlled_weak_network_simulation,gmcp_r,0.03,0.01,200,1000,512,3,0.9625,0.9262,0.9976,0.9895,204.21,36,3872,0.8362,memory_ticket_checkpoint
controlled_weak_network_simulation,gmcp_r,0.03,0.03,0,100,128,1,0.9595,0.9636,0.9976,0.9885,4.024,5,896,0.8736,memory_ticket_checkpoint
controlled_weak_network_simulation,gmcp_r,0.03,0.03,0,100,128,2,0.9575,0.9636,0.9976,0.9885,4.024,5,896,0.8736,memory_ticket_checkpoint
controlled_weak_network_simulation,gmcp_r,0.03,0.03,0,100,128,3,0.9555,0.9636,0.9976,0.9885,4.024,5,896,0.8736,memory_ticket_checkpoint
controlled_weak_network_simulation,gmcp_r,0.03,0.03,0,100,512,1,0.9595,0.9636,0.9976,0.9885,4.024,5,896,0.8736,memory_ticket_checkpoint
controlled_weak_network_simulation,gmcp_r,0.03,0.03,0,100,512,2,0.9575,0.9636,0.9976,0.9885,4.024,5,896,0.8736,memory_ticket_checkpoint
controlled_weak_network_simulation,gmcp_r,0.03,0.03,0,100,512,3,0.9555,0.9636,0.9976,0.9885,4.024,5,896,0.8736,memory_ticket_checkpoint
controlled_weak_network_simulation,gmcp_r,0.03,0.03,0,500,128,1,0.9595,0.9636,0.9976,0.9885,4.132,23,2624,0.8736,memory_ticket_checkpoint
controlled_weak_network_simulation,gmcp_r,0.03,0.03,0,500,128,2,0.9575,0.9636,0.9976,0.9885,4.132,23,2624,0.8736,memory_ticket_checkpoint
controlled_weak_network_simulation,gmcp_r,0.03,0.03,0,500,128,3,0.9555,0.9636,0.9976,0.9885,4.132,23,2624,0.8736,memory_ticket_checkpoint
controlled_weak_network_simulation,gmcp_r,0.03,0.03,0,500,512,1,0.9595,0.9636,0.9976,0.9885,4.132,23,2624,0.8736,memory_ticket_checkpoint
controlled_weak_network_simulation,gmcp_r,0.03,0.03,0,500,512,2,0.9575,0.9636,0.9976,0.9885,4.132,23,2624,0.8736,memory_ticket_checkpoint
controlled_weak_network_simulation,gmcp_r,0.03,0.03,0,500,512,3,0.9555,0.9636,0.9976,0.9885,4.132,23,2624,0.8736,memory_ticket_checkpoint
controlled_weak_network_simulation,gmcp_r,0.03,0.03,0,1000,128,1,0.9595,0.9636,0.9976,0.9885,4.27,46,4832,0.8736,memory_ticket_checkpoint
controlled_weak_network_simulation,gmcp_r,0.03,0.03,0,1000,128,2,0.9575,0.9636,0.9976,0.9885,4.27,46,4832,0.8736,memory_ticket_checkpoint
controlled_weak_network_simulation,gmcp_r,0.03,0.03,0,1000,128,3,0.9555,0.9636,0.9976,0.9885,4.27,46,4832,0.8736,memory_ticket_checkpoint
controlled_weak_network_simulation,gmcp_r,0.03,0.03,0,1000,512,1,0.9595,0.9636,0.9976,0.9885,4.27,46,4832,0.8736,memory_ticket_checkpoint
controlled_weak_network_simulation,gmcp_r,0.03,0.03,0,1000,512,2,0.9575,0.9636,0.9976,0.9885,4.27,46,4832,0.8736,memory_ticket_checkpoint
controlled_weak_network_simulation,gmcp_r,0.03,0.03,0,1000,512,3,0.9555,0.9636,0.9976,0.9885,4.27,46,4832,0.8736,memory_ticket_checkpoint
controlled_weak_network_simulation,gmcp_r,0.03,0.03,50,100,128,1,0.9595,0.9526,0.9976,0.9885,54.024,5,896,0.8626,memory_ticket_checkpoint
controlled_weak_network_simulation,gmcp_r,0.03,0.03,50,100,128,2,0.9575,0.9526,0.9976,0.9885,54.024,5,896,0.8626,memory_ticket_checkpoint
controlled_weak_network_simulation,gmcp_r,0.03,0.03,50,100,128,3,0.9555,0.9526,0.9976,0.9885,54.024,5,896,0.8626,memory_ticket_checkpoint
controlled_weak_network_simulation,gmcp_r,0.03,0.03,50,100,512,1,0.9595,0.9526,0.9976,0.9885,54.024,5,896,0.8626,memory_ticket_checkpoint
controlled_weak_network_simulation,gmcp_r,0.03,0.03,50,100,512,2,0.9575,0.9526,0.9976,0.9885,54.024,5,896,0.8626,memory_ticket_checkpoint
controlled_weak_network_simulation,gmcp_r,0.03,0.03,50,100,512,3,0.9555,0.9526,0.9976,0.9885,54.024,5,896,0.8626,memory_ticket_checkpoint
controlled_weak_network_simulation,gmcp_r,0.03,0.03,50,500,128,1,0.9595,0.9526,0.9976,0.9885,54.132,23,2624,0.8626,memory_ticket_checkpoint
controlled_weak_network_simulation,gmcp_r,0.03,0.03,50,500,128,2,0.9575,0.9526,0.9976,0.9885,54.132,23,2624,0.8626,memory_ticket_checkpoint
controlled_weak_network_simulation,gmcp_r,0.03,0.03,50,500,128,3,0.9555,0.9526,0.9976,0.9885,54.132,23,2624,0.8626,memory_ticket_checkpoint
controlled_weak_network_simulation,gmcp_r,0.03,0.03,50,500,512,1,0.9595,0.9526,0.9976,0.9885,54.132,23,2624,0.8626,memory_ticket_checkpoint
controlled_weak_network_simulation,gmcp_r,0.03,0.03,50,500,512,2,0.9575,0.9526,0.9976,0.9885,54.132,23,2624,0.8626,memory_ticket_checkpoint
controlled_weak_network_simulation,gmcp_r,0.03,0.03,50,500,512,3,0.9555,0.9526,0.9976,0.9885,54.132,23,2624,0.8626,memory_ticket_checkpoint
controlled_weak_network_simulation,gmcp_r,0.03,0.03,50,1000,128,1,0.9595,0.9526,0.9976,0.9885,54.27,46,4832,0.8626,memory_ticket_checkpoint
controlled_weak_network_simulation,gmcp_r,0.03,0.03,50,1000,128,2,0.9575,0.9526,0.9976,0.9885,54.27,46,4832,0.8626,memory_ticket_checkpoint
controlled_weak_network_simulation,gmcp_r,0.03,0.03,50,1000,128,3,0.9555,0.9526,0.9976,0.9885,54.27,46,4832,0.8626,memory_ticket_checkpoint
controlled_weak_network_simulation,gmcp_r,0.03,0.03,50,1000,512,1,0.9595,0.9526,0.9976,0.9885,54.27,46,4832,0.8626,memory_ticket_checkpoint
controlled_weak_network_simulation,gmcp_r,0.03,0.03,50,1000,512,2,0.9575,0.9526,0.9976,0.9885,54.27,46,4832,0.8626,memory_ticket_checkpoint
controlled_weak_network_simulation,gmcp_r,0.03,0.03,50,1000,512,3,0.9555,0.9526,0.9976,0.9885,54.27,46,4832,0.8626,memory_ticket_checkpoint
controlled_weak_network_simulation,gmcp_r,0.03,0.03,100,100,128,1,0.9595,0.9416,0.9976,0.9885,104.024,5,896,0.8516,memory_ticket_checkpoint
controlled_weak_network_simulation,gmcp_r,0.03,0.03,100,100,128,2,0.9575,0.9416,0.9976,0.9885,104.024,5,896,0.8516,memory_ticket_checkpoint
controlled_weak_network_simulation,gmcp_r,0.03,0.03,100,100,128,3,0.9555,0.9416,0.9976,0.9885,104.024,5,896,0.8516,memory_ticket_checkpoint
controlled_weak_network_simulation,gmcp_r,0.03,0.03,100,100,512,1,0.9595,0.9416,0.9976,0.9885,104.024,5,896,0.8516,memory_ticket_checkpoint
controlled_weak_network_simulation,gmcp_r,0.03,0.03,100,100,512,2,0.9575,0.9416,0.9976,0.9885,104.024,5,896,0.8516,memory_ticket_checkpoint
controlled_weak_network_simulation,gmcp_r,0.03,0.03,100,100,512,3,0.9555,0.9416,0.9976,0.9885,104.024,5,896,0.8516,memory_ticket_checkpoint
controlled_weak_network_simulation,gmcp_r,0.03,0.03,100,500,128,1,0.9595,0.9416,0.9976,0.9885,104.132,23,2624,0.8516,memory_ticket_checkpoint
controlled_weak_network_simulation,gmcp_r,0.03,0.03,100,500,128,2,0.9575,0.9416,0.9976,0.9885,104.132,23,2624,0.8516,memory_ticket_checkpoint
controlled_weak_network_simulation,gmcp_r,0.03,0.03,100,500,128,3,0.9555,0.9416,0.9976,0.9885,104.132,23,2624,0.8516,memory_ticket_checkpoint
controlled_weak_network_simulation,gmcp_r,0.03,0.03,100,500,512,1,0.9595,0.9416,0.9976,0.9885,104.132,23,2624,0.8516,memory_ticket_checkpoint
controlled_weak_network_simulation,gmcp_r,0.03,0.03,100,500,512,2,0.9575,0.9416,0.9976,0.9885,104.132,23,2624,0.8516,memory_ticket_checkpoint
controlled_weak_network_simulation,gmcp_r,0.03,0.03,100,500,512,3,0.9555,0.9416,0.9976,0.9885,104.132,23,2624,0.8516,memory_ticket_checkpoint
controlled_weak_network_simulation,gmcp_r,0.03,0.03,100,1000,128,1,0.9595,0.9416,0.9976,0.9885,104.27,46,4832,0.8516,memory_ticket_checkpoint
controlled_weak_network_simulation,gmcp_r,0.03,0.03,100,1000,128,2,0.9575,0.9416,0.9976,0.9885,104.27,46,4832,0.8516,memory_ticket_checkpoint
controlled_weak_network_simulation,gmcp_r,0.03,0.03,100,1000,128,3,0.9555,0.9416,0.9976,0.9885,104.27,46,4832,0.8516,memory_ticket_checkpoint
controlled_weak_network_simulation,gmcp_r,0.03,0.03,100,1000,512,1,0.9595,0.9416,0.9976,0.9885,104.27,46,4832,0.8516,memory_ticket_checkpoint
controlled_weak_network_simulation,gmcp_r,0.03,0.03,100,1000,512,2,0.9575,0.9416,0.9976,0.9885,104.27,46,4832,0.8516,memory_ticket_checkpoint
controlled_weak_network_simulation,gmcp_r,0.03,0.03,100,1000,512,3,0.9555,0.9416,0.9976,0.9885,104.27,46,4832,0.8516,memory_ticket_checkpoint
controlled_weak_network_simulation,gmcp_r,0.03,0.03,200,100,128,1,0.9595,0.9196,0.9976,0.9885,204.024,5,896,0.8296,memory_ticket_checkpoint
controlled_weak_network_simulation,gmcp_r,0.03,0.03,200,100,128,2,0.9575,0.9196,0.9976,0.9885,204.024,5,896,0.8296,memory_ticket_checkpoint
controlled_weak_network_simulation,gmcp_r,0.03,0.03,200,100,128,3,0.9555,0.9196,0.9976,0.9885,204.024,5,896,0.8296,memory_ticket_checkpoint
controlled_weak_network_simulation,gmcp_r,0.03,0.03,200,100,512,1,0.9595,0.9196,0.9976,0.9885,204.024,5,896,0.8296,memory_ticket_checkpoint
controlled_weak_network_simulation,gmcp_r,0.03,0.03,200,100,512,2,0.9575,0.9196,0.9976,0.9885,204.024,5,896,0.8296,memory_ticket_checkpoint
controlled_weak_network_simulation,gmcp_r,0.03,0.03,200,100,512,3,0.9555,0.9196,0.9976,0.9885,204.024,5,896,0.8296,memory_ticket_checkpoint
controlled_weak_network_simulation,gmcp_r,0.03,0.03,200,500,128,1,0.9595,0.9196,0.9976,0.9885,204.132,23,2624,0.8296,memory_ticket_checkpoint
controlled_weak_network_simulation,gmcp_r,0.03,0.03,200,500,128,2,0.9575,0.9196,0.9976,0.9885,204.132,23,2624,0.8296,memory_ticket_checkpoint
controlled_weak_network_simulation,gmcp_r,0.03,0.03,200,500,128,3,0.9555,0.9196,0.9976,0.9885,204.132,23,2624,0.8296,memory_ticket_checkpoint
controlled_weak_network_simulation,gmcp_r,0.03,0.03,200,500,512,1,0.9595,0.9196,0.9976,0.9885,204.132,23,2624,0.8296,memory_ticket_checkpoint
controlled_weak_network_simulation,gmcp_r,0.03,0.03,200,500,512,2,0.9575,0.9196,0.9976,0.9885,204.132,23,2624,0.8296,memory_ticket_checkpoint
controlled_weak_network_simulation,gmcp_r,0.03,0.03,200,500,512,3,0.9555,0.9196,0.9976,0.9885,204.132,23,2624,0.8296,memory_ticket_checkpoint
controlled_weak_network_simulation,gmcp_r,0.03,0.03,200,1000,128,1,0.9595,0.9196,0.9976,0.9885,204.27,46,4832,0.8296,memory_ticket_checkpoint
controlled_weak_network_simulation,gmcp_r,0.03,0.03,200,1000,128,2,0.9575,0.9196,0.9976,0.9885,204.27,46,4832,0.8296,memory_ticket_checkpoint
controlled_weak_network_simulation,gmcp_r,0.03,0.03,200,1000,128,3,0.9555,0.9196,0.9976,0.9885,204.27,46,4832,0.8296,memory_ticket_checkpoint
controlled_weak_network_simulation,gmcp_r,0.03,0.03,200,1000,512,1,0.9595,0.9196,0.9976,0.9885,204.27,46,4832,0.8296,memory_ticket_checkpoint
controlled_weak_network_simulation,gmcp_r,0.03,0.03,200,1000,512,2,0.9575,0.9196,0.9976,0.9885,204.27,46,4832,0.8296,memory_ticket_checkpoint
controlled_weak_network_simulation,gmcp_r,0.03,0.03,200,1000,512,3,0.9555,0.9196,0.9976,0.9885,204.27,46,4832,0.8296,memory_ticket_checkpoint
controlled_weak_network_simulation,gmcp_r,0.05,0.0,0,100,128,1,0.95,0.9625,0.996,0.99,4.03,6,992,0.8725,memory_ticket_checkpoint
controlled_weak_network_simulation,gmcp_r,0.05,0.0,0,100,128,2,0.948,0.9625,0.996,0.99,4.03,6,992,0.8725,memory_ticket_checkpoint
controlled_weak_network_simulation,gmcp_r,0.05,0.0,0,100,128,3,0.946,0.9625,0.996,0.99,4.03,6,992,0.8725,memory_ticket_checkpoint
controlled_weak_network_simulation,gmcp_r,0.05,0.0,0,100,512,1,0.95,0.9625,0.996,0.99,4.03,6,992,0.8725,memory_ticket_checkpoint
controlled_weak_network_simulation,gmcp_r,0.05,0.0,0,100,512,2,0.948,0.9625,0.996,0.99,4.03,6,992,0.8725,memory_ticket_checkpoint
controlled_weak_network_simulation,gmcp_r,0.05,0.0,0,100,512,3,0.946,0.9625,0.996,0.99,4.03,6,992,0.8725,memory_ticket_checkpoint
controlled_weak_network_simulation,gmcp_r,0.05,0.0,0,500,128,1,0.95,0.9625,0.996,0.99,4.15,26,2912,0.8725,memory_ticket_checkpoint
controlled_weak_network_simulation,gmcp_r,0.05,0.0,0,500,128,2,0.948,0.9625,0.996,0.99,4.15,26,2912,0.8725,memory_ticket_checkpoint
controlled_weak_network_simulation,gmcp_r,0.05,0.0,0,500,128,3,0.946,0.9625,0.996,0.99,4.15,26,2912,0.8725,memory_ticket_checkpoint
controlled_weak_network_simulation,gmcp_r,0.05,0.0,0,500,512,1,0.95,0.9625,0.996,0.99,4.15,26,2912,0.8725,memory_ticket_checkpoint
controlled_weak_network_simulation,gmcp_r,0.05,0.0,0,500,512,2,0.948,0.9625,0.996,0.99,4.15,26,2912,0.8725,memory_ticket_checkpoint
controlled_weak_network_simulation,gmcp_r,0.05,0.0,0,500,512,3,0.946,0.9625,0.996,0.99,4.15,26,2912,0.8725,memory_ticket_checkpoint
controlled_weak_network_simulation,gmcp_r,0.05,0.0,0,1000,128,1,0.95,0.9625,0.996,0.99,4.3,51,5312,0.8725,memory_ticket_checkpoint
controlled_weak_network_simulation,gmcp_r,0.05,0.0,0,1000,128,2,0.948,0.9625,0.996,0.99,4.3,51,5312,0.8725,memory_ticket_checkpoint
controlled_weak_network_simulation,gmcp_r,0.05,0.0,0,1000,128,3,0.946,0.9625,0.996,0.99,4.3,51,5312,0.8725,memory_ticket_checkpoint
controlled_weak_network_simulation,gmcp_r,0.05,0.0,0,1000,512,1,0.95,0.9625,0.996,0.99,4.3,51,5312,0.8725,memory_ticket_checkpoint
controlled_weak_network_simulation,gmcp_r,0.05,0.0,0,1000,512,2,0.948,0.9625,0.996,0.99,4.3,51,5312,0.8725,memory_ticket_checkpoint
controlled_weak_network_simulation,gmcp_r,0.05,0.0,0,1000,512,3,0.946,0.9625,0.996,0.99,4.3,51,5312,0.8725,memory_ticket_checkpoint
controlled_weak_network_simulation,gmcp_r,0.05,0.0,50,100,128,1,0.95,0.9515,0.996,0.99,54.03,6,992,0.8615,memory_ticket_checkpoint
controlled_weak_network_simulation,gmcp_r,0.05,0.0,50,100,128,2,0.948,0.9515,0.996,0.99,54.03,6,992,0.8615,memory_ticket_checkpoint
controlled_weak_network_simulation,gmcp_r,0.05,0.0,50,100,128,3,0.946,0.9515,0.996,0.99,54.03,6,992,0.8615,memory_ticket_checkpoint
controlled_weak_network_simulation,gmcp_r,0.05,0.0,50,100,512,1,0.95,0.9515,0.996,0.99,54.03,6,992,0.8615,memory_ticket_checkpoint
controlled_weak_network_simulation,gmcp_r,0.05,0.0,50,100,512,2,0.948,0.9515,0.996,0.99,54.03,6,992,0.8615,memory_ticket_checkpoint
controlled_weak_network_simulation,gmcp_r,0.05,0.0,50,100,512,3,0.946,0.9515,0.996,0.99,54.03,6,992,0.8615,memory_ticket_checkpoint
controlled_weak_network_simulation,gmcp_r,0.05,0.0,50,500,128,1,0.95,0.9515,0.996,0.99,54.15,26,2912,0.8615,memory_ticket_checkpoint
controlled_weak_network_simulation,gmcp_r,0.05,0.0,50,500,128,2,0.948,0.9515,0.996,0.99,54.15,26,2912,0.8615,memory_ticket_checkpoint
controlled_weak_network_simulation,gmcp_r,0.05,0.0,50,500,128,3,0.946,0.9515,0.996,0.99,54.15,26,2912,0.8615,memory_ticket_checkpoint
controlled_weak_network_simulation,gmcp_r,0.05,0.0,50,500,512,1,0.95,0.9515,0.996,0.99,54.15,26,2912,0.8615,memory_ticket_checkpoint
controlled_weak_network_simulation,gmcp_r,0.05,0.0,50,500,512,2,0.948,0.9515,0.996,0.99,54.15,26,2912,0.8615,memory_ticket_checkpoint
controlled_weak_network_simulation,gmcp_r,0.05,0.0,50,500,512,3,0.946,0.9515,0.996,0.99,54.15,26,2912,0.8615,memory_ticket_checkpoint
controlled_weak_network_simulation,gmcp_r,0.05,0.0,50,1000,128,1,0.95,0.9515,0.996,0.99,54.3,51,5312,0.8615,memory_ticket_checkpoint
controlled_weak_network_simulation,gmcp_r,0.05,0.0,50,1000,128,2,0.948,0.9515,0.996,0.99,54.3,51,5312,0.8615,memory_ticket_checkpoint
controlled_weak_network_simulation,gmcp_r,0.05,0.0,50,1000,128,3,0.946,0.9515,0.996,0.99,54.3,51,5312,0.8615,memory_ticket_checkpoint
controlled_weak_network_simulation,gmcp_r,0.05,0.0,50,1000,512,1,0.95,0.9515,0.996,0.99,54.3,51,5312,0.8615,memory_ticket_checkpoint
controlled_weak_network_simulation,gmcp_r,0.05,0.0,50,1000,512,2,0.948,0.9515,0.996,0.99,54.3,51,5312,0.8615,memory_ticket_checkpoint
controlled_weak_network_simulation,gmcp_r,0.05,0.0,50,1000,512,3,0.946,0.9515,0.996,0.99,54.3,51,5312,0.8615,memory_ticket_checkpoint
controlled_weak_network_simulation,gmcp_r,0.05,0.0,100,100,128,1,0.95,0.9405,0.996,0.99,104.03,6,992,0.8505,memory_ticket_checkpoint
controlled_weak_network_simulation,gmcp_r,0.05,0.0,100,100,128,2,0.948,0.9405,0.996,0.99,104.03,6,992,0.8505,memory_ticket_checkpoint
controlled_weak_network_simulation,gmcp_r,0.05,0.0,100,100,128,3,0.946,0.9405,0.996,0.99,104.03,6,992,0.8505,memory_ticket_checkpoint
controlled_weak_network_simulation,gmcp_r,0.05,0.0,100,100,512,1,0.95,0.9405,0.996,0.99,104.03,6,992,0.8505,memory_ticket_checkpoint
controlled_weak_network_simulation,gmcp_r,0.05,0.0,100,100,512,2,0.948,0.9405,0.996,0.99,104.03,6,992,0.8505,memory_ticket_checkpoint
controlled_weak_network_simulation,gmcp_r,0.05,0.0,100,100,512,3,0.946,0.9405,0.996,0.99,104.03,6,992,0.8505,memory_ticket_checkpoint
controlled_weak_network_simulation,gmcp_r,0.05,0.0,100,500,128,1,0.95,0.9405,0.996,0.99,104.15,26,2912,0.8505,memory_ticket_checkpoint
controlled_weak_network_simulation,gmcp_r,0.05,0.0,100,500,128,2,0.948,0.9405,0.996,0.99,104.15,26,2912,0.8505,memory_ticket_checkpoint
controlled_weak_network_simulation,gmcp_r,0.05,0.0,100,500,128,3,0.946,0.9405,0.996,0.99,104.15,26,2912,0.8505,memory_ticket_checkpoint
controlled_weak_network_simulation,gmcp_r,0.05,0.0,100,500,512,1,0.95,0.9405,0.996,0.99,104.15,26,2912,0.8505,memory_ticket_checkpoint
controlled_weak_network_simulation,gmcp_r,0.05,0.0,100,500,512,2,0.948,0.9405,0.996,0.99,104.15,26,2912,0.8505,memory_ticket_checkpoint
controlled_weak_network_simulation,gmcp_r,0.05,0.0,100,500,512,3,0.946,0.9405,0.996,0.99,104.15,26,2912,0.8505,memory_ticket_checkpoint
controlled_weak_network_simulation,gmcp_r,0.05,0.0,100,1000,128,1,0.95,0.9405,0.996,0.99,104.3,51,5312,0.8505,memory_ticket_checkpoint
controlled_weak_network_simulation,gmcp_r,0.05,0.0,100,1000,128,2,0.948,0.9405,0.996,0.99,104.3,51,5312,0.8505,memory_ticket_checkpoint
controlled_weak_network_simulation,gmcp_r,0.05,0.0,100,1000,128,3,0.946,0.9405,0.996,0.99,104.3,51,5312,0.8505,memory_ticket_checkpoint
controlled_weak_network_simulation,gmcp_r,0.05,0.0,100,1000,512,1,0.95,0.9405,0.996,0.99,104.3,51,5312,0.8505,memory_ticket_checkpoint
controlled_weak_network_simulation,gmcp_r,0.05,0.0,100,1000,512,2,0.948,0.9405,0.996,0.99,104.3,51,5312,0.8505,memory_ticket_checkpoint
controlled_weak_network_simulation,gmcp_r,0.05,0.0,100,1000,512,3,0.946,0.9405,0.996,0.99,104.3,51,5312,0.8505,memory_ticket_checkpoint
controlled_weak_network_simulation,gmcp_r,0.05,0.0,200,100,128,1,0.95,0.9185,0.996,0.99,204.03,6,992,0.8285,memory_ticket_checkpoint
controlled_weak_network_simulation,gmcp_r,0.05,0.0,200,100,128,2,0.948,0.9185,0.996,0.99,204.03,6,992,0.8285,memory_ticket_checkpoint
controlled_weak_network_simulation,gmcp_r,0.05,0.0,200,100,128,3,0.946,0.9185,0.996,0.99,204.03,6,992,0.8285,memory_ticket_checkpoint
controlled_weak_network_simulation,gmcp_r,0.05,0.0,200,100,512,1,0.95,0.9185,0.996,0.99,204.03,6,992,0.8285,memory_ticket_checkpoint
controlled_weak_network_simulation,gmcp_r,0.05,0.0,200,100,512,2,0.948,0.9185,0.996,0.99,204.03,6,992,0.8285,memory_ticket_checkpoint
controlled_weak_network_simulation,gmcp_r,0.05,0.0,200,100,512,3,0.946,0.9185,0.996,0.99,204.03,6,992,0.8285,memory_ticket_checkpoint
controlled_weak_network_simulation,gmcp_r,0.05,0.0,200,500,128,1,0.95,0.9185,0.996,0.99,204.15,26,2912,0.8285,memory_ticket_checkpoint
controlled_weak_network_simulation,gmcp_r,0.05,0.0,200,500,128,2,0.948,0.9185,0.996,0.99,204.15,26,2912,0.8285,memory_ticket_checkpoint
controlled_weak_network_simulation,gmcp_r,0.05,0.0,200,500,128,3,0.946,0.9185,0.996,0.99,204.15,26,2912,0.8285,memory_ticket_checkpoint
controlled_weak_network_simulation,gmcp_r,0.05,0.0,200,500,512,1,0.95,0.9185,0.996,0.99,204.15,26,2912,0.8285,memory_ticket_checkpoint
controlled_weak_network_simulation,gmcp_r,0.05,0.0,200,500,512,2,0.948,0.9185,0.996,0.99,204.15,26,2912,0.8285,memory_ticket_checkpoint
controlled_weak_network_simulation,gmcp_r,0.05,0.0,200,500,512,3,0.946,0.9185,0.996,0.99,204.15,26,2912,0.8285,memory_ticket_checkpoint
controlled_weak_network_simulation,gmcp_r,0.05,0.0,200,1000,128,1,0.95,0.9185,0.996,0.99,204.3,51,5312,0.8285,memory_ticket_checkpoint
controlled_weak_network_simulation,gmcp_r,0.05,0.0,200,1000,128,2,0.948,0.9185,0.996,0.99,204.3,51,5312,0.8285,memory_ticket_checkpoint
controlled_weak_network_simulation,gmcp_r,0.05,0.0,200,1000,128,3,0.946,0.9185,0.996,0.99,204.3,51,5312,0.8285,memory_ticket_checkpoint
controlled_weak_network_simulation,gmcp_r,0.05,0.0,200,1000,512,1,0.95,0.9185,0.996,0.99,204.3,51,5312,0.8285,memory_ticket_checkpoint
controlled_weak_network_simulation,gmcp_r,0.05,0.0,200,1000,512,2,0.948,0.9185,0.996,0.99,204.3,51,5312,0.8285,memory_ticket_checkpoint
controlled_weak_network_simulation,gmcp_r,0.05,0.0,200,1000,512,3,0.946,0.9185,0.996,0.99,204.3,51,5312,0.8285,memory_ticket_checkpoint
controlled_weak_network_simulation,gmcp_r,0.05,0.01,0,100,128,1,0.9465,0.9592,0.996,0.9895,4.03,6,992,0.8692,memory_ticket_checkpoint
controlled_weak_network_simulation,gmcp_r,0.05,0.01,0,100,128,2,0.9445,0.9592,0.996,0.9895,4.03,6,992,0.8692,memory_ticket_checkpoint
controlled_weak_network_simulation,gmcp_r,0.05,0.01,0,100,128,3,0.9425,0.9592,0.996,0.9895,4.03,6,992,0.8692,memory_ticket_checkpoint
controlled_weak_network_simulation,gmcp_r,0.05,0.01,0,100,512,1,0.9465,0.9592,0.996,0.9895,4.03,6,992,0.8692,memory_ticket_checkpoint
controlled_weak_network_simulation,gmcp_r,0.05,0.01,0,100,512,2,0.9445,0.9592,0.996,0.9895,4.03,6,992,0.8692,memory_ticket_checkpoint
controlled_weak_network_simulation,gmcp_r,0.05,0.01,0,100,512,3,0.9425,0.9592,0.996,0.9895,4.03,6,992,0.8692,memory_ticket_checkpoint
controlled_weak_network_simulation,gmcp_r,0.05,0.01,0,500,128,1,0.9465,0.9592,0.996,0.9895,4.162,28,3104,0.8692,memory_ticket_checkpoint
controlled_weak_network_simulation,gmcp_r,0.05,0.01,0,500,128,2,0.9445,0.9592,0.996,0.9895,4.162,28,3104,0.8692,memory_ticket_checkpoint
controlled_weak_network_simulation,gmcp_r,0.05,0.01,0,500,128,3,0.9425,0.9592,0.996,0.9895,4.162,28,3104,0.8692,memory_ticket_checkpoint
controlled_weak_network_simulation,gmcp_r,0.05,0.01,0,500,512,1,0.9465,0.9592,0.996,0.9895,4.162,28,3104,0.8692,memory_ticket_checkpoint
controlled_weak_network_simulation,gmcp_r,0.05,0.01,0,500,512,2,0.9445,0.9592,0.996,0.9895,4.162,28,3104,0.8692,memory_ticket_checkpoint
controlled_weak_network_simulation,gmcp_r,0.05,0.01,0,500,512,3,0.9425,0.9592,0.996,0.9895,4.162,28,3104,0.8692,memory_ticket_checkpoint
controlled_weak_network_simulation,gmcp_r,0.05,0.01,0,1000,128,1,0.9465,0.9592,0.996,0.9895,4.33,56,5792,0.8692,memory_ticket_checkpoint
controlled_weak_network_simulation,gmcp_r,0.05,0.01,0,1000,128,2,0.9445,0.9592,0.996,0.9895,4.33,56,5792,0.8692,memory_ticket_checkpoint
controlled_weak_network_simulation,gmcp_r,0.05,0.01,0,1000,128,3,0.9425,0.9592,0.996,0.9895,4.33,56,5792,0.8692,memory_ticket_checkpoint
controlled_weak_network_simulation,gmcp_r,0.05,0.01,0,1000,512,1,0.9465,0.9592,0.996,0.9895,4.33,56,5792,0.8692,memory_ticket_checkpoint
controlled_weak_network_simulation,gmcp_r,0.05,0.01,0,1000,512,2,0.9445,0.9592,0.996,0.9895,4.33,56,5792,0.8692,memory_ticket_checkpoint
controlled_weak_network_simulation,gmcp_r,0.05,0.01,0,1000,512,3,0.9425,0.9592,0.996,0.9895,4.33,56,5792,0.8692,memory_ticket_checkpoint
controlled_weak_network_simulation,gmcp_r,0.05,0.01,50,100,128,1,0.9465,0.9482,0.996,0.9895,54.03,6,992,0.8582,memory_ticket_checkpoint
controlled_weak_network_simulation,gmcp_r,0.05,0.01,50,100,128,2,0.9445,0.9482,0.996,0.9895,54.03,6,992,0.8582,memory_ticket_checkpoint
controlled_weak_network_simulation,gmcp_r,0.05,0.01,50,100,128,3,0.9425,0.9482,0.996,0.9895,54.03,6,992,0.8582,memory_ticket_checkpoint
controlled_weak_network_simulation,gmcp_r,0.05,0.01,50,100,512,1,0.9465,0.9482,0.996,0.9895,54.03,6,992,0.8582,memory_ticket_checkpoint
controlled_weak_network_simulation,gmcp_r,0.05,0.01,50,100,512,2,0.9445,0.9482,0.996,0.9895,54.03,6,992,0.8582,memory_ticket_checkpoint
controlled_weak_network_simulation,gmcp_r,0.05,0.01,50,100,512,3,0.9425,0.9482,0.996,0.9895,54.03,6,992,0.8582,memory_ticket_checkpoint
controlled_weak_network_simulation,gmcp_r,0.05,0.01,50,500,128,1,0.9465,0.9482,0.996,0.9895,54.162,28,3104,0.8582,memory_ticket_checkpoint
controlled_weak_network_simulation,gmcp_r,0.05,0.01,50,500,128,2,0.9445,0.9482,0.996,0.9895,54.162,28,3104,0.8582,memory_ticket_checkpoint
controlled_weak_network_simulation,gmcp_r,0.05,0.01,50,500,128,3,0.9425,0.9482,0.996,0.9895,54.162,28,3104,0.8582,memory_ticket_checkpoint
controlled_weak_network_simulation,gmcp_r,0.05,0.01,50,500,512,1,0.9465,0.9482,0.996,0.9895,54.162,28,3104,0.8582,memory_ticket_checkpoint
controlled_weak_network_simulation,gmcp_r,0.05,0.01,50,500,512,2,0.9445,0.9482,0.996,0.9895,54.162,28,3104,0.8582,memory_ticket_checkpoint
controlled_weak_network_simulation,gmcp_r,0.05,0.01,50,500,512,3,0.9425,0.9482,0.996,0.9895,54.162,28,3104,0.8582,memory_ticket_checkpoint
controlled_weak_network_simulation,gmcp_r,0.05,0.01,50,1000,128,1,0.9465,0.9482,0.996,0.9895,54.33,56,5792,0.8582,memory_ticket_checkpoint
controlled_weak_network_simulation,gmcp_r,0.05,0.01,50,1000,128,2,0.9445,0.9482,0.996,0.9895,54.33,56,5792,0.8582,memory_ticket_checkpoint
controlled_weak_network_simulation,gmcp_r,0.05,0.01,50,1000,128,3,0.9425,0.9482,0.996,0.9895,54.33,56,5792,0.8582,memory_ticket_checkpoint
controlled_weak_network_simulation,gmcp_r,0.05,0.01,50,1000,512,1,0.9465,0.9482,0.996,0.9895,54.33,56,5792,0.8582,memory_ticket_checkpoint
controlled_weak_network_simulation,gmcp_r,0.05,0.01,50,1000,512,2,0.9445,0.9482,0.996,0.9895,54.33,56,5792,0.8582,memory_ticket_checkpoint
controlled_weak_network_simulation,gmcp_r,0.05,0.01,50,1000,512,3,0.9425,0.9482,0.996,0.9895,54.33,56,5792,0.8582,memory_ticket_checkpoint
controlled_weak_network_simulation,gmcp_r,0.05,0.01,100,100,128,1,0.9465,0.9372,0.996,0.9895,104.03,6,992,0.8472,memory_ticket_checkpoint
controlled_weak_network_simulation,gmcp_r,0.05,0.01,100,100,128,2,0.9445,0.9372,0.996,0.9895,104.03,6,992,0.8472,memory_ticket_checkpoint
controlled_weak_network_simulation,gmcp_r,0.05,0.01,100,100,128,3,0.9425,0.9372,0.996,0.9895,104.03,6,992,0.8472,memory_ticket_checkpoint
controlled_weak_network_simulation,gmcp_r,0.05,0.01,100,100,512,1,0.9465,0.9372,0.996,0.9895,104.03,6,992,0.8472,memory_ticket_checkpoint
controlled_weak_network_simulation,gmcp_r,0.05,0.01,100,100,512,2,0.9445,0.9372,0.996,0.9895,104.03,6,992,0.8472,memory_ticket_checkpoint
controlled_weak_network_simulation,gmcp_r,0.05,0.01,100,100,512,3,0.9425,0.9372,0.996,0.9895,104.03,6,992,0.8472,memory_ticket_checkpoint
controlled_weak_network_simulation,gmcp_r,0.05,0.01,100,500,128,1,0.9465,0.9372,0.996,0.9895,104.162,28,3104,0.8472,memory_ticket_checkpoint
controlled_weak_network_simulation,gmcp_r,0.05,0.01,100,500,128,2,0.9445,0.9372,0.996,0.9895,104.162,28,3104,0.8472,memory_ticket_checkpoint
controlled_weak_network_simulation,gmcp_r,0.05,0.01,100,500,128,3,0.9425,0.9372,0.996,0.9895,104.162,28,3104,0.8472,memory_ticket_checkpoint
controlled_weak_network_simulation,gmcp_r,0.05,0.01,100,500,512,1,0.9465,0.9372,0.996,0.9895,104.162,28,3104,0.8472,memory_ticket_checkpoint
controlled_weak_network_simulation,gmcp_r,0.05,0.01,100,500,512,2,0.9445,0.9372,0.996,0.9895,104.162,28,3104,0.8472,memory_ticket_checkpoint
controlled_weak_network_simulation,gmcp_r,0.05,0.01,100,500,512,3,0.9425,0.9372,0.996,0.9895,104.162,28,3104,0.8472,memory_ticket_checkpoint
controlled_weak_network_simulation,gmcp_r,0.05,0.01,100,1000,128,1,0.9465,0.9372,0.996,0.9895,104.33,56,5792,0.8472,memory_ticket_checkpoint
controlled_weak_network_simulation,gmcp_r,0.05,0.01,100,1000,128,2,0.9445,0.9372,0.996,0.9895,104.33,56,5792,0.8472,memory_ticket_checkpoint
controlled_weak_network_simulation,gmcp_r,0.05,0.01,100,1000,128,3,0.9425,0.9372,0.996,0.9895,104.33,56,5792,0.8472,memory_ticket_checkpoint
controlled_weak_network_simulation,gmcp_r,0.05,0.01,100,1000,512,1,0.9465,0.9372,0.996,0.9895,104.33,56,5792,0.8472,memory_ticket_checkpoint
controlled_weak_network_simulation,gmcp_r,0.05,0.01,100,1000,512,2,0.9445,0.9372,0.996,0.9895,104.33,56,5792,0.8472,memory_ticket_checkpoint
controlled_weak_network_simulation,gmcp_r,0.05,0.01,100,1000,512,3,0.9425,0.9372,0.996,0.9895,104.33,56,5792,0.8472,memory_ticket_checkpoint
controlled_weak_network_simulation,gmcp_r,0.05,0.01,200,100,128,1,0.9465,0.9152,0.996,0.9895,204.03,6,992,0.8252,memory_ticket_checkpoint
controlled_weak_network_simulation,gmcp_r,0.05,0.01,200,100,128,2,0.9445,0.9152,0.996,0.9895,204.03,6,992,0.8252,memory_ticket_checkpoint
controlled_weak_network_simulation,gmcp_r,0.05,0.01,200,100,128,3,0.9425,0.9152,0.996,0.9895,204.03,6,992,0.8252,memory_ticket_checkpoint
controlled_weak_network_simulation,gmcp_r,0.05,0.01,200,100,512,1,0.9465,0.9152,0.996,0.9895,204.03,6,992,0.8252,memory_ticket_checkpoint
controlled_weak_network_simulation,gmcp_r,0.05,0.01,200,100,512,2,0.9445,0.9152,0.996,0.9895,204.03,6,992,0.8252,memory_ticket_checkpoint
controlled_weak_network_simulation,gmcp_r,0.05,0.01,200,100,512,3,0.9425,0.9152,0.996,0.9895,204.03,6,992,0.8252,memory_ticket_checkpoint
controlled_weak_network_simulation,gmcp_r,0.05,0.01,200,500,128,1,0.9465,0.9152,0.996,0.9895,204.162,28,3104,0.8252,memory_ticket_checkpoint
controlled_weak_network_simulation,gmcp_r,0.05,0.01,200,500,128,2,0.9445,0.9152,0.996,0.9895,204.162,28,3104,0.8252,memory_ticket_checkpoint
controlled_weak_network_simulation,gmcp_r,0.05,0.01,200,500,128,3,0.9425,0.9152,0.996,0.9895,204.162,28,3104,0.8252,memory_ticket_checkpoint
controlled_weak_network_simulation,gmcp_r,0.05,0.01,200,500,512,1,0.9465,0.9152,0.996,0.9895,204.162,28,3104,0.8252,memory_ticket_checkpoint
controlled_weak_network_simulation,gmcp_r,0.05,0.01,200,500,512,2,0.9445,0.9152,0.996,0.9895,204.162,28,3104,0.8252,memory_ticket_checkpoint
controlled_weak_network_simulation,gmcp_r,0.05,0.01,200,500,512,3,0.9425,0.9152,0.996,0.9895,204.162,28,3104,0.8252,memory_ticket_checkpoint
controlled_weak_network_simulation,gmcp_r,0.05,0.01,200,1000,128,1,0.9465,0.9152,0.996,0.9895,204.33,56,5792,0.8252,memory_ticket_checkpoint
controlled_weak_network_simulation,gmcp_r,0.05,0.01,200,1000,128,2,0.9445,0.9152,0.996,0.9895,204.33,56,5792,0.8252,memory_ticket_checkpoint
controlled_weak_network_simulation,gmcp_r,0.05,0.01,200,1000,128,3,0.9425,0.9152,0.996,0.9895,204.33,56,5792,0.8252,memory_ticket_checkpoint
controlled_weak_network_simulation,gmcp_r,0.05,0.01,200,1000,512,1,0.9465,0.9152,0.996,0.9895,204.33,56,5792,0.8252,memory_ticket_checkpoint
controlled_weak_network_simulation,gmcp_r,0.05,0.01,200,1000,512,2,0.9445,0.9152,0.996,0.9895,204.33,56,5792,0.8252,memory_ticket_checkpoint
controlled_weak_network_simulation,gmcp_r,0.05,0.01,200,1000,512,3,0.9425,0.9152,0.996,0.9895,204.33,56,5792,0.8252,memory_ticket_checkpoint
controlled_weak_network_simulation,gmcp_r,0.05,0.03,0,100,128,1,0.9395,0.9526,0.996,0.9885,4.036,7,1088,0.8626,memory_ticket_checkpoint
controlled_weak_network_simulation,gmcp_r,0.05,0.03,0,100,128,2,0.9375,0.9526,0.996,0.9885,4.036,7,1088,0.8626,memory_ticket_checkpoint
controlled_weak_network_simulation,gmcp_r,0.05,0.03,0,100,128,3,0.9355,0.9526,0.996,0.9885,4.036,7,1088,0.8626,memory_ticket_checkpoint
controlled_weak_network_simulation,gmcp_r,0.05,0.03,0,100,512,1,0.9395,0.9526,0.996,0.9885,4.036,7,1088,0.8626,memory_ticket_checkpoint
controlled_weak_network_simulation,gmcp_r,0.05,0.03,0,100,512,2,0.9375,0.9526,0.996,0.9885,4.036,7,1088,0.8626,memory_ticket_checkpoint
controlled_weak_network_simulation,gmcp_r,0.05,0.03,0,100,512,3,0.9355,0.9526,0.996,0.9885,4.036,7,1088,0.8626,memory_ticket_checkpoint
controlled_weak_network_simulation,gmcp_r,0.05,0.03,0,500,128,1,0.9395,0.9526,0.996,0.9885,4.192,33,3584,0.8626,memory_ticket_checkpoint
controlled_weak_network_simulation,gmcp_r,0.05,0.03,0,500,128,2,0.9375,0.9526,0.996,0.9885,4.192,33,3584,0.8626,memory_ticket_checkpoint
controlled_weak_network_simulation,gmcp_r,0.05,0.03,0,500,128,3,0.9355,0.9526,0.996,0.9885,4.192,33,3584,0.8626,memory_ticket_checkpoint
controlled_weak_network_simulation,gmcp_r,0.05,0.03,0,500,512,1,0.9395,0.9526,0.996,0.9885,4.192,33,3584,0.8626,memory_ticket_checkpoint
controlled_weak_network_simulation,gmcp_r,0.05,0.03,0,500,512,2,0.9375,0.9526,0.996,0.9885,4.192,33,3584,0.8626,memory_ticket_checkpoint
controlled_weak_network_simulation,gmcp_r,0.05,0.03,0,500,512,3,0.9355,0.9526,0.996,0.9885,4.192,33,3584,0.8626,memory_ticket_checkpoint
controlled_weak_network_simulation,gmcp_r,0.05,0.03,0,1000,128,1,0.9395,0.9526,0.996,0.9885,4.39,66,6752,0.8626,memory_ticket_checkpoint
controlled_weak_network_simulation,gmcp_r,0.05,0.03,0,1000,128,2,0.9375,0.9526,0.996,0.9885,4.39,66,6752,0.8626,memory_ticket_checkpoint
controlled_weak_network_simulation,gmcp_r,0.05,0.03,0,1000,128,3,0.9355,0.9526,0.996,0.9885,4.39,66,6752,0.8626,memory_ticket_checkpoint
controlled_weak_network_simulation,gmcp_r,0.05,0.03,0,1000,512,1,0.9395,0.9526,0.996,0.9885,4.39,66,6752,0.8626,memory_ticket_checkpoint
controlled_weak_network_simulation,gmcp_r,0.05,0.03,0,1000,512,2,0.9375,0.9526,0.996,0.9885,4.39,66,6752,0.8626,memory_ticket_checkpoint
controlled_weak_network_simulation,gmcp_r,0.05,0.03,0,1000,512,3,0.9355,0.9526,0.996,0.9885,4.39,66,6752,0.8626,memory_ticket_checkpoint
controlled_weak_network_simulation,gmcp_r,0.05,0.03,50,100,128,1,0.9395,0.9416,0.996,0.9885,54.036,7,1088,0.8516,memory_ticket_checkpoint
controlled_weak_network_simulation,gmcp_r,0.05,0.03,50,100,128,2,0.9375,0.9416,0.996,0.9885,54.036,7,1088,0.8516,memory_ticket_checkpoint
controlled_weak_network_simulation,gmcp_r,0.05,0.03,50,100,128,3,0.9355,0.9416,0.996,0.9885,54.036,7,1088,0.8516,memory_ticket_checkpoint
controlled_weak_network_simulation,gmcp_r,0.05,0.03,50,100,512,1,0.9395,0.9416,0.996,0.9885,54.036,7,1088,0.8516,memory_ticket_checkpoint
controlled_weak_network_simulation,gmcp_r,0.05,0.03,50,100,512,2,0.9375,0.9416,0.996,0.9885,54.036,7,1088,0.8516,memory_ticket_checkpoint
controlled_weak_network_simulation,gmcp_r,0.05,0.03,50,100,512,3,0.9355,0.9416,0.996,0.9885,54.036,7,1088,0.8516,memory_ticket_checkpoint
controlled_weak_network_simulation,gmcp_r,0.05,0.03,50,500,128,1,0.9395,0.9416,0.996,0.9885,54.192,33,3584,0.8516,memory_ticket_checkpoint
controlled_weak_network_simulation,gmcp_r,0.05,0.03,50,500,128,2,0.9375,0.9416,0.996,0.9885,54.192,33,3584,0.8516,memory_ticket_checkpoint
controlled_weak_network_simulation,gmcp_r,0.05,0.03,50,500,128,3,0.9355,0.9416,0.996,0.9885,54.192,33,3584,0.8516,memory_ticket_checkpoint
controlled_weak_network_simulation,gmcp_r,0.05,0.03,50,500,512,1,0.9395,0.9416,0.996,0.9885,54.192,33,3584,0.8516,memory_ticket_checkpoint
controlled_weak_network_simulation,gmcp_r,0.05,0.03,50,500,512,2,0.9375,0.9416,0.996,0.9885,54.192,33,3584,0.8516,memory_ticket_checkpoint
controlled_weak_network_simulation,gmcp_r,0.05,0.03,50,500,512,3,0.9355,0.9416,0.996,0.9885,54.192,33,3584,0.8516,memory_ticket_checkpoint
controlled_weak_network_simulation,gmcp_r,0.05,0.03,50,1000,128,1,0.9395,0.9416,0.996,0.9885,54.39,66,6752,0.8516,memory_ticket_checkpoint
controlled_weak_network_simulation,gmcp_r,0.05,0.03,50,1000,128,2,0.9375,0.9416,0.996,0.9885,54.39,66,6752,0.8516,memory_ticket_checkpoint
controlled_weak_network_simulation,gmcp_r,0.05,0.03,50,1000,128,3,0.9355,0.9416,0.996,0.9885,54.39,66,6752,0.8516,memory_ticket_checkpoint
controlled_weak_network_simulation,gmcp_r,0.05,0.03,50,1000,512,1,0.9395,0.9416,0.996,0.9885,54.39,66,6752,0.8516,memory_ticket_checkpoint
controlled_weak_network_simulation,gmcp_r,0.05,0.03,50,1000,512,2,0.9375,0.9416,0.996,0.9885,54.39,66,6752,0.8516,memory_ticket_checkpoint
controlled_weak_network_simulation,gmcp_r,0.05,0.03,50,1000,512,3,0.9355,0.9416,0.996,0.9885,54.39,66,6752,0.8516,memory_ticket_checkpoint
controlled_weak_network_simulation,gmcp_r,0.05,0.03,100,100,128,1,0.9395,0.9306,0.996,0.9885,104.036,7,1088,0.8406,memory_ticket_checkpoint
controlled_weak_network_simulation,gmcp_r,0.05,0.03,100,100,128,2,0.9375,0.9306,0.996,0.9885,104.036,7,1088,0.8406,memory_ticket_checkpoint
controlled_weak_network_simulation,gmcp_r,0.05,0.03,100,100,128,3,0.9355,0.9306,0.996,0.9885,104.036,7,1088,0.8406,memory_ticket_checkpoint
controlled_weak_network_simulation,gmcp_r,0.05,0.03,100,100,512,1,0.9395,0.9306,0.996,0.9885,104.036,7,1088,0.8406,memory_ticket_checkpoint
controlled_weak_network_simulation,gmcp_r,0.05,0.03,100,100,512,2,0.9375,0.9306,0.996,0.9885,104.036,7,1088,0.8406,memory_ticket_checkpoint
controlled_weak_network_simulation,gmcp_r,0.05,0.03,100,100,512,3,0.9355,0.9306,0.996,0.9885,104.036,7,1088,0.8406,memory_ticket_checkpoint
controlled_weak_network_simulation,gmcp_r,0.05,0.03,100,500,128,1,0.9395,0.9306,0.996,0.9885,104.192,33,3584,0.8406,memory_ticket_checkpoint
controlled_weak_network_simulation,gmcp_r,0.05,0.03,100,500,128,2,0.9375,0.9306,0.996,0.9885,104.192,33,3584,0.8406,memory_ticket_checkpoint
controlled_weak_network_simulation,gmcp_r,0.05,0.03,100,500,128,3,0.9355,0.9306,0.996,0.9885,104.192,33,3584,0.8406,memory_ticket_checkpoint
controlled_weak_network_simulation,gmcp_r,0.05,0.03,100,500,512,1,0.9395,0.9306,0.996,0.9885,104.192,33,3584,0.8406,memory_ticket_checkpoint
controlled_weak_network_simulation,gmcp_r,0.05,0.03,100,500,512,2,0.9375,0.9306,0.996,0.9885,104.192,33,3584,0.8406,memory_ticket_checkpoint
controlled_weak_network_simulation,gmcp_r,0.05,0.03,100,500,512,3,0.9355,0.9306,0.996,0.9885,104.192,33,3584,0.8406,memory_ticket_checkpoint
controlled_weak_network_simulation,gmcp_r,0.05,0.03,100,1000,128,1,0.9395,0.9306,0.996,0.9885,104.39,66,6752,0.8406,memory_ticket_checkpoint
controlled_weak_network_simulation,gmcp_r,0.05,0.03,100,1000,128,2,0.9375,0.9306,0.996,0.9885,104.39,66,6752,0.8406,memory_ticket_checkpoint
controlled_weak_network_simulation,gmcp_r,0.05,0.03,100,1000,128,3,0.9355,0.9306,0.996,0.9885,104.39,66,6752,0.8406,memory_ticket_checkpoint
controlled_weak_network_simulation,gmcp_r,0.05,0.03,100,1000,512,1,0.9395,0.9306,0.996,0.9885,104.39,66,6752,0.8406,memory_ticket_checkpoint
controlled_weak_network_simulation,gmcp_r,0.05,0.03,100,1000,512,2,0.9375,0.9306,0.996,0.9885,104.39,66,6752,0.8406,memory_ticket_checkpoint
controlled_weak_network_simulation,gmcp_r,0.05,0.03,100,1000,512,3,0.9355,0.9306,0.996,0.9885,104.39,66,6752,0.8406,memory_ticket_checkpoint
controlled_weak_network_simulation,gmcp_r,0.05,0.03,200,100,128,1,0.9395,0.9086,0.996,0.9885,204.036,7,1088,0.8186,memory_ticket_checkpoint
controlled_weak_network_simulation,gmcp_r,0.05,0.03,200,100,128,2,0.9375,0.9086,0.996,0.9885,204.036,7,1088,0.8186,memory_ticket_checkpoint
controlled_weak_network_simulation,gmcp_r,0.05,0.03,200,100,128,3,0.9355,0.9086,0.996,0.9885,204.036,7,1088,0.8186,memory_ticket_checkpoint
controlled_weak_network_simulation,gmcp_r,0.05,0.03,200,100,512,1,0.9395,0.9086,0.996,0.9885,204.036,7,1088,0.8186,memory_ticket_checkpoint
controlled_weak_network_simulation,gmcp_r,0.05,0.03,200,100,512,2,0.9375,0.9086,0.996,0.9885,204.036,7,1088,0.8186,memory_ticket_checkpoint
controlled_weak_network_simulation,gmcp_r,0.05,0.03,200,100,512,3,0.9355,0.9086,0.996,0.9885,204.036,7,1088,0.8186,memory_ticket_checkpoint
controlled_weak_network_simulation,gmcp_r,0.05,0.03,200,500,128,1,0.9395,0.9086,0.996,0.9885,204.192,33,3584,0.8186,memory_ticket_checkpoint
controlled_weak_network_simulation,gmcp_r,0.05,0.03,200,500,128,2,0.9375,0.9086,0.996,0.9885,204.192,33,3584,0.8186,memory_ticket_checkpoint
controlled_weak_network_simulation,gmcp_r,0.05,0.03,200,500,128,3,0.9355,0.9086,0.996,0.9885,204.192,33,3584,0.8186,memory_ticket_checkpoint
controlled_weak_network_simulation,gmcp_r,0.05,0.03,200,500,512,1,0.9395,0.9086,0.996,0.9885,204.192,33,3584,0.8186,memory_ticket_checkpoint
controlled_weak_network_simulation,gmcp_r,0.05,0.03,200,500,512,2,0.9375,0.9086,0.996,0.9885,204.192,33,3584,0.8186,memory_ticket_checkpoint
controlled_weak_network_simulation,gmcp_r,0.05,0.03,200,500,512,3,0.9355,0.9086,0.996,0.9885,204.192,33,3584,0.8186,memory_ticket_checkpoint
controlled_weak_network_simulation,gmcp_r,0.05,0.03,200,1000,128,1,0.9395,0.9086,0.996,0.9885,204.39,66,6752,0.8186,memory_ticket_checkpoint
controlled_weak_network_simulation,gmcp_r,0.05,0.03,200,1000,128,2,0.9375,0.9086,0.996,0.9885,204.39,66,6752,0.8186,memory_ticket_checkpoint
controlled_weak_network_simulation,gmcp_r,0.05,0.03,200,1000,128,3,0.9355,0.9086,0.996,0.9885,204.39,66,6752,0.8186,memory_ticket_checkpoint
controlled_weak_network_simulation,gmcp_r,0.05,0.03,200,1000,512,1,0.9395,0.9086,0.996,0.9885,204.39,66,6752,0.8186,memory_ticket_checkpoint
controlled_weak_network_simulation,gmcp_r,0.05,0.03,200,1000,512,2,0.9375,0.9086,0.996,0.9885,204.39,66,6752,0.8186,memory_ticket_checkpoint
controlled_weak_network_simulation,gmcp_r,0.05,0.03,200,1000,512,3,0.9355,0.9086,0.996,0.9885,204.39,66,6752,0.8186,memory_ticket_checkpoint
controlled_weak_network_simulation,gmcp_r,0.1,0.0,0,100,128,1,0.9,0.935,0.992,0.99,4.06,11,1472,0.845,memory_ticket_checkpoint
controlled_weak_network_simulation,gmcp_r,0.1,0.0,0,100,128,2,0.898,0.935,0.992,0.99,4.06,11,1472,0.845,memory_ticket_checkpoint
controlled_weak_network_simulation,gmcp_r,0.1,0.0,0,100,128,3,0.896,0.935,0.992,0.99,4.06,11,1472,0.845,memory_ticket_checkpoint
controlled_weak_network_simulation,gmcp_r,0.1,0.0,0,100,512,1,0.9,0.935,0.992,0.99,4.06,11,1472,0.845,memory_ticket_checkpoint
controlled_weak_network_simulation,gmcp_r,0.1,0.0,0,100,512,2,0.898,0.935,0.992,0.99,4.06,11,1472,0.845,memory_ticket_checkpoint
controlled_weak_network_simulation,gmcp_r,0.1,0.0,0,100,512,3,0.896,0.935,0.992,0.99,4.06,11,1472,0.845,memory_ticket_checkpoint
controlled_weak_network_simulation,gmcp_r,0.1,0.0,0,500,128,1,0.9,0.935,0.992,0.99,4.3,51,5312,0.845,memory_ticket_checkpoint
controlled_weak_network_simulation,gmcp_r,0.1,0.0,0,500,128,2,0.898,0.935,0.992,0.99,4.3,51,5312,0.845,memory_ticket_checkpoint
controlled_weak_network_simulation,gmcp_r,0.1,0.0,0,500,128,3,0.896,0.935,0.992,0.99,4.3,51,5312,0.845,memory_ticket_checkpoint
controlled_weak_network_simulation,gmcp_r,0.1,0.0,0,500,512,1,0.9,0.935,0.992,0.99,4.3,51,5312,0.845,memory_ticket_checkpoint
controlled_weak_network_simulation,gmcp_r,0.1,0.0,0,500,512,2,0.898,0.935,0.992,0.99,4.3,51,5312,0.845,memory_ticket_checkpoint
controlled_weak_network_simulation,gmcp_r,0.1,0.0,0,500,512,3,0.896,0.935,0.992,0.99,4.3,51,5312,0.845,memory_ticket_checkpoint
controlled_weak_network_simulation,gmcp_r,0.1,0.0,0,1000,128,1,0.9,0.935,0.992,0.99,4.6,101,10112,0.845,memory_ticket_checkpoint
controlled_weak_network_simulation,gmcp_r,0.1,0.0,0,1000,128,2,0.898,0.935,0.992,0.99,4.6,101,10112,0.845,memory_ticket_checkpoint
controlled_weak_network_simulation,gmcp_r,0.1,0.0,0,1000,128,3,0.896,0.935,0.992,0.99,4.6,101,10112,0.845,memory_ticket_checkpoint
controlled_weak_network_simulation,gmcp_r,0.1,0.0,0,1000,512,1,0.9,0.935,0.992,0.99,4.6,101,10112,0.845,memory_ticket_checkpoint
controlled_weak_network_simulation,gmcp_r,0.1,0.0,0,1000,512,2,0.898,0.935,0.992,0.99,4.6,101,10112,0.845,memory_ticket_checkpoint
controlled_weak_network_simulation,gmcp_r,0.1,0.0,0,1000,512,3,0.896,0.935,0.992,0.99,4.6,101,10112,0.845,memory_ticket_checkpoint
controlled_weak_network_simulation,gmcp_r,0.1,0.0,50,100,128,1,0.9,0.924,0.992,0.99,54.06,11,1472,0.834,memory_ticket_checkpoint
controlled_weak_network_simulation,gmcp_r,0.1,0.0,50,100,128,2,0.898,0.924,0.992,0.99,54.06,11,1472,0.834,memory_ticket_checkpoint
controlled_weak_network_simulation,gmcp_r,0.1,0.0,50,100,128,3,0.896,0.924,0.992,0.99,54.06,11,1472,0.834,memory_ticket_checkpoint
controlled_weak_network_simulation,gmcp_r,0.1,0.0,50,100,512,1,0.9,0.924,0.992,0.99,54.06,11,1472,0.834,memory_ticket_checkpoint
controlled_weak_network_simulation,gmcp_r,0.1,0.0,50,100,512,2,0.898,0.924,0.992,0.99,54.06,11,1472,0.834,memory_ticket_checkpoint
controlled_weak_network_simulation,gmcp_r,0.1,0.0,50,100,512,3,0.896,0.924,0.992,0.99,54.06,11,1472,0.834,memory_ticket_checkpoint
controlled_weak_network_simulation,gmcp_r,0.1,0.0,50,500,128,1,0.9,0.924,0.992,0.99,54.3,51,5312,0.834,memory_ticket_checkpoint
controlled_weak_network_simulation,gmcp_r,0.1,0.0,50,500,128,2,0.898,0.924,0.992,0.99,54.3,51,5312,0.834,memory_ticket_checkpoint
controlled_weak_network_simulation,gmcp_r,0.1,0.0,50,500,128,3,0.896,0.924,0.992,0.99,54.3,51,5312,0.834,memory_ticket_checkpoint
controlled_weak_network_simulation,gmcp_r,0.1,0.0,50,500,512,1,0.9,0.924,0.992,0.99,54.3,51,5312,0.834,memory_ticket_checkpoint
controlled_weak_network_simulation,gmcp_r,0.1,0.0,50,500,512,2,0.898,0.924,0.992,0.99,54.3,51,5312,0.834,memory_ticket_checkpoint
controlled_weak_network_simulation,gmcp_r,0.1,0.0,50,500,512,3,0.896,0.924,0.992,0.99,54.3,51,5312,0.834,memory_ticket_checkpoint
controlled_weak_network_simulation,gmcp_r,0.1,0.0,50,1000,128,1,0.9,0.924,0.992,0.99,54.6,101,10112,0.834,memory_ticket_checkpoint
controlled_weak_network_simulation,gmcp_r,0.1,0.0,50,1000,128,2,0.898,0.924,0.992,0.99,54.6,101,10112,0.834,memory_ticket_checkpoint
controlled_weak_network_simulation,gmcp_r,0.1,0.0,50,1000,128,3,0.896,0.924,0.992,0.99,54.6,101,10112,0.834,memory_ticket_checkpoint
controlled_weak_network_simulation,gmcp_r,0.1,0.0,50,1000,512,1,0.9,0.924,0.992,0.99,54.6,101,10112,0.834,memory_ticket_checkpoint
controlled_weak_network_simulation,gmcp_r,0.1,0.0,50,1000,512,2,0.898,0.924,0.992,0.99,54.6,101,10112,0.834,memory_ticket_checkpoint
controlled_weak_network_simulation,gmcp_r,0.1,0.0,50,1000,512,3,0.896,0.924,0.992,0.99,54.6,101,10112,0.834,memory_ticket_checkpoint
controlled_weak_network_simulation,gmcp_r,0.1,0.0,100,100,128,1,0.9,0.913,0.992,0.99,104.06,11,1472,0.823,memory_ticket_checkpoint
controlled_weak_network_simulation,gmcp_r,0.1,0.0,100,100,128,2,0.898,0.913,0.992,0.99,104.06,11,1472,0.823,memory_ticket_checkpoint
controlled_weak_network_simulation,gmcp_r,0.1,0.0,100,100,128,3,0.896,0.913,0.992,0.99,104.06,11,1472,0.823,memory_ticket_checkpoint
controlled_weak_network_simulation,gmcp_r,0.1,0.0,100,100,512,1,0.9,0.913,0.992,0.99,104.06,11,1472,0.823,memory_ticket_checkpoint
controlled_weak_network_simulation,gmcp_r,0.1,0.0,100,100,512,2,0.898,0.913,0.992,0.99,104.06,11,1472,0.823,memory_ticket_checkpoint
controlled_weak_network_simulation,gmcp_r,0.1,0.0,100,100,512,3,0.896,0.913,0.992,0.99,104.06,11,1472,0.823,memory_ticket_checkpoint
controlled_weak_network_simulation,gmcp_r,0.1,0.0,100,500,128,1,0.9,0.913,0.992,0.99,104.3,51,5312,0.823,memory_ticket_checkpoint
controlled_weak_network_simulation,gmcp_r,0.1,0.0,100,500,128,2,0.898,0.913,0.992,0.99,104.3,51,5312,0.823,memory_ticket_checkpoint
controlled_weak_network_simulation,gmcp_r,0.1,0.0,100,500,128,3,0.896,0.913,0.992,0.99,104.3,51,5312,0.823,memory_ticket_checkpoint
controlled_weak_network_simulation,gmcp_r,0.1,0.0,100,500,512,1,0.9,0.913,0.992,0.99,104.3,51,5312,0.823,memory_ticket_checkpoint
controlled_weak_network_simulation,gmcp_r,0.1,0.0,100,500,512,2,0.898,0.913,0.992,0.99,104.3,51,5312,0.823,memory_ticket_checkpoint
controlled_weak_network_simulation,gmcp_r,0.1,0.0,100,500,512,3,0.896,0.913,0.992,0.99,104.3,51,5312,0.823,memory_ticket_checkpoint
controlled_weak_network_simulation,gmcp_r,0.1,0.0,100,1000,128,1,0.9,0.913,0.992,0.99,104.6,101,10112,0.823,memory_ticket_checkpoint
controlled_weak_network_simulation,gmcp_r,0.1,0.0,100,1000,128,2,0.898,0.913,0.992,0.99,104.6,101,10112,0.823,memory_ticket_checkpoint
controlled_weak_network_simulation,gmcp_r,0.1,0.0,100,1000,128,3,0.896,0.913,0.992,0.99,104.6,101,10112,0.823,memory_ticket_checkpoint
controlled_weak_network_simulation,gmcp_r,0.1,0.0,100,1000,512,1,0.9,0.913,0.992,0.99,104.6,101,10112,0.823,memory_ticket_checkpoint
controlled_weak_network_simulation,gmcp_r,0.1,0.0,100,1000,512,2,0.898,0.913,0.992,0.99,104.6,101,10112,0.823,memory_ticket_checkpoint
controlled_weak_network_simulation,gmcp_r,0.1,0.0,100,1000,512,3,0.896,0.913,0.992,0.99,104.6,101,10112,0.823,memory_ticket_checkpoint
controlled_weak_network_simulation,gmcp_r,0.1,0.0,200,100,128,1,0.9,0.891,0.992,0.99,204.06,11,1472,0.801,memory_ticket_checkpoint
controlled_weak_network_simulation,gmcp_r,0.1,0.0,200,100,128,2,0.898,0.891,0.992,0.99,204.06,11,1472,0.801,memory_ticket_checkpoint
controlled_weak_network_simulation,gmcp_r,0.1,0.0,200,100,128,3,0.896,0.891,0.992,0.99,204.06,11,1472,0.801,memory_ticket_checkpoint
controlled_weak_network_simulation,gmcp_r,0.1,0.0,200,100,512,1,0.9,0.891,0.992,0.99,204.06,11,1472,0.801,memory_ticket_checkpoint
controlled_weak_network_simulation,gmcp_r,0.1,0.0,200,100,512,2,0.898,0.891,0.992,0.99,204.06,11,1472,0.801,memory_ticket_checkpoint
controlled_weak_network_simulation,gmcp_r,0.1,0.0,200,100,512,3,0.896,0.891,0.992,0.99,204.06,11,1472,0.801,memory_ticket_checkpoint
controlled_weak_network_simulation,gmcp_r,0.1,0.0,200,500,128,1,0.9,0.891,0.992,0.99,204.3,51,5312,0.801,memory_ticket_checkpoint
controlled_weak_network_simulation,gmcp_r,0.1,0.0,200,500,128,2,0.898,0.891,0.992,0.99,204.3,51,5312,0.801,memory_ticket_checkpoint
controlled_weak_network_simulation,gmcp_r,0.1,0.0,200,500,128,3,0.896,0.891,0.992,0.99,204.3,51,5312,0.801,memory_ticket_checkpoint
controlled_weak_network_simulation,gmcp_r,0.1,0.0,200,500,512,1,0.9,0.891,0.992,0.99,204.3,51,5312,0.801,memory_ticket_checkpoint
controlled_weak_network_simulation,gmcp_r,0.1,0.0,200,500,512,2,0.898,0.891,0.992,0.99,204.3,51,5312,0.801,memory_ticket_checkpoint
controlled_weak_network_simulation,gmcp_r,0.1,0.0,200,500,512,3,0.896,0.891,0.992,0.99,204.3,51,5312,0.801,memory_ticket_checkpoint
controlled_weak_network_simulation,gmcp_r,0.1,0.0,200,1000,128,1,0.9,0.891,0.992,0.99,204.6,101,10112,0.801,memory_ticket_checkpoint
controlled_weak_network_simulation,gmcp_r,0.1,0.0,200,1000,128,2,0.898,0.891,0.992,0.99,204.6,101,10112,0.801,memory_ticket_checkpoint
controlled_weak_network_simulation,gmcp_r,0.1,0.0,200,1000,128,3,0.896,0.891,0.992,0.99,204.6,101,10112,0.801,memory_ticket_checkpoint
controlled_weak_network_simulation,gmcp_r,0.1,0.0,200,1000,512,1,0.9,0.891,0.992,0.99,204.6,101,10112,0.801,memory_ticket_checkpoint
controlled_weak_network_simulation,gmcp_r,0.1,0.0,200,1000,512,2,0.898,0.891,0.992,0.99,204.6,101,10112,0.801,memory_ticket_checkpoint
controlled_weak_network_simulation,gmcp_r,0.1,0.0,200,1000,512,3,0.896,0.891,0.992,0.99,204.6,101,10112,0.801,memory_ticket_checkpoint
controlled_weak_network_simulation,gmcp_r,0.1,0.01,0,100,128,1,0.8965,0.9317,0.992,0.9895,4.06,11,1472,0.8417,memory_ticket_checkpoint
controlled_weak_network_simulation,gmcp_r,0.1,0.01,0,100,128,2,0.8945,0.9317,0.992,0.9895,4.06,11,1472,0.8417,memory_ticket_checkpoint
controlled_weak_network_simulation,gmcp_r,0.1,0.01,0,100,128,3,0.8925,0.9317,0.992,0.9895,4.06,11,1472,0.8417,memory_ticket_checkpoint
controlled_weak_network_simulation,gmcp_r,0.1,0.01,0,100,512,1,0.8965,0.9317,0.992,0.9895,4.06,11,1472,0.8417,memory_ticket_checkpoint
controlled_weak_network_simulation,gmcp_r,0.1,0.01,0,100,512,2,0.8945,0.9317,0.992,0.9895,4.06,11,1472,0.8417,memory_ticket_checkpoint
controlled_weak_network_simulation,gmcp_r,0.1,0.01,0,100,512,3,0.8925,0.9317,0.992,0.9895,4.06,11,1472,0.8417,memory_ticket_checkpoint
controlled_weak_network_simulation,gmcp_r,0.1,0.01,0,500,128,1,0.8965,0.9317,0.992,0.9895,4.312,53,5504,0.8417,memory_ticket_checkpoint
controlled_weak_network_simulation,gmcp_r,0.1,0.01,0,500,128,2,0.8945,0.9317,0.992,0.9895,4.312,53,5504,0.8417,memory_ticket_checkpoint
controlled_weak_network_simulation,gmcp_r,0.1,0.01,0,500,128,3,0.8925,0.9317,0.992,0.9895,4.312,53,5504,0.8417,memory_ticket_checkpoint
controlled_weak_network_simulation,gmcp_r,0.1,0.01,0,500,512,1,0.8965,0.9317,0.992,0.9895,4.312,53,5504,0.8417,memory_ticket_checkpoint
controlled_weak_network_simulation,gmcp_r,0.1,0.01,0,500,512,2,0.8945,0.9317,0.992,0.9895,4.312,53,5504,0.8417,memory_ticket_checkpoint
controlled_weak_network_simulation,gmcp_r,0.1,0.01,0,500,512,3,0.8925,0.9317,0.992,0.9895,4.312,53,5504,0.8417,memory_ticket_checkpoint
controlled_weak_network_simulation,gmcp_r,0.1,0.01,0,1000,128,1,0.8965,0.9317,0.992,0.9895,4.6,101,10112,0.8417,memory_ticket_checkpoint
controlled_weak_network_simulation,gmcp_r,0.1,0.01,0,1000,128,2,0.8945,0.9317,0.992,0.9895,4.6,101,10112,0.8417,memory_ticket_checkpoint
controlled_weak_network_simulation,gmcp_r,0.1,0.01,0,1000,128,3,0.8925,0.9317,0.992,0.9895,4.6,101,10112,0.8417,memory_ticket_checkpoint
controlled_weak_network_simulation,gmcp_r,0.1,0.01,0,1000,512,1,0.8965,0.9317,0.992,0.9895,4.6,101,10112,0.8417,memory_ticket_checkpoint
controlled_weak_network_simulation,gmcp_r,0.1,0.01,0,1000,512,2,0.8945,0.9317,0.992,0.9895,4.6,101,10112,0.8417,memory_ticket_checkpoint
controlled_weak_network_simulation,gmcp_r,0.1,0.01,0,1000,512,3,0.8925,0.9317,0.992,0.9895,4.6,101,10112,0.8417,memory_ticket_checkpoint
controlled_weak_network_simulation,gmcp_r,0.1,0.01,50,100,128,1,0.8965,0.9207,0.992,0.9895,54.06,11,1472,0.8307,memory_ticket_checkpoint
controlled_weak_network_simulation,gmcp_r,0.1,0.01,50,100,128,2,0.8945,0.9207,0.992,0.9895,54.06,11,1472,0.8307,memory_ticket_checkpoint
controlled_weak_network_simulation,gmcp_r,0.1,0.01,50,100,128,3,0.8925,0.9207,0.992,0.9895,54.06,11,1472,0.8307,memory_ticket_checkpoint
controlled_weak_network_simulation,gmcp_r,0.1,0.01,50,100,512,1,0.8965,0.9207,0.992,0.9895,54.06,11,1472,0.8307,memory_ticket_checkpoint
controlled_weak_network_simulation,gmcp_r,0.1,0.01,50,100,512,2,0.8945,0.9207,0.992,0.9895,54.06,11,1472,0.8307,memory_ticket_checkpoint
controlled_weak_network_simulation,gmcp_r,0.1,0.01,50,100,512,3,0.8925,0.9207,0.992,0.9895,54.06,11,1472,0.8307,memory_ticket_checkpoint
controlled_weak_network_simulation,gmcp_r,0.1,0.01,50,500,128,1,0.8965,0.9207,0.992,0.9895,54.312,53,5504,0.8307,memory_ticket_checkpoint
controlled_weak_network_simulation,gmcp_r,0.1,0.01,50,500,128,2,0.8945,0.9207,0.992,0.9895,54.312,53,5504,0.8307,memory_ticket_checkpoint
controlled_weak_network_simulation,gmcp_r,0.1,0.01,50,500,128,3,0.8925,0.9207,0.992,0.9895,54.312,53,5504,0.8307,memory_ticket_checkpoint
controlled_weak_network_simulation,gmcp_r,0.1,0.01,50,500,512,1,0.8965,0.9207,0.992,0.9895,54.312,53,5504,0.8307,memory_ticket_checkpoint
controlled_weak_network_simulation,gmcp_r,0.1,0.01,50,500,512,2,0.8945,0.9207,0.992,0.9895,54.312,53,5504,0.8307,memory_ticket_checkpoint
controlled_weak_network_simulation,gmcp_r,0.1,0.01,50,500,512,3,0.8925,0.9207,0.992,0.9895,54.312,53,5504,0.8307,memory_ticket_checkpoint
controlled_weak_network_simulation,gmcp_r,0.1,0.01,50,1000,128,1,0.8965,0.9207,0.992,0.9895,54.6,101,10112,0.8307,memory_ticket_checkpoint
controlled_weak_network_simulation,gmcp_r,0.1,0.01,50,1000,128,2,0.8945,0.9207,0.992,0.9895,54.6,101,10112,0.8307,memory_ticket_checkpoint
controlled_weak_network_simulation,gmcp_r,0.1,0.01,50,1000,128,3,0.8925,0.9207,0.992,0.9895,54.6,101,10112,0.8307,memory_ticket_checkpoint
controlled_weak_network_simulation,gmcp_r,0.1,0.01,50,1000,512,1,0.8965,0.9207,0.992,0.9895,54.6,101,10112,0.8307,memory_ticket_checkpoint
controlled_weak_network_simulation,gmcp_r,0.1,0.01,50,1000,512,2,0.8945,0.9207,0.992,0.9895,54.6,101,10112,0.8307,memory_ticket_checkpoint
controlled_weak_network_simulation,gmcp_r,0.1,0.01,50,1000,512,3,0.8925,0.9207,0.992,0.9895,54.6,101,10112,0.8307,memory_ticket_checkpoint
controlled_weak_network_simulation,gmcp_r,0.1,0.01,100,100,128,1,0.8965,0.9097,0.992,0.9895,104.06,11,1472,0.8197,memory_ticket_checkpoint
controlled_weak_network_simulation,gmcp_r,0.1,0.01,100,100,128,2,0.8945,0.9097,0.992,0.9895,104.06,11,1472,0.8197,memory_ticket_checkpoint
controlled_weak_network_simulation,gmcp_r,0.1,0.01,100,100,128,3,0.8925,0.9097,0.992,0.9895,104.06,11,1472,0.8197,memory_ticket_checkpoint
controlled_weak_network_simulation,gmcp_r,0.1,0.01,100,100,512,1,0.8965,0.9097,0.992,0.9895,104.06,11,1472,0.8197,memory_ticket_checkpoint
controlled_weak_network_simulation,gmcp_r,0.1,0.01,100,100,512,2,0.8945,0.9097,0.992,0.9895,104.06,11,1472,0.8197,memory_ticket_checkpoint
controlled_weak_network_simulation,gmcp_r,0.1,0.01,100,100,512,3,0.8925,0.9097,0.992,0.9895,104.06,11,1472,0.8197,memory_ticket_checkpoint
controlled_weak_network_simulation,gmcp_r,0.1,0.01,100,500,128,1,0.8965,0.9097,0.992,0.9895,104.312,53,5504,0.8197,memory_ticket_checkpoint
controlled_weak_network_simulation,gmcp_r,0.1,0.01,100,500,128,2,0.8945,0.9097,0.992,0.9895,104.312,53,5504,0.8197,memory_ticket_checkpoint
controlled_weak_network_simulation,gmcp_r,0.1,0.01,100,500,128,3,0.8925,0.9097,0.992,0.9895,104.312,53,5504,0.8197,memory_ticket_checkpoint
controlled_weak_network_simulation,gmcp_r,0.1,0.01,100,500,512,1,0.8965,0.9097,0.992,0.9895,104.312,53,5504,0.8197,memory_ticket_checkpoint
controlled_weak_network_simulation,gmcp_r,0.1,0.01,100,500,512,2,0.8945,0.9097,0.992,0.9895,104.312,53,5504,0.8197,memory_ticket_checkpoint
controlled_weak_network_simulation,gmcp_r,0.1,0.01,100,500,512,3,0.8925,0.9097,0.992,0.9895,104.312,53,5504,0.8197,memory_ticket_checkpoint
controlled_weak_network_simulation,gmcp_r,0.1,0.01,100,1000,128,1,0.8965,0.9097,0.992,0.9895,104.6,101,10112,0.8197,memory_ticket_checkpoint
controlled_weak_network_simulation,gmcp_r,0.1,0.01,100,1000,128,2,0.8945,0.9097,0.992,0.9895,104.6,101,10112,0.8197,memory_ticket_checkpoint
controlled_weak_network_simulation,gmcp_r,0.1,0.01,100,1000,128,3,0.8925,0.9097,0.992,0.9895,104.6,101,10112,0.8197,memory_ticket_checkpoint
controlled_weak_network_simulation,gmcp_r,0.1,0.01,100,1000,512,1,0.8965,0.9097,0.992,0.9895,104.6,101,10112,0.8197,memory_ticket_checkpoint
controlled_weak_network_simulation,gmcp_r,0.1,0.01,100,1000,512,2,0.8945,0.9097,0.992,0.9895,104.6,101,10112,0.8197,memory_ticket_checkpoint
controlled_weak_network_simulation,gmcp_r,0.1,0.01,100,1000,512,3,0.8925,0.9097,0.992,0.9895,104.6,101,10112,0.8197,memory_ticket_checkpoint
controlled_weak_network_simulation,gmcp_r,0.1,0.01,200,100,128,1,0.8965,0.8877,0.992,0.9895,204.06,11,1472,0.7977,memory_ticket_checkpoint
controlled_weak_network_simulation,gmcp_r,0.1,0.01,200,100,128,2,0.8945,0.8877,0.992,0.9895,204.06,11,1472,0.7977,memory_ticket_checkpoint
controlled_weak_network_simulation,gmcp_r,0.1,0.01,200,100,128,3,0.8925,0.8877,0.992,0.9895,204.06,11,1472,0.7977,memory_ticket_checkpoint
controlled_weak_network_simulation,gmcp_r,0.1,0.01,200,100,512,1,0.8965,0.8877,0.992,0.9895,204.06,11,1472,0.7977,memory_ticket_checkpoint
controlled_weak_network_simulation,gmcp_r,0.1,0.01,200,100,512,2,0.8945,0.8877,0.992,0.9895,204.06,11,1472,0.7977,memory_ticket_checkpoint
controlled_weak_network_simulation,gmcp_r,0.1,0.01,200,100,512,3,0.8925,0.8877,0.992,0.9895,204.06,11,1472,0.7977,memory_ticket_checkpoint
controlled_weak_network_simulation,gmcp_r,0.1,0.01,200,500,128,1,0.8965,0.8877,0.992,0.9895,204.312,53,5504,0.7977,memory_ticket_checkpoint
controlled_weak_network_simulation,gmcp_r,0.1,0.01,200,500,128,2,0.8945,0.8877,0.992,0.9895,204.312,53,5504,0.7977,memory_ticket_checkpoint
controlled_weak_network_simulation,gmcp_r,0.1,0.01,200,500,128,3,0.8925,0.8877,0.992,0.9895,204.312,53,5504,0.7977,memory_ticket_checkpoint
controlled_weak_network_simulation,gmcp_r,0.1,0.01,200,500,512,1,0.8965,0.8877,0.992,0.9895,204.312,53,5504,0.7977,memory_ticket_checkpoint
controlled_weak_network_simulation,gmcp_r,0.1,0.01,200,500,512,2,0.8945,0.8877,0.992,0.9895,204.312,53,5504,0.7977,memory_ticket_checkpoint
controlled_weak_network_simulation,gmcp_r,0.1,0.01,200,500,512,3,0.8925,0.8877,0.992,0.9895,204.312,53,5504,0.7977,memory_ticket_checkpoint
controlled_weak_network_simulation,gmcp_r,0.1,0.01,200,1000,128,1,0.8965,0.8877,0.992,0.9895,204.6,101,10112,0.7977,memory_ticket_checkpoint
controlled_weak_network_simulation,gmcp_r,0.1,0.01,200,1000,128,2,0.8945,0.8877,0.992,0.9895,204.6,101,10112,0.7977,memory_ticket_checkpoint
controlled_weak_network_simulation,gmcp_r,0.1,0.01,200,1000,128,3,0.8925,0.8877,0.992,0.9895,204.6,101,10112,0.7977,memory_ticket_checkpoint
controlled_weak_network_simulation,gmcp_r,0.1,0.01,200,1000,512,1,0.8965,0.8877,0.992,0.9895,204.6,101,10112,0.7977,memory_ticket_checkpoint
controlled_weak_network_simulation,gmcp_r,0.1,0.01,200,1000,512,2,0.8945,0.8877,0.992,0.9895,204.6,101,10112,0.7977,memory_ticket_checkpoint
controlled_weak_network_simulation,gmcp_r,0.1,0.01,200,1000,512,3,0.8925,0.8877,0.992,0.9895,204.6,101,10112,0.7977,memory_ticket_checkpoint
controlled_weak_network_simulation,gmcp_r,0.1,0.03,0,100,128,1,0.8895,0.9251,0.992,0.9885,4.066,12,1568,0.8351,memory_ticket_checkpoint
controlled_weak_network_simulation,gmcp_r,0.1,0.03,0,100,128,2,0.8875,0.9251,0.992,0.9885,4.066,12,1568,0.8351,memory_ticket_checkpoint
controlled_weak_network_simulation,gmcp_r,0.1,0.03,0,100,128,3,0.8855,0.9251,0.992,0.9885,4.066,12,1568,0.8351,memory_ticket_checkpoint
controlled_weak_network_simulation,gmcp_r,0.1,0.03,0,100,512,1,0.8895,0.9251,0.992,0.9885,4.066,12,1568,0.8351,memory_ticket_checkpoint
controlled_weak_network_simulation,gmcp_r,0.1,0.03,0,100,512,2,0.8875,0.9251,0.992,0.9885,4.066,12,1568,0.8351,memory_ticket_checkpoint
controlled_weak_network_simulation,gmcp_r,0.1,0.03,0,100,512,3,0.8855,0.9251,0.992,0.9885,4.066,12,1568,0.8351,memory_ticket_checkpoint
controlled_weak_network_simulation,gmcp_r,0.1,0.03,0,500,128,1,0.8895,0.9251,0.992,0.9885,4.342,58,5984,0.8351,memory_ticket_checkpoint
controlled_weak_network_simulation,gmcp_r,0.1,0.03,0,500,128,2,0.8875,0.9251,0.992,0.9885,4.342,58,5984,0.8351,memory_ticket_checkpoint
controlled_weak_network_simulation,gmcp_r,0.1,0.03,0,500,128,3,0.8855,0.9251,0.992,0.9885,4.342,58,5984,0.8351,memory_ticket_checkpoint
controlled_weak_network_simulation,gmcp_r,0.1,0.03,0,500,512,1,0.8895,0.9251,0.992,0.9885,4.342,58,5984,0.8351,memory_ticket_checkpoint
controlled_weak_network_simulation,gmcp_r,0.1,0.03,0,500,512,2,0.8875,0.9251,0.992,0.9885,4.342,58,5984,0.8351,memory_ticket_checkpoint
controlled_weak_network_simulation,gmcp_r,0.1,0.03,0,500,512,3,0.8855,0.9251,0.992,0.9885,4.342,58,5984,0.8351,memory_ticket_checkpoint
controlled_weak_network_simulation,gmcp_r,0.1,0.03,0,1000,128,1,0.8895,0.9251,0.992,0.9885,4.6,101,10112,0.8351,memory_ticket_checkpoint
controlled_weak_network_simulation,gmcp_r,0.1,0.03,0,1000,128,2,0.8875,0.9251,0.992,0.9885,4.6,101,10112,0.8351,memory_ticket_checkpoint
controlled_weak_network_simulation,gmcp_r,0.1,0.03,0,1000,128,3,0.8855,0.9251,0.992,0.9885,4.6,101,10112,0.8351,memory_ticket_checkpoint
controlled_weak_network_simulation,gmcp_r,0.1,0.03,0,1000,512,1,0.8895,0.9251,0.992,0.9885,4.6,101,10112,0.8351,memory_ticket_checkpoint
controlled_weak_network_simulation,gmcp_r,0.1,0.03,0,1000,512,2,0.8875,0.9251,0.992,0.9885,4.6,101,10112,0.8351,memory_ticket_checkpoint
controlled_weak_network_simulation,gmcp_r,0.1,0.03,0,1000,512,3,0.8855,0.9251,0.992,0.9885,4.6,101,10112,0.8351,memory_ticket_checkpoint
controlled_weak_network_simulation,gmcp_r,0.1,0.03,50,100,128,1,0.8895,0.9141,0.992,0.9885,54.066,12,1568,0.8241,memory_ticket_checkpoint
controlled_weak_network_simulation,gmcp_r,0.1,0.03,50,100,128,2,0.8875,0.9141,0.992,0.9885,54.066,12,1568,0.8241,memory_ticket_checkpoint
controlled_weak_network_simulation,gmcp_r,0.1,0.03,50,100,128,3,0.8855,0.9141,0.992,0.9885,54.066,12,1568,0.8241,memory_ticket_checkpoint
controlled_weak_network_simulation,gmcp_r,0.1,0.03,50,100,512,1,0.8895,0.9141,0.992,0.9885,54.066,12,1568,0.8241,memory_ticket_checkpoint
controlled_weak_network_simulation,gmcp_r,0.1,0.03,50,100,512,2,0.8875,0.9141,0.992,0.9885,54.066,12,1568,0.8241,memory_ticket_checkpoint
controlled_weak_network_simulation,gmcp_r,0.1,0.03,50,100,512,3,0.8855,0.9141,0.992,0.9885,54.066,12,1568,0.8241,memory_ticket_checkpoint
controlled_weak_network_simulation,gmcp_r,0.1,0.03,50,500,128,1,0.8895,0.9141,0.992,0.9885,54.342,58,5984,0.8241,memory_ticket_checkpoint
controlled_weak_network_simulation,gmcp_r,0.1,0.03,50,500,128,2,0.8875,0.9141,0.992,0.9885,54.342,58,5984,0.8241,memory_ticket_checkpoint
controlled_weak_network_simulation,gmcp_r,0.1,0.03,50,500,128,3,0.8855,0.9141,0.992,0.9885,54.342,58,5984,0.8241,memory_ticket_checkpoint
controlled_weak_network_simulation,gmcp_r,0.1,0.03,50,500,512,1,0.8895,0.9141,0.992,0.9885,54.342,58,5984,0.8241,memory_ticket_checkpoint
controlled_weak_network_simulation,gmcp_r,0.1,0.03,50,500,512,2,0.8875,0.9141,0.992,0.9885,54.342,58,5984,0.8241,memory_ticket_checkpoint
controlled_weak_network_simulation,gmcp_r,0.1,0.03,50,500,512,3,0.8855,0.9141,0.992,0.9885,54.342,58,5984,0.8241,memory_ticket_checkpoint
controlled_weak_network_simulation,gmcp_r,0.1,0.03,50,1000,128,1,0.8895,0.9141,0.992,0.9885,54.6,101,10112,0.8241,memory_ticket_checkpoint
controlled_weak_network_simulation,gmcp_r,0.1,0.03,50,1000,128,2,0.8875,0.9141,0.992,0.9885,54.6,101,10112,0.8241,memory_ticket_checkpoint
controlled_weak_network_simulation,gmcp_r,0.1,0.03,50,1000,128,3,0.8855,0.9141,0.992,0.9885,54.6,101,10112,0.8241,memory_ticket_checkpoint
controlled_weak_network_simulation,gmcp_r,0.1,0.03,50,1000,512,1,0.8895,0.9141,0.992,0.9885,54.6,101,10112,0.8241,memory_ticket_checkpoint
controlled_weak_network_simulation,gmcp_r,0.1,0.03,50,1000,512,2,0.8875,0.9141,0.992,0.9885,54.6,101,10112,0.8241,memory_ticket_checkpoint
controlled_weak_network_simulation,gmcp_r,0.1,0.03,50,1000,512,3,0.8855,0.9141,0.992,0.9885,54.6,101,10112,0.8241,memory_ticket_checkpoint
controlled_weak_network_simulation,gmcp_r,0.1,0.03,100,100,128,1,0.8895,0.9031,0.992,0.9885,104.066,12,1568,0.8131,memory_ticket_checkpoint
controlled_weak_network_simulation,gmcp_r,0.1,0.03,100,100,128,2,0.8875,0.9031,0.992,0.9885,104.066,12,1568,0.8131,memory_ticket_checkpoint
controlled_weak_network_simulation,gmcp_r,0.1,0.03,100,100,128,3,0.8855,0.9031,0.992,0.9885,104.066,12,1568,0.8131,memory_ticket_checkpoint
controlled_weak_network_simulation,gmcp_r,0.1,0.03,100,100,512,1,0.8895,0.9031,0.992,0.9885,104.066,12,1568,0.8131,memory_ticket_checkpoint
controlled_weak_network_simulation,gmcp_r,0.1,0.03,100,100,512,2,0.8875,0.9031,0.992,0.9885,104.066,12,1568,0.8131,memory_ticket_checkpoint
controlled_weak_network_simulation,gmcp_r,0.1,0.03,100,100,512,3,0.8855,0.9031,0.992,0.9885,104.066,12,1568,0.8131,memory_ticket_checkpoint
controlled_weak_network_simulation,gmcp_r,0.1,0.03,100,500,128,1,0.8895,0.9031,0.992,0.9885,104.342,58,5984,0.8131,memory_ticket_checkpoint
controlled_weak_network_simulation,gmcp_r,0.1,0.03,100,500,128,2,0.8875,0.9031,0.992,0.9885,104.342,58,5984,0.8131,memory_ticket_checkpoint
controlled_weak_network_simulation,gmcp_r,0.1,0.03,100,500,128,3,0.8855,0.9031,0.992,0.9885,104.342,58,5984,0.8131,memory_ticket_checkpoint
controlled_weak_network_simulation,gmcp_r,0.1,0.03,100,500,512,1,0.8895,0.9031,0.992,0.9885,104.342,58,5984,0.8131,memory_ticket_checkpoint
controlled_weak_network_simulation,gmcp_r,0.1,0.03,100,500,512,2,0.8875,0.9031,0.992,0.9885,104.342,58,5984,0.8131,memory_ticket_checkpoint
controlled_weak_network_simulation,gmcp_r,0.1,0.03,100,500,512,3,0.8855,0.9031,0.992,0.9885,104.342,58,5984,0.8131,memory_ticket_checkpoint
controlled_weak_network_simulation,gmcp_r,0.1,0.03,100,1000,128,1,0.8895,0.9031,0.992,0.9885,104.6,101,10112,0.8131,memory_ticket_checkpoint
controlled_weak_network_simulation,gmcp_r,0.1,0.03,100,1000,128,2,0.8875,0.9031,0.992,0.9885,104.6,101,10112,0.8131,memory_ticket_checkpoint
controlled_weak_network_simulation,gmcp_r,0.1,0.03,100,1000,128,3,0.8855,0.9031,0.992,0.9885,104.6,101,10112,0.8131,memory_ticket_checkpoint
controlled_weak_network_simulation,gmcp_r,0.1,0.03,100,1000,512,1,0.8895,0.9031,0.992,0.9885,104.6,101,10112,0.8131,memory_ticket_checkpoint
controlled_weak_network_simulation,gmcp_r,0.1,0.03,100,1000,512,2,0.8875,0.9031,0.992,0.9885,104.6,101,10112,0.8131,memory_ticket_checkpoint
controlled_weak_network_simulation,gmcp_r,0.1,0.03,100,1000,512,3,0.8855,0.9031,0.992,0.9885,104.6,101,10112,0.8131,memory_ticket_checkpoint
controlled_weak_network_simulation,gmcp_r,0.1,0.03,200,100,128,1,0.8895,0.8811,0.992,0.9885,204.066,12,1568,0.7911,memory_ticket_checkpoint
controlled_weak_network_simulation,gmcp_r,0.1,0.03,200,100,128,2,0.8875,0.8811,0.992,0.9885,204.066,12,1568,0.7911,memory_ticket_checkpoint
controlled_weak_network_simulation,gmcp_r,0.1,0.03,200,100,128,3,0.8855,0.8811,0.992,0.9885,204.066,12,1568,0.7911,memory_ticket_checkpoint
controlled_weak_network_simulation,gmcp_r,0.1,0.03,200,100,512,1,0.8895,0.8811,0.992,0.9885,204.066,12,1568,0.7911,memory_ticket_checkpoint
controlled_weak_network_simulation,gmcp_r,0.1,0.03,200,100,512,2,0.8875,0.8811,0.992,0.9885,204.066,12,1568,0.7911,memory_ticket_checkpoint
controlled_weak_network_simulation,gmcp_r,0.1,0.03,200,100,512,3,0.8855,0.8811,0.992,0.9885,204.066,12,1568,0.7911,memory_ticket_checkpoint
controlled_weak_network_simulation,gmcp_r,0.1,0.03,200,500,128,1,0.8895,0.8811,0.992,0.9885,204.342,58,5984,0.7911,memory_ticket_checkpoint
controlled_weak_network_simulation,gmcp_r,0.1,0.03,200,500,128,2,0.8875,0.8811,0.992,0.9885,204.342,58,5984,0.7911,memory_ticket_checkpoint
controlled_weak_network_simulation,gmcp_r,0.1,0.03,200,500,128,3,0.8855,0.8811,0.992,0.9885,204.342,58,5984,0.7911,memory_ticket_checkpoint
controlled_weak_network_simulation,gmcp_r,0.1,0.03,200,500,512,1,0.8895,0.8811,0.992,0.9885,204.342,58,5984,0.7911,memory_ticket_checkpoint
controlled_weak_network_simulation,gmcp_r,0.1,0.03,200,500,512,2,0.8875,0.8811,0.992,0.9885,204.342,58,5984,0.7911,memory_ticket_checkpoint
controlled_weak_network_simulation,gmcp_r,0.1,0.03,200,500,512,3,0.8855,0.8811,0.992,0.9885,204.342,58,5984,0.7911,memory_ticket_checkpoint
controlled_weak_network_simulation,gmcp_r,0.1,0.03,200,1000,128,1,0.8895,0.8811,0.992,0.9885,204.6,101,10112,0.7911,memory_ticket_checkpoint
controlled_weak_network_simulation,gmcp_r,0.1,0.03,200,1000,128,2,0.8875,0.8811,0.992,0.9885,204.6,101,10112,0.7911,memory_ticket_checkpoint
controlled_weak_network_simulation,gmcp_r,0.1,0.03,200,1000,128,3,0.8855,0.8811,0.992,0.9885,204.6,101,10112,0.7911,memory_ticket_checkpoint
controlled_weak_network_simulation,gmcp_r,0.1,0.03,200,1000,512,1,0.8895,0.8811,0.992,0.9885,204.6,101,10112,0.7911,memory_ticket_checkpoint
controlled_weak_network_simulation,gmcp_r,0.1,0.03,200,1000,512,2,0.8875,0.8811,0.992,0.9885,204.6,101,10112,0.7911,memory_ticket_checkpoint
controlled_weak_network_simulation,gmcp_r,0.1,0.03,200,1000,512,3,0.8855,0.8811,0.992,0.9885,204.6,101,10112,0.7911,memory_ticket_checkpoint
