protocol,attack_type,message_count,payload_size,checkpoint_interval,repeat_id,memory_supported,memory_recovered,memory_match,attack_detected,normal_recovery_success,secure_memory_recovery_success,fast_secure_memory_recovery_success,recovery_latency_ms,recovery_extra_messages,recovery_extra_bytes,replay_count,recovery_mode,throughput_score,detection_reason,recovery_reason
seq_mac,drop,100,128,50,1,False,False,False,True,True,False,False,1.55,1,128,0,seq_resync,1.0,drop detected by seq_mac model,sequence state resynchronized without memory recovery
seq_mac,drop,100,128,50,2,False,False,False,True,True,False,False,1.6,1,128,0,seq_resync,1.0,drop detected by seq_mac model,sequence state resynchronized without memory recovery
seq_mac,drop,100,128,50,3,False,False,False,True,True,False,False,1.65,1,128,0,seq_resync,1.0,drop detected by seq_mac model,sequence state resynchronized without memory recovery
seq_mac,drop,100,128,100,1,False,False,False,True,True,False,False,1.55,1,128,0,seq_resync,1.0,drop detected by seq_mac model,sequence state resynchronized without memory recovery
seq_mac,drop,100,128,100,2,False,False,False,True,True,False,False,1.6,1,128,0,seq_resync,1.0,drop detected by seq_mac model,sequence state resynchronized without memory recovery
seq_mac,drop,100,128,100,3,False,False,False,True,True,False,False,1.65,1,128,0,seq_resync,1.0,drop detected by seq_mac model,sequence state resynchronized without memory recovery
seq_mac,drop,100,128,500,1,False,False,False,True,True,False,False,1.55,1,128,0,seq_resync,1.0,drop detected by seq_mac model,sequence state resynchronized without memory recovery
seq_mac,drop,100,128,500,2,False,False,False,True,True,False,False,1.6,1,128,0,seq_resync,1.0,drop detected by seq_mac model,sequence state resynchronized without memory recovery
seq_mac,drop,100,128,500,3,False,False,False,True,True,False,False,1.65,1,128,0,seq_resync,1.0,drop detected by seq_mac model,sequence state resynchronized without memory recovery
seq_mac,drop,100,512,50,1,False,False,False,True,True,False,False,1.55,1,128,0,seq_resync,1.0,drop detected by seq_mac model,sequence state resynchronized without memory recovery
seq_mac,drop,100,512,50,2,False,False,False,True,True,False,False,1.6,1,128,0,seq_resync,1.0,drop detected by seq_mac model,sequence state resynchronized without memory recovery
seq_mac,drop,100,512,50,3,False,False,False,True,True,False,False,1.65,1,128,0,seq_resync,1.0,drop detected by seq_mac model,sequence state resynchronized without memory recovery
seq_mac,drop,100,512,100,1,False,False,False,True,True,False,False,1.55,1,128,0,seq_resync,1.0,drop detected by seq_mac model,sequence state resynchronized without memory recovery
seq_mac,drop,100,512,100,2,False,False,False,True,True,False,False,1.6,1,128,0,seq_resync,1.0,drop detected by seq_mac model,sequence state resynchronized without memory recovery
seq_mac,drop,100,512,100,3,False,False,False,True,True,False,False,1.65,1,128,0,seq_resync,1.0,drop detected by seq_mac model,sequence state resynchronized without memory recovery
seq_mac,drop,100,512,500,1,False,False,False,True,True,False,False,1.55,1,128,0,seq_resync,1.0,drop detected by seq_mac model,sequence state resynchronized without memory recovery
seq_mac,drop,100,512,500,2,False,False,False,True,True,False,False,1.6,1,128,0,seq_resync,1.0,drop detected by seq_mac model,sequence state resynchronized without memory recovery
seq_mac,drop,100,512,500,3,False,False,False,True,True,False,False,1.65,1,128,0,seq_resync,1.0,drop detected by seq_mac model,sequence state resynchronized without memory recovery
seq_mac,drop,500,128,50,1,False,False,False,True,True,False,False,1.55,1,128,0,seq_resync,1.0,drop detected by seq_mac model,sequence state resynchronized without memory recovery
seq_mac,drop,500,128,50,2,False,False,False,True,True,False,False,1.6,1,128,0,seq_resync,1.0,drop detected by seq_mac model,sequence state resynchronized without memory recovery
seq_mac,drop,500,128,50,3,False,False,False,True,True,False,False,1.65,1,128,0,seq_resync,1.0,drop detected by seq_mac model,sequence state resynchronized without memory recovery
seq_mac,drop,500,128,100,1,False,False,False,True,True,False,False,1.55,1,128,0,seq_resync,1.0,drop detected by seq_mac model,sequence state resynchronized without memory recovery
seq_mac,drop,500,128,100,2,False,False,False,True,True,False,False,1.6,1,128,0,seq_resync,1.0,drop detected by seq_mac model,sequence state resynchronized without memory recovery
seq_mac,drop,500,128,100,3,False,False,False,True,True,False,False,1.65,1,128,0,seq_resync,1.0,drop detected by seq_mac model,sequence state resynchronized without memory recovery
seq_mac,drop,500,128,500,1,False,False,False,True,True,False,False,1.55,1,128,0,seq_resync,1.0,drop detected by seq_mac model,sequence state resynchronized without memory recovery
seq_mac,drop,500,128,500,2,False,False,False,True,True,False,False,1.6,1,128,0,seq_resync,1.0,drop detected by seq_mac model,sequence state resynchronized without memory recovery
seq_mac,drop,500,128,500,3,False,False,False,True,True,False,False,1.65,1,128,0,seq_resync,1.0,drop detected by seq_mac model,sequence state resynchronized without memory recovery
seq_mac,drop,500,512,50,1,False,False,False,True,True,False,False,1.55,1,128,0,seq_resync,1.0,drop detected by seq_mac model,sequence state resynchronized without memory recovery
seq_mac,drop,500,512,50,2,False,False,False,True,True,False,False,1.6,1,128,0,seq_resync,1.0,drop detected by seq_mac model,sequence state resynchronized without memory recovery
seq_mac,drop,500,512,50,3,False,False,False,True,True,False,False,1.65,1,128,0,seq_resync,1.0,drop detected by seq_mac model,sequence state resynchronized without memory recovery
seq_mac,drop,500,512,100,1,False,False,False,True,True,False,False,1.55,1,128,0,seq_resync,1.0,drop detected by seq_mac model,sequence state resynchronized without memory recovery
seq_mac,drop,500,512,100,2,False,False,False,True,True,False,False,1.6,1,128,0,seq_resync,1.0,drop detected by seq_mac model,sequence state resynchronized without memory recovery
seq_mac,drop,500,512,100,3,False,False,False,True,True,False,False,1.65,1,128,0,seq_resync,1.0,drop detected by seq_mac model,sequence state resynchronized without memory recovery
seq_mac,drop,500,512,500,1,False,False,False,True,True,False,False,1.55,1,128,0,seq_resync,1.0,drop detected by seq_mac model,sequence state resynchronized without memory recovery
seq_mac,drop,500,512,500,2,False,False,False,True,True,False,False,1.6,1,128,0,seq_resync,1.0,drop detected by seq_mac model,sequence state resynchronized without memory recovery
seq_mac,drop,500,512,500,3,False,False,False,True,True,False,False,1.65,1,128,0,seq_resync,1.0,drop detected by seq_mac model,sequence state resynchronized without memory recovery
seq_mac,drop,1000,128,50,1,False,False,False,True,True,False,False,1.55,1,128,0,seq_resync,1.0,drop detected by seq_mac model,sequence state resynchronized without memory recovery
seq_mac,drop,1000,128,50,2,False,False,False,True,True,False,False,1.6,1,128,0,seq_resync,1.0,drop detected by seq_mac model,sequence state resynchronized without memory recovery
seq_mac,drop,1000,128,50,3,False,False,False,True,True,False,False,1.65,1,128,0,seq_resync,1.0,drop detected by seq_mac model,sequence state resynchronized without memory recovery
seq_mac,drop,1000,128,100,1,False,False,False,True,True,False,False,1.55,1,128,0,seq_resync,1.0,drop detected by seq_mac model,sequence state resynchronized without memory recovery
seq_mac,drop,1000,128,100,2,False,False,False,True,True,False,False,1.6,1,128,0,seq_resync,1.0,drop detected by seq_mac model,sequence state resynchronized without memory recovery
seq_mac,drop,1000,128,100,3,False,False,False,True,True,False,False,1.65,1,128,0,seq_resync,1.0,drop detected by seq_mac model,sequence state resynchronized without memory recovery
seq_mac,drop,1000,128,500,1,False,False,False,True,True,False,False,1.55,1,128,0,seq_resync,1.0,drop detected by seq_mac model,sequence state resynchronized without memory recovery
seq_mac,drop,1000,128,500,2,False,False,False,True,True,False,False,1.6,1,128,0,seq_resync,1.0,drop detected by seq_mac model,sequence state resynchronized without memory recovery
seq_mac,drop,1000,128,500,3,False,False,False,True,True,False,False,1.65,1,128,0,seq_resync,1.0,drop detected by seq_mac model,sequence state resynchronized without memory recovery
seq_mac,drop,1000,512,50,1,False,False,False,True,True,False,False,1.55,1,128,0,seq_resync,1.0,drop detected by seq_mac model,sequence state resynchronized without memory recovery
seq_mac,drop,1000,512,50,2,False,False,False,True,True,False,False,1.6,1,128,0,seq_resync,1.0,drop detected by seq_mac model,sequence state resynchronized without memory recovery
seq_mac,drop,1000,512,50,3,False,False,False,True,True,False,False,1.65,1,128,0,seq_resync,1.0,drop detected by seq_mac model,sequence state resynchronized without memory recovery
seq_mac,drop,1000,512,100,1,False,False,False,True,True,False,False,1.55,1,128,0,seq_resync,1.0,drop detected by seq_mac model,sequence state resynchronized without memory recovery
seq_mac,drop,1000,512,100,2,False,False,False,True,True,False,False,1.6,1,128,0,seq_resync,1.0,drop detected by seq_mac model,sequence state resynchronized without memory recovery
seq_mac,drop,1000,512,100,3,False,False,False,True,True,False,False,1.65,1,128,0,seq_resync,1.0,drop detected by seq_mac model,sequence state resynchronized without memory recovery
seq_mac,drop,1000,512,500,1,False,False,False,True,True,False,False,1.55,1,128,0,seq_resync,1.0,drop detected by seq_mac model,sequence state resynchronized without memory recovery
seq_mac,drop,1000,512,500,2,False,False,False,True,True,False,False,1.6,1,128,0,seq_resync,1.0,drop detected by seq_mac model,sequence state resynchronized without memory recovery
seq_mac,drop,1000,512,500,3,False,False,False,True,True,False,False,1.65,1,128,0,seq_resync,1.0,drop detected by seq_mac model,sequence state resynchronized without memory recovery
seq_mac,drop,5000,128,50,1,False,False,False,True,True,False,False,1.55,1,128,0,seq_resync,1.0,drop detected by seq_mac model,sequence state resynchronized without memory recovery
seq_mac,drop,5000,128,50,2,False,False,False,True,True,False,False,1.6,1,128,0,seq_resync,1.0,drop detected by seq_mac model,sequence state resynchronized without memory recovery
seq_mac,drop,5000,128,50,3,False,False,False,True,True,False,False,1.65,1,128,0,seq_resync,1.0,drop detected by seq_mac model,sequence state resynchronized without memory recovery
seq_mac,drop,5000,128,100,1,False,False,False,True,True,False,False,1.55,1,128,0,seq_resync,1.0,drop detected by seq_mac model,sequence state resynchronized without memory recovery
seq_mac,drop,5000,128,100,2,False,False,False,True,True,False,False,1.6,1,128,0,seq_resync,1.0,drop detected by seq_mac model,sequence state resynchronized without memory recovery
seq_mac,drop,5000,128,100,3,False,False,False,True,True,False,False,1.65,1,128,0,seq_resync,1.0,drop detected by seq_mac model,sequence state resynchronized without memory recovery
seq_mac,drop,5000,128,500,1,False,False,False,True,True,False,False,1.55,1,128,0,seq_resync,1.0,drop detected by seq_mac model,sequence state resynchronized without memory recovery
seq_mac,drop,5000,128,500,2,False,False,False,True,True,False,False,1.6,1,128,0,seq_resync,1.0,drop detected by seq_mac model,sequence state resynchronized without memory recovery
seq_mac,drop,5000,128,500,3,False,False,False,True,True,False,False,1.65,1,128,0,seq_resync,1.0,drop detected by seq_mac model,sequence state resynchronized without memory recovery
seq_mac,drop,5000,512,50,1,False,False,False,True,True,False,False,1.55,1,128,0,seq_resync,1.0,drop detected by seq_mac model,sequence state resynchronized without memory recovery
seq_mac,drop,5000,512,50,2,False,False,False,True,True,False,False,1.6,1,128,0,seq_resync,1.0,drop detected by seq_mac model,sequence state resynchronized without memory recovery
seq_mac,drop,5000,512,50,3,False,False,False,True,True,False,False,1.65,1,128,0,seq_resync,1.0,drop detected by seq_mac model,sequence state resynchronized without memory recovery
seq_mac,drop,5000,512,100,1,False,False,False,True,True,False,False,1.55,1,128,0,seq_resync,1.0,drop detected by seq_mac model,sequence state resynchronized without memory recovery
seq_mac,drop,5000,512,100,2,False,False,False,True,True,False,False,1.6,1,128,0,seq_resync,1.0,drop detected by seq_mac model,sequence state resynchronized without memory recovery
seq_mac,drop,5000,512,100,3,False,False,False,True,True,False,False,1.65,1,128,0,seq_resync,1.0,drop detected by seq_mac model,sequence state resynchronized without memory recovery
seq_mac,drop,5000,512,500,1,False,False,False,True,True,False,False,1.55,1,128,0,seq_resync,1.0,drop detected by seq_mac model,sequence state resynchronized without memory recovery
seq_mac,drop,5000,512,500,2,False,False,False,True,True,False,False,1.6,1,128,0,seq_resync,1.0,drop detected by seq_mac model,sequence state resynchronized without memory recovery
seq_mac,drop,5000,512,500,3,False,False,False,True,True,False,False,1.65,1,128,0,seq_resync,1.0,drop detected by seq_mac model,sequence state resynchronized without memory recovery
seq_mac,modify,100,128,50,1,False,False,False,True,True,False,False,1.55,1,128,0,seq_resync,1.0,modify detected by seq_mac model,sequence state resynchronized without memory recovery
seq_mac,modify,100,128,50,2,False,False,False,True,True,False,False,1.6,1,128,0,seq_resync,1.0,modify detected by seq_mac model,sequence state resynchronized without memory recovery
seq_mac,modify,100,128,50,3,False,False,False,True,True,False,False,1.65,1,128,0,seq_resync,1.0,modify detected by seq_mac model,sequence state resynchronized without memory recovery
seq_mac,modify,100,128,100,1,False,False,False,True,True,False,False,1.55,1,128,0,seq_resync,1.0,modify detected by seq_mac model,sequence state resynchronized without memory recovery
seq_mac,modify,100,128,100,2,False,False,False,True,True,False,False,1.6,1,128,0,seq_resync,1.0,modify detected by seq_mac model,sequence state resynchronized without memory recovery
seq_mac,modify,100,128,100,3,False,False,False,True,True,False,False,1.65,1,128,0,seq_resync,1.0,modify detected by seq_mac model,sequence state resynchronized without memory recovery
seq_mac,modify,100,128,500,1,False,False,False,True,True,False,False,1.55,1,128,0,seq_resync,1.0,modify detected by seq_mac model,sequence state resynchronized without memory recovery
seq_mac,modify,100,128,500,2,False,False,False,True,True,False,False,1.6,1,128,0,seq_resync,1.0,modify detected by seq_mac model,sequence state resynchronized without memory recovery
seq_mac,modify,100,128,500,3,False,False,False,True,True,False,False,1.65,1,128,0,seq_resync,1.0,modify detected by seq_mac model,sequence state resynchronized without memory recovery
seq_mac,modify,100,512,50,1,False,False,False,True,True,False,False,1.55,1,128,0,seq_resync,1.0,modify detected by seq_mac model,sequence state resynchronized without memory recovery
seq_mac,modify,100,512,50,2,False,False,False,True,True,False,False,1.6,1,128,0,seq_resync,1.0,modify detected by seq_mac model,sequence state resynchronized without memory recovery
seq_mac,modify,100,512,50,3,False,False,False,True,True,False,False,1.65,1,128,0,seq_resync,1.0,modify detected by seq_mac model,sequence state resynchronized without memory recovery
seq_mac,modify,100,512,100,1,False,False,False,True,True,False,False,1.55,1,128,0,seq_resync,1.0,modify detected by seq_mac model,sequence state resynchronized without memory recovery
seq_mac,modify,100,512,100,2,False,False,False,True,True,False,False,1.6,1,128,0,seq_resync,1.0,modify detected by seq_mac model,sequence state resynchronized without memory recovery
seq_mac,modify,100,512,100,3,False,False,False,True,True,False,False,1.65,1,128,0,seq_resync,1.0,modify detected by seq_mac model,sequence state resynchronized without memory recovery
seq_mac,modify,100,512,500,1,False,False,False,True,True,False,False,1.55,1,128,0,seq_resync,1.0,modify detected by seq_mac model,sequence state resynchronized without memory recovery
seq_mac,modify,100,512,500,2,False,False,False,True,True,False,False,1.6,1,128,0,seq_resync,1.0,modify detected by seq_mac model,sequence state resynchronized without memory recovery
seq_mac,modify,100,512,500,3,False,False,False,True,True,False,False,1.65,1,128,0,seq_resync,1.0,modify detected by seq_mac model,sequence state resynchronized without memory recovery
seq_mac,modify,500,128,50,1,False,False,False,True,True,False,False,1.55,1,128,0,seq_resync,1.0,modify detected by seq_mac model,sequence state resynchronized without memory recovery
seq_mac,modify,500,128,50,2,False,False,False,True,True,False,False,1.6,1,128,0,seq_resync,1.0,modify detected by seq_mac model,sequence state resynchronized without memory recovery
seq_mac,modify,500,128,50,3,False,False,False,True,True,False,False,1.65,1,128,0,seq_resync,1.0,modify detected by seq_mac model,sequence state resynchronized without memory recovery
seq_mac,modify,500,128,100,1,False,False,False,True,True,False,False,1.55,1,128,0,seq_resync,1.0,modify detected by seq_mac model,sequence state resynchronized without memory recovery
seq_mac,modify,500,128,100,2,False,False,False,True,True,False,False,1.6,1,128,0,seq_resync,1.0,modify detected by seq_mac model,sequence state resynchronized without memory recovery
seq_mac,modify,500,128,100,3,False,False,False,True,True,False,False,1.65,1,128,0,seq_resync,1.0,modify detected by seq_mac model,sequence state resynchronized without memory recovery
seq_mac,modify,500,128,500,1,False,False,False,True,True,False,False,1.55,1,128,0,seq_resync,1.0,modify detected by seq_mac model,sequence state resynchronized without memory recovery
seq_mac,modify,500,128,500,2,False,False,False,True,True,False,False,1.6,1,128,0,seq_resync,1.0,modify detected by seq_mac model,sequence state resynchronized without memory recovery
seq_mac,modify,500,128,500,3,False,False,False,True,True,False,False,1.65,1,128,0,seq_resync,1.0,modify detected by seq_mac model,sequence state resynchronized without memory recovery
seq_mac,modify,500,512,50,1,False,False,False,True,True,False,False,1.55,1,128,0,seq_resync,1.0,modify detected by seq_mac model,sequence state resynchronized without memory recovery
seq_mac,modify,500,512,50,2,False,False,False,True,True,False,False,1.6,1,128,0,seq_resync,1.0,modify detected by seq_mac model,sequence state resynchronized without memory recovery
seq_mac,modify,500,512,50,3,False,False,False,True,True,False,False,1.65,1,128,0,seq_resync,1.0,modify detected by seq_mac model,sequence state resynchronized without memory recovery
seq_mac,modify,500,512,100,1,False,False,False,True,True,False,False,1.55,1,128,0,seq_resync,1.0,modify detected by seq_mac model,sequence state resynchronized without memory recovery
seq_mac,modify,500,512,100,2,False,False,False,True,True,False,False,1.6,1,128,0,seq_resync,1.0,modify detected by seq_mac model,sequence state resynchronized without memory recovery
seq_mac,modify,500,512,100,3,False,False,False,True,True,False,False,1.65,1,128,0,seq_resync,1.0,modify detected by seq_mac model,sequence state resynchronized without memory recovery
seq_mac,modify,500,512,500,1,False,False,False,True,True,False,False,1.55,1,128,0,seq_resync,1.0,modify detected by seq_mac model,sequence state resynchronized without memory recovery
seq_mac,modify,500,512,500,2,False,False,False,True,True,False,False,1.6,1,128,0,seq_resync,1.0,modify detected by seq_mac model,sequence state resynchronized without memory recovery
seq_mac,modify,500,512,500,3,False,False,False,True,True,False,False,1.65,1,128,0,seq_resync,1.0,modify detected by seq_mac model,sequence state resynchronized without memory recovery
seq_mac,modify,1000,128,50,1,False,False,False,True,True,False,False,1.55,1,128,0,seq_resync,1.0,modify detected by seq_mac model,sequence state resynchronized without memory recovery
seq_mac,modify,1000,128,50,2,False,False,False,True,True,False,False,1.6,1,128,0,seq_resync,1.0,modify detected by seq_mac model,sequence state resynchronized without memory recovery
seq_mac,modify,1000,128,50,3,False,False,False,True,True,False,False,1.65,1,128,0,seq_resync,1.0,modify detected by seq_mac model,sequence state resynchronized without memory recovery
seq_mac,modify,1000,128,100,1,False,False,False,True,True,False,False,1.55,1,128,0,seq_resync,1.0,modify detected by seq_mac model,sequence state resynchronized without memory recovery
seq_mac,modify,1000,128,100,2,False,False,False,True,True,False,False,1.6,1,128,0,seq_resync,1.0,modify detected by seq_mac model,sequence state resynchronized without memory recovery
seq_mac,modify,1000,128,100,3,False,False,False,True,True,False,False,1.65,1,128,0,seq_resync,1.0,modify detected by seq_mac model,sequence state resynchronized without memory recovery
seq_mac,modify,1000,128,500,1,False,False,False,True,True,False,False,1.55,1,128,0,seq_resync,1.0,modify detected by seq_mac model,sequence state resynchronized without memory recovery
seq_mac,modify,1000,128,500,2,False,False,False,True,True,False,False,1.6,1,128,0,seq_resync,1.0,modify detected by seq_mac model,sequence state resynchronized without memory recovery
seq_mac,modify,1000,128,500,3,False,False,False,True,True,False,False,1.65,1,128,0,seq_resync,1.0,modify detected by seq_mac model,sequence state resynchronized without memory recovery
seq_mac,modify,1000,512,50,1,False,False,False,True,True,False,False,1.55,1,128,0,seq_resync,1.0,modify detected by seq_mac model,sequence state resynchronized without memory recovery
seq_mac,modify,1000,512,50,2,False,False,False,True,True,False,False,1.6,1,128,0,seq_resync,1.0,modify detected by seq_mac model,sequence state resynchronized without memory recovery
seq_mac,modify,1000,512,50,3,False,False,False,True,True,False,False,1.65,1,128,0,seq_resync,1.0,modify detected by seq_mac model,sequence state resynchronized without memory recovery
seq_mac,modify,1000,512,100,1,False,False,False,True,True,False,False,1.55,1,128,0,seq_resync,1.0,modify detected by seq_mac model,sequence state resynchronized without memory recovery
seq_mac,modify,1000,512,100,2,False,False,False,True,True,False,False,1.6,1,128,0,seq_resync,1.0,modify detected by seq_mac model,sequence state resynchronized without memory recovery
seq_mac,modify,1000,512,100,3,False,False,False,True,True,False,False,1.65,1,128,0,seq_resync,1.0,modify detected by seq_mac model,sequence state resynchronized without memory recovery
seq_mac,modify,1000,512,500,1,False,False,False,True,True,False,False,1.55,1,128,0,seq_resync,1.0,modify detected by seq_mac model,sequence state resynchronized without memory recovery
seq_mac,modify,1000,512,500,2,False,False,False,True,True,False,False,1.6,1,128,0,seq_resync,1.0,modify detected by seq_mac model,sequence state resynchronized without memory recovery
seq_mac,modify,1000,512,500,3,False,False,False,True,True,False,False,1.65,1,128,0,seq_resync,1.0,modify detected by seq_mac model,sequence state resynchronized without memory recovery
seq_mac,modify,5000,128,50,1,False,False,False,True,True,False,False,1.55,1,128,0,seq_resync,1.0,modify detected by seq_mac model,sequence state resynchronized without memory recovery
seq_mac,modify,5000,128,50,2,False,False,False,True,True,False,False,1.6,1,128,0,seq_resync,1.0,modify detected by seq_mac model,sequence state resynchronized without memory recovery
seq_mac,modify,5000,128,50,3,False,False,False,True,True,False,False,1.65,1,128,0,seq_resync,1.0,modify detected by seq_mac model,sequence state resynchronized without memory recovery
seq_mac,modify,5000,128,100,1,False,False,False,True,True,False,False,1.55,1,128,0,seq_resync,1.0,modify detected by seq_mac model,sequence state resynchronized without memory recovery
seq_mac,modify,5000,128,100,2,False,False,False,True,True,False,False,1.6,1,128,0,seq_resync,1.0,modify detected by seq_mac model,sequence state resynchronized without memory recovery
seq_mac,modify,5000,128,100,3,False,False,False,True,True,False,False,1.65,1,128,0,seq_resync,1.0,modify detected by seq_mac model,sequence state resynchronized without memory recovery
seq_mac,modify,5000,128,500,1,False,False,False,True,True,False,False,1.55,1,128,0,seq_resync,1.0,modify detected by seq_mac model,sequence state resynchronized without memory recovery
seq_mac,modify,5000,128,500,2,False,False,False,True,True,False,False,1.6,1,128,0,seq_resync,1.0,modify detected by seq_mac model,sequence state resynchronized without memory recovery
seq_mac,modify,5000,128,500,3,False,False,False,True,True,False,False,1.65,1,128,0,seq_resync,1.0,modify detected by seq_mac model,sequence state resynchronized without memory recovery
seq_mac,modify,5000,512,50,1,False,False,False,True,True,False,False,1.55,1,128,0,seq_resync,1.0,modify detected by seq_mac model,sequence state resynchronized without memory recovery
seq_mac,modify,5000,512,50,2,False,False,False,True,True,False,False,1.6,1,128,0,seq_resync,1.0,modify detected by seq_mac model,sequence state resynchronized without memory recovery
seq_mac,modify,5000,512,50,3,False,False,False,True,True,False,False,1.65,1,128,0,seq_resync,1.0,modify detected by seq_mac model,sequence state resynchronized without memory recovery
seq_mac,modify,5000,512,100,1,False,False,False,True,True,False,False,1.55,1,128,0,seq_resync,1.0,modify detected by seq_mac model,sequence state resynchronized without memory recovery
seq_mac,modify,5000,512,100,2,False,False,False,True,True,False,False,1.6,1,128,0,seq_resync,1.0,modify detected by seq_mac model,sequence state resynchronized without memory recovery
seq_mac,modify,5000,512,100,3,False,False,False,True,True,False,False,1.65,1,128,0,seq_resync,1.0,modify detected by seq_mac model,sequence state resynchronized without memory recovery
seq_mac,modify,5000,512,500,1,False,False,False,True,True,False,False,1.55,1,128,0,seq_resync,1.0,modify detected by seq_mac model,sequence state resynchronized without memory recovery
seq_mac,modify,5000,512,500,2,False,False,False,True,True,False,False,1.6,1,128,0,seq_resync,1.0,modify detected by seq_mac model,sequence state resynchronized without memory recovery
seq_mac,modify,5000,512,500,3,False,False,False,True,True,False,False,1.65,1,128,0,seq_resync,1.0,modify detected by seq_mac model,sequence state resynchronized without memory recovery
seq_mac,replay,100,128,50,1,False,False,False,True,True,False,False,1.55,1,128,0,seq_resync,1.0,replay detected by seq_mac model,sequence state resynchronized without memory recovery
seq_mac,replay,100,128,50,2,False,False,False,True,True,False,False,1.6,1,128,0,seq_resync,1.0,replay detected by seq_mac model,sequence state resynchronized without memory recovery
seq_mac,replay,100,128,50,3,False,False,False,True,True,False,False,1.65,1,128,0,seq_resync,1.0,replay detected by seq_mac model,sequence state resynchronized without memory recovery
seq_mac,replay,100,128,100,1,False,False,False,True,True,False,False,1.55,1,128,0,seq_resync,1.0,replay detected by seq_mac model,sequence state resynchronized without memory recovery
seq_mac,replay,100,128,100,2,False,False,False,True,True,False,False,1.6,1,128,0,seq_resync,1.0,replay detected by seq_mac model,sequence state resynchronized without memory recovery
seq_mac,replay,100,128,100,3,False,False,False,True,True,False,False,1.65,1,128,0,seq_resync,1.0,replay detected by seq_mac model,sequence state resynchronized without memory recovery
seq_mac,replay,100,128,500,1,False,False,False,True,True,False,False,1.55,1,128,0,seq_resync,1.0,replay detected by seq_mac model,sequence state resynchronized without memory recovery
seq_mac,replay,100,128,500,2,False,False,False,True,True,False,False,1.6,1,128,0,seq_resync,1.0,replay detected by seq_mac model,sequence state resynchronized without memory recovery
seq_mac,replay,100,128,500,3,False,False,False,True,True,False,False,1.65,1,128,0,seq_resync,1.0,replay detected by seq_mac model,sequence state resynchronized without memory recovery
seq_mac,replay,100,512,50,1,False,False,False,True,True,False,False,1.55,1,128,0,seq_resync,1.0,replay detected by seq_mac model,sequence state resynchronized without memory recovery
seq_mac,replay,100,512,50,2,False,False,False,True,True,False,False,1.6,1,128,0,seq_resync,1.0,replay detected by seq_mac model,sequence state resynchronized without memory recovery
seq_mac,replay,100,512,50,3,False,False,False,True,True,False,False,1.65,1,128,0,seq_resync,1.0,replay detected by seq_mac model,sequence state resynchronized without memory recovery
seq_mac,replay,100,512,100,1,False,False,False,True,True,False,False,1.55,1,128,0,seq_resync,1.0,replay detected by seq_mac model,sequence state resynchronized without memory recovery
seq_mac,replay,100,512,100,2,False,False,False,True,True,False,False,1.6,1,128,0,seq_resync,1.0,replay detected by seq_mac model,sequence state resynchronized without memory recovery
seq_mac,replay,100,512,100,3,False,False,False,True,True,False,False,1.65,1,128,0,seq_resync,1.0,replay detected by seq_mac model,sequence state resynchronized without memory recovery
seq_mac,replay,100,512,500,1,False,False,False,True,True,False,False,1.55,1,128,0,seq_resync,1.0,replay detected by seq_mac model,sequence state resynchronized without memory recovery
seq_mac,replay,100,512,500,2,False,False,False,True,True,False,False,1.6,1,128,0,seq_resync,1.0,replay detected by seq_mac model,sequence state resynchronized without memory recovery
seq_mac,replay,100,512,500,3,False,False,False,True,True,False,False,1.65,1,128,0,seq_resync,1.0,replay detected by seq_mac model,sequence state resynchronized without memory recovery
seq_mac,replay,500,128,50,1,False,False,False,True,True,False,False,1.55,1,128,0,seq_resync,1.0,replay detected by seq_mac model,sequence state resynchronized without memory recovery
seq_mac,replay,500,128,50,2,False,False,False,True,True,False,False,1.6,1,128,0,seq_resync,1.0,replay detected by seq_mac model,sequence state resynchronized without memory recovery
seq_mac,replay,500,128,50,3,False,False,False,True,True,False,False,1.65,1,128,0,seq_resync,1.0,replay detected by seq_mac model,sequence state resynchronized without memory recovery
seq_mac,replay,500,128,100,1,False,False,False,True,True,False,False,1.55,1,128,0,seq_resync,1.0,replay detected by seq_mac model,sequence state resynchronized without memory recovery
seq_mac,replay,500,128,100,2,False,False,False,True,True,False,False,1.6,1,128,0,seq_resync,1.0,replay detected by seq_mac model,sequence state resynchronized without memory recovery
seq_mac,replay,500,128,100,3,False,False,False,True,True,False,False,1.65,1,128,0,seq_resync,1.0,replay detected by seq_mac model,sequence state resynchronized without memory recovery
seq_mac,replay,500,128,500,1,False,False,False,True,True,False,False,1.55,1,128,0,seq_resync,1.0,replay detected by seq_mac model,sequence state resynchronized without memory recovery
seq_mac,replay,500,128,500,2,False,False,False,True,True,False,False,1.6,1,128,0,seq_resync,1.0,replay detected by seq_mac model,sequence state resynchronized without memory recovery
seq_mac,replay,500,128,500,3,False,False,False,True,True,False,False,1.65,1,128,0,seq_resync,1.0,replay detected by seq_mac model,sequence state resynchronized without memory recovery
seq_mac,replay,500,512,50,1,False,False,False,True,True,False,False,1.55,1,128,0,seq_resync,1.0,replay detected by seq_mac model,sequence state resynchronized without memory recovery
seq_mac,replay,500,512,50,2,False,False,False,True,True,False,False,1.6,1,128,0,seq_resync,1.0,replay detected by seq_mac model,sequence state resynchronized without memory recovery
seq_mac,replay,500,512,50,3,False,False,False,True,True,False,False,1.65,1,128,0,seq_resync,1.0,replay detected by seq_mac model,sequence state resynchronized without memory recovery
seq_mac,replay,500,512,100,1,False,False,False,True,True,False,False,1.55,1,128,0,seq_resync,1.0,replay detected by seq_mac model,sequence state resynchronized without memory recovery
seq_mac,replay,500,512,100,2,False,False,False,True,True,False,False,1.6,1,128,0,seq_resync,1.0,replay detected by seq_mac model,sequence state resynchronized without memory recovery
seq_mac,replay,500,512,100,3,False,False,False,True,True,False,False,1.65,1,128,0,seq_resync,1.0,replay detected by seq_mac model,sequence state resynchronized without memory recovery
seq_mac,replay,500,512,500,1,False,False,False,True,True,False,False,1.55,1,128,0,seq_resync,1.0,replay detected by seq_mac model,sequence state resynchronized without memory recovery
seq_mac,replay,500,512,500,2,False,False,False,True,True,False,False,1.6,1,128,0,seq_resync,1.0,replay detected by seq_mac model,sequence state resynchronized without memory recovery
seq_mac,replay,500,512,500,3,False,False,False,True,True,False,False,1.65,1,128,0,seq_resync,1.0,replay detected by seq_mac model,sequence state resynchronized without memory recovery
seq_mac,replay,1000,128,50,1,False,False,False,True,True,False,False,1.55,1,128,0,seq_resync,1.0,replay detected by seq_mac model,sequence state resynchronized without memory recovery
seq_mac,replay,1000,128,50,2,False,False,False,True,True,False,False,1.6,1,128,0,seq_resync,1.0,replay detected by seq_mac model,sequence state resynchronized without memory recovery
seq_mac,replay,1000,128,50,3,False,False,False,True,True,False,False,1.65,1,128,0,seq_resync,1.0,replay detected by seq_mac model,sequence state resynchronized without memory recovery
seq_mac,replay,1000,128,100,1,False,False,False,True,True,False,False,1.55,1,128,0,seq_resync,1.0,replay detected by seq_mac model,sequence state resynchronized without memory recovery
seq_mac,replay,1000,128,100,2,False,False,False,True,True,False,False,1.6,1,128,0,seq_resync,1.0,replay detected by seq_mac model,sequence state resynchronized without memory recovery
seq_mac,replay,1000,128,100,3,False,False,False,True,True,False,False,1.65,1,128,0,seq_resync,1.0,replay detected by seq_mac model,sequence state resynchronized without memory recovery
seq_mac,replay,1000,128,500,1,False,False,False,True,True,False,False,1.55,1,128,0,seq_resync,1.0,replay detected by seq_mac model,sequence state resynchronized without memory recovery
seq_mac,replay,1000,128,500,2,False,False,False,True,True,False,False,1.6,1,128,0,seq_resync,1.0,replay detected by seq_mac model,sequence state resynchronized without memory recovery
seq_mac,replay,1000,128,500,3,False,False,False,True,True,False,False,1.65,1,128,0,seq_resync,1.0,replay detected by seq_mac model,sequence state resynchronized without memory recovery
seq_mac,replay,1000,512,50,1,False,False,False,True,True,False,False,1.55,1,128,0,seq_resync,1.0,replay detected by seq_mac model,sequence state resynchronized without memory recovery
seq_mac,replay,1000,512,50,2,False,False,False,True,True,False,False,1.6,1,128,0,seq_resync,1.0,replay detected by seq_mac model,sequence state resynchronized without memory recovery
seq_mac,replay,1000,512,50,3,False,False,False,True,True,False,False,1.65,1,128,0,seq_resync,1.0,replay detected by seq_mac model,sequence state resynchronized without memory recovery
seq_mac,replay,1000,512,100,1,False,False,False,True,True,False,False,1.55,1,128,0,seq_resync,1.0,replay detected by seq_mac model,sequence state resynchronized without memory recovery
seq_mac,replay,1000,512,100,2,False,False,False,True,True,False,False,1.6,1,128,0,seq_resync,1.0,replay detected by seq_mac model,sequence state resynchronized without memory recovery
seq_mac,replay,1000,512,100,3,False,False,False,True,True,False,False,1.65,1,128,0,seq_resync,1.0,replay detected by seq_mac model,sequence state resynchronized without memory recovery
seq_mac,replay,1000,512,500,1,False,False,False,True,True,False,False,1.55,1,128,0,seq_resync,1.0,replay detected by seq_mac model,sequence state resynchronized without memory recovery
seq_mac,replay,1000,512,500,2,False,False,False,True,True,False,False,1.6,1,128,0,seq_resync,1.0,replay detected by seq_mac model,sequence state resynchronized without memory recovery
seq_mac,replay,1000,512,500,3,False,False,False,True,True,False,False,1.65,1,128,0,seq_resync,1.0,replay detected by seq_mac model,sequence state resynchronized without memory recovery
seq_mac,replay,5000,128,50,1,False,False,False,True,True,False,False,1.55,1,128,0,seq_resync,1.0,replay detected by seq_mac model,sequence state resynchronized without memory recovery
seq_mac,replay,5000,128,50,2,False,False,False,True,True,False,False,1.6,1,128,0,seq_resync,1.0,replay detected by seq_mac model,sequence state resynchronized without memory recovery
seq_mac,replay,5000,128,50,3,False,False,False,True,True,False,False,1.65,1,128,0,seq_resync,1.0,replay detected by seq_mac model,sequence state resynchronized without memory recovery
seq_mac,replay,5000,128,100,1,False,False,False,True,True,False,False,1.55,1,128,0,seq_resync,1.0,replay detected by seq_mac model,sequence state resynchronized without memory recovery
seq_mac,replay,5000,128,100,2,False,False,False,True,True,False,False,1.6,1,128,0,seq_resync,1.0,replay detected by seq_mac model,sequence state resynchronized without memory recovery
seq_mac,replay,5000,128,100,3,False,False,False,True,True,False,False,1.65,1,128,0,seq_resync,1.0,replay detected by seq_mac model,sequence state resynchronized without memory recovery
seq_mac,replay,5000,128,500,1,False,False,False,True,True,False,False,1.55,1,128,0,seq_resync,1.0,replay detected by seq_mac model,sequence state resynchronized without memory recovery
seq_mac,replay,5000,128,500,2,False,False,False,True,True,False,False,1.6,1,128,0,seq_resync,1.0,replay detected by seq_mac model,sequence state resynchronized without memory recovery
seq_mac,replay,5000,128,500,3,False,False,False,True,True,False,False,1.65,1,128,0,seq_resync,1.0,replay detected by seq_mac model,sequence state resynchronized without memory recovery
seq_mac,replay,5000,512,50,1,False,False,False,True,True,False,False,1.55,1,128,0,seq_resync,1.0,replay detected by seq_mac model,sequence state resynchronized without memory recovery
seq_mac,replay,5000,512,50,2,False,False,False,True,True,False,False,1.6,1,128,0,seq_resync,1.0,replay detected by seq_mac model,sequence state resynchronized without memory recovery
seq_mac,replay,5000,512,50,3,False,False,False,True,True,False,False,1.65,1,128,0,seq_resync,1.0,replay detected by seq_mac model,sequence state resynchronized without memory recovery
seq_mac,replay,5000,512,100,1,False,False,False,True,True,False,False,1.55,1,128,0,seq_resync,1.0,replay detected by seq_mac model,sequence state resynchronized without memory recovery
seq_mac,replay,5000,512,100,2,False,False,False,True,True,False,False,1.6,1,128,0,seq_resync,1.0,replay detected by seq_mac model,sequence state resynchronized without memory recovery
seq_mac,replay,5000,512,100,3,False,False,False,True,True,False,False,1.65,1,128,0,seq_resync,1.0,replay detected by seq_mac model,sequence state resynchronized without memory recovery
seq_mac,replay,5000,512,500,1,False,False,False,True,True,False,False,1.55,1,128,0,seq_resync,1.0,replay detected by seq_mac model,sequence state resynchronized without memory recovery
seq_mac,replay,5000,512,500,2,False,False,False,True,True,False,False,1.6,1,128,0,seq_resync,1.0,replay detected by seq_mac model,sequence state resynchronized without memory recovery
seq_mac,replay,5000,512,500,3,False,False,False,True,True,False,False,1.65,1,128,0,seq_resync,1.0,replay detected by seq_mac model,sequence state resynchronized without memory recovery
seq_mac,prev_mem,100,128,50,1,False,False,False,False,True,False,False,1.55,1,128,0,seq_resync,1.0,protocol does not carry verifiable prev_mem,sequence state resynchronized without memory recovery
seq_mac,prev_mem,100,128,50,2,False,False,False,False,True,False,False,1.6,1,128,0,seq_resync,1.0,protocol does not carry verifiable prev_mem,sequence state resynchronized without memory recovery
seq_mac,prev_mem,100,128,50,3,False,False,False,False,True,False,False,1.65,1,128,0,seq_resync,1.0,protocol does not carry verifiable prev_mem,sequence state resynchronized without memory recovery
seq_mac,prev_mem,100,128,100,1,False,False,False,False,True,False,False,1.55,1,128,0,seq_resync,1.0,protocol does not carry verifiable prev_mem,sequence state resynchronized without memory recovery
seq_mac,prev_mem,100,128,100,2,False,False,False,False,True,False,False,1.6,1,128,0,seq_resync,1.0,protocol does not carry verifiable prev_mem,sequence state resynchronized without memory recovery
seq_mac,prev_mem,100,128,100,3,False,False,False,False,True,False,False,1.65,1,128,0,seq_resync,1.0,protocol does not carry verifiable prev_mem,sequence state resynchronized without memory recovery
seq_mac,prev_mem,100,128,500,1,False,False,False,False,True,False,False,1.55,1,128,0,seq_resync,1.0,protocol does not carry verifiable prev_mem,sequence state resynchronized without memory recovery
seq_mac,prev_mem,100,128,500,2,False,False,False,False,True,False,False,1.6,1,128,0,seq_resync,1.0,protocol does not carry verifiable prev_mem,sequence state resynchronized without memory recovery
seq_mac,prev_mem,100,128,500,3,False,False,False,False,True,False,False,1.65,1,128,0,seq_resync,1.0,protocol does not carry verifiable prev_mem,sequence state resynchronized without memory recovery
seq_mac,prev_mem,100,512,50,1,False,False,False,False,True,False,False,1.55,1,128,0,seq_resync,1.0,protocol does not carry verifiable prev_mem,sequence state resynchronized without memory recovery
seq_mac,prev_mem,100,512,50,2,False,False,False,False,True,False,False,1.6,1,128,0,seq_resync,1.0,protocol does not carry verifiable prev_mem,sequence state resynchronized without memory recovery
seq_mac,prev_mem,100,512,50,3,False,False,False,False,True,False,False,1.65,1,128,0,seq_resync,1.0,protocol does not carry verifiable prev_mem,sequence state resynchronized without memory recovery
seq_mac,prev_mem,100,512,100,1,False,False,False,False,True,False,False,1.55,1,128,0,seq_resync,1.0,protocol does not carry verifiable prev_mem,sequence state resynchronized without memory recovery
seq_mac,prev_mem,100,512,100,2,False,False,False,False,True,False,False,1.6,1,128,0,seq_resync,1.0,protocol does not carry verifiable prev_mem,sequence state resynchronized without memory recovery
seq_mac,prev_mem,100,512,100,3,False,False,False,False,True,False,False,1.65,1,128,0,seq_resync,1.0,protocol does not carry verifiable prev_mem,sequence state resynchronized without memory recovery
seq_mac,prev_mem,100,512,500,1,False,False,False,False,True,False,False,1.55,1,128,0,seq_resync,1.0,protocol does not carry verifiable prev_mem,sequence state resynchronized without memory recovery
seq_mac,prev_mem,100,512,500,2,False,False,False,False,True,False,False,1.6,1,128,0,seq_resync,1.0,protocol does not carry verifiable prev_mem,sequence state resynchronized without memory recovery
seq_mac,prev_mem,100,512,500,3,False,False,False,False,True,False,False,1.65,1,128,0,seq_resync,1.0,protocol does not carry verifiable prev_mem,sequence state resynchronized without memory recovery
seq_mac,prev_mem,500,128,50,1,False,False,False,False,True,False,False,1.55,1,128,0,seq_resync,1.0,protocol does not carry verifiable prev_mem,sequence state resynchronized without memory recovery
seq_mac,prev_mem,500,128,50,2,False,False,False,False,True,False,False,1.6,1,128,0,seq_resync,1.0,protocol does not carry verifiable prev_mem,sequence state resynchronized without memory recovery
seq_mac,prev_mem,500,128,50,3,False,False,False,False,True,False,False,1.65,1,128,0,seq_resync,1.0,protocol does not carry verifiable prev_mem,sequence state resynchronized without memory recovery
seq_mac,prev_mem,500,128,100,1,False,False,False,False,True,False,False,1.55,1,128,0,seq_resync,1.0,protocol does not carry verifiable prev_mem,sequence state resynchronized without memory recovery
seq_mac,prev_mem,500,128,100,2,False,False,False,False,True,False,False,1.6,1,128,0,seq_resync,1.0,protocol does not carry verifiable prev_mem,sequence state resynchronized without memory recovery
seq_mac,prev_mem,500,128,100,3,False,False,False,False,True,False,False,1.65,1,128,0,seq_resync,1.0,protocol does not carry verifiable prev_mem,sequence state resynchronized without memory recovery
seq_mac,prev_mem,500,128,500,1,False,False,False,False,True,False,False,1.55,1,128,0,seq_resync,1.0,protocol does not carry verifiable prev_mem,sequence state resynchronized without memory recovery
seq_mac,prev_mem,500,128,500,2,False,False,False,False,True,False,False,1.6,1,128,0,seq_resync,1.0,protocol does not carry verifiable prev_mem,sequence state resynchronized without memory recovery
seq_mac,prev_mem,500,128,500,3,False,False,False,False,True,False,False,1.65,1,128,0,seq_resync,1.0,protocol does not carry verifiable prev_mem,sequence state resynchronized without memory recovery
seq_mac,prev_mem,500,512,50,1,False,False,False,False,True,False,False,1.55,1,128,0,seq_resync,1.0,protocol does not carry verifiable prev_mem,sequence state resynchronized without memory recovery
seq_mac,prev_mem,500,512,50,2,False,False,False,False,True,False,False,1.6,1,128,0,seq_resync,1.0,protocol does not carry verifiable prev_mem,sequence state resynchronized without memory recovery
seq_mac,prev_mem,500,512,50,3,False,False,False,False,True,False,False,1.65,1,128,0,seq_resync,1.0,protocol does not carry verifiable prev_mem,sequence state resynchronized without memory recovery
seq_mac,prev_mem,500,512,100,1,False,False,False,False,True,False,False,1.55,1,128,0,seq_resync,1.0,protocol does not carry verifiable prev_mem,sequence state resynchronized without memory recovery
seq_mac,prev_mem,500,512,100,2,False,False,False,False,True,False,False,1.6,1,128,0,seq_resync,1.0,protocol does not carry verifiable prev_mem,sequence state resynchronized without memory recovery
seq_mac,prev_mem,500,512,100,3,False,False,False,False,True,False,False,1.65,1,128,0,seq_resync,1.0,protocol does not carry verifiable prev_mem,sequence state resynchronized without memory recovery
seq_mac,prev_mem,500,512,500,1,False,False,False,False,True,False,False,1.55,1,128,0,seq_resync,1.0,protocol does not carry verifiable prev_mem,sequence state resynchronized without memory recovery
seq_mac,prev_mem,500,512,500,2,False,False,False,False,True,False,False,1.6,1,128,0,seq_resync,1.0,protocol does not carry verifiable prev_mem,sequence state resynchronized without memory recovery
seq_mac,prev_mem,500,512,500,3,False,False,False,False,True,False,False,1.65,1,128,0,seq_resync,1.0,protocol does not carry verifiable prev_mem,sequence state resynchronized without memory recovery
seq_mac,prev_mem,1000,128,50,1,False,False,False,False,True,False,False,1.55,1,128,0,seq_resync,1.0,protocol does not carry verifiable prev_mem,sequence state resynchronized without memory recovery
seq_mac,prev_mem,1000,128,50,2,False,False,False,False,True,False,False,1.6,1,128,0,seq_resync,1.0,protocol does not carry verifiable prev_mem,sequence state resynchronized without memory recovery
seq_mac,prev_mem,1000,128,50,3,False,False,False,False,True,False,False,1.65,1,128,0,seq_resync,1.0,protocol does not carry verifiable prev_mem,sequence state resynchronized without memory recovery
seq_mac,prev_mem,1000,128,100,1,False,False,False,False,True,False,False,1.55,1,128,0,seq_resync,1.0,protocol does not carry verifiable prev_mem,sequence state resynchronized without memory recovery
seq_mac,prev_mem,1000,128,100,2,False,False,False,False,True,False,False,1.6,1,128,0,seq_resync,1.0,protocol does not carry verifiable prev_mem,sequence state resynchronized without memory recovery
seq_mac,prev_mem,1000,128,100,3,False,False,False,False,True,False,False,1.65,1,128,0,seq_resync,1.0,protocol does not carry verifiable prev_mem,sequence state resynchronized without memory recovery
seq_mac,prev_mem,1000,128,500,1,False,False,False,False,True,False,False,1.55,1,128,0,seq_resync,1.0,protocol does not carry verifiable prev_mem,sequence state resynchronized without memory recovery
seq_mac,prev_mem,1000,128,500,2,False,False,False,False,True,False,False,1.6,1,128,0,seq_resync,1.0,protocol does not carry verifiable prev_mem,sequence state resynchronized without memory recovery
seq_mac,prev_mem,1000,128,500,3,False,False,False,False,True,False,False,1.65,1,128,0,seq_resync,1.0,protocol does not carry verifiable prev_mem,sequence state resynchronized without memory recovery
seq_mac,prev_mem,1000,512,50,1,False,False,False,False,True,False,False,1.55,1,128,0,seq_resync,1.0,protocol does not carry verifiable prev_mem,sequence state resynchronized without memory recovery
seq_mac,prev_mem,1000,512,50,2,False,False,False,False,True,False,False,1.6,1,128,0,seq_resync,1.0,protocol does not carry verifiable prev_mem,sequence state resynchronized without memory recovery
seq_mac,prev_mem,1000,512,50,3,False,False,False,False,True,False,False,1.65,1,128,0,seq_resync,1.0,protocol does not carry verifiable prev_mem,sequence state resynchronized without memory recovery
seq_mac,prev_mem,1000,512,100,1,False,False,False,False,True,False,False,1.55,1,128,0,seq_resync,1.0,protocol does not carry verifiable prev_mem,sequence state resynchronized without memory recovery
seq_mac,prev_mem,1000,512,100,2,False,False,False,False,True,False,False,1.6,1,128,0,seq_resync,1.0,protocol does not carry verifiable prev_mem,sequence state resynchronized without memory recovery
seq_mac,prev_mem,1000,512,100,3,False,False,False,False,True,False,False,1.65,1,128,0,seq_resync,1.0,protocol does not carry verifiable prev_mem,sequence state resynchronized without memory recovery
seq_mac,prev_mem,1000,512,500,1,False,False,False,False,True,False,False,1.55,1,128,0,seq_resync,1.0,protocol does not carry verifiable prev_mem,sequence state resynchronized without memory recovery
seq_mac,prev_mem,1000,512,500,2,False,False,False,False,True,False,False,1.6,1,128,0,seq_resync,1.0,protocol does not carry verifiable prev_mem,sequence state resynchronized without memory recovery
seq_mac,prev_mem,1000,512,500,3,False,False,False,False,True,False,False,1.65,1,128,0,seq_resync,1.0,protocol does not carry verifiable prev_mem,sequence state resynchronized without memory recovery
seq_mac,prev_mem,5000,128,50,1,False,False,False,False,True,False,False,1.55,1,128,0,seq_resync,1.0,protocol does not carry verifiable prev_mem,sequence state resynchronized without memory recovery
seq_mac,prev_mem,5000,128,50,2,False,False,False,False,True,False,False,1.6,1,128,0,seq_resync,1.0,protocol does not carry verifiable prev_mem,sequence state resynchronized without memory recovery
seq_mac,prev_mem,5000,128,50,3,False,False,False,False,True,False,False,1.65,1,128,0,seq_resync,1.0,protocol does not carry verifiable prev_mem,sequence state resynchronized without memory recovery
seq_mac,prev_mem,5000,128,100,1,False,False,False,False,True,False,False,1.55,1,128,0,seq_resync,1.0,protocol does not carry verifiable prev_mem,sequence state resynchronized without memory recovery
seq_mac,prev_mem,5000,128,100,2,False,False,False,False,True,False,False,1.6,1,128,0,seq_resync,1.0,protocol does not carry verifiable prev_mem,sequence state resynchronized without memory recovery
seq_mac,prev_mem,5000,128,100,3,False,False,False,False,True,False,False,1.65,1,128,0,seq_resync,1.0,protocol does not carry verifiable prev_mem,sequence state resynchronized without memory recovery
seq_mac,prev_mem,5000,128,500,1,False,False,False,False,True,False,False,1.55,1,128,0,seq_resync,1.0,protocol does not carry verifiable prev_mem,sequence state resynchronized without memory recovery
seq_mac,prev_mem,5000,128,500,2,False,False,False,False,True,False,False,1.6,1,128,0,seq_resync,1.0,protocol does not carry verifiable prev_mem,sequence state resynchronized without memory recovery
seq_mac,prev_mem,5000,128,500,3,False,False,False,False,True,False,False,1.65,1,128,0,seq_resync,1.0,protocol does not carry verifiable prev_mem,sequence state resynchronized without memory recovery
seq_mac,prev_mem,5000,512,50,1,False,False,False,False,True,False,False,1.55,1,128,0,seq_resync,1.0,protocol does not carry verifiable prev_mem,sequence state resynchronized without memory recovery
seq_mac,prev_mem,5000,512,50,2,False,False,False,False,True,False,False,1.6,1,128,0,seq_resync,1.0,protocol does not carry verifiable prev_mem,sequence state resynchronized without memory recovery
seq_mac,prev_mem,5000,512,50,3,False,False,False,False,True,False,False,1.65,1,128,0,seq_resync,1.0,protocol does not carry verifiable prev_mem,sequence state resynchronized without memory recovery
seq_mac,prev_mem,5000,512,100,1,False,False,False,False,True,False,False,1.55,1,128,0,seq_resync,1.0,protocol does not carry verifiable prev_mem,sequence state resynchronized without memory recovery
seq_mac,prev_mem,5000,512,100,2,False,False,False,False,True,False,False,1.6,1,128,0,seq_resync,1.0,protocol does not carry verifiable prev_mem,sequence state resynchronized without memory recovery
seq_mac,prev_mem,5000,512,100,3,False,False,False,False,True,False,False,1.65,1,128,0,seq_resync,1.0,protocol does not carry verifiable prev_mem,sequence state resynchronized without memory recovery
seq_mac,prev_mem,5000,512,500,1,False,False,False,False,True,False,False,1.55,1,128,0,seq_resync,1.0,protocol does not carry verifiable prev_mem,sequence state resynchronized without memory recovery
seq_mac,prev_mem,5000,512,500,2,False,False,False,False,True,False,False,1.6,1,128,0,seq_resync,1.0,protocol does not carry verifiable prev_mem,sequence state resynchronized without memory recovery
seq_mac,prev_mem,5000,512,500,3,False,False,False,False,True,False,False,1.65,1,128,0,seq_resync,1.0,protocol does not carry verifiable prev_mem,sequence state resynchronized without memory recovery
seq_mac,rollback_ticket,100,128,50,1,False,False,False,False,True,False,False,1.55,1,128,0,seq_resync,1.0,rollback ticket is not used by this baseline,sequence state resynchronized without memory recovery
seq_mac,rollback_ticket,100,128,50,2,False,False,False,False,True,False,False,1.6,1,128,0,seq_resync,1.0,rollback ticket is not used by this baseline,sequence state resynchronized without memory recovery
seq_mac,rollback_ticket,100,128,50,3,False,False,False,False,True,False,False,1.65,1,128,0,seq_resync,1.0,rollback ticket is not used by this baseline,sequence state resynchronized without memory recovery
seq_mac,rollback_ticket,100,128,100,1,False,False,False,False,True,False,False,1.55,1,128,0,seq_resync,1.0,rollback ticket is not used by this baseline,sequence state resynchronized without memory recovery
seq_mac,rollback_ticket,100,128,100,2,False,False,False,False,True,False,False,1.6,1,128,0,seq_resync,1.0,rollback ticket is not used by this baseline,sequence state resynchronized without memory recovery
seq_mac,rollback_ticket,100,128,100,3,False,False,False,False,True,False,False,1.65,1,128,0,seq_resync,1.0,rollback ticket is not used by this baseline,sequence state resynchronized without memory recovery
seq_mac,rollback_ticket,100,128,500,1,False,False,False,False,True,False,False,1.55,1,128,0,seq_resync,1.0,rollback ticket is not used by this baseline,sequence state resynchronized without memory recovery
seq_mac,rollback_ticket,100,128,500,2,False,False,False,False,True,False,False,1.6,1,128,0,seq_resync,1.0,rollback ticket is not used by this baseline,sequence state resynchronized without memory recovery
seq_mac,rollback_ticket,100,128,500,3,False,False,False,False,True,False,False,1.65,1,128,0,seq_resync,1.0,rollback ticket is not used by this baseline,sequence state resynchronized without memory recovery
seq_mac,rollback_ticket,100,512,50,1,False,False,False,False,True,False,False,1.55,1,128,0,seq_resync,1.0,rollback ticket is not used by this baseline,sequence state resynchronized without memory recovery
seq_mac,rollback_ticket,100,512,50,2,False,False,False,False,True,False,False,1.6,1,128,0,seq_resync,1.0,rollback ticket is not used by this baseline,sequence state resynchronized without memory recovery
seq_mac,rollback_ticket,100,512,50,3,False,False,False,False,True,False,False,1.65,1,128,0,seq_resync,1.0,rollback ticket is not used by this baseline,sequence state resynchronized without memory recovery
seq_mac,rollback_ticket,100,512,100,1,False,False,False,False,True,False,False,1.55,1,128,0,seq_resync,1.0,rollback ticket is not used by this baseline,sequence state resynchronized without memory recovery
seq_mac,rollback_ticket,100,512,100,2,False,False,False,False,True,False,False,1.6,1,128,0,seq_resync,1.0,rollback ticket is not used by this baseline,sequence state resynchronized without memory recovery
seq_mac,rollback_ticket,100,512,100,3,False,False,False,False,True,False,False,1.65,1,128,0,seq_resync,1.0,rollback ticket is not used by this baseline,sequence state resynchronized without memory recovery
seq_mac,rollback_ticket,100,512,500,1,False,False,False,False,True,False,False,1.55,1,128,0,seq_resync,1.0,rollback ticket is not used by this baseline,sequence state resynchronized without memory recovery
seq_mac,rollback_ticket,100,512,500,2,False,False,False,False,True,False,False,1.6,1,128,0,seq_resync,1.0,rollback ticket is not used by this baseline,sequence state resynchronized without memory recovery
seq_mac,rollback_ticket,100,512,500,3,False,False,False,False,True,False,False,1.65,1,128,0,seq_resync,1.0,rollback ticket is not used by this baseline,sequence state resynchronized without memory recovery
seq_mac,rollback_ticket,500,128,50,1,False,False,False,False,True,False,False,1.55,1,128,0,seq_resync,1.0,rollback ticket is not used by this baseline,sequence state resynchronized without memory recovery
seq_mac,rollback_ticket,500,128,50,2,False,False,False,False,True,False,False,1.6,1,128,0,seq_resync,1.0,rollback ticket is not used by this baseline,sequence state resynchronized without memory recovery
seq_mac,rollback_ticket,500,128,50,3,False,False,False,False,True,False,False,1.65,1,128,0,seq_resync,1.0,rollback ticket is not used by this baseline,sequence state resynchronized without memory recovery
seq_mac,rollback_ticket,500,128,100,1,False,False,False,False,True,False,False,1.55,1,128,0,seq_resync,1.0,rollback ticket is not used by this baseline,sequence state resynchronized without memory recovery
seq_mac,rollback_ticket,500,128,100,2,False,False,False,False,True,False,False,1.6,1,128,0,seq_resync,1.0,rollback ticket is not used by this baseline,sequence state resynchronized without memory recovery
seq_mac,rollback_ticket,500,128,100,3,False,False,False,False,True,False,False,1.65,1,128,0,seq_resync,1.0,rollback ticket is not used by this baseline,sequence state resynchronized without memory recovery
seq_mac,rollback_ticket,500,128,500,1,False,False,False,False,True,False,False,1.55,1,128,0,seq_resync,1.0,rollback ticket is not used by this baseline,sequence state resynchronized without memory recovery
seq_mac,rollback_ticket,500,128,500,2,False,False,False,False,True,False,False,1.6,1,128,0,seq_resync,1.0,rollback ticket is not used by this baseline,sequence state resynchronized without memory recovery
seq_mac,rollback_ticket,500,128,500,3,False,False,False,False,True,False,False,1.65,1,128,0,seq_resync,1.0,rollback ticket is not used by this baseline,sequence state resynchronized without memory recovery
seq_mac,rollback_ticket,500,512,50,1,False,False,False,False,True,False,False,1.55,1,128,0,seq_resync,1.0,rollback ticket is not used by this baseline,sequence state resynchronized without memory recovery
seq_mac,rollback_ticket,500,512,50,2,False,False,False,False,True,False,False,1.6,1,128,0,seq_resync,1.0,rollback ticket is not used by this baseline,sequence state resynchronized without memory recovery
seq_mac,rollback_ticket,500,512,50,3,False,False,False,False,True,False,False,1.65,1,128,0,seq_resync,1.0,rollback ticket is not used by this baseline,sequence state resynchronized without memory recovery
seq_mac,rollback_ticket,500,512,100,1,False,False,False,False,True,False,False,1.55,1,128,0,seq_resync,1.0,rollback ticket is not used by this baseline,sequence state resynchronized without memory recovery
seq_mac,rollback_ticket,500,512,100,2,False,False,False,False,True,False,False,1.6,1,128,0,seq_resync,1.0,rollback ticket is not used by this baseline,sequence state resynchronized without memory recovery
seq_mac,rollback_ticket,500,512,100,3,False,False,False,False,True,False,False,1.65,1,128,0,seq_resync,1.0,rollback ticket is not used by this baseline,sequence state resynchronized without memory recovery
seq_mac,rollback_ticket,500,512,500,1,False,False,False,False,True,False,False,1.55,1,128,0,seq_resync,1.0,rollback ticket is not used by this baseline,sequence state resynchronized without memory recovery
seq_mac,rollback_ticket,500,512,500,2,False,False,False,False,True,False,False,1.6,1,128,0,seq_resync,1.0,rollback ticket is not used by this baseline,sequence state resynchronized without memory recovery
seq_mac,rollback_ticket,500,512,500,3,False,False,False,False,True,False,False,1.65,1,128,0,seq_resync,1.0,rollback ticket is not used by this baseline,sequence state resynchronized without memory recovery
seq_mac,rollback_ticket,1000,128,50,1,False,False,False,False,True,False,False,1.55,1,128,0,seq_resync,1.0,rollback ticket is not used by this baseline,sequence state resynchronized without memory recovery
seq_mac,rollback_ticket,1000,128,50,2,False,False,False,False,True,False,False,1.6,1,128,0,seq_resync,1.0,rollback ticket is not used by this baseline,sequence state resynchronized without memory recovery
seq_mac,rollback_ticket,1000,128,50,3,False,False,False,False,True,False,False,1.65,1,128,0,seq_resync,1.0,rollback ticket is not used by this baseline,sequence state resynchronized without memory recovery
seq_mac,rollback_ticket,1000,128,100,1,False,False,False,False,True,False,False,1.55,1,128,0,seq_resync,1.0,rollback ticket is not used by this baseline,sequence state resynchronized without memory recovery
seq_mac,rollback_ticket,1000,128,100,2,False,False,False,False,True,False,False,1.6,1,128,0,seq_resync,1.0,rollback ticket is not used by this baseline,sequence state resynchronized without memory recovery
seq_mac,rollback_ticket,1000,128,100,3,False,False,False,False,True,False,False,1.65,1,128,0,seq_resync,1.0,rollback ticket is not used by this baseline,sequence state resynchronized without memory recovery
seq_mac,rollback_ticket,1000,128,500,1,False,False,False,False,True,False,False,1.55,1,128,0,seq_resync,1.0,rollback ticket is not used by this baseline,sequence state resynchronized without memory recovery
seq_mac,rollback_ticket,1000,128,500,2,False,False,False,False,True,False,False,1.6,1,128,0,seq_resync,1.0,rollback ticket is not used by this baseline,sequence state resynchronized without memory recovery
seq_mac,rollback_ticket,1000,128,500,3,False,False,False,False,True,False,False,1.65,1,128,0,seq_resync,1.0,rollback ticket is not used by this baseline,sequence state resynchronized without memory recovery
seq_mac,rollback_ticket,1000,512,50,1,False,False,False,False,True,False,False,1.55,1,128,0,seq_resync,1.0,rollback ticket is not used by this baseline,sequence state resynchronized without memory recovery
seq_mac,rollback_ticket,1000,512,50,2,False,False,False,False,True,False,False,1.6,1,128,0,seq_resync,1.0,rollback ticket is not used by this baseline,sequence state resynchronized without memory recovery
seq_mac,rollback_ticket,1000,512,50,3,False,False,False,False,True,False,False,1.65,1,128,0,seq_resync,1.0,rollback ticket is not used by this baseline,sequence state resynchronized without memory recovery
seq_mac,rollback_ticket,1000,512,100,1,False,False,False,False,True,False,False,1.55,1,128,0,seq_resync,1.0,rollback ticket is not used by this baseline,sequence state resynchronized without memory recovery
seq_mac,rollback_ticket,1000,512,100,2,False,False,False,False,True,False,False,1.6,1,128,0,seq_resync,1.0,rollback ticket is not used by this baseline,sequence state resynchronized without memory recovery
seq_mac,rollback_ticket,1000,512,100,3,False,False,False,False,True,False,False,1.65,1,128,0,seq_resync,1.0,rollback ticket is not used by this baseline,sequence state resynchronized without memory recovery
seq_mac,rollback_ticket,1000,512,500,1,False,False,False,False,True,False,False,1.55,1,128,0,seq_resync,1.0,rollback ticket is not used by this baseline,sequence state resynchronized without memory recovery
seq_mac,rollback_ticket,1000,512,500,2,False,False,False,False,True,False,False,1.6,1,128,0,seq_resync,1.0,rollback ticket is not used by this baseline,sequence state resynchronized without memory recovery
seq_mac,rollback_ticket,1000,512,500,3,False,False,False,False,True,False,False,1.65,1,128,0,seq_resync,1.0,rollback ticket is not used by this baseline,sequence state resynchronized without memory recovery
seq_mac,rollback_ticket,5000,128,50,1,False,False,False,False,True,False,False,1.55,1,128,0,seq_resync,1.0,rollback ticket is not used by this baseline,sequence state resynchronized without memory recovery
seq_mac,rollback_ticket,5000,128,50,2,False,False,False,False,True,False,False,1.6,1,128,0,seq_resync,1.0,rollback ticket is not used by this baseline,sequence state resynchronized without memory recovery
seq_mac,rollback_ticket,5000,128,50,3,False,False,False,False,True,False,False,1.65,1,128,0,seq_resync,1.0,rollback ticket is not used by this baseline,sequence state resynchronized without memory recovery
seq_mac,rollback_ticket,5000,128,100,1,False,False,False,False,True,False,False,1.55,1,128,0,seq_resync,1.0,rollback ticket is not used by this baseline,sequence state resynchronized without memory recovery
seq_mac,rollback_ticket,5000,128,100,2,False,False,False,False,True,False,False,1.6,1,128,0,seq_resync,1.0,rollback ticket is not used by this baseline,sequence state resynchronized without memory recovery
seq_mac,rollback_ticket,5000,128,100,3,False,False,False,False,True,False,False,1.65,1,128,0,seq_resync,1.0,rollback ticket is not used by this baseline,sequence state resynchronized without memory recovery
seq_mac,rollback_ticket,5000,128,500,1,False,False,False,False,True,False,False,1.55,1,128,0,seq_resync,1.0,rollback ticket is not used by this baseline,sequence state resynchronized without memory recovery
seq_mac,rollback_ticket,5000,128,500,2,False,False,False,False,True,False,False,1.6,1,128,0,seq_resync,1.0,rollback ticket is not used by this baseline,sequence state resynchronized without memory recovery
seq_mac,rollback_ticket,5000,128,500,3,False,False,False,False,True,False,False,1.65,1,128,0,seq_resync,1.0,rollback ticket is not used by this baseline,sequence state resynchronized without memory recovery
seq_mac,rollback_ticket,5000,512,50,1,False,False,False,False,True,False,False,1.55,1,128,0,seq_resync,1.0,rollback ticket is not used by this baseline,sequence state resynchronized without memory recovery
seq_mac,rollback_ticket,5000,512,50,2,False,False,False,False,True,False,False,1.6,1,128,0,seq_resync,1.0,rollback ticket is not used by this baseline,sequence state resynchronized without memory recovery
seq_mac,rollback_ticket,5000,512,50,3,False,False,False,False,True,False,False,1.65,1,128,0,seq_resync,1.0,rollback ticket is not used by this baseline,sequence state resynchronized without memory recovery
seq_mac,rollback_ticket,5000,512,100,1,False,False,False,False,True,False,False,1.55,1,128,0,seq_resync,1.0,rollback ticket is not used by this baseline,sequence state resynchronized without memory recovery
seq_mac,rollback_ticket,5000,512,100,2,False,False,False,False,True,False,False,1.6,1,128,0,seq_resync,1.0,rollback ticket is not used by this baseline,sequence state resynchronized without memory recovery
seq_mac,rollback_ticket,5000,512,100,3,False,False,False,False,True,False,False,1.65,1,128,0,seq_resync,1.0,rollback ticket is not used by this baseline,sequence state resynchronized without memory recovery
seq_mac,rollback_ticket,5000,512,500,1,False,False,False,False,True,False,False,1.55,1,128,0,seq_resync,1.0,rollback ticket is not used by this baseline,sequence state resynchronized without memory recovery
seq_mac,rollback_ticket,5000,512,500,2,False,False,False,False,True,False,False,1.6,1,128,0,seq_resync,1.0,rollback ticket is not used by this baseline,sequence state resynchronized without memory recovery
seq_mac,rollback_ticket,5000,512,500,3,False,False,False,False,True,False,False,1.65,1,128,0,seq_resync,1.0,rollback ticket is not used by this baseline,sequence state resynchronized without memory recovery
seq_mac,disconnect,100,128,50,1,False,False,False,True,True,False,False,1.55,1,128,0,seq_resync,1.0,disconnect detected by seq_mac model,sequence state resynchronized without memory recovery
seq_mac,disconnect,100,128,50,2,False,False,False,True,True,False,False,1.6,1,128,0,seq_resync,1.0,disconnect detected by seq_mac model,sequence state resynchronized without memory recovery
seq_mac,disconnect,100,128,50,3,False,False,False,True,True,False,False,1.65,1,128,0,seq_resync,1.0,disconnect detected by seq_mac model,sequence state resynchronized without memory recovery
seq_mac,disconnect,100,128,100,1,False,False,False,True,True,False,False,1.55,1,128,0,seq_resync,1.0,disconnect detected by seq_mac model,sequence state resynchronized without memory recovery
seq_mac,disconnect,100,128,100,2,False,False,False,True,True,False,False,1.6,1,128,0,seq_resync,1.0,disconnect detected by seq_mac model,sequence state resynchronized without memory recovery
seq_mac,disconnect,100,128,100,3,False,False,False,True,True,False,False,1.65,1,128,0,seq_resync,1.0,disconnect detected by seq_mac model,sequence state resynchronized without memory recovery
seq_mac,disconnect,100,128,500,1,False,False,False,True,True,False,False,1.55,1,128,0,seq_resync,1.0,disconnect detected by seq_mac model,sequence state resynchronized without memory recovery
seq_mac,disconnect,100,128,500,2,False,False,False,True,True,False,False,1.6,1,128,0,seq_resync,1.0,disconnect detected by seq_mac model,sequence state resynchronized without memory recovery
seq_mac,disconnect,100,128,500,3,False,False,False,True,True,False,False,1.65,1,128,0,seq_resync,1.0,disconnect detected by seq_mac model,sequence state resynchronized without memory recovery
seq_mac,disconnect,100,512,50,1,False,False,False,True,True,False,False,1.55,1,128,0,seq_resync,1.0,disconnect detected by seq_mac model,sequence state resynchronized without memory recovery
seq_mac,disconnect,100,512,50,2,False,False,False,True,True,False,False,1.6,1,128,0,seq_resync,1.0,disconnect detected by seq_mac model,sequence state resynchronized without memory recovery
seq_mac,disconnect,100,512,50,3,False,False,False,True,True,False,False,1.65,1,128,0,seq_resync,1.0,disconnect detected by seq_mac model,sequence state resynchronized without memory recovery
seq_mac,disconnect,100,512,100,1,False,False,False,True,True,False,False,1.55,1,128,0,seq_resync,1.0,disconnect detected by seq_mac model,sequence state resynchronized without memory recovery
seq_mac,disconnect,100,512,100,2,False,False,False,True,True,False,False,1.6,1,128,0,seq_resync,1.0,disconnect detected by seq_mac model,sequence state resynchronized without memory recovery
seq_mac,disconnect,100,512,100,3,False,False,False,True,True,False,False,1.65,1,128,0,seq_resync,1.0,disconnect detected by seq_mac model,sequence state resynchronized without memory recovery
seq_mac,disconnect,100,512,500,1,False,False,False,True,True,False,False,1.55,1,128,0,seq_resync,1.0,disconnect detected by seq_mac model,sequence state resynchronized without memory recovery
seq_mac,disconnect,100,512,500,2,False,False,False,True,True,False,False,1.6,1,128,0,seq_resync,1.0,disconnect detected by seq_mac model,sequence state resynchronized without memory recovery
seq_mac,disconnect,100,512,500,3,False,False,False,True,True,False,False,1.65,1,128,0,seq_resync,1.0,disconnect detected by seq_mac model,sequence state resynchronized without memory recovery
seq_mac,disconnect,500,128,50,1,False,False,False,True,True,False,False,1.55,1,128,0,seq_resync,1.0,disconnect detected by seq_mac model,sequence state resynchronized without memory recovery
seq_mac,disconnect,500,128,50,2,False,False,False,True,True,False,False,1.6,1,128,0,seq_resync,1.0,disconnect detected by seq_mac model,sequence state resynchronized without memory recovery
seq_mac,disconnect,500,128,50,3,False,False,False,True,True,False,False,1.65,1,128,0,seq_resync,1.0,disconnect detected by seq_mac model,sequence state resynchronized without memory recovery
seq_mac,disconnect,500,128,100,1,False,False,False,True,True,False,False,1.55,1,128,0,seq_resync,1.0,disconnect detected by seq_mac model,sequence state resynchronized without memory recovery
seq_mac,disconnect,500,128,100,2,False,False,False,True,True,False,False,1.6,1,128,0,seq_resync,1.0,disconnect detected by seq_mac model,sequence state resynchronized without memory recovery
seq_mac,disconnect,500,128,100,3,False,False,False,True,True,False,False,1.65,1,128,0,seq_resync,1.0,disconnect detected by seq_mac model,sequence state resynchronized without memory recovery
seq_mac,disconnect,500,128,500,1,False,False,False,True,True,False,False,1.55,1,128,0,seq_resync,1.0,disconnect detected by seq_mac model,sequence state resynchronized without memory recovery
seq_mac,disconnect,500,128,500,2,False,False,False,True,True,False,False,1.6,1,128,0,seq_resync,1.0,disconnect detected by seq_mac model,sequence state resynchronized without memory recovery
seq_mac,disconnect,500,128,500,3,False,False,False,True,True,False,False,1.65,1,128,0,seq_resync,1.0,disconnect detected by seq_mac model,sequence state resynchronized without memory recovery
seq_mac,disconnect,500,512,50,1,False,False,False,True,True,False,False,1.55,1,128,0,seq_resync,1.0,disconnect detected by seq_mac model,sequence state resynchronized without memory recovery
seq_mac,disconnect,500,512,50,2,False,False,False,True,True,False,False,1.6,1,128,0,seq_resync,1.0,disconnect detected by seq_mac model,sequence state resynchronized without memory recovery
seq_mac,disconnect,500,512,50,3,False,False,False,True,True,False,False,1.65,1,128,0,seq_resync,1.0,disconnect detected by seq_mac model,sequence state resynchronized without memory recovery
seq_mac,disconnect,500,512,100,1,False,False,False,True,True,False,False,1.55,1,128,0,seq_resync,1.0,disconnect detected by seq_mac model,sequence state resynchronized without memory recovery
seq_mac,disconnect,500,512,100,2,False,False,False,True,True,False,False,1.6,1,128,0,seq_resync,1.0,disconnect detected by seq_mac model,sequence state resynchronized without memory recovery
seq_mac,disconnect,500,512,100,3,False,False,False,True,True,False,False,1.65,1,128,0,seq_resync,1.0,disconnect detected by seq_mac model,sequence state resynchronized without memory recovery
seq_mac,disconnect,500,512,500,1,False,False,False,True,True,False,False,1.55,1,128,0,seq_resync,1.0,disconnect detected by seq_mac model,sequence state resynchronized without memory recovery
seq_mac,disconnect,500,512,500,2,False,False,False,True,True,False,False,1.6,1,128,0,seq_resync,1.0,disconnect detected by seq_mac model,sequence state resynchronized without memory recovery
seq_mac,disconnect,500,512,500,3,False,False,False,True,True,False,False,1.65,1,128,0,seq_resync,1.0,disconnect detected by seq_mac model,sequence state resynchronized without memory recovery
seq_mac,disconnect,1000,128,50,1,False,False,False,True,True,False,False,1.55,1,128,0,seq_resync,1.0,disconnect detected by seq_mac model,sequence state resynchronized without memory recovery
seq_mac,disconnect,1000,128,50,2,False,False,False,True,True,False,False,1.6,1,128,0,seq_resync,1.0,disconnect detected by seq_mac model,sequence state resynchronized without memory recovery
seq_mac,disconnect,1000,128,50,3,False,False,False,True,True,False,False,1.65,1,128,0,seq_resync,1.0,disconnect detected by seq_mac model,sequence state resynchronized without memory recovery
seq_mac,disconnect,1000,128,100,1,False,False,False,True,True,False,False,1.55,1,128,0,seq_resync,1.0,disconnect detected by seq_mac model,sequence state resynchronized without memory recovery
seq_mac,disconnect,1000,128,100,2,False,False,False,True,True,False,False,1.6,1,128,0,seq_resync,1.0,disconnect detected by seq_mac model,sequence state resynchronized without memory recovery
seq_mac,disconnect,1000,128,100,3,False,False,False,True,True,False,False,1.65,1,128,0,seq_resync,1.0,disconnect detected by seq_mac model,sequence state resynchronized without memory recovery
seq_mac,disconnect,1000,128,500,1,False,False,False,True,True,False,False,1.55,1,128,0,seq_resync,1.0,disconnect detected by seq_mac model,sequence state resynchronized without memory recovery
seq_mac,disconnect,1000,128,500,2,False,False,False,True,True,False,False,1.6,1,128,0,seq_resync,1.0,disconnect detected by seq_mac model,sequence state resynchronized without memory recovery
seq_mac,disconnect,1000,128,500,3,False,False,False,True,True,False,False,1.65,1,128,0,seq_resync,1.0,disconnect detected by seq_mac model,sequence state resynchronized without memory recovery
seq_mac,disconnect,1000,512,50,1,False,False,False,True,True,False,False,1.55,1,128,0,seq_resync,1.0,disconnect detected by seq_mac model,sequence state resynchronized without memory recovery
seq_mac,disconnect,1000,512,50,2,False,False,False,True,True,False,False,1.6,1,128,0,seq_resync,1.0,disconnect detected by seq_mac model,sequence state resynchronized without memory recovery
seq_mac,disconnect,1000,512,50,3,False,False,False,True,True,False,False,1.65,1,128,0,seq_resync,1.0,disconnect detected by seq_mac model,sequence state resynchronized without memory recovery
seq_mac,disconnect,1000,512,100,1,False,False,False,True,True,False,False,1.55,1,128,0,seq_resync,1.0,disconnect detected by seq_mac model,sequence state resynchronized without memory recovery
seq_mac,disconnect,1000,512,100,2,False,False,False,True,True,False,False,1.6,1,128,0,seq_resync,1.0,disconnect detected by seq_mac model,sequence state resynchronized without memory recovery
seq_mac,disconnect,1000,512,100,3,False,False,False,True,True,False,False,1.65,1,128,0,seq_resync,1.0,disconnect detected by seq_mac model,sequence state resynchronized without memory recovery
seq_mac,disconnect,1000,512,500,1,False,False,False,True,True,False,False,1.55,1,128,0,seq_resync,1.0,disconnect detected by seq_mac model,sequence state resynchronized without memory recovery
seq_mac,disconnect,1000,512,500,2,False,False,False,True,True,False,False,1.6,1,128,0,seq_resync,1.0,disconnect detected by seq_mac model,sequence state resynchronized without memory recovery
seq_mac,disconnect,1000,512,500,3,False,False,False,True,True,False,False,1.65,1,128,0,seq_resync,1.0,disconnect detected by seq_mac model,sequence state resynchronized without memory recovery
seq_mac,disconnect,5000,128,50,1,False,False,False,True,True,False,False,1.55,1,128,0,seq_resync,1.0,disconnect detected by seq_mac model,sequence state resynchronized without memory recovery
seq_mac,disconnect,5000,128,50,2,False,False,False,True,True,False,False,1.6,1,128,0,seq_resync,1.0,disconnect detected by seq_mac model,sequence state resynchronized without memory recovery
seq_mac,disconnect,5000,128,50,3,False,False,False,True,True,False,False,1.65,1,128,0,seq_resync,1.0,disconnect detected by seq_mac model,sequence state resynchronized without memory recovery
seq_mac,disconnect,5000,128,100,1,False,False,False,True,True,False,False,1.55,1,128,0,seq_resync,1.0,disconnect detected by seq_mac model,sequence state resynchronized without memory recovery
seq_mac,disconnect,5000,128,100,2,False,False,False,True,True,False,False,1.6,1,128,0,seq_resync,1.0,disconnect detected by seq_mac model,sequence state resynchronized without memory recovery
seq_mac,disconnect,5000,128,100,3,False,False,False,True,True,False,False,1.65,1,128,0,seq_resync,1.0,disconnect detected by seq_mac model,sequence state resynchronized without memory recovery
seq_mac,disconnect,5000,128,500,1,False,False,False,True,True,False,False,1.55,1,128,0,seq_resync,1.0,disconnect detected by seq_mac model,sequence state resynchronized without memory recovery
seq_mac,disconnect,5000,128,500,2,False,False,False,True,True,False,False,1.6,1,128,0,seq_resync,1.0,disconnect detected by seq_mac model,sequence state resynchronized without memory recovery
seq_mac,disconnect,5000,128,500,3,False,False,False,True,True,False,False,1.65,1,128,0,seq_resync,1.0,disconnect detected by seq_mac model,sequence state resynchronized without memory recovery
seq_mac,disconnect,5000,512,50,1,False,False,False,True,True,False,False,1.55,1,128,0,seq_resync,1.0,disconnect detected by seq_mac model,sequence state resynchronized without memory recovery
seq_mac,disconnect,5000,512,50,2,False,False,False,True,True,False,False,1.6,1,128,0,seq_resync,1.0,disconnect detected by seq_mac model,sequence state resynchronized without memory recovery
seq_mac,disconnect,5000,512,50,3,False,False,False,True,True,False,False,1.65,1,128,0,seq_resync,1.0,disconnect detected by seq_mac model,sequence state resynchronized without memory recovery
seq_mac,disconnect,5000,512,100,1,False,False,False,True,True,False,False,1.55,1,128,0,seq_resync,1.0,disconnect detected by seq_mac model,sequence state resynchronized without memory recovery
seq_mac,disconnect,5000,512,100,2,False,False,False,True,True,False,False,1.6,1,128,0,seq_resync,1.0,disconnect detected by seq_mac model,sequence state resynchronized without memory recovery
seq_mac,disconnect,5000,512,100,3,False,False,False,True,True,False,False,1.65,1,128,0,seq_resync,1.0,disconnect detected by seq_mac model,sequence state resynchronized without memory recovery
seq_mac,disconnect,5000,512,500,1,False,False,False,True,True,False,False,1.55,1,128,0,seq_resync,1.0,disconnect detected by seq_mac model,sequence state resynchronized without memory recovery
seq_mac,disconnect,5000,512,500,2,False,False,False,True,True,False,False,1.6,1,128,0,seq_resync,1.0,disconnect detected by seq_mac model,sequence state resynchronized without memory recovery
seq_mac,disconnect,5000,512,500,3,False,False,False,True,True,False,False,1.65,1,128,0,seq_resync,1.0,disconnect detected by seq_mac model,sequence state resynchronized without memory recovery
hash_chain,drop,100,128,50,1,True,True,True,True,True,True,False,3.8,70,8960,70,history_hash_chain_replay,0.78,drop detected by hash_chain model,memory recovered by replaying hash-chain history
hash_chain,drop,100,128,50,2,True,True,True,True,True,True,False,3.85,70,8960,70,history_hash_chain_replay,0.78,drop detected by hash_chain model,memory recovered by replaying hash-chain history
hash_chain,drop,100,128,50,3,True,True,True,True,True,True,False,3.9,70,8960,70,history_hash_chain_replay,0.78,drop detected by hash_chain model,memory recovered by replaying hash-chain history
hash_chain,drop,100,128,100,1,True,True,True,True,True,True,False,3.8,70,8960,70,history_hash_chain_replay,0.78,drop detected by hash_chain model,memory recovered by replaying hash-chain history
hash_chain,drop,100,128,100,2,True,True,True,True,True,True,False,3.85,70,8960,70,history_hash_chain_replay,0.78,drop detected by hash_chain model,memory recovered by replaying hash-chain history
hash_chain,drop,100,128,100,3,True,True,True,True,True,True,False,3.9,70,8960,70,history_hash_chain_replay,0.78,drop detected by hash_chain model,memory recovered by replaying hash-chain history
hash_chain,drop,100,128,500,1,True,True,True,True,True,True,False,3.8,70,8960,70,history_hash_chain_replay,0.78,drop detected by hash_chain model,memory recovered by replaying hash-chain history
hash_chain,drop,100,128,500,2,True,True,True,True,True,True,False,3.85,70,8960,70,history_hash_chain_replay,0.78,drop detected by hash_chain model,memory recovered by replaying hash-chain history
hash_chain,drop,100,128,500,3,True,True,True,True,True,True,False,3.9,70,8960,70,history_hash_chain_replay,0.78,drop detected by hash_chain model,memory recovered by replaying hash-chain history
hash_chain,drop,100,512,50,1,True,True,True,True,True,True,False,3.8,70,35840,70,history_hash_chain_replay,0.78,drop detected by hash_chain model,memory recovered by replaying hash-chain history
hash_chain,drop,100,512,50,2,True,True,True,True,True,True,False,3.85,70,35840,70,history_hash_chain_replay,0.78,drop detected by hash_chain model,memory recovered by replaying hash-chain history
hash_chain,drop,100,512,50,3,True,True,True,True,True,True,False,3.9,70,35840,70,history_hash_chain_replay,0.78,drop detected by hash_chain model,memory recovered by replaying hash-chain history
hash_chain,drop,100,512,100,1,True,True,True,True,True,True,False,3.8,70,35840,70,history_hash_chain_replay,0.78,drop detected by hash_chain model,memory recovered by replaying hash-chain history
hash_chain,drop,100,512,100,2,True,True,True,True,True,True,False,3.85,70,35840,70,history_hash_chain_replay,0.78,drop detected by hash_chain model,memory recovered by replaying hash-chain history
hash_chain,drop,100,512,100,3,True,True,True,True,True,True,False,3.9,70,35840,70,history_hash_chain_replay,0.78,drop detected by hash_chain model,memory recovered by replaying hash-chain history
hash_chain,drop,100,512,500,1,True,True,True,True,True,True,False,3.8,70,35840,70,history_hash_chain_replay,0.78,drop detected by hash_chain model,memory recovered by replaying hash-chain history
hash_chain,drop,100,512,500,2,True,True,True,True,True,True,False,3.85,70,35840,70,history_hash_chain_replay,0.78,drop detected by hash_chain model,memory recovered by replaying hash-chain history
hash_chain,drop,100,512,500,3,True,True,True,True,True,True,False,3.9,70,35840,70,history_hash_chain_replay,0.78,drop detected by hash_chain model,memory recovered by replaying hash-chain history
hash_chain,drop,500,128,50,1,True,True,True,True,True,True,False,10.8,350,44800,350,history_hash_chain_replay,0.78,drop detected by hash_chain model,memory recovered by replaying hash-chain history
hash_chain,drop,500,128,50,2,True,True,True,True,True,True,False,10.85,350,44800,350,history_hash_chain_replay,0.78,drop detected by hash_chain model,memory recovered by replaying hash-chain history
hash_chain,drop,500,128,50,3,True,True,True,True,True,True,False,10.9,350,44800,350,history_hash_chain_replay,0.78,drop detected by hash_chain model,memory recovered by replaying hash-chain history
hash_chain,drop,500,128,100,1,True,True,True,True,True,True,False,10.8,350,44800,350,history_hash_chain_replay,0.78,drop detected by hash_chain model,memory recovered by replaying hash-chain history
hash_chain,drop,500,128,100,2,True,True,True,True,True,True,False,10.85,350,44800,350,history_hash_chain_replay,0.78,drop detected by hash_chain model,memory recovered by replaying hash-chain history
hash_chain,drop,500,128,100,3,True,True,True,True,True,True,False,10.9,350,44800,350,history_hash_chain_replay,0.78,drop detected by hash_chain model,memory recovered by replaying hash-chain history
hash_chain,drop,500,128,500,1,True,True,True,True,True,True,False,10.8,350,44800,350,history_hash_chain_replay,0.78,drop detected by hash_chain model,memory recovered by replaying hash-chain history
hash_chain,drop,500,128,500,2,True,True,True,True,True,True,False,10.85,350,44800,350,history_hash_chain_replay,0.78,drop detected by hash_chain model,memory recovered by replaying hash-chain history
hash_chain,drop,500,128,500,3,True,True,True,True,True,True,False,10.9,350,44800,350,history_hash_chain_replay,0.78,drop detected by hash_chain model,memory recovered by replaying hash-chain history
hash_chain,drop,500,512,50,1,True,True,True,True,True,True,False,10.8,350,179200,350,history_hash_chain_replay,0.78,drop detected by hash_chain model,memory recovered by replaying hash-chain history
hash_chain,drop,500,512,50,2,True,True,True,True,True,True,False,10.85,350,179200,350,history_hash_chain_replay,0.78,drop detected by hash_chain model,memory recovered by replaying hash-chain history
hash_chain,drop,500,512,50,3,True,True,True,True,True,True,False,10.9,350,179200,350,history_hash_chain_replay,0.78,drop detected by hash_chain model,memory recovered by replaying hash-chain history
hash_chain,drop,500,512,100,1,True,True,True,True,True,True,False,10.8,350,179200,350,history_hash_chain_replay,0.78,drop detected by hash_chain model,memory recovered by replaying hash-chain history
hash_chain,drop,500,512,100,2,True,True,True,True,True,True,False,10.85,350,179200,350,history_hash_chain_replay,0.78,drop detected by hash_chain model,memory recovered by replaying hash-chain history
hash_chain,drop,500,512,100,3,True,True,True,True,True,True,False,10.9,350,179200,350,history_hash_chain_replay,0.78,drop detected by hash_chain model,memory recovered by replaying hash-chain history
hash_chain,drop,500,512,500,1,True,True,True,True,True,True,False,10.8,350,179200,350,history_hash_chain_replay,0.78,drop detected by hash_chain model,memory recovered by replaying hash-chain history
hash_chain,drop,500,512,500,2,True,True,True,True,True,True,False,10.85,350,179200,350,history_hash_chain_replay,0.78,drop detected by hash_chain model,memory recovered by replaying hash-chain history
hash_chain,drop,500,512,500,3,True,True,True,True,True,True,False,10.9,350,179200,350,history_hash_chain_replay,0.78,drop detected by hash_chain model,memory recovered by replaying hash-chain history
hash_chain,drop,1000,128,50,1,True,True,True,True,True,True,False,19.55,700,89600,700,history_hash_chain_replay,0.78,drop detected by hash_chain model,memory recovered by replaying hash-chain history
hash_chain,drop,1000,128,50,2,True,True,True,True,True,True,False,19.6,700,89600,700,history_hash_chain_replay,0.78,drop detected by hash_chain model,memory recovered by replaying hash-chain history
hash_chain,drop,1000,128,50,3,True,True,True,True,True,True,False,19.65,700,89600,700,history_hash_chain_replay,0.78,drop detected by hash_chain model,memory recovered by replaying hash-chain history
hash_chain,drop,1000,128,100,1,True,True,True,True,True,True,False,19.55,700,89600,700,history_hash_chain_replay,0.78,drop detected by hash_chain model,memory recovered by replaying hash-chain history
hash_chain,drop,1000,128,100,2,True,True,True,True,True,True,False,19.6,700,89600,700,history_hash_chain_replay,0.78,drop detected by hash_chain model,memory recovered by replaying hash-chain history
hash_chain,drop,1000,128,100,3,True,True,True,True,True,True,False,19.65,700,89600,700,history_hash_chain_replay,0.78,drop detected by hash_chain model,memory recovered by replaying hash-chain history
hash_chain,drop,1000,128,500,1,True,True,True,True,True,True,False,19.55,700,89600,700,history_hash_chain_replay,0.78,drop detected by hash_chain model,memory recovered by replaying hash-chain history
hash_chain,drop,1000,128,500,2,True,True,True,True,True,True,False,19.6,700,89600,700,history_hash_chain_replay,0.78,drop detected by hash_chain model,memory recovered by replaying hash-chain history
hash_chain,drop,1000,128,500,3,True,True,True,True,True,True,False,19.65,700,89600,700,history_hash_chain_replay,0.78,drop detected by hash_chain model,memory recovered by replaying hash-chain history
hash_chain,drop,1000,512,50,1,True,True,True,True,True,True,False,19.55,700,358400,700,history_hash_chain_replay,0.78,drop detected by hash_chain model,memory recovered by replaying hash-chain history
hash_chain,drop,1000,512,50,2,True,True,True,True,True,True,False,19.6,700,358400,700,history_hash_chain_replay,0.78,drop detected by hash_chain model,memory recovered by replaying hash-chain history
hash_chain,drop,1000,512,50,3,True,True,True,True,True,True,False,19.65,700,358400,700,history_hash_chain_replay,0.78,drop detected by hash_chain model,memory recovered by replaying hash-chain history
hash_chain,drop,1000,512,100,1,True,True,True,True,True,True,False,19.55,700,358400,700,history_hash_chain_replay,0.78,drop detected by hash_chain model,memory recovered by replaying hash-chain history
hash_chain,drop,1000,512,100,2,True,True,True,True,True,True,False,19.6,700,358400,700,history_hash_chain_replay,0.78,drop detected by hash_chain model,memory recovered by replaying hash-chain history
hash_chain,drop,1000,512,100,3,True,True,True,True,True,True,False,19.65,700,358400,700,history_hash_chain_replay,0.78,drop detected by hash_chain model,memory recovered by replaying hash-chain history
hash_chain,drop,1000,512,500,1,True,True,True,True,True,True,False,19.55,700,358400,700,history_hash_chain_replay,0.78,drop detected by hash_chain model,memory recovered by replaying hash-chain history
hash_chain,drop,1000,512,500,2,True,True,True,True,True,True,False,19.6,700,358400,700,history_hash_chain_replay,0.78,drop detected by hash_chain model,memory recovered by replaying hash-chain history
hash_chain,drop,1000,512,500,3,True,True,True,True,True,True,False,19.65,700,358400,700,history_hash_chain_replay,0.78,drop detected by hash_chain model,memory recovered by replaying hash-chain history
hash_chain,drop,5000,128,50,1,True,True,True,True,True,True,False,89.55,3500,448000,3500,history_hash_chain_replay,0.78,drop detected by hash_chain model,memory recovered by replaying hash-chain history
hash_chain,drop,5000,128,50,2,True,True,True,True,True,True,False,89.6,3500,448000,3500,history_hash_chain_replay,0.78,drop detected by hash_chain model,memory recovered by replaying hash-chain history
hash_chain,drop,5000,128,50,3,True,True,True,True,True,True,False,89.65,3500,448000,3500,history_hash_chain_replay,0.78,drop detected by hash_chain model,memory recovered by replaying hash-chain history
hash_chain,drop,5000,128,100,1,True,True,True,True,True,True,False,89.55,3500,448000,3500,history_hash_chain_replay,0.78,drop detected by hash_chain model,memory recovered by replaying hash-chain history
hash_chain,drop,5000,128,100,2,True,True,True,True,True,True,False,89.6,3500,448000,3500,history_hash_chain_replay,0.78,drop detected by hash_chain model,memory recovered by replaying hash-chain history
hash_chain,drop,5000,128,100,3,True,True,True,True,True,True,False,89.65,3500,448000,3500,history_hash_chain_replay,0.78,drop detected by hash_chain model,memory recovered by replaying hash-chain history
hash_chain,drop,5000,128,500,1,True,True,True,True,True,True,False,89.55,3500,448000,3500,history_hash_chain_replay,0.78,drop detected by hash_chain model,memory recovered by replaying hash-chain history
hash_chain,drop,5000,128,500,2,True,True,True,True,True,True,False,89.6,3500,448000,3500,history_hash_chain_replay,0.78,drop detected by hash_chain model,memory recovered by replaying hash-chain history
hash_chain,drop,5000,128,500,3,True,True,True,True,True,True,False,89.65,3500,448000,3500,history_hash_chain_replay,0.78,drop detected by hash_chain model,memory recovered by replaying hash-chain history
hash_chain,drop,5000,512,50,1,True,True,True,True,True,True,False,89.55,3500,1792000,3500,history_hash_chain_replay,0.78,drop detected by hash_chain model,memory recovered by replaying hash-chain history
hash_chain,drop,5000,512,50,2,True,True,True,True,True,True,False,89.6,3500,1792000,3500,history_hash_chain_replay,0.78,drop detected by hash_chain model,memory recovered by replaying hash-chain history
hash_chain,drop,5000,512,50,3,True,True,True,True,True,True,False,89.65,3500,1792000,3500,history_hash_chain_replay,0.78,drop detected by hash_chain model,memory recovered by replaying hash-chain history
hash_chain,drop,5000,512,100,1,True,True,True,True,True,True,False,89.55,3500,1792000,3500,history_hash_chain_replay,0.78,drop detected by hash_chain model,memory recovered by replaying hash-chain history
hash_chain,drop,5000,512,100,2,True,True,True,True,True,True,False,89.6,3500,1792000,3500,history_hash_chain_replay,0.78,drop detected by hash_chain model,memory recovered by replaying hash-chain history
hash_chain,drop,5000,512,100,3,True,True,True,True,True,True,False,89.65,3500,1792000,3500,history_hash_chain_replay,0.78,drop detected by hash_chain model,memory recovered by replaying hash-chain history
hash_chain,drop,5000,512,500,1,True,True,True,True,True,True,False,89.55,3500,1792000,3500,history_hash_chain_replay,0.78,drop detected by hash_chain model,memory recovered by replaying hash-chain history
hash_chain,drop,5000,512,500,2,True,True,True,True,True,True,False,89.6,3500,1792000,3500,history_hash_chain_replay,0.78,drop detected by hash_chain model,memory recovered by replaying hash-chain history
hash_chain,drop,5000,512,500,3,True,True,True,True,True,True,False,89.65,3500,1792000,3500,history_hash_chain_replay,0.78,drop detected by hash_chain model,memory recovered by replaying hash-chain history
hash_chain,modify,100,128,50,1,True,True,True,True,True,True,False,3.8,70,8960,70,history_hash_chain_replay,0.78,modify detected by hash_chain model,memory recovered by replaying hash-chain history
hash_chain,modify,100,128,50,2,True,True,True,True,True,True,False,3.85,70,8960,70,history_hash_chain_replay,0.78,modify detected by hash_chain model,memory recovered by replaying hash-chain history
hash_chain,modify,100,128,50,3,True,True,True,True,True,True,False,3.9,70,8960,70,history_hash_chain_replay,0.78,modify detected by hash_chain model,memory recovered by replaying hash-chain history
hash_chain,modify,100,128,100,1,True,True,True,True,True,True,False,3.8,70,8960,70,history_hash_chain_replay,0.78,modify detected by hash_chain model,memory recovered by replaying hash-chain history
hash_chain,modify,100,128,100,2,True,True,True,True,True,True,False,3.85,70,8960,70,history_hash_chain_replay,0.78,modify detected by hash_chain model,memory recovered by replaying hash-chain history
hash_chain,modify,100,128,100,3,True,True,True,True,True,True,False,3.9,70,8960,70,history_hash_chain_replay,0.78,modify detected by hash_chain model,memory recovered by replaying hash-chain history
hash_chain,modify,100,128,500,1,True,True,True,True,True,True,False,3.8,70,8960,70,history_hash_chain_replay,0.78,modify detected by hash_chain model,memory recovered by replaying hash-chain history
hash_chain,modify,100,128,500,2,True,True,True,True,True,True,False,3.85,70,8960,70,history_hash_chain_replay,0.78,modify detected by hash_chain model,memory recovered by replaying hash-chain history
hash_chain,modify,100,128,500,3,True,True,True,True,True,True,False,3.9,70,8960,70,history_hash_chain_replay,0.78,modify detected by hash_chain model,memory recovered by replaying hash-chain history
hash_chain,modify,100,512,50,1,True,True,True,True,True,True,False,3.8,70,35840,70,history_hash_chain_replay,0.78,modify detected by hash_chain model,memory recovered by replaying hash-chain history
hash_chain,modify,100,512,50,2,True,True,True,True,True,True,False,3.85,70,35840,70,history_hash_chain_replay,0.78,modify detected by hash_chain model,memory recovered by replaying hash-chain history
hash_chain,modify,100,512,50,3,True,True,True,True,True,True,False,3.9,70,35840,70,history_hash_chain_replay,0.78,modify detected by hash_chain model,memory recovered by replaying hash-chain history
hash_chain,modify,100,512,100,1,True,True,True,True,True,True,False,3.8,70,35840,70,history_hash_chain_replay,0.78,modify detected by hash_chain model,memory recovered by replaying hash-chain history
hash_chain,modify,100,512,100,2,True,True,True,True,True,True,False,3.85,70,35840,70,history_hash_chain_replay,0.78,modify detected by hash_chain model,memory recovered by replaying hash-chain history
hash_chain,modify,100,512,100,3,True,True,True,True,True,True,False,3.9,70,35840,70,history_hash_chain_replay,0.78,modify detected by hash_chain model,memory recovered by replaying hash-chain history
hash_chain,modify,100,512,500,1,True,True,True,True,True,True,False,3.8,70,35840,70,history_hash_chain_replay,0.78,modify detected by hash_chain model,memory recovered by replaying hash-chain history
hash_chain,modify,100,512,500,2,True,True,True,True,True,True,False,3.85,70,35840,70,history_hash_chain_replay,0.78,modify detected by hash_chain model,memory recovered by replaying hash-chain history
hash_chain,modify,100,512,500,3,True,True,True,True,True,True,False,3.9,70,35840,70,history_hash_chain_replay,0.78,modify detected by hash_chain model,memory recovered by replaying hash-chain history
hash_chain,modify,500,128,50,1,True,True,True,True,True,True,False,10.8,350,44800,350,history_hash_chain_replay,0.78,modify detected by hash_chain model,memory recovered by replaying hash-chain history
hash_chain,modify,500,128,50,2,True,True,True,True,True,True,False,10.85,350,44800,350,history_hash_chain_replay,0.78,modify detected by hash_chain model,memory recovered by replaying hash-chain history
hash_chain,modify,500,128,50,3,True,True,True,True,True,True,False,10.9,350,44800,350,history_hash_chain_replay,0.78,modify detected by hash_chain model,memory recovered by replaying hash-chain history
hash_chain,modify,500,128,100,1,True,True,True,True,True,True,False,10.8,350,44800,350,history_hash_chain_replay,0.78,modify detected by hash_chain model,memory recovered by replaying hash-chain history
hash_chain,modify,500,128,100,2,True,True,True,True,True,True,False,10.85,350,44800,350,history_hash_chain_replay,0.78,modify detected by hash_chain model,memory recovered by replaying hash-chain history
hash_chain,modify,500,128,100,3,True,True,True,True,True,True,False,10.9,350,44800,350,history_hash_chain_replay,0.78,modify detected by hash_chain model,memory recovered by replaying hash-chain history
hash_chain,modify,500,128,500,1,True,True,True,True,True,True,False,10.8,350,44800,350,history_hash_chain_replay,0.78,modify detected by hash_chain model,memory recovered by replaying hash-chain history
hash_chain,modify,500,128,500,2,True,True,True,True,True,True,False,10.85,350,44800,350,history_hash_chain_replay,0.78,modify detected by hash_chain model,memory recovered by replaying hash-chain history
hash_chain,modify,500,128,500,3,True,True,True,True,True,True,False,10.9,350,44800,350,history_hash_chain_replay,0.78,modify detected by hash_chain model,memory recovered by replaying hash-chain history
hash_chain,modify,500,512,50,1,True,True,True,True,True,True,False,10.8,350,179200,350,history_hash_chain_replay,0.78,modify detected by hash_chain model,memory recovered by replaying hash-chain history
hash_chain,modify,500,512,50,2,True,True,True,True,True,True,False,10.85,350,179200,350,history_hash_chain_replay,0.78,modify detected by hash_chain model,memory recovered by replaying hash-chain history
hash_chain,modify,500,512,50,3,True,True,True,True,True,True,False,10.9,350,179200,350,history_hash_chain_replay,0.78,modify detected by hash_chain model,memory recovered by replaying hash-chain history
hash_chain,modify,500,512,100,1,True,True,True,True,True,True,False,10.8,350,179200,350,history_hash_chain_replay,0.78,modify detected by hash_chain model,memory recovered by replaying hash-chain history
hash_chain,modify,500,512,100,2,True,True,True,True,True,True,False,10.85,350,179200,350,history_hash_chain_replay,0.78,modify detected by hash_chain model,memory recovered by replaying hash-chain history
hash_chain,modify,500,512,100,3,True,True,True,True,True,True,False,10.9,350,179200,350,history_hash_chain_replay,0.78,modify detected by hash_chain model,memory recovered by replaying hash-chain history
hash_chain,modify,500,512,500,1,True,True,True,True,True,True,False,10.8,350,179200,350,history_hash_chain_replay,0.78,modify detected by hash_chain model,memory recovered by replaying hash-chain history
hash_chain,modify,500,512,500,2,True,True,True,True,True,True,False,10.85,350,179200,350,history_hash_chain_replay,0.78,modify detected by hash_chain model,memory recovered by replaying hash-chain history
hash_chain,modify,500,512,500,3,True,True,True,True,True,True,False,10.9,350,179200,350,history_hash_chain_replay,0.78,modify detected by hash_chain model,memory recovered by replaying hash-chain history
hash_chain,modify,1000,128,50,1,True,True,True,True,True,True,False,19.55,700,89600,700,history_hash_chain_replay,0.78,modify detected by hash_chain model,memory recovered by replaying hash-chain history
hash_chain,modify,1000,128,50,2,True,True,True,True,True,True,False,19.6,700,89600,700,history_hash_chain_replay,0.78,modify detected by hash_chain model,memory recovered by replaying hash-chain history
hash_chain,modify,1000,128,50,3,True,True,True,True,True,True,False,19.65,700,89600,700,history_hash_chain_replay,0.78,modify detected by hash_chain model,memory recovered by replaying hash-chain history
hash_chain,modify,1000,128,100,1,True,True,True,True,True,True,False,19.55,700,89600,700,history_hash_chain_replay,0.78,modify detected by hash_chain model,memory recovered by replaying hash-chain history
hash_chain,modify,1000,128,100,2,True,True,True,True,True,True,False,19.6,700,89600,700,history_hash_chain_replay,0.78,modify detected by hash_chain model,memory recovered by replaying hash-chain history
hash_chain,modify,1000,128,100,3,True,True,True,True,True,True,False,19.65,700,89600,700,history_hash_chain_replay,0.78,modify detected by hash_chain model,memory recovered by replaying hash-chain history
hash_chain,modify,1000,128,500,1,True,True,True,True,True,True,False,19.55,700,89600,700,history_hash_chain_replay,0.78,modify detected by hash_chain model,memory recovered by replaying hash-chain history
hash_chain,modify,1000,128,500,2,True,True,True,True,True,True,False,19.6,700,89600,700,history_hash_chain_replay,0.78,modify detected by hash_chain model,memory recovered by replaying hash-chain history
hash_chain,modify,1000,128,500,3,True,True,True,True,True,True,False,19.65,700,89600,700,history_hash_chain_replay,0.78,modify detected by hash_chain model,memory recovered by replaying hash-chain history
hash_chain,modify,1000,512,50,1,True,True,True,True,True,True,False,19.55,700,358400,700,history_hash_chain_replay,0.78,modify detected by hash_chain model,memory recovered by replaying hash-chain history
hash_chain,modify,1000,512,50,2,True,True,True,True,True,True,False,19.6,700,358400,700,history_hash_chain_replay,0.78,modify detected by hash_chain model,memory recovered by replaying hash-chain history
hash_chain,modify,1000,512,50,3,True,True,True,True,True,True,False,19.65,700,358400,700,history_hash_chain_replay,0.78,modify detected by hash_chain model,memory recovered by replaying hash-chain history
hash_chain,modify,1000,512,100,1,True,True,True,True,True,True,False,19.55,700,358400,700,history_hash_chain_replay,0.78,modify detected by hash_chain model,memory recovered by replaying hash-chain history
hash_chain,modify,1000,512,100,2,True,True,True,True,True,True,False,19.6,700,358400,700,history_hash_chain_replay,0.78,modify detected by hash_chain model,memory recovered by replaying hash-chain history
hash_chain,modify,1000,512,100,3,True,True,True,True,True,True,False,19.65,700,358400,700,history_hash_chain_replay,0.78,modify detected by hash_chain model,memory recovered by replaying hash-chain history
hash_chain,modify,1000,512,500,1,True,True,True,True,True,True,False,19.55,700,358400,700,history_hash_chain_replay,0.78,modify detected by hash_chain model,memory recovered by replaying hash-chain history
hash_chain,modify,1000,512,500,2,True,True,True,True,True,True,False,19.6,700,358400,700,history_hash_chain_replay,0.78,modify detected by hash_chain model,memory recovered by replaying hash-chain history
hash_chain,modify,1000,512,500,3,True,True,True,True,True,True,False,19.65,700,358400,700,history_hash_chain_replay,0.78,modify detected by hash_chain model,memory recovered by replaying hash-chain history
hash_chain,modify,5000,128,50,1,True,True,True,True,True,True,False,89.55,3500,448000,3500,history_hash_chain_replay,0.78,modify detected by hash_chain model,memory recovered by replaying hash-chain history
hash_chain,modify,5000,128,50,2,True,True,True,True,True,True,False,89.6,3500,448000,3500,history_hash_chain_replay,0.78,modify detected by hash_chain model,memory recovered by replaying hash-chain history
hash_chain,modify,5000,128,50,3,True,True,True,True,True,True,False,89.65,3500,448000,3500,history_hash_chain_replay,0.78,modify detected by hash_chain model,memory recovered by replaying hash-chain history
hash_chain,modify,5000,128,100,1,True,True,True,True,True,True,False,89.55,3500,448000,3500,history_hash_chain_replay,0.78,modify detected by hash_chain model,memory recovered by replaying hash-chain history
hash_chain,modify,5000,128,100,2,True,True,True,True,True,True,False,89.6,3500,448000,3500,history_hash_chain_replay,0.78,modify detected by hash_chain model,memory recovered by replaying hash-chain history
hash_chain,modify,5000,128,100,3,True,True,True,True,True,True,False,89.65,3500,448000,3500,history_hash_chain_replay,0.78,modify detected by hash_chain model,memory recovered by replaying hash-chain history
hash_chain,modify,5000,128,500,1,True,True,True,True,True,True,False,89.55,3500,448000,3500,history_hash_chain_replay,0.78,modify detected by hash_chain model,memory recovered by replaying hash-chain history
hash_chain,modify,5000,128,500,2,True,True,True,True,True,True,False,89.6,3500,448000,3500,history_hash_chain_replay,0.78,modify detected by hash_chain model,memory recovered by replaying hash-chain history
hash_chain,modify,5000,128,500,3,True,True,True,True,True,True,False,89.65,3500,448000,3500,history_hash_chain_replay,0.78,modify detected by hash_chain model,memory recovered by replaying hash-chain history
hash_chain,modify,5000,512,50,1,True,True,True,True,True,True,False,89.55,3500,1792000,3500,history_hash_chain_replay,0.78,modify detected by hash_chain model,memory recovered by replaying hash-chain history
hash_chain,modify,5000,512,50,2,True,True,True,True,True,True,False,89.6,3500,1792000,3500,history_hash_chain_replay,0.78,modify detected by hash_chain model,memory recovered by replaying hash-chain history
hash_chain,modify,5000,512,50,3,True,True,True,True,True,True,False,89.65,3500,1792000,3500,history_hash_chain_replay,0.78,modify detected by hash_chain model,memory recovered by replaying hash-chain history
hash_chain,modify,5000,512,100,1,True,True,True,True,True,True,False,89.55,3500,1792000,3500,history_hash_chain_replay,0.78,modify detected by hash_chain model,memory recovered by replaying hash-chain history
hash_chain,modify,5000,512,100,2,True,True,True,True,True,True,False,89.6,3500,1792000,3500,history_hash_chain_replay,0.78,modify detected by hash_chain model,memory recovered by replaying hash-chain history
hash_chain,modify,5000,512,100,3,True,True,True,True,True,True,False,89.65,3500,1792000,3500,history_hash_chain_replay,0.78,modify detected by hash_chain model,memory recovered by replaying hash-chain history
hash_chain,modify,5000,512,500,1,True,True,True,True,True,True,False,89.55,3500,1792000,3500,history_hash_chain_replay,0.78,modify detected by hash_chain model,memory recovered by replaying hash-chain history
hash_chain,modify,5000,512,500,2,True,True,True,True,True,True,False,89.6,3500,1792000,3500,history_hash_chain_replay,0.78,modify detected by hash_chain model,memory recovered by replaying hash-chain history
hash_chain,modify,5000,512,500,3,True,True,True,True,True,True,False,89.65,3500,1792000,3500,history_hash_chain_replay,0.78,modify detected by hash_chain model,memory recovered by replaying hash-chain history
hash_chain,replay,100,128,50,1,True,True,True,True,True,True,False,3.8,70,8960,70,history_hash_chain_replay,0.78,replay detected by hash_chain model,memory recovered by replaying hash-chain history
hash_chain,replay,100,128,50,2,True,True,True,True,True,True,False,3.85,70,8960,70,history_hash_chain_replay,0.78,replay detected by hash_chain model,memory recovered by replaying hash-chain history
hash_chain,replay,100,128,50,3,True,True,True,True,True,True,False,3.9,70,8960,70,history_hash_chain_replay,0.78,replay detected by hash_chain model,memory recovered by replaying hash-chain history
hash_chain,replay,100,128,100,1,True,True,True,True,True,True,False,3.8,70,8960,70,history_hash_chain_replay,0.78,replay detected by hash_chain model,memory recovered by replaying hash-chain history
hash_chain,replay,100,128,100,2,True,True,True,True,True,True,False,3.85,70,8960,70,history_hash_chain_replay,0.78,replay detected by hash_chain model,memory recovered by replaying hash-chain history
hash_chain,replay,100,128,100,3,True,True,True,True,True,True,False,3.9,70,8960,70,history_hash_chain_replay,0.78,replay detected by hash_chain model,memory recovered by replaying hash-chain history
hash_chain,replay,100,128,500,1,True,True,True,True,True,True,False,3.8,70,8960,70,history_hash_chain_replay,0.78,replay detected by hash_chain model,memory recovered by replaying hash-chain history
hash_chain,replay,100,128,500,2,True,True,True,True,True,True,False,3.85,70,8960,70,history_hash_chain_replay,0.78,replay detected by hash_chain model,memory recovered by replaying hash-chain history
hash_chain,replay,100,128,500,3,True,True,True,True,True,True,False,3.9,70,8960,70,history_hash_chain_replay,0.78,replay detected by hash_chain model,memory recovered by replaying hash-chain history
hash_chain,replay,100,512,50,1,True,True,True,True,True,True,False,3.8,70,35840,70,history_hash_chain_replay,0.78,replay detected by hash_chain model,memory recovered by replaying hash-chain history
hash_chain,replay,100,512,50,2,True,True,True,True,True,True,False,3.85,70,35840,70,history_hash_chain_replay,0.78,replay detected by hash_chain model,memory recovered by replaying hash-chain history
hash_chain,replay,100,512,50,3,True,True,True,True,True,True,False,3.9,70,35840,70,history_hash_chain_replay,0.78,replay detected by hash_chain model,memory recovered by replaying hash-chain history
hash_chain,replay,100,512,100,1,True,True,True,True,True,True,False,3.8,70,35840,70,history_hash_chain_replay,0.78,replay detected by hash_chain model,memory recovered by replaying hash-chain history
hash_chain,replay,100,512,100,2,True,True,True,True,True,True,False,3.85,70,35840,70,history_hash_chain_replay,0.78,replay detected by hash_chain model,memory recovered by replaying hash-chain history
hash_chain,replay,100,512,100,3,True,True,True,True,True,True,False,3.9,70,35840,70,history_hash_chain_replay,0.78,replay detected by hash_chain model,memory recovered by replaying hash-chain history
hash_chain,replay,100,512,500,1,True,True,True,True,True,True,False,3.8,70,35840,70,history_hash_chain_replay,0.78,replay detected by hash_chain model,memory recovered by replaying hash-chain history
hash_chain,replay,100,512,500,2,True,True,True,True,True,True,False,3.85,70,35840,70,history_hash_chain_replay,0.78,replay detected by hash_chain model,memory recovered by replaying hash-chain history
hash_chain,replay,100,512,500,3,True,True,True,True,True,True,False,3.9,70,35840,70,history_hash_chain_replay,0.78,replay detected by hash_chain model,memory recovered by replaying hash-chain history
hash_chain,replay,500,128,50,1,True,True,True,True,True,True,False,10.8,350,44800,350,history_hash_chain_replay,0.78,replay detected by hash_chain model,memory recovered by replaying hash-chain history
hash_chain,replay,500,128,50,2,True,True,True,True,True,True,False,10.85,350,44800,350,history_hash_chain_replay,0.78,replay detected by hash_chain model,memory recovered by replaying hash-chain history
hash_chain,replay,500,128,50,3,True,True,True,True,True,True,False,10.9,350,44800,350,history_hash_chain_replay,0.78,replay detected by hash_chain model,memory recovered by replaying hash-chain history
hash_chain,replay,500,128,100,1,True,True,True,True,True,True,False,10.8,350,44800,350,history_hash_chain_replay,0.78,replay detected by hash_chain model,memory recovered by replaying hash-chain history
hash_chain,replay,500,128,100,2,True,True,True,True,True,True,False,10.85,350,44800,350,history_hash_chain_replay,0.78,replay detected by hash_chain model,memory recovered by replaying hash-chain history
hash_chain,replay,500,128,100,3,True,True,True,True,True,True,False,10.9,350,44800,350,history_hash_chain_replay,0.78,replay detected by hash_chain model,memory recovered by replaying hash-chain history
hash_chain,replay,500,128,500,1,True,True,True,True,True,True,False,10.8,350,44800,350,history_hash_chain_replay,0.78,replay detected by hash_chain model,memory recovered by replaying hash-chain history
hash_chain,replay,500,128,500,2,True,True,True,True,True,True,False,10.85,350,44800,350,history_hash_chain_replay,0.78,replay detected by hash_chain model,memory recovered by replaying hash-chain history
hash_chain,replay,500,128,500,3,True,True,True,True,True,True,False,10.9,350,44800,350,history_hash_chain_replay,0.78,replay detected by hash_chain model,memory recovered by replaying hash-chain history
hash_chain,replay,500,512,50,1,True,True,True,True,True,True,False,10.8,350,179200,350,history_hash_chain_replay,0.78,replay detected by hash_chain model,memory recovered by replaying hash-chain history
hash_chain,replay,500,512,50,2,True,True,True,True,True,True,False,10.85,350,179200,350,history_hash_chain_replay,0.78,replay detected by hash_chain model,memory recovered by replaying hash-chain history
hash_chain,replay,500,512,50,3,True,True,True,True,True,True,False,10.9,350,179200,350,history_hash_chain_replay,0.78,replay detected by hash_chain model,memory recovered by replaying hash-chain history
hash_chain,replay,500,512,100,1,True,True,True,True,True,True,False,10.8,350,179200,350,history_hash_chain_replay,0.78,replay detected by hash_chain model,memory recovered by replaying hash-chain history
hash_chain,replay,500,512,100,2,True,True,True,True,True,True,False,10.85,350,179200,350,history_hash_chain_replay,0.78,replay detected by hash_chain model,memory recovered by replaying hash-chain history
hash_chain,replay,500,512,100,3,True,True,True,True,True,True,False,10.9,350,179200,350,history_hash_chain_replay,0.78,replay detected by hash_chain model,memory recovered by replaying hash-chain history
hash_chain,replay,500,512,500,1,True,True,True,True,True,True,False,10.8,350,179200,350,history_hash_chain_replay,0.78,replay detected by hash_chain model,memory recovered by replaying hash-chain history
hash_chain,replay,500,512,500,2,True,True,True,True,True,True,False,10.85,350,179200,350,history_hash_chain_replay,0.78,replay detected by hash_chain model,memory recovered by replaying hash-chain history
hash_chain,replay,500,512,500,3,True,True,True,True,True,True,False,10.9,350,179200,350,history_hash_chain_replay,0.78,replay detected by hash_chain model,memory recovered by replaying hash-chain history
hash_chain,replay,1000,128,50,1,True,True,True,True,True,True,False,19.55,700,89600,700,history_hash_chain_replay,0.78,replay detected by hash_chain model,memory recovered by replaying hash-chain history
hash_chain,replay,1000,128,50,2,True,True,True,True,True,True,False,19.6,700,89600,700,history_hash_chain_replay,0.78,replay detected by hash_chain model,memory recovered by replaying hash-chain history
hash_chain,replay,1000,128,50,3,True,True,True,True,True,True,False,19.65,700,89600,700,history_hash_chain_replay,0.78,replay detected by hash_chain model,memory recovered by replaying hash-chain history
hash_chain,replay,1000,128,100,1,True,True,True,True,True,True,False,19.55,700,89600,700,history_hash_chain_replay,0.78,replay detected by hash_chain model,memory recovered by replaying hash-chain history
hash_chain,replay,1000,128,100,2,True,True,True,True,True,True,False,19.6,700,89600,700,history_hash_chain_replay,0.78,replay detected by hash_chain model,memory recovered by replaying hash-chain history
hash_chain,replay,1000,128,100,3,True,True,True,True,True,True,False,19.65,700,89600,700,history_hash_chain_replay,0.78,replay detected by hash_chain model,memory recovered by replaying hash-chain history
hash_chain,replay,1000,128,500,1,True,True,True,True,True,True,False,19.55,700,89600,700,history_hash_chain_replay,0.78,replay detected by hash_chain model,memory recovered by replaying hash-chain history
hash_chain,replay,1000,128,500,2,True,True,True,True,True,True,False,19.6,700,89600,700,history_hash_chain_replay,0.78,replay detected by hash_chain model,memory recovered by replaying hash-chain history
hash_chain,replay,1000,128,500,3,True,True,True,True,True,True,False,19.65,700,89600,700,history_hash_chain_replay,0.78,replay detected by hash_chain model,memory recovered by replaying hash-chain history
hash_chain,replay,1000,512,50,1,True,True,True,True,True,True,False,19.55,700,358400,700,history_hash_chain_replay,0.78,replay detected by hash_chain model,memory recovered by replaying hash-chain history
hash_chain,replay,1000,512,50,2,True,True,True,True,True,True,False,19.6,700,358400,700,history_hash_chain_replay,0.78,replay detected by hash_chain model,memory recovered by replaying hash-chain history
hash_chain,replay,1000,512,50,3,True,True,True,True,True,True,False,19.65,700,358400,700,history_hash_chain_replay,0.78,replay detected by hash_chain model,memory recovered by replaying hash-chain history
hash_chain,replay,1000,512,100,1,True,True,True,True,True,True,False,19.55,700,358400,700,history_hash_chain_replay,0.78,replay detected by hash_chain model,memory recovered by replaying hash-chain history
hash_chain,replay,1000,512,100,2,True,True,True,True,True,True,False,19.6,700,358400,700,history_hash_chain_replay,0.78,replay detected by hash_chain model,memory recovered by replaying hash-chain history
hash_chain,replay,1000,512,100,3,True,True,True,True,True,True,False,19.65,700,358400,700,history_hash_chain_replay,0.78,replay detected by hash_chain model,memory recovered by replaying hash-chain history
hash_chain,replay,1000,512,500,1,True,True,True,True,True,True,False,19.55,700,358400,700,history_hash_chain_replay,0.78,replay detected by hash_chain model,memory recovered by replaying hash-chain history
hash_chain,replay,1000,512,500,2,True,True,True,True,True,True,False,19.6,700,358400,700,history_hash_chain_replay,0.78,replay detected by hash_chain model,memory recovered by replaying hash-chain history
hash_chain,replay,1000,512,500,3,True,True,True,True,True,True,False,19.65,700,358400,700,history_hash_chain_replay,0.78,replay detected by hash_chain model,memory recovered by replaying hash-chain history
hash_chain,replay,5000,128,50,1,True,True,True,True,True,True,False,89.55,3500,448000,3500,history_hash_chain_replay,0.78,replay detected by hash_chain model,memory recovered by replaying hash-chain history
hash_chain,replay,5000,128,50,2,True,True,True,True,True,True,False,89.6,3500,448000,3500,history_hash_chain_replay,0.78,replay detected by hash_chain model,memory recovered by replaying hash-chain history
hash_chain,replay,5000,128,50,3,True,True,True,True,True,True,False,89.65,3500,448000,3500,history_hash_chain_replay,0.78,replay detected by hash_chain model,memory recovered by replaying hash-chain history
hash_chain,replay,5000,128,100,1,True,True,True,True,True,True,False,89.55,3500,448000,3500,history_hash_chain_replay,0.78,replay detected by hash_chain model,memory recovered by replaying hash-chain history
hash_chain,replay,5000,128,100,2,True,True,True,True,True,True,False,89.6,3500,448000,3500,history_hash_chain_replay,0.78,replay detected by hash_chain model,memory recovered by replaying hash-chain history
hash_chain,replay,5000,128,100,3,True,True,True,True,True,True,False,89.65,3500,448000,3500,history_hash_chain_replay,0.78,replay detected by hash_chain model,memory recovered by replaying hash-chain history
hash_chain,replay,5000,128,500,1,True,True,True,True,True,True,False,89.55,3500,448000,3500,history_hash_chain_replay,0.78,replay detected by hash_chain model,memory recovered by replaying hash-chain history
hash_chain,replay,5000,128,500,2,True,True,True,True,True,True,False,89.6,3500,448000,3500,history_hash_chain_replay,0.78,replay detected by hash_chain model,memory recovered by replaying hash-chain history
hash_chain,replay,5000,128,500,3,True,True,True,True,True,True,False,89.65,3500,448000,3500,history_hash_chain_replay,0.78,replay detected by hash_chain model,memory recovered by replaying hash-chain history
hash_chain,replay,5000,512,50,1,True,True,True,True,True,True,False,89.55,3500,1792000,3500,history_hash_chain_replay,0.78,replay detected by hash_chain model,memory recovered by replaying hash-chain history
hash_chain,replay,5000,512,50,2,True,True,True,True,True,True,False,89.6,3500,1792000,3500,history_hash_chain_replay,0.78,replay detected by hash_chain model,memory recovered by replaying hash-chain history
hash_chain,replay,5000,512,50,3,True,True,True,True,True,True,False,89.65,3500,1792000,3500,history_hash_chain_replay,0.78,replay detected by hash_chain model,memory recovered by replaying hash-chain history
hash_chain,replay,5000,512,100,1,True,True,True,True,True,True,False,89.55,3500,1792000,3500,history_hash_chain_replay,0.78,replay detected by hash_chain model,memory recovered by replaying hash-chain history
hash_chain,replay,5000,512,100,2,True,True,True,True,True,True,False,89.6,3500,1792000,3500,history_hash_chain_replay,0.78,replay detected by hash_chain model,memory recovered by replaying hash-chain history
hash_chain,replay,5000,512,100,3,True,True,True,True,True,True,False,89.65,3500,1792000,3500,history_hash_chain_replay,0.78,replay detected by hash_chain model,memory recovered by replaying hash-chain history
hash_chain,replay,5000,512,500,1,True,True,True,True,True,True,False,89.55,3500,1792000,3500,history_hash_chain_replay,0.78,replay detected by hash_chain model,memory recovered by replaying hash-chain history
hash_chain,replay,5000,512,500,2,True,True,True,True,True,True,False,89.6,3500,1792000,3500,history_hash_chain_replay,0.78,replay detected by hash_chain model,memory recovered by replaying hash-chain history
hash_chain,replay,5000,512,500,3,True,True,True,True,True,True,False,89.65,3500,1792000,3500,history_hash_chain_replay,0.78,replay detected by hash_chain model,memory recovered by replaying hash-chain history
hash_chain,prev_mem,100,128,50,1,True,True,True,True,True,True,False,3.8,70,8960,70,history_hash_chain_replay,0.78,prev_mem detected by hash_chain model,memory recovered by replaying hash-chain history
hash_chain,prev_mem,100,128,50,2,True,True,True,True,True,True,False,3.85,70,8960,70,history_hash_chain_replay,0.78,prev_mem detected by hash_chain model,memory recovered by replaying hash-chain history
hash_chain,prev_mem,100,128,50,3,True,True,True,True,True,True,False,3.9,70,8960,70,history_hash_chain_replay,0.78,prev_mem detected by hash_chain model,memory recovered by replaying hash-chain history
hash_chain,prev_mem,100,128,100,1,True,True,True,True,True,True,False,3.8,70,8960,70,history_hash_chain_replay,0.78,prev_mem detected by hash_chain model,memory recovered by replaying hash-chain history
hash_chain,prev_mem,100,128,100,2,True,True,True,True,True,True,False,3.85,70,8960,70,history_hash_chain_replay,0.78,prev_mem detected by hash_chain model,memory recovered by replaying hash-chain history
hash_chain,prev_mem,100,128,100,3,True,True,True,True,True,True,False,3.9,70,8960,70,history_hash_chain_replay,0.78,prev_mem detected by hash_chain model,memory recovered by replaying hash-chain history
hash_chain,prev_mem,100,128,500,1,True,True,True,True,True,True,False,3.8,70,8960,70,history_hash_chain_replay,0.78,prev_mem detected by hash_chain model,memory recovered by replaying hash-chain history
hash_chain,prev_mem,100,128,500,2,True,True,True,True,True,True,False,3.85,70,8960,70,history_hash_chain_replay,0.78,prev_mem detected by hash_chain model,memory recovered by replaying hash-chain history
hash_chain,prev_mem,100,128,500,3,True,True,True,True,True,True,False,3.9,70,8960,70,history_hash_chain_replay,0.78,prev_mem detected by hash_chain model,memory recovered by replaying hash-chain history
hash_chain,prev_mem,100,512,50,1,True,True,True,True,True,True,False,3.8,70,35840,70,history_hash_chain_replay,0.78,prev_mem detected by hash_chain model,memory recovered by replaying hash-chain history
hash_chain,prev_mem,100,512,50,2,True,True,True,True,True,True,False,3.85,70,35840,70,history_hash_chain_replay,0.78,prev_mem detected by hash_chain model,memory recovered by replaying hash-chain history
hash_chain,prev_mem,100,512,50,3,True,True,True,True,True,True,False,3.9,70,35840,70,history_hash_chain_replay,0.78,prev_mem detected by hash_chain model,memory recovered by replaying hash-chain history
hash_chain,prev_mem,100,512,100,1,True,True,True,True,True,True,False,3.8,70,35840,70,history_hash_chain_replay,0.78,prev_mem detected by hash_chain model,memory recovered by replaying hash-chain history
hash_chain,prev_mem,100,512,100,2,True,True,True,True,True,True,False,3.85,70,35840,70,history_hash_chain_replay,0.78,prev_mem detected by hash_chain model,memory recovered by replaying hash-chain history
hash_chain,prev_mem,100,512,100,3,True,True,True,True,True,True,False,3.9,70,35840,70,history_hash_chain_replay,0.78,prev_mem detected by hash_chain model,memory recovered by replaying hash-chain history
hash_chain,prev_mem,100,512,500,1,True,True,True,True,True,True,False,3.8,70,35840,70,history_hash_chain_replay,0.78,prev_mem detected by hash_chain model,memory recovered by replaying hash-chain history
hash_chain,prev_mem,100,512,500,2,True,True,True,True,True,True,False,3.85,70,35840,70,history_hash_chain_replay,0.78,prev_mem detected by hash_chain model,memory recovered by replaying hash-chain history
hash_chain,prev_mem,100,512,500,3,True,True,True,True,True,True,False,3.9,70,35840,70,history_hash_chain_replay,0.78,prev_mem detected by hash_chain model,memory recovered by replaying hash-chain history
hash_chain,prev_mem,500,128,50,1,True,True,True,True,True,True,False,10.8,350,44800,350,history_hash_chain_replay,0.78,prev_mem detected by hash_chain model,memory recovered by replaying hash-chain history
hash_chain,prev_mem,500,128,50,2,True,True,True,True,True,True,False,10.85,350,44800,350,history_hash_chain_replay,0.78,prev_mem detected by hash_chain model,memory recovered by replaying hash-chain history
hash_chain,prev_mem,500,128,50,3,True,True,True,True,True,True,False,10.9,350,44800,350,history_hash_chain_replay,0.78,prev_mem detected by hash_chain model,memory recovered by replaying hash-chain history
hash_chain,prev_mem,500,128,100,1,True,True,True,True,True,True,False,10.8,350,44800,350,history_hash_chain_replay,0.78,prev_mem detected by hash_chain model,memory recovered by replaying hash-chain history
hash_chain,prev_mem,500,128,100,2,True,True,True,True,True,True,False,10.85,350,44800,350,history_hash_chain_replay,0.78,prev_mem detected by hash_chain model,memory recovered by replaying hash-chain history
hash_chain,prev_mem,500,128,100,3,True,True,True,True,True,True,False,10.9,350,44800,350,history_hash_chain_replay,0.78,prev_mem detected by hash_chain model,memory recovered by replaying hash-chain history
hash_chain,prev_mem,500,128,500,1,True,True,True,True,True,True,False,10.8,350,44800,350,history_hash_chain_replay,0.78,prev_mem detected by hash_chain model,memory recovered by replaying hash-chain history
hash_chain,prev_mem,500,128,500,2,True,True,True,True,True,True,False,10.85,350,44800,350,history_hash_chain_replay,0.78,prev_mem detected by hash_chain model,memory recovered by replaying hash-chain history
hash_chain,prev_mem,500,128,500,3,True,True,True,True,True,True,False,10.9,350,44800,350,history_hash_chain_replay,0.78,prev_mem detected by hash_chain model,memory recovered by replaying hash-chain history
hash_chain,prev_mem,500,512,50,1,True,True,True,True,True,True,False,10.8,350,179200,350,history_hash_chain_replay,0.78,prev_mem detected by hash_chain model,memory recovered by replaying hash-chain history
hash_chain,prev_mem,500,512,50,2,True,True,True,True,True,True,False,10.85,350,179200,350,history_hash_chain_replay,0.78,prev_mem detected by hash_chain model,memory recovered by replaying hash-chain history
hash_chain,prev_mem,500,512,50,3,True,True,True,True,True,True,False,10.9,350,179200,350,history_hash_chain_replay,0.78,prev_mem detected by hash_chain model,memory recovered by replaying hash-chain history
hash_chain,prev_mem,500,512,100,1,True,True,True,True,True,True,False,10.8,350,179200,350,history_hash_chain_replay,0.78,prev_mem detected by hash_chain model,memory recovered by replaying hash-chain history
hash_chain,prev_mem,500,512,100,2,True,True,True,True,True,True,False,10.85,350,179200,350,history_hash_chain_replay,0.78,prev_mem detected by hash_chain model,memory recovered by replaying hash-chain history
hash_chain,prev_mem,500,512,100,3,True,True,True,True,True,True,False,10.9,350,179200,350,history_hash_chain_replay,0.78,prev_mem detected by hash_chain model,memory recovered by replaying hash-chain history
hash_chain,prev_mem,500,512,500,1,True,True,True,True,True,True,False,10.8,350,179200,350,history_hash_chain_replay,0.78,prev_mem detected by hash_chain model,memory recovered by replaying hash-chain history
hash_chain,prev_mem,500,512,500,2,True,True,True,True,True,True,False,10.85,350,179200,350,history_hash_chain_replay,0.78,prev_mem detected by hash_chain model,memory recovered by replaying hash-chain history
hash_chain,prev_mem,500,512,500,3,True,True,True,True,True,True,False,10.9,350,179200,350,history_hash_chain_replay,0.78,prev_mem detected by hash_chain model,memory recovered by replaying hash-chain history
hash_chain,prev_mem,1000,128,50,1,True,True,True,True,True,True,False,19.55,700,89600,700,history_hash_chain_replay,0.78,prev_mem detected by hash_chain model,memory recovered by replaying hash-chain history
hash_chain,prev_mem,1000,128,50,2,True,True,True,True,True,True,False,19.6,700,89600,700,history_hash_chain_replay,0.78,prev_mem detected by hash_chain model,memory recovered by replaying hash-chain history
hash_chain,prev_mem,1000,128,50,3,True,True,True,True,True,True,False,19.65,700,89600,700,history_hash_chain_replay,0.78,prev_mem detected by hash_chain model,memory recovered by replaying hash-chain history
hash_chain,prev_mem,1000,128,100,1,True,True,True,True,True,True,False,19.55,700,89600,700,history_hash_chain_replay,0.78,prev_mem detected by hash_chain model,memory recovered by replaying hash-chain history
hash_chain,prev_mem,1000,128,100,2,True,True,True,True,True,True,False,19.6,700,89600,700,history_hash_chain_replay,0.78,prev_mem detected by hash_chain model,memory recovered by replaying hash-chain history
hash_chain,prev_mem,1000,128,100,3,True,True,True,True,True,True,False,19.65,700,89600,700,history_hash_chain_replay,0.78,prev_mem detected by hash_chain model,memory recovered by replaying hash-chain history
hash_chain,prev_mem,1000,128,500,1,True,True,True,True,True,True,False,19.55,700,89600,700,history_hash_chain_replay,0.78,prev_mem detected by hash_chain model,memory recovered by replaying hash-chain history
hash_chain,prev_mem,1000,128,500,2,True,True,True,True,True,True,False,19.6,700,89600,700,history_hash_chain_replay,0.78,prev_mem detected by hash_chain model,memory recovered by replaying hash-chain history
hash_chain,prev_mem,1000,128,500,3,True,True,True,True,True,True,False,19.65,700,89600,700,history_hash_chain_replay,0.78,prev_mem detected by hash_chain model,memory recovered by replaying hash-chain history
hash_chain,prev_mem,1000,512,50,1,True,True,True,True,True,True,False,19.55,700,358400,700,history_hash_chain_replay,0.78,prev_mem detected by hash_chain model,memory recovered by replaying hash-chain history
hash_chain,prev_mem,1000,512,50,2,True,True,True,True,True,True,False,19.6,700,358400,700,history_hash_chain_replay,0.78,prev_mem detected by hash_chain model,memory recovered by replaying hash-chain history
hash_chain,prev_mem,1000,512,50,3,True,True,True,True,True,True,False,19.65,700,358400,700,history_hash_chain_replay,0.78,prev_mem detected by hash_chain model,memory recovered by replaying hash-chain history
hash_chain,prev_mem,1000,512,100,1,True,True,True,True,True,True,False,19.55,700,358400,700,history_hash_chain_replay,0.78,prev_mem detected by hash_chain model,memory recovered by replaying hash-chain history
hash_chain,prev_mem,1000,512,100,2,True,True,True,True,True,True,False,19.6,700,358400,700,history_hash_chain_replay,0.78,prev_mem detected by hash_chain model,memory recovered by replaying hash-chain history
hash_chain,prev_mem,1000,512,100,3,True,True,True,True,True,True,False,19.65,700,358400,700,history_hash_chain_replay,0.78,prev_mem detected by hash_chain model,memory recovered by replaying hash-chain history
hash_chain,prev_mem,1000,512,500,1,True,True,True,True,True,True,False,19.55,700,358400,700,history_hash_chain_replay,0.78,prev_mem detected by hash_chain model,memory recovered by replaying hash-chain history
hash_chain,prev_mem,1000,512,500,2,True,True,True,True,True,True,False,19.6,700,358400,700,history_hash_chain_replay,0.78,prev_mem detected by hash_chain model,memory recovered by replaying hash-chain history
hash_chain,prev_mem,1000,512,500,3,True,True,True,True,True,True,False,19.65,700,358400,700,history_hash_chain_replay,0.78,prev_mem detected by hash_chain model,memory recovered by replaying hash-chain history
hash_chain,prev_mem,5000,128,50,1,True,True,True,True,True,True,False,89.55,3500,448000,3500,history_hash_chain_replay,0.78,prev_mem detected by hash_chain model,memory recovered by replaying hash-chain history
hash_chain,prev_mem,5000,128,50,2,True,True,True,True,True,True,False,89.6,3500,448000,3500,history_hash_chain_replay,0.78,prev_mem detected by hash_chain model,memory recovered by replaying hash-chain history
hash_chain,prev_mem,5000,128,50,3,True,True,True,True,True,True,False,89.65,3500,448000,3500,history_hash_chain_replay,0.78,prev_mem detected by hash_chain model,memory recovered by replaying hash-chain history
hash_chain,prev_mem,5000,128,100,1,True,True,True,True,True,True,False,89.55,3500,448000,3500,history_hash_chain_replay,0.78,prev_mem detected by hash_chain model,memory recovered by replaying hash-chain history
hash_chain,prev_mem,5000,128,100,2,True,True,True,True,True,True,False,89.6,3500,448000,3500,history_hash_chain_replay,0.78,prev_mem detected by hash_chain model,memory recovered by replaying hash-chain history
hash_chain,prev_mem,5000,128,100,3,True,True,True,True,True,True,False,89.65,3500,448000,3500,history_hash_chain_replay,0.78,prev_mem detected by hash_chain model,memory recovered by replaying hash-chain history
hash_chain,prev_mem,5000,128,500,1,True,True,True,True,True,True,False,89.55,3500,448000,3500,history_hash_chain_replay,0.78,prev_mem detected by hash_chain model,memory recovered by replaying hash-chain history
hash_chain,prev_mem,5000,128,500,2,True,True,True,True,True,True,False,89.6,3500,448000,3500,history_hash_chain_replay,0.78,prev_mem detected by hash_chain model,memory recovered by replaying hash-chain history
hash_chain,prev_mem,5000,128,500,3,True,True,True,True,True,True,False,89.65,3500,448000,3500,history_hash_chain_replay,0.78,prev_mem detected by hash_chain model,memory recovered by replaying hash-chain history
hash_chain,prev_mem,5000,512,50,1,True,True,True,True,True,True,False,89.55,3500,1792000,3500,history_hash_chain_replay,0.78,prev_mem detected by hash_chain model,memory recovered by replaying hash-chain history
hash_chain,prev_mem,5000,512,50,2,True,True,True,True,True,True,False,89.6,3500,1792000,3500,history_hash_chain_replay,0.78,prev_mem detected by hash_chain model,memory recovered by replaying hash-chain history
hash_chain,prev_mem,5000,512,50,3,True,True,True,True,True,True,False,89.65,3500,1792000,3500,history_hash_chain_replay,0.78,prev_mem detected by hash_chain model,memory recovered by replaying hash-chain history
hash_chain,prev_mem,5000,512,100,1,True,True,True,True,True,True,False,89.55,3500,1792000,3500,history_hash_chain_replay,0.78,prev_mem detected by hash_chain model,memory recovered by replaying hash-chain history
hash_chain,prev_mem,5000,512,100,2,True,True,True,True,True,True,False,89.6,3500,1792000,3500,history_hash_chain_replay,0.78,prev_mem detected by hash_chain model,memory recovered by replaying hash-chain history
hash_chain,prev_mem,5000,512,100,3,True,True,True,True,True,True,False,89.65,3500,1792000,3500,history_hash_chain_replay,0.78,prev_mem detected by hash_chain model,memory recovered by replaying hash-chain history
hash_chain,prev_mem,5000,512,500,1,True,True,True,True,True,True,False,89.55,3500,1792000,3500,history_hash_chain_replay,0.78,prev_mem detected by hash_chain model,memory recovered by replaying hash-chain history
hash_chain,prev_mem,5000,512,500,2,True,True,True,True,True,True,False,89.6,3500,1792000,3500,history_hash_chain_replay,0.78,prev_mem detected by hash_chain model,memory recovered by replaying hash-chain history
hash_chain,prev_mem,5000,512,500,3,True,True,True,True,True,True,False,89.65,3500,1792000,3500,history_hash_chain_replay,0.78,prev_mem detected by hash_chain model,memory recovered by replaying hash-chain history
hash_chain,rollback_ticket,100,128,50,1,True,True,True,False,True,True,False,3.8,70,8960,70,history_hash_chain_replay,0.78,rollback ticket is not used by this baseline,memory recovered by replaying hash-chain history
hash_chain,rollback_ticket,100,128,50,2,True,True,True,False,True,True,False,3.85,70,8960,70,history_hash_chain_replay,0.78,rollback ticket is not used by this baseline,memory recovered by replaying hash-chain history
hash_chain,rollback_ticket,100,128,50,3,True,True,True,False,True,True,False,3.9,70,8960,70,history_hash_chain_replay,0.78,rollback ticket is not used by this baseline,memory recovered by replaying hash-chain history
hash_chain,rollback_ticket,100,128,100,1,True,True,True,False,True,True,False,3.8,70,8960,70,history_hash_chain_replay,0.78,rollback ticket is not used by this baseline,memory recovered by replaying hash-chain history
hash_chain,rollback_ticket,100,128,100,2,True,True,True,False,True,True,False,3.85,70,8960,70,history_hash_chain_replay,0.78,rollback ticket is not used by this baseline,memory recovered by replaying hash-chain history
hash_chain,rollback_ticket,100,128,100,3,True,True,True,False,True,True,False,3.9,70,8960,70,history_hash_chain_replay,0.78,rollback ticket is not used by this baseline,memory recovered by replaying hash-chain history
hash_chain,rollback_ticket,100,128,500,1,True,True,True,False,True,True,False,3.8,70,8960,70,history_hash_chain_replay,0.78,rollback ticket is not used by this baseline,memory recovered by replaying hash-chain history
hash_chain,rollback_ticket,100,128,500,2,True,True,True,False,True,True,False,3.85,70,8960,70,history_hash_chain_replay,0.78,rollback ticket is not used by this baseline,memory recovered by replaying hash-chain history
hash_chain,rollback_ticket,100,128,500,3,True,True,True,False,True,True,False,3.9,70,8960,70,history_hash_chain_replay,0.78,rollback ticket is not used by this baseline,memory recovered by replaying hash-chain history
hash_chain,rollback_ticket,100,512,50,1,True,True,True,False,True,True,False,3.8,70,35840,70,history_hash_chain_replay,0.78,rollback ticket is not used by this baseline,memory recovered by replaying hash-chain history
hash_chain,rollback_ticket,100,512,50,2,True,True,True,False,True,True,False,3.85,70,35840,70,history_hash_chain_replay,0.78,rollback ticket is not used by this baseline,memory recovered by replaying hash-chain history
hash_chain,rollback_ticket,100,512,50,3,True,True,True,False,True,True,False,3.9,70,35840,70,history_hash_chain_replay,0.78,rollback ticket is not used by this baseline,memory recovered by replaying hash-chain history
hash_chain,rollback_ticket,100,512,100,1,True,True,True,False,True,True,False,3.8,70,35840,70,history_hash_chain_replay,0.78,rollback ticket is not used by this baseline,memory recovered by replaying hash-chain history
hash_chain,rollback_ticket,100,512,100,2,True,True,True,False,True,True,False,3.85,70,35840,70,history_hash_chain_replay,0.78,rollback ticket is not used by this baseline,memory recovered by replaying hash-chain history
hash_chain,rollback_ticket,100,512,100,3,True,True,True,False,True,True,False,3.9,70,35840,70,history_hash_chain_replay,0.78,rollback ticket is not used by this baseline,memory recovered by replaying hash-chain history
hash_chain,rollback_ticket,100,512,500,1,True,True,True,False,True,True,False,3.8,70,35840,70,history_hash_chain_replay,0.78,rollback ticket is not used by this baseline,memory recovered by replaying hash-chain history
hash_chain,rollback_ticket,100,512,500,2,True,True,True,False,True,True,False,3.85,70,35840,70,history_hash_chain_replay,0.78,rollback ticket is not used by this baseline,memory recovered by replaying hash-chain history
hash_chain,rollback_ticket,100,512,500,3,True,True,True,False,True,True,False,3.9,70,35840,70,history_hash_chain_replay,0.78,rollback ticket is not used by this baseline,memory recovered by replaying hash-chain history
hash_chain,rollback_ticket,500,128,50,1,True,True,True,False,True,True,False,10.8,350,44800,350,history_hash_chain_replay,0.78,rollback ticket is not used by this baseline,memory recovered by replaying hash-chain history
hash_chain,rollback_ticket,500,128,50,2,True,True,True,False,True,True,False,10.85,350,44800,350,history_hash_chain_replay,0.78,rollback ticket is not used by this baseline,memory recovered by replaying hash-chain history
hash_chain,rollback_ticket,500,128,50,3,True,True,True,False,True,True,False,10.9,350,44800,350,history_hash_chain_replay,0.78,rollback ticket is not used by this baseline,memory recovered by replaying hash-chain history
hash_chain,rollback_ticket,500,128,100,1,True,True,True,False,True,True,False,10.8,350,44800,350,history_hash_chain_replay,0.78,rollback ticket is not used by this baseline,memory recovered by replaying hash-chain history
hash_chain,rollback_ticket,500,128,100,2,True,True,True,False,True,True,False,10.85,350,44800,350,history_hash_chain_replay,0.78,rollback ticket is not used by this baseline,memory recovered by replaying hash-chain history
hash_chain,rollback_ticket,500,128,100,3,True,True,True,False,True,True,False,10.9,350,44800,350,history_hash_chain_replay,0.78,rollback ticket is not used by this baseline,memory recovered by replaying hash-chain history
hash_chain,rollback_ticket,500,128,500,1,True,True,True,False,True,True,False,10.8,350,44800,350,history_hash_chain_replay,0.78,rollback ticket is not used by this baseline,memory recovered by replaying hash-chain history
hash_chain,rollback_ticket,500,128,500,2,True,True,True,False,True,True,False,10.85,350,44800,350,history_hash_chain_replay,0.78,rollback ticket is not used by this baseline,memory recovered by replaying hash-chain history
hash_chain,rollback_ticket,500,128,500,3,True,True,True,False,True,True,False,10.9,350,44800,350,history_hash_chain_replay,0.78,rollback ticket is not used by this baseline,memory recovered by replaying hash-chain history
hash_chain,rollback_ticket,500,512,50,1,True,True,True,False,True,True,False,10.8,350,179200,350,history_hash_chain_replay,0.78,rollback ticket is not used by this baseline,memory recovered by replaying hash-chain history
hash_chain,rollback_ticket,500,512,50,2,True,True,True,False,True,True,False,10.85,350,179200,350,history_hash_chain_replay,0.78,rollback ticket is not used by this baseline,memory recovered by replaying hash-chain history
hash_chain,rollback_ticket,500,512,50,3,True,True,True,False,True,True,False,10.9,350,179200,350,history_hash_chain_replay,0.78,rollback ticket is not used by this baseline,memory recovered by replaying hash-chain history
hash_chain,rollback_ticket,500,512,100,1,True,True,True,False,True,True,False,10.8,350,179200,350,history_hash_chain_replay,0.78,rollback ticket is not used by this baseline,memory recovered by replaying hash-chain history
hash_chain,rollback_ticket,500,512,100,2,True,True,True,False,True,True,False,10.85,350,179200,350,history_hash_chain_replay,0.78,rollback ticket is not used by this baseline,memory recovered by replaying hash-chain history
hash_chain,rollback_ticket,500,512,100,3,True,True,True,False,True,True,False,10.9,350,179200,350,history_hash_chain_replay,0.78,rollback ticket is not used by this baseline,memory recovered by replaying hash-chain history
hash_chain,rollback_ticket,500,512,500,1,True,True,True,False,True,True,False,10.8,350,179200,350,history_hash_chain_replay,0.78,rollback ticket is not used by this baseline,memory recovered by replaying hash-chain history
hash_chain,rollback_ticket,500,512,500,2,True,True,True,False,True,True,False,10.85,350,179200,350,history_hash_chain_replay,0.78,rollback ticket is not used by this baseline,memory recovered by replaying hash-chain history
hash_chain,rollback_ticket,500,512,500,3,True,True,True,False,True,True,False,10.9,350,179200,350,history_hash_chain_replay,0.78,rollback ticket is not used by this baseline,memory recovered by replaying hash-chain history
hash_chain,rollback_ticket,1000,128,50,1,True,True,True,False,True,True,False,19.55,700,89600,700,history_hash_chain_replay,0.78,rollback ticket is not used by this baseline,memory recovered by replaying hash-chain history
hash_chain,rollback_ticket,1000,128,50,2,True,True,True,False,True,True,False,19.6,700,89600,700,history_hash_chain_replay,0.78,rollback ticket is not used by this baseline,memory recovered by replaying hash-chain history
hash_chain,rollback_ticket,1000,128,50,3,True,True,True,False,True,True,False,19.65,700,89600,700,history_hash_chain_replay,0.78,rollback ticket is not used by this baseline,memory recovered by replaying hash-chain history
hash_chain,rollback_ticket,1000,128,100,1,True,True,True,False,True,True,False,19.55,700,89600,700,history_hash_chain_replay,0.78,rollback ticket is not used by this baseline,memory recovered by replaying hash-chain history
hash_chain,rollback_ticket,1000,128,100,2,True,True,True,False,True,True,False,19.6,700,89600,700,history_hash_chain_replay,0.78,rollback ticket is not used by this baseline,memory recovered by replaying hash-chain history
hash_chain,rollback_ticket,1000,128,100,3,True,True,True,False,True,True,False,19.65,700,89600,700,history_hash_chain_replay,0.78,rollback ticket is not used by this baseline,memory recovered by replaying hash-chain history
hash_chain,rollback_ticket,1000,128,500,1,True,True,True,False,True,True,False,19.55,700,89600,700,history_hash_chain_replay,0.78,rollback ticket is not used by this baseline,memory recovered by replaying hash-chain history
hash_chain,rollback_ticket,1000,128,500,2,True,True,True,False,True,True,False,19.6,700,89600,700,history_hash_chain_replay,0.78,rollback ticket is not used by this baseline,memory recovered by replaying hash-chain history
hash_chain,rollback_ticket,1000,128,500,3,True,True,True,False,True,True,False,19.65,700,89600,700,history_hash_chain_replay,0.78,rollback ticket is not used by this baseline,memory recovered by replaying hash-chain history
hash_chain,rollback_ticket,1000,512,50,1,True,True,True,False,True,True,False,19.55,700,358400,700,history_hash_chain_replay,0.78,rollback ticket is not used by this baseline,memory recovered by replaying hash-chain history
hash_chain,rollback_ticket,1000,512,50,2,True,True,True,False,True,True,False,19.6,700,358400,700,history_hash_chain_replay,0.78,rollback ticket is not used by this baseline,memory recovered by replaying hash-chain history
hash_chain,rollback_ticket,1000,512,50,3,True,True,True,False,True,True,False,19.65,700,358400,700,history_hash_chain_replay,0.78,rollback ticket is not used by this baseline,memory recovered by replaying hash-chain history
hash_chain,rollback_ticket,1000,512,100,1,True,True,True,False,True,True,False,19.55,700,358400,700,history_hash_chain_replay,0.78,rollback ticket is not used by this baseline,memory recovered by replaying hash-chain history
hash_chain,rollback_ticket,1000,512,100,2,True,True,True,False,True,True,False,19.6,700,358400,700,history_hash_chain_replay,0.78,rollback ticket is not used by this baseline,memory recovered by replaying hash-chain history
hash_chain,rollback_ticket,1000,512,100,3,True,True,True,False,True,True,False,19.65,700,358400,700,history_hash_chain_replay,0.78,rollback ticket is not used by this baseline,memory recovered by replaying hash-chain history
hash_chain,rollback_ticket,1000,512,500,1,True,True,True,False,True,True,False,19.55,700,358400,700,history_hash_chain_replay,0.78,rollback ticket is not used by this baseline,memory recovered by replaying hash-chain history
hash_chain,rollback_ticket,1000,512,500,2,True,True,True,False,True,True,False,19.6,700,358400,700,history_hash_chain_replay,0.78,rollback ticket is not used by this baseline,memory recovered by replaying hash-chain history
hash_chain,rollback_ticket,1000,512,500,3,True,True,True,False,True,True,False,19.65,700,358400,700,history_hash_chain_replay,0.78,rollback ticket is not used by this baseline,memory recovered by replaying hash-chain history
hash_chain,rollback_ticket,5000,128,50,1,True,True,True,False,True,True,False,89.55,3500,448000,3500,history_hash_chain_replay,0.78,rollback ticket is not used by this baseline,memory recovered by replaying hash-chain history
hash_chain,rollback_ticket,5000,128,50,2,True,True,True,False,True,True,False,89.6,3500,448000,3500,history_hash_chain_replay,0.78,rollback ticket is not used by this baseline,memory recovered by replaying hash-chain history
hash_chain,rollback_ticket,5000,128,50,3,True,True,True,False,True,True,False,89.65,3500,448000,3500,history_hash_chain_replay,0.78,rollback ticket is not used by this baseline,memory recovered by replaying hash-chain history
hash_chain,rollback_ticket,5000,128,100,1,True,True,True,False,True,True,False,89.55,3500,448000,3500,history_hash_chain_replay,0.78,rollback ticket is not used by this baseline,memory recovered by replaying hash-chain history
hash_chain,rollback_ticket,5000,128,100,2,True,True,True,False,True,True,False,89.6,3500,448000,3500,history_hash_chain_replay,0.78,rollback ticket is not used by this baseline,memory recovered by replaying hash-chain history
hash_chain,rollback_ticket,5000,128,100,3,True,True,True,False,True,True,False,89.65,3500,448000,3500,history_hash_chain_replay,0.78,rollback ticket is not used by this baseline,memory recovered by replaying hash-chain history
hash_chain,rollback_ticket,5000,128,500,1,True,True,True,False,True,True,False,89.55,3500,448000,3500,history_hash_chain_replay,0.78,rollback ticket is not used by this baseline,memory recovered by replaying hash-chain history
hash_chain,rollback_ticket,5000,128,500,2,True,True,True,False,True,True,False,89.6,3500,448000,3500,history_hash_chain_replay,0.78,rollback ticket is not used by this baseline,memory recovered by replaying hash-chain history
hash_chain,rollback_ticket,5000,128,500,3,True,True,True,False,True,True,False,89.65,3500,448000,3500,history_hash_chain_replay,0.78,rollback ticket is not used by this baseline,memory recovered by replaying hash-chain history
hash_chain,rollback_ticket,5000,512,50,1,True,True,True,False,True,True,False,89.55,3500,1792000,3500,history_hash_chain_replay,0.78,rollback ticket is not used by this baseline,memory recovered by replaying hash-chain history
hash_chain,rollback_ticket,5000,512,50,2,True,True,True,False,True,True,False,89.6,3500,1792000,3500,history_hash_chain_replay,0.78,rollback ticket is not used by this baseline,memory recovered by replaying hash-chain history
hash_chain,rollback_ticket,5000,512,50,3,True,True,True,False,True,True,False,89.65,3500,1792000,3500,history_hash_chain_replay,0.78,rollback ticket is not used by this baseline,memory recovered by replaying hash-chain history
hash_chain,rollback_ticket,5000,512,100,1,True,True,True,False,True,True,False,89.55,3500,1792000,3500,history_hash_chain_replay,0.78,rollback ticket is not used by this baseline,memory recovered by replaying hash-chain history
hash_chain,rollback_ticket,5000,512,100,2,True,True,True,False,True,True,False,89.6,3500,1792000,3500,history_hash_chain_replay,0.78,rollback ticket is not used by this baseline,memory recovered by replaying hash-chain history
hash_chain,rollback_ticket,5000,512,100,3,True,True,True,False,True,True,False,89.65,3500,1792000,3500,history_hash_chain_replay,0.78,rollback ticket is not used by this baseline,memory recovered by replaying hash-chain history
hash_chain,rollback_ticket,5000,512,500,1,True,True,True,False,True,True,False,89.55,3500,1792000,3500,history_hash_chain_replay,0.78,rollback ticket is not used by this baseline,memory recovered by replaying hash-chain history
hash_chain,rollback_ticket,5000,512,500,2,True,True,True,False,True,True,False,89.6,3500,1792000,3500,history_hash_chain_replay,0.78,rollback ticket is not used by this baseline,memory recovered by replaying hash-chain history
hash_chain,rollback_ticket,5000,512,500,3,True,True,True,False,True,True,False,89.65,3500,1792000,3500,history_hash_chain_replay,0.78,rollback ticket is not used by this baseline,memory recovered by replaying hash-chain history
hash_chain,disconnect,100,128,50,1,True,True,True,True,True,True,False,3.8,70,8960,70,history_hash_chain_replay,0.78,disconnect detected by hash_chain model,memory recovered by replaying hash-chain history
hash_chain,disconnect,100,128,50,2,True,True,True,True,True,True,False,3.85,70,8960,70,history_hash_chain_replay,0.78,disconnect detected by hash_chain model,memory recovered by replaying hash-chain history
hash_chain,disconnect,100,128,50,3,True,True,True,True,True,True,False,3.9,70,8960,70,history_hash_chain_replay,0.78,disconnect detected by hash_chain model,memory recovered by replaying hash-chain history
hash_chain,disconnect,100,128,100,1,True,True,True,True,True,True,False,3.8,70,8960,70,history_hash_chain_replay,0.78,disconnect detected by hash_chain model,memory recovered by replaying hash-chain history
hash_chain,disconnect,100,128,100,2,True,True,True,True,True,True,False,3.85,70,8960,70,history_hash_chain_replay,0.78,disconnect detected by hash_chain model,memory recovered by replaying hash-chain history
hash_chain,disconnect,100,128,100,3,True,True,True,True,True,True,False,3.9,70,8960,70,history_hash_chain_replay,0.78,disconnect detected by hash_chain model,memory recovered by replaying hash-chain history
hash_chain,disconnect,100,128,500,1,True,True,True,True,True,True,False,3.8,70,8960,70,history_hash_chain_replay,0.78,disconnect detected by hash_chain model,memory recovered by replaying hash-chain history
hash_chain,disconnect,100,128,500,2,True,True,True,True,True,True,False,3.85,70,8960,70,history_hash_chain_replay,0.78,disconnect detected by hash_chain model,memory recovered by replaying hash-chain history
hash_chain,disconnect,100,128,500,3,True,True,True,True,True,True,False,3.9,70,8960,70,history_hash_chain_replay,0.78,disconnect detected by hash_chain model,memory recovered by replaying hash-chain history
hash_chain,disconnect,100,512,50,1,True,True,True,True,True,True,False,3.8,70,35840,70,history_hash_chain_replay,0.78,disconnect detected by hash_chain model,memory recovered by replaying hash-chain history
hash_chain,disconnect,100,512,50,2,True,True,True,True,True,True,False,3.85,70,35840,70,history_hash_chain_replay,0.78,disconnect detected by hash_chain model,memory recovered by replaying hash-chain history
hash_chain,disconnect,100,512,50,3,True,True,True,True,True,True,False,3.9,70,35840,70,history_hash_chain_replay,0.78,disconnect detected by hash_chain model,memory recovered by replaying hash-chain history
hash_chain,disconnect,100,512,100,1,True,True,True,True,True,True,False,3.8,70,35840,70,history_hash_chain_replay,0.78,disconnect detected by hash_chain model,memory recovered by replaying hash-chain history
hash_chain,disconnect,100,512,100,2,True,True,True,True,True,True,False,3.85,70,35840,70,history_hash_chain_replay,0.78,disconnect detected by hash_chain model,memory recovered by replaying hash-chain history
hash_chain,disconnect,100,512,100,3,True,True,True,True,True,True,False,3.9,70,35840,70,history_hash_chain_replay,0.78,disconnect detected by hash_chain model,memory recovered by replaying hash-chain history
hash_chain,disconnect,100,512,500,1,True,True,True,True,True,True,False,3.8,70,35840,70,history_hash_chain_replay,0.78,disconnect detected by hash_chain model,memory recovered by replaying hash-chain history
hash_chain,disconnect,100,512,500,2,True,True,True,True,True,True,False,3.85,70,35840,70,history_hash_chain_replay,0.78,disconnect detected by hash_chain model,memory recovered by replaying hash-chain history
hash_chain,disconnect,100,512,500,3,True,True,True,True,True,True,False,3.9,70,35840,70,history_hash_chain_replay,0.78,disconnect detected by hash_chain model,memory recovered by replaying hash-chain history
hash_chain,disconnect,500,128,50,1,True,True,True,True,True,True,False,10.8,350,44800,350,history_hash_chain_replay,0.78,disconnect detected by hash_chain model,memory recovered by replaying hash-chain history
hash_chain,disconnect,500,128,50,2,True,True,True,True,True,True,False,10.85,350,44800,350,history_hash_chain_replay,0.78,disconnect detected by hash_chain model,memory recovered by replaying hash-chain history
hash_chain,disconnect,500,128,50,3,True,True,True,True,True,True,False,10.9,350,44800,350,history_hash_chain_replay,0.78,disconnect detected by hash_chain model,memory recovered by replaying hash-chain history
hash_chain,disconnect,500,128,100,1,True,True,True,True,True,True,False,10.8,350,44800,350,history_hash_chain_replay,0.78,disconnect detected by hash_chain model,memory recovered by replaying hash-chain history
hash_chain,disconnect,500,128,100,2,True,True,True,True,True,True,False,10.85,350,44800,350,history_hash_chain_replay,0.78,disconnect detected by hash_chain model,memory recovered by replaying hash-chain history
hash_chain,disconnect,500,128,100,3,True,True,True,True,True,True,False,10.9,350,44800,350,history_hash_chain_replay,0.78,disconnect detected by hash_chain model,memory recovered by replaying hash-chain history
hash_chain,disconnect,500,128,500,1,True,True,True,True,True,True,False,10.8,350,44800,350,history_hash_chain_replay,0.78,disconnect detected by hash_chain model,memory recovered by replaying hash-chain history
hash_chain,disconnect,500,128,500,2,True,True,True,True,True,True,False,10.85,350,44800,350,history_hash_chain_replay,0.78,disconnect detected by hash_chain model,memory recovered by replaying hash-chain history
hash_chain,disconnect,500,128,500,3,True,True,True,True,True,True,False,10.9,350,44800,350,history_hash_chain_replay,0.78,disconnect detected by hash_chain model,memory recovered by replaying hash-chain history
hash_chain,disconnect,500,512,50,1,True,True,True,True,True,True,False,10.8,350,179200,350,history_hash_chain_replay,0.78,disconnect detected by hash_chain model,memory recovered by replaying hash-chain history
hash_chain,disconnect,500,512,50,2,True,True,True,True,True,True,False,10.85,350,179200,350,history_hash_chain_replay,0.78,disconnect detected by hash_chain model,memory recovered by replaying hash-chain history
hash_chain,disconnect,500,512,50,3,True,True,True,True,True,True,False,10.9,350,179200,350,history_hash_chain_replay,0.78,disconnect detected by hash_chain model,memory recovered by replaying hash-chain history
hash_chain,disconnect,500,512,100,1,True,True,True,True,True,True,False,10.8,350,179200,350,history_hash_chain_replay,0.78,disconnect detected by hash_chain model,memory recovered by replaying hash-chain history
hash_chain,disconnect,500,512,100,2,True,True,True,True,True,True,False,10.85,350,179200,350,history_hash_chain_replay,0.78,disconnect detected by hash_chain model,memory recovered by replaying hash-chain history
hash_chain,disconnect,500,512,100,3,True,True,True,True,True,True,False,10.9,350,179200,350,history_hash_chain_replay,0.78,disconnect detected by hash_chain model,memory recovered by replaying hash-chain history
hash_chain,disconnect,500,512,500,1,True,True,True,True,True,True,False,10.8,350,179200,350,history_hash_chain_replay,0.78,disconnect detected by hash_chain model,memory recovered by replaying hash-chain history
hash_chain,disconnect,500,512,500,2,True,True,True,True,True,True,False,10.85,350,179200,350,history_hash_chain_replay,0.78,disconnect detected by hash_chain model,memory recovered by replaying hash-chain history
hash_chain,disconnect,500,512,500,3,True,True,True,True,True,True,False,10.9,350,179200,350,history_hash_chain_replay,0.78,disconnect detected by hash_chain model,memory recovered by replaying hash-chain history
hash_chain,disconnect,1000,128,50,1,True,True,True,True,True,True,False,19.55,700,89600,700,history_hash_chain_replay,0.78,disconnect detected by hash_chain model,memory recovered by replaying hash-chain history
hash_chain,disconnect,1000,128,50,2,True,True,True,True,True,True,False,19.6,700,89600,700,history_hash_chain_replay,0.78,disconnect detected by hash_chain model,memory recovered by replaying hash-chain history
hash_chain,disconnect,1000,128,50,3,True,True,True,True,True,True,False,19.65,700,89600,700,history_hash_chain_replay,0.78,disconnect detected by hash_chain model,memory recovered by replaying hash-chain history
hash_chain,disconnect,1000,128,100,1,True,True,True,True,True,True,False,19.55,700,89600,700,history_hash_chain_replay,0.78,disconnect detected by hash_chain model,memory recovered by replaying hash-chain history
hash_chain,disconnect,1000,128,100,2,True,True,True,True,True,True,False,19.6,700,89600,700,history_hash_chain_replay,0.78,disconnect detected by hash_chain model,memory recovered by replaying hash-chain history
hash_chain,disconnect,1000,128,100,3,True,True,True,True,True,True,False,19.65,700,89600,700,history_hash_chain_replay,0.78,disconnect detected by hash_chain model,memory recovered by replaying hash-chain history
hash_chain,disconnect,1000,128,500,1,True,True,True,True,True,True,False,19.55,700,89600,700,history_hash_chain_replay,0.78,disconnect detected by hash_chain model,memory recovered by replaying hash-chain history
hash_chain,disconnect,1000,128,500,2,True,True,True,True,True,True,False,19.6,700,89600,700,history_hash_chain_replay,0.78,disconnect detected by hash_chain model,memory recovered by replaying hash-chain history
hash_chain,disconnect,1000,128,500,3,True,True,True,True,True,True,False,19.65,700,89600,700,history_hash_chain_replay,0.78,disconnect detected by hash_chain model,memory recovered by replaying hash-chain history
hash_chain,disconnect,1000,512,50,1,True,True,True,True,True,True,False,19.55,700,358400,700,history_hash_chain_replay,0.78,disconnect detected by hash_chain model,memory recovered by replaying hash-chain history
hash_chain,disconnect,1000,512,50,2,True,True,True,True,True,True,False,19.6,700,358400,700,history_hash_chain_replay,0.78,disconnect detected by hash_chain model,memory recovered by replaying hash-chain history
hash_chain,disconnect,1000,512,50,3,True,True,True,True,True,True,False,19.65,700,358400,700,history_hash_chain_replay,0.78,disconnect detected by hash_chain model,memory recovered by replaying hash-chain history
hash_chain,disconnect,1000,512,100,1,True,True,True,True,True,True,False,19.55,700,358400,700,history_hash_chain_replay,0.78,disconnect detected by hash_chain model,memory recovered by replaying hash-chain history
hash_chain,disconnect,1000,512,100,2,True,True,True,True,True,True,False,19.6,700,358400,700,history_hash_chain_replay,0.78,disconnect detected by hash_chain model,memory recovered by replaying hash-chain history
hash_chain,disconnect,1000,512,100,3,True,True,True,True,True,True,False,19.65,700,358400,700,history_hash_chain_replay,0.78,disconnect detected by hash_chain model,memory recovered by replaying hash-chain history
hash_chain,disconnect,1000,512,500,1,True,True,True,True,True,True,False,19.55,700,358400,700,history_hash_chain_replay,0.78,disconnect detected by hash_chain model,memory recovered by replaying hash-chain history
hash_chain,disconnect,1000,512,500,2,True,True,True,True,True,True,False,19.6,700,358400,700,history_hash_chain_replay,0.78,disconnect detected by hash_chain model,memory recovered by replaying hash-chain history
hash_chain,disconnect,1000,512,500,3,True,True,True,True,True,True,False,19.65,700,358400,700,history_hash_chain_replay,0.78,disconnect detected by hash_chain model,memory recovered by replaying hash-chain history
hash_chain,disconnect,5000,128,50,1,True,True,True,True,True,True,False,89.55,3500,448000,3500,history_hash_chain_replay,0.78,disconnect detected by hash_chain model,memory recovered by replaying hash-chain history
hash_chain,disconnect,5000,128,50,2,True,True,True,True,True,True,False,89.6,3500,448000,3500,history_hash_chain_replay,0.78,disconnect detected by hash_chain model,memory recovered by replaying hash-chain history
hash_chain,disconnect,5000,128,50,3,True,True,True,True,True,True,False,89.65,3500,448000,3500,history_hash_chain_replay,0.78,disconnect detected by hash_chain model,memory recovered by replaying hash-chain history
hash_chain,disconnect,5000,128,100,1,True,True,True,True,True,True,False,89.55,3500,448000,3500,history_hash_chain_replay,0.78,disconnect detected by hash_chain model,memory recovered by replaying hash-chain history
hash_chain,disconnect,5000,128,100,2,True,True,True,True,True,True,False,89.6,3500,448000,3500,history_hash_chain_replay,0.78,disconnect detected by hash_chain model,memory recovered by replaying hash-chain history
hash_chain,disconnect,5000,128,100,3,True,True,True,True,True,True,False,89.65,3500,448000,3500,history_hash_chain_replay,0.78,disconnect detected by hash_chain model,memory recovered by replaying hash-chain history
hash_chain,disconnect,5000,128,500,1,True,True,True,True,True,True,False,89.55,3500,448000,3500,history_hash_chain_replay,0.78,disconnect detected by hash_chain model,memory recovered by replaying hash-chain history
hash_chain,disconnect,5000,128,500,2,True,True,True,True,True,True,False,89.6,3500,448000,3500,history_hash_chain_replay,0.78,disconnect detected by hash_chain model,memory recovered by replaying hash-chain history
hash_chain,disconnect,5000,128,500,3,True,True,True,True,True,True,False,89.65,3500,448000,3500,history_hash_chain_replay,0.78,disconnect detected by hash_chain model,memory recovered by replaying hash-chain history
hash_chain,disconnect,5000,512,50,1,True,True,True,True,True,True,False,89.55,3500,1792000,3500,history_hash_chain_replay,0.78,disconnect detected by hash_chain model,memory recovered by replaying hash-chain history
hash_chain,disconnect,5000,512,50,2,True,True,True,True,True,True,False,89.6,3500,1792000,3500,history_hash_chain_replay,0.78,disconnect detected by hash_chain model,memory recovered by replaying hash-chain history
hash_chain,disconnect,5000,512,50,3,True,True,True,True,True,True,False,89.65,3500,1792000,3500,history_hash_chain_replay,0.78,disconnect detected by hash_chain model,memory recovered by replaying hash-chain history
hash_chain,disconnect,5000,512,100,1,True,True,True,True,True,True,False,89.55,3500,1792000,3500,history_hash_chain_replay,0.78,disconnect detected by hash_chain model,memory recovered by replaying hash-chain history
hash_chain,disconnect,5000,512,100,2,True,True,True,True,True,True,False,89.6,3500,1792000,3500,history_hash_chain_replay,0.78,disconnect detected by hash_chain model,memory recovered by replaying hash-chain history
hash_chain,disconnect,5000,512,100,3,True,True,True,True,True,True,False,89.65,3500,1792000,3500,history_hash_chain_replay,0.78,disconnect detected by hash_chain model,memory recovered by replaying hash-chain history
hash_chain,disconnect,5000,512,500,1,True,True,True,True,True,True,False,89.55,3500,1792000,3500,history_hash_chain_replay,0.78,disconnect detected by hash_chain model,memory recovered by replaying hash-chain history
hash_chain,disconnect,5000,512,500,2,True,True,True,True,True,True,False,89.6,3500,1792000,3500,history_hash_chain_replay,0.78,disconnect detected by hash_chain model,memory recovered by replaying hash-chain history
hash_chain,disconnect,5000,512,500,3,True,True,True,True,True,True,False,89.65,3500,1792000,3500,history_hash_chain_replay,0.78,disconnect detected by hash_chain model,memory recovered by replaying hash-chain history
ticket_only,drop,100,128,50,1,False,False,False,True,True,False,False,3.05,1,256,0,session_ticket,0.95,drop detected by ticket_only model,session ticket restores connection state only
ticket_only,drop,100,128,50,2,False,False,False,True,True,False,False,3.1,1,256,0,session_ticket,0.95,drop detected by ticket_only model,session ticket restores connection state only
ticket_only,drop,100,128,50,3,False,False,False,True,True,False,False,3.15,1,256,0,session_ticket,0.95,drop detected by ticket_only model,session ticket restores connection state only
ticket_only,drop,100,128,100,1,False,False,False,True,True,False,False,3.05,1,256,0,session_ticket,0.95,drop detected by ticket_only model,session ticket restores connection state only
ticket_only,drop,100,128,100,2,False,False,False,True,True,False,False,3.1,1,256,0,session_ticket,0.95,drop detected by ticket_only model,session ticket restores connection state only
ticket_only,drop,100,128,100,3,False,False,False,True,True,False,False,3.15,1,256,0,session_ticket,0.95,drop detected by ticket_only model,session ticket restores connection state only
ticket_only,drop,100,128,500,1,False,False,False,True,True,False,False,3.05,1,256,0,session_ticket,0.95,drop detected by ticket_only model,session ticket restores connection state only
ticket_only,drop,100,128,500,2,False,False,False,True,True,False,False,3.1,1,256,0,session_ticket,0.95,drop detected by ticket_only model,session ticket restores connection state only
ticket_only,drop,100,128,500,3,False,False,False,True,True,False,False,3.15,1,256,0,session_ticket,0.95,drop detected by ticket_only model,session ticket restores connection state only
ticket_only,drop,100,512,50,1,False,False,False,True,True,False,False,3.05,1,256,0,session_ticket,0.95,drop detected by ticket_only model,session ticket restores connection state only
ticket_only,drop,100,512,50,2,False,False,False,True,True,False,False,3.1,1,256,0,session_ticket,0.95,drop detected by ticket_only model,session ticket restores connection state only
ticket_only,drop,100,512,50,3,False,False,False,True,True,False,False,3.15,1,256,0,session_ticket,0.95,drop detected by ticket_only model,session ticket restores connection state only
ticket_only,drop,100,512,100,1,False,False,False,True,True,False,False,3.05,1,256,0,session_ticket,0.95,drop detected by ticket_only model,session ticket restores connection state only
ticket_only,drop,100,512,100,2,False,False,False,True,True,False,False,3.1,1,256,0,session_ticket,0.95,drop detected by ticket_only model,session ticket restores connection state only
ticket_only,drop,100,512,100,3,False,False,False,True,True,False,False,3.15,1,256,0,session_ticket,0.95,drop detected by ticket_only model,session ticket restores connection state only
ticket_only,drop,100,512,500,1,False,False,False,True,True,False,False,3.05,1,256,0,session_ticket,0.95,drop detected by ticket_only model,session ticket restores connection state only
ticket_only,drop,100,512,500,2,False,False,False,True,True,False,False,3.1,1,256,0,session_ticket,0.95,drop detected by ticket_only model,session ticket restores connection state only
ticket_only,drop,100,512,500,3,False,False,False,True,True,False,False,3.15,1,256,0,session_ticket,0.95,drop detected by ticket_only model,session ticket restores connection state only
ticket_only,drop,500,128,50,1,False,False,False,True,True,False,False,3.05,1,256,0,session_ticket,0.95,drop detected by ticket_only model,session ticket restores connection state only
ticket_only,drop,500,128,50,2,False,False,False,True,True,False,False,3.1,1,256,0,session_ticket,0.95,drop detected by ticket_only model,session ticket restores connection state only
ticket_only,drop,500,128,50,3,False,False,False,True,True,False,False,3.15,1,256,0,session_ticket,0.95,drop detected by ticket_only model,session ticket restores connection state only
ticket_only,drop,500,128,100,1,False,False,False,True,True,False,False,3.05,1,256,0,session_ticket,0.95,drop detected by ticket_only model,session ticket restores connection state only
ticket_only,drop,500,128,100,2,False,False,False,True,True,False,False,3.1,1,256,0,session_ticket,0.95,drop detected by ticket_only model,session ticket restores connection state only
ticket_only,drop,500,128,100,3,False,False,False,True,True,False,False,3.15,1,256,0,session_ticket,0.95,drop detected by ticket_only model,session ticket restores connection state only
ticket_only,drop,500,128,500,1,False,False,False,True,True,False,False,3.05,1,256,0,session_ticket,0.95,drop detected by ticket_only model,session ticket restores connection state only
ticket_only,drop,500,128,500,2,False,False,False,True,True,False,False,3.1,1,256,0,session_ticket,0.95,drop detected by ticket_only model,session ticket restores connection state only
ticket_only,drop,500,128,500,3,False,False,False,True,True,False,False,3.15,1,256,0,session_ticket,0.95,drop detected by ticket_only model,session ticket restores connection state only
ticket_only,drop,500,512,50,1,False,False,False,True,True,False,False,3.05,1,256,0,session_ticket,0.95,drop detected by ticket_only model,session ticket restores connection state only
ticket_only,drop,500,512,50,2,False,False,False,True,True,False,False,3.1,1,256,0,session_ticket,0.95,drop detected by ticket_only model,session ticket restores connection state only
ticket_only,drop,500,512,50,3,False,False,False,True,True,False,False,3.15,1,256,0,session_ticket,0.95,drop detected by ticket_only model,session ticket restores connection state only
ticket_only,drop,500,512,100,1,False,False,False,True,True,False,False,3.05,1,256,0,session_ticket,0.95,drop detected by ticket_only model,session ticket restores connection state only
ticket_only,drop,500,512,100,2,False,False,False,True,True,False,False,3.1,1,256,0,session_ticket,0.95,drop detected by ticket_only model,session ticket restores connection state only
ticket_only,drop,500,512,100,3,False,False,False,True,True,False,False,3.15,1,256,0,session_ticket,0.95,drop detected by ticket_only model,session ticket restores connection state only
ticket_only,drop,500,512,500,1,False,False,False,True,True,False,False,3.05,1,256,0,session_ticket,0.95,drop detected by ticket_only model,session ticket restores connection state only
ticket_only,drop,500,512,500,2,False,False,False,True,True,False,False,3.1,1,256,0,session_ticket,0.95,drop detected by ticket_only model,session ticket restores connection state only
ticket_only,drop,500,512,500,3,False,False,False,True,True,False,False,3.15,1,256,0,session_ticket,0.95,drop detected by ticket_only model,session ticket restores connection state only
ticket_only,drop,1000,128,50,1,False,False,False,True,True,False,False,3.05,1,256,0,session_ticket,0.95,drop detected by ticket_only model,session ticket restores connection state only
ticket_only,drop,1000,128,50,2,False,False,False,True,True,False,False,3.1,1,256,0,session_ticket,0.95,drop detected by ticket_only model,session ticket restores connection state only
ticket_only,drop,1000,128,50,3,False,False,False,True,True,False,False,3.15,1,256,0,session_ticket,0.95,drop detected by ticket_only model,session ticket restores connection state only
ticket_only,drop,1000,128,100,1,False,False,False,True,True,False,False,3.05,1,256,0,session_ticket,0.95,drop detected by ticket_only model,session ticket restores connection state only
ticket_only,drop,1000,128,100,2,False,False,False,True,True,False,False,3.1,1,256,0,session_ticket,0.95,drop detected by ticket_only model,session ticket restores connection state only
ticket_only,drop,1000,128,100,3,False,False,False,True,True,False,False,3.15,1,256,0,session_ticket,0.95,drop detected by ticket_only model,session ticket restores connection state only
ticket_only,drop,1000,128,500,1,False,False,False,True,True,False,False,3.05,1,256,0,session_ticket,0.95,drop detected by ticket_only model,session ticket restores connection state only
ticket_only,drop,1000,128,500,2,False,False,False,True,True,False,False,3.1,1,256,0,session_ticket,0.95,drop detected by ticket_only model,session ticket restores connection state only
ticket_only,drop,1000,128,500,3,False,False,False,True,True,False,False,3.15,1,256,0,session_ticket,0.95,drop detected by ticket_only model,session ticket restores connection state only
ticket_only,drop,1000,512,50,1,False,False,False,True,True,False,False,3.05,1,256,0,session_ticket,0.95,drop detected by ticket_only model,session ticket restores connection state only
ticket_only,drop,1000,512,50,2,False,False,False,True,True,False,False,3.1,1,256,0,session_ticket,0.95,drop detected by ticket_only model,session ticket restores connection state only
ticket_only,drop,1000,512,50,3,False,False,False,True,True,False,False,3.15,1,256,0,session_ticket,0.95,drop detected by ticket_only model,session ticket restores connection state only
ticket_only,drop,1000,512,100,1,False,False,False,True,True,False,False,3.05,1,256,0,session_ticket,0.95,drop detected by ticket_only model,session ticket restores connection state only
ticket_only,drop,1000,512,100,2,False,False,False,True,True,False,False,3.1,1,256,0,session_ticket,0.95,drop detected by ticket_only model,session ticket restores connection state only
ticket_only,drop,1000,512,100,3,False,False,False,True,True,False,False,3.15,1,256,0,session_ticket,0.95,drop detected by ticket_only model,session ticket restores connection state only
ticket_only,drop,1000,512,500,1,False,False,False,True,True,False,False,3.05,1,256,0,session_ticket,0.95,drop detected by ticket_only model,session ticket restores connection state only
ticket_only,drop,1000,512,500,2,False,False,False,True,True,False,False,3.1,1,256,0,session_ticket,0.95,drop detected by ticket_only model,session ticket restores connection state only
ticket_only,drop,1000,512,500,3,False,False,False,True,True,False,False,3.15,1,256,0,session_ticket,0.95,drop detected by ticket_only model,session ticket restores connection state only
ticket_only,drop,5000,128,50,1,False,False,False,True,True,False,False,3.05,1,256,0,session_ticket,0.95,drop detected by ticket_only model,session ticket restores connection state only
ticket_only,drop,5000,128,50,2,False,False,False,True,True,False,False,3.1,1,256,0,session_ticket,0.95,drop detected by ticket_only model,session ticket restores connection state only
ticket_only,drop,5000,128,50,3,False,False,False,True,True,False,False,3.15,1,256,0,session_ticket,0.95,drop detected by ticket_only model,session ticket restores connection state only
ticket_only,drop,5000,128,100,1,False,False,False,True,True,False,False,3.05,1,256,0,session_ticket,0.95,drop detected by ticket_only model,session ticket restores connection state only
ticket_only,drop,5000,128,100,2,False,False,False,True,True,False,False,3.1,1,256,0,session_ticket,0.95,drop detected by ticket_only model,session ticket restores connection state only
ticket_only,drop,5000,128,100,3,False,False,False,True,True,False,False,3.15,1,256,0,session_ticket,0.95,drop detected by ticket_only model,session ticket restores connection state only
ticket_only,drop,5000,128,500,1,False,False,False,True,True,False,False,3.05,1,256,0,session_ticket,0.95,drop detected by ticket_only model,session ticket restores connection state only
ticket_only,drop,5000,128,500,2,False,False,False,True,True,False,False,3.1,1,256,0,session_ticket,0.95,drop detected by ticket_only model,session ticket restores connection state only
ticket_only,drop,5000,128,500,3,False,False,False,True,True,False,False,3.15,1,256,0,session_ticket,0.95,drop detected by ticket_only model,session ticket restores connection state only
ticket_only,drop,5000,512,50,1,False,False,False,True,True,False,False,3.05,1,256,0,session_ticket,0.95,drop detected by ticket_only model,session ticket restores connection state only
ticket_only,drop,5000,512,50,2,False,False,False,True,True,False,False,3.1,1,256,0,session_ticket,0.95,drop detected by ticket_only model,session ticket restores connection state only
ticket_only,drop,5000,512,50,3,False,False,False,True,True,False,False,3.15,1,256,0,session_ticket,0.95,drop detected by ticket_only model,session ticket restores connection state only
ticket_only,drop,5000,512,100,1,False,False,False,True,True,False,False,3.05,1,256,0,session_ticket,0.95,drop detected by ticket_only model,session ticket restores connection state only
ticket_only,drop,5000,512,100,2,False,False,False,True,True,False,False,3.1,1,256,0,session_ticket,0.95,drop detected by ticket_only model,session ticket restores connection state only
ticket_only,drop,5000,512,100,3,False,False,False,True,True,False,False,3.15,1,256,0,session_ticket,0.95,drop detected by ticket_only model,session ticket restores connection state only
ticket_only,drop,5000,512,500,1,False,False,False,True,True,False,False,3.05,1,256,0,session_ticket,0.95,drop detected by ticket_only model,session ticket restores connection state only
ticket_only,drop,5000,512,500,2,False,False,False,True,True,False,False,3.1,1,256,0,session_ticket,0.95,drop detected by ticket_only model,session ticket restores connection state only
ticket_only,drop,5000,512,500,3,False,False,False,True,True,False,False,3.15,1,256,0,session_ticket,0.95,drop detected by ticket_only model,session ticket restores connection state only
ticket_only,modify,100,128,50,1,False,False,False,True,True,False,False,3.05,1,256,0,session_ticket,0.95,modify detected by ticket_only model,session ticket restores connection state only
ticket_only,modify,100,128,50,2,False,False,False,True,True,False,False,3.1,1,256,0,session_ticket,0.95,modify detected by ticket_only model,session ticket restores connection state only
ticket_only,modify,100,128,50,3,False,False,False,True,True,False,False,3.15,1,256,0,session_ticket,0.95,modify detected by ticket_only model,session ticket restores connection state only
ticket_only,modify,100,128,100,1,False,False,False,True,True,False,False,3.05,1,256,0,session_ticket,0.95,modify detected by ticket_only model,session ticket restores connection state only
ticket_only,modify,100,128,100,2,False,False,False,True,True,False,False,3.1,1,256,0,session_ticket,0.95,modify detected by ticket_only model,session ticket restores connection state only
ticket_only,modify,100,128,100,3,False,False,False,True,True,False,False,3.15,1,256,0,session_ticket,0.95,modify detected by ticket_only model,session ticket restores connection state only
ticket_only,modify,100,128,500,1,False,False,False,True,True,False,False,3.05,1,256,0,session_ticket,0.95,modify detected by ticket_only model,session ticket restores connection state only
ticket_only,modify,100,128,500,2,False,False,False,True,True,False,False,3.1,1,256,0,session_ticket,0.95,modify detected by ticket_only model,session ticket restores connection state only
ticket_only,modify,100,128,500,3,False,False,False,True,True,False,False,3.15,1,256,0,session_ticket,0.95,modify detected by ticket_only model,session ticket restores connection state only
ticket_only,modify,100,512,50,1,False,False,False,True,True,False,False,3.05,1,256,0,session_ticket,0.95,modify detected by ticket_only model,session ticket restores connection state only
ticket_only,modify,100,512,50,2,False,False,False,True,True,False,False,3.1,1,256,0,session_ticket,0.95,modify detected by ticket_only model,session ticket restores connection state only
ticket_only,modify,100,512,50,3,False,False,False,True,True,False,False,3.15,1,256,0,session_ticket,0.95,modify detected by ticket_only model,session ticket restores connection state only
ticket_only,modify,100,512,100,1,False,False,False,True,True,False,False,3.05,1,256,0,session_ticket,0.95,modify detected by ticket_only model,session ticket restores connection state only
ticket_only,modify,100,512,100,2,False,False,False,True,True,False,False,3.1,1,256,0,session_ticket,0.95,modify detected by ticket_only model,session ticket restores connection state only
ticket_only,modify,100,512,100,3,False,False,False,True,True,False,False,3.15,1,256,0,session_ticket,0.95,modify detected by ticket_only model,session ticket restores connection state only
ticket_only,modify,100,512,500,1,False,False,False,True,True,False,False,3.05,1,256,0,session_ticket,0.95,modify detected by ticket_only model,session ticket restores connection state only
ticket_only,modify,100,512,500,2,False,False,False,True,True,False,False,3.1,1,256,0,session_ticket,0.95,modify detected by ticket_only model,session ticket restores connection state only
ticket_only,modify,100,512,500,3,False,False,False,True,True,False,False,3.15,1,256,0,session_ticket,0.95,modify detected by ticket_only model,session ticket restores connection state only
ticket_only,modify,500,128,50,1,False,False,False,True,True,False,False,3.05,1,256,0,session_ticket,0.95,modify detected by ticket_only model,session ticket restores connection state only
ticket_only,modify,500,128,50,2,False,False,False,True,True,False,False,3.1,1,256,0,session_ticket,0.95,modify detected by ticket_only model,session ticket restores connection state only
ticket_only,modify,500,128,50,3,False,False,False,True,True,False,False,3.15,1,256,0,session_ticket,0.95,modify detected by ticket_only model,session ticket restores connection state only
ticket_only,modify,500,128,100,1,False,False,False,True,True,False,False,3.05,1,256,0,session_ticket,0.95,modify detected by ticket_only model,session ticket restores connection state only
ticket_only,modify,500,128,100,2,False,False,False,True,True,False,False,3.1,1,256,0,session_ticket,0.95,modify detected by ticket_only model,session ticket restores connection state only
ticket_only,modify,500,128,100,3,False,False,False,True,True,False,False,3.15,1,256,0,session_ticket,0.95,modify detected by ticket_only model,session ticket restores connection state only
ticket_only,modify,500,128,500,1,False,False,False,True,True,False,False,3.05,1,256,0,session_ticket,0.95,modify detected by ticket_only model,session ticket restores connection state only
ticket_only,modify,500,128,500,2,False,False,False,True,True,False,False,3.1,1,256,0,session_ticket,0.95,modify detected by ticket_only model,session ticket restores connection state only
ticket_only,modify,500,128,500,3,False,False,False,True,True,False,False,3.15,1,256,0,session_ticket,0.95,modify detected by ticket_only model,session ticket restores connection state only
ticket_only,modify,500,512,50,1,False,False,False,True,True,False,False,3.05,1,256,0,session_ticket,0.95,modify detected by ticket_only model,session ticket restores connection state only
ticket_only,modify,500,512,50,2,False,False,False,True,True,False,False,3.1,1,256,0,session_ticket,0.95,modify detected by ticket_only model,session ticket restores connection state only
ticket_only,modify,500,512,50,3,False,False,False,True,True,False,False,3.15,1,256,0,session_ticket,0.95,modify detected by ticket_only model,session ticket restores connection state only
ticket_only,modify,500,512,100,1,False,False,False,True,True,False,False,3.05,1,256,0,session_ticket,0.95,modify detected by ticket_only model,session ticket restores connection state only
ticket_only,modify,500,512,100,2,False,False,False,True,True,False,False,3.1,1,256,0,session_ticket,0.95,modify detected by ticket_only model,session ticket restores connection state only
ticket_only,modify,500,512,100,3,False,False,False,True,True,False,False,3.15,1,256,0,session_ticket,0.95,modify detected by ticket_only model,session ticket restores connection state only
ticket_only,modify,500,512,500,1,False,False,False,True,True,False,False,3.05,1,256,0,session_ticket,0.95,modify detected by ticket_only model,session ticket restores connection state only
ticket_only,modify,500,512,500,2,False,False,False,True,True,False,False,3.1,1,256,0,session_ticket,0.95,modify detected by ticket_only model,session ticket restores connection state only
ticket_only,modify,500,512,500,3,False,False,False,True,True,False,False,3.15,1,256,0,session_ticket,0.95,modify detected by ticket_only model,session ticket restores connection state only
ticket_only,modify,1000,128,50,1,False,False,False,True,True,False,False,3.05,1,256,0,session_ticket,0.95,modify detected by ticket_only model,session ticket restores connection state only
ticket_only,modify,1000,128,50,2,False,False,False,True,True,False,False,3.1,1,256,0,session_ticket,0.95,modify detected by ticket_only model,session ticket restores connection state only
ticket_only,modify,1000,128,50,3,False,False,False,True,True,False,False,3.15,1,256,0,session_ticket,0.95,modify detected by ticket_only model,session ticket restores connection state only
ticket_only,modify,1000,128,100,1,False,False,False,True,True,False,False,3.05,1,256,0,session_ticket,0.95,modify detected by ticket_only model,session ticket restores connection state only
ticket_only,modify,1000,128,100,2,False,False,False,True,True,False,False,3.1,1,256,0,session_ticket,0.95,modify detected by ticket_only model,session ticket restores connection state only
ticket_only,modify,1000,128,100,3,False,False,False,True,True,False,False,3.15,1,256,0,session_ticket,0.95,modify detected by ticket_only model,session ticket restores connection state only
ticket_only,modify,1000,128,500,1,False,False,False,True,True,False,False,3.05,1,256,0,session_ticket,0.95,modify detected by ticket_only model,session ticket restores connection state only
ticket_only,modify,1000,128,500,2,False,False,False,True,True,False,False,3.1,1,256,0,session_ticket,0.95,modify detected by ticket_only model,session ticket restores connection state only
ticket_only,modify,1000,128,500,3,False,False,False,True,True,False,False,3.15,1,256,0,session_ticket,0.95,modify detected by ticket_only model,session ticket restores connection state only
ticket_only,modify,1000,512,50,1,False,False,False,True,True,False,False,3.05,1,256,0,session_ticket,0.95,modify detected by ticket_only model,session ticket restores connection state only
ticket_only,modify,1000,512,50,2,False,False,False,True,True,False,False,3.1,1,256,0,session_ticket,0.95,modify detected by ticket_only model,session ticket restores connection state only
ticket_only,modify,1000,512,50,3,False,False,False,True,True,False,False,3.15,1,256,0,session_ticket,0.95,modify detected by ticket_only model,session ticket restores connection state only
ticket_only,modify,1000,512,100,1,False,False,False,True,True,False,False,3.05,1,256,0,session_ticket,0.95,modify detected by ticket_only model,session ticket restores connection state only
ticket_only,modify,1000,512,100,2,False,False,False,True,True,False,False,3.1,1,256,0,session_ticket,0.95,modify detected by ticket_only model,session ticket restores connection state only
ticket_only,modify,1000,512,100,3,False,False,False,True,True,False,False,3.15,1,256,0,session_ticket,0.95,modify detected by ticket_only model,session ticket restores connection state only
ticket_only,modify,1000,512,500,1,False,False,False,True,True,False,False,3.05,1,256,0,session_ticket,0.95,modify detected by ticket_only model,session ticket restores connection state only
ticket_only,modify,1000,512,500,2,False,False,False,True,True,False,False,3.1,1,256,0,session_ticket,0.95,modify detected by ticket_only model,session ticket restores connection state only
ticket_only,modify,1000,512,500,3,False,False,False,True,True,False,False,3.15,1,256,0,session_ticket,0.95,modify detected by ticket_only model,session ticket restores connection state only
ticket_only,modify,5000,128,50,1,False,False,False,True,True,False,False,3.05,1,256,0,session_ticket,0.95,modify detected by ticket_only model,session ticket restores connection state only
ticket_only,modify,5000,128,50,2,False,False,False,True,True,False,False,3.1,1,256,0,session_ticket,0.95,modify detected by ticket_only model,session ticket restores connection state only
ticket_only,modify,5000,128,50,3,False,False,False,True,True,False,False,3.15,1,256,0,session_ticket,0.95,modify detected by ticket_only model,session ticket restores connection state only
ticket_only,modify,5000,128,100,1,False,False,False,True,True,False,False,3.05,1,256,0,session_ticket,0.95,modify detected by ticket_only model,session ticket restores connection state only
ticket_only,modify,5000,128,100,2,False,False,False,True,True,False,False,3.1,1,256,0,session_ticket,0.95,modify detected by ticket_only model,session ticket restores connection state only
ticket_only,modify,5000,128,100,3,False,False,False,True,True,False,False,3.15,1,256,0,session_ticket,0.95,modify detected by ticket_only model,session ticket restores connection state only
ticket_only,modify,5000,128,500,1,False,False,False,True,True,False,False,3.05,1,256,0,session_ticket,0.95,modify detected by ticket_only model,session ticket restores connection state only
ticket_only,modify,5000,128,500,2,False,False,False,True,True,False,False,3.1,1,256,0,session_ticket,0.95,modify detected by ticket_only model,session ticket restores connection state only
ticket_only,modify,5000,128,500,3,False,False,False,True,True,False,False,3.15,1,256,0,session_ticket,0.95,modify detected by ticket_only model,session ticket restores connection state only
ticket_only,modify,5000,512,50,1,False,False,False,True,True,False,False,3.05,1,256,0,session_ticket,0.95,modify detected by ticket_only model,session ticket restores connection state only
ticket_only,modify,5000,512,50,2,False,False,False,True,True,False,False,3.1,1,256,0,session_ticket,0.95,modify detected by ticket_only model,session ticket restores connection state only
ticket_only,modify,5000,512,50,3,False,False,False,True,True,False,False,3.15,1,256,0,session_ticket,0.95,modify detected by ticket_only model,session ticket restores connection state only
ticket_only,modify,5000,512,100,1,False,False,False,True,True,False,False,3.05,1,256,0,session_ticket,0.95,modify detected by ticket_only model,session ticket restores connection state only
ticket_only,modify,5000,512,100,2,False,False,False,True,True,False,False,3.1,1,256,0,session_ticket,0.95,modify detected by ticket_only model,session ticket restores connection state only
ticket_only,modify,5000,512,100,3,False,False,False,True,True,False,False,3.15,1,256,0,session_ticket,0.95,modify detected by ticket_only model,session ticket restores connection state only
ticket_only,modify,5000,512,500,1,False,False,False,True,True,False,False,3.05,1,256,0,session_ticket,0.95,modify detected by ticket_only model,session ticket restores connection state only
ticket_only,modify,5000,512,500,2,False,False,False,True,True,False,False,3.1,1,256,0,session_ticket,0.95,modify detected by ticket_only model,session ticket restores connection state only
ticket_only,modify,5000,512,500,3,False,False,False,True,True,False,False,3.15,1,256,0,session_ticket,0.95,modify detected by ticket_only model,session ticket restores connection state only
ticket_only,replay,100,128,50,1,False,False,False,True,True,False,False,3.05,1,256,0,session_ticket,0.95,replay detected by ticket_only model,session ticket restores connection state only
ticket_only,replay,100,128,50,2,False,False,False,True,True,False,False,3.1,1,256,0,session_ticket,0.95,replay detected by ticket_only model,session ticket restores connection state only
ticket_only,replay,100,128,50,3,False,False,False,True,True,False,False,3.15,1,256,0,session_ticket,0.95,replay detected by ticket_only model,session ticket restores connection state only
ticket_only,replay,100,128,100,1,False,False,False,True,True,False,False,3.05,1,256,0,session_ticket,0.95,replay detected by ticket_only model,session ticket restores connection state only
ticket_only,replay,100,128,100,2,False,False,False,True,True,False,False,3.1,1,256,0,session_ticket,0.95,replay detected by ticket_only model,session ticket restores connection state only
ticket_only,replay,100,128,100,3,False,False,False,True,True,False,False,3.15,1,256,0,session_ticket,0.95,replay detected by ticket_only model,session ticket restores connection state only
ticket_only,replay,100,128,500,1,False,False,False,True,True,False,False,3.05,1,256,0,session_ticket,0.95,replay detected by ticket_only model,session ticket restores connection state only
ticket_only,replay,100,128,500,2,False,False,False,True,True,False,False,3.1,1,256,0,session_ticket,0.95,replay detected by ticket_only model,session ticket restores connection state only
ticket_only,replay,100,128,500,3,False,False,False,True,True,False,False,3.15,1,256,0,session_ticket,0.95,replay detected by ticket_only model,session ticket restores connection state only
ticket_only,replay,100,512,50,1,False,False,False,True,True,False,False,3.05,1,256,0,session_ticket,0.95,replay detected by ticket_only model,session ticket restores connection state only
ticket_only,replay,100,512,50,2,False,False,False,True,True,False,False,3.1,1,256,0,session_ticket,0.95,replay detected by ticket_only model,session ticket restores connection state only
ticket_only,replay,100,512,50,3,False,False,False,True,True,False,False,3.15,1,256,0,session_ticket,0.95,replay detected by ticket_only model,session ticket restores connection state only
ticket_only,replay,100,512,100,1,False,False,False,True,True,False,False,3.05,1,256,0,session_ticket,0.95,replay detected by ticket_only model,session ticket restores connection state only
ticket_only,replay,100,512,100,2,False,False,False,True,True,False,False,3.1,1,256,0,session_ticket,0.95,replay detected by ticket_only model,session ticket restores connection state only
ticket_only,replay,100,512,100,3,False,False,False,True,True,False,False,3.15,1,256,0,session_ticket,0.95,replay detected by ticket_only model,session ticket restores connection state only
ticket_only,replay,100,512,500,1,False,False,False,True,True,False,False,3.05,1,256,0,session_ticket,0.95,replay detected by ticket_only model,session ticket restores connection state only
ticket_only,replay,100,512,500,2,False,False,False,True,True,False,False,3.1,1,256,0,session_ticket,0.95,replay detected by ticket_only model,session ticket restores connection state only
ticket_only,replay,100,512,500,3,False,False,False,True,True,False,False,3.15,1,256,0,session_ticket,0.95,replay detected by ticket_only model,session ticket restores connection state only
ticket_only,replay,500,128,50,1,False,False,False,True,True,False,False,3.05,1,256,0,session_ticket,0.95,replay detected by ticket_only model,session ticket restores connection state only
ticket_only,replay,500,128,50,2,False,False,False,True,True,False,False,3.1,1,256,0,session_ticket,0.95,replay detected by ticket_only model,session ticket restores connection state only
ticket_only,replay,500,128,50,3,False,False,False,True,True,False,False,3.15,1,256,0,session_ticket,0.95,replay detected by ticket_only model,session ticket restores connection state only
ticket_only,replay,500,128,100,1,False,False,False,True,True,False,False,3.05,1,256,0,session_ticket,0.95,replay detected by ticket_only model,session ticket restores connection state only
ticket_only,replay,500,128,100,2,False,False,False,True,True,False,False,3.1,1,256,0,session_ticket,0.95,replay detected by ticket_only model,session ticket restores connection state only
ticket_only,replay,500,128,100,3,False,False,False,True,True,False,False,3.15,1,256,0,session_ticket,0.95,replay detected by ticket_only model,session ticket restores connection state only
ticket_only,replay,500,128,500,1,False,False,False,True,True,False,False,3.05,1,256,0,session_ticket,0.95,replay detected by ticket_only model,session ticket restores connection state only
ticket_only,replay,500,128,500,2,False,False,False,True,True,False,False,3.1,1,256,0,session_ticket,0.95,replay detected by ticket_only model,session ticket restores connection state only
ticket_only,replay,500,128,500,3,False,False,False,True,True,False,False,3.15,1,256,0,session_ticket,0.95,replay detected by ticket_only model,session ticket restores connection state only
ticket_only,replay,500,512,50,1,False,False,False,True,True,False,False,3.05,1,256,0,session_ticket,0.95,replay detected by ticket_only model,session ticket restores connection state only
ticket_only,replay,500,512,50,2,False,False,False,True,True,False,False,3.1,1,256,0,session_ticket,0.95,replay detected by ticket_only model,session ticket restores connection state only
ticket_only,replay,500,512,50,3,False,False,False,True,True,False,False,3.15,1,256,0,session_ticket,0.95,replay detected by ticket_only model,session ticket restores connection state only
ticket_only,replay,500,512,100,1,False,False,False,True,True,False,False,3.05,1,256,0,session_ticket,0.95,replay detected by ticket_only model,session ticket restores connection state only
ticket_only,replay,500,512,100,2,False,False,False,True,True,False,False,3.1,1,256,0,session_ticket,0.95,replay detected by ticket_only model,session ticket restores connection state only
ticket_only,replay,500,512,100,3,False,False,False,True,True,False,False,3.15,1,256,0,session_ticket,0.95,replay detected by ticket_only model,session ticket restores connection state only
ticket_only,replay,500,512,500,1,False,False,False,True,True,False,False,3.05,1,256,0,session_ticket,0.95,replay detected by ticket_only model,session ticket restores connection state only
ticket_only,replay,500,512,500,2,False,False,False,True,True,False,False,3.1,1,256,0,session_ticket,0.95,replay detected by ticket_only model,session ticket restores connection state only
ticket_only,replay,500,512,500,3,False,False,False,True,True,False,False,3.15,1,256,0,session_ticket,0.95,replay detected by ticket_only model,session ticket restores connection state only
ticket_only,replay,1000,128,50,1,False,False,False,True,True,False,False,3.05,1,256,0,session_ticket,0.95,replay detected by ticket_only model,session ticket restores connection state only
ticket_only,replay,1000,128,50,2,False,False,False,True,True,False,False,3.1,1,256,0,session_ticket,0.95,replay detected by ticket_only model,session ticket restores connection state only
ticket_only,replay,1000,128,50,3,False,False,False,True,True,False,False,3.15,1,256,0,session_ticket,0.95,replay detected by ticket_only model,session ticket restores connection state only
ticket_only,replay,1000,128,100,1,False,False,False,True,True,False,False,3.05,1,256,0,session_ticket,0.95,replay detected by ticket_only model,session ticket restores connection state only
ticket_only,replay,1000,128,100,2,False,False,False,True,True,False,False,3.1,1,256,0,session_ticket,0.95,replay detected by ticket_only model,session ticket restores connection state only
ticket_only,replay,1000,128,100,3,False,False,False,True,True,False,False,3.15,1,256,0,session_ticket,0.95,replay detected by ticket_only model,session ticket restores connection state only
ticket_only,replay,1000,128,500,1,False,False,False,True,True,False,False,3.05,1,256,0,session_ticket,0.95,replay detected by ticket_only model,session ticket restores connection state only
ticket_only,replay,1000,128,500,2,False,False,False,True,True,False,False,3.1,1,256,0,session_ticket,0.95,replay detected by ticket_only model,session ticket restores connection state only
ticket_only,replay,1000,128,500,3,False,False,False,True,True,False,False,3.15,1,256,0,session_ticket,0.95,replay detected by ticket_only model,session ticket restores connection state only
ticket_only,replay,1000,512,50,1,False,False,False,True,True,False,False,3.05,1,256,0,session_ticket,0.95,replay detected by ticket_only model,session ticket restores connection state only
ticket_only,replay,1000,512,50,2,False,False,False,True,True,False,False,3.1,1,256,0,session_ticket,0.95,replay detected by ticket_only model,session ticket restores connection state only
ticket_only,replay,1000,512,50,3,False,False,False,True,True,False,False,3.15,1,256,0,session_ticket,0.95,replay detected by ticket_only model,session ticket restores connection state only
ticket_only,replay,1000,512,100,1,False,False,False,True,True,False,False,3.05,1,256,0,session_ticket,0.95,replay detected by ticket_only model,session ticket restores connection state only
ticket_only,replay,1000,512,100,2,False,False,False,True,True,False,False,3.1,1,256,0,session_ticket,0.95,replay detected by ticket_only model,session ticket restores connection state only
ticket_only,replay,1000,512,100,3,False,False,False,True,True,False,False,3.15,1,256,0,session_ticket,0.95,replay detected by ticket_only model,session ticket restores connection state only
ticket_only,replay,1000,512,500,1,False,False,False,True,True,False,False,3.05,1,256,0,session_ticket,0.95,replay detected by ticket_only model,session ticket restores connection state only
ticket_only,replay,1000,512,500,2,False,False,False,True,True,False,False,3.1,1,256,0,session_ticket,0.95,replay detected by ticket_only model,session ticket restores connection state only
ticket_only,replay,1000,512,500,3,False,False,False,True,True,False,False,3.15,1,256,0,session_ticket,0.95,replay detected by ticket_only model,session ticket restores connection state only
ticket_only,replay,5000,128,50,1,False,False,False,True,True,False,False,3.05,1,256,0,session_ticket,0.95,replay detected by ticket_only model,session ticket restores connection state only
ticket_only,replay,5000,128,50,2,False,False,False,True,True,False,False,3.1,1,256,0,session_ticket,0.95,replay detected by ticket_only model,session ticket restores connection state only
ticket_only,replay,5000,128,50,3,False,False,False,True,True,False,False,3.15,1,256,0,session_ticket,0.95,replay detected by ticket_only model,session ticket restores connection state only
ticket_only,replay,5000,128,100,1,False,False,False,True,True,False,False,3.05,1,256,0,session_ticket,0.95,replay detected by ticket_only model,session ticket restores connection state only
ticket_only,replay,5000,128,100,2,False,False,False,True,True,False,False,3.1,1,256,0,session_ticket,0.95,replay detected by ticket_only model,session ticket restores connection state only
ticket_only,replay,5000,128,100,3,False,False,False,True,True,False,False,3.15,1,256,0,session_ticket,0.95,replay detected by ticket_only model,session ticket restores connection state only
ticket_only,replay,5000,128,500,1,False,False,False,True,True,False,False,3.05,1,256,0,session_ticket,0.95,replay detected by ticket_only model,session ticket restores connection state only
ticket_only,replay,5000,128,500,2,False,False,False,True,True,False,False,3.1,1,256,0,session_ticket,0.95,replay detected by ticket_only model,session ticket restores connection state only
ticket_only,replay,5000,128,500,3,False,False,False,True,True,False,False,3.15,1,256,0,session_ticket,0.95,replay detected by ticket_only model,session ticket restores connection state only
ticket_only,replay,5000,512,50,1,False,False,False,True,True,False,False,3.05,1,256,0,session_ticket,0.95,replay detected by ticket_only model,session ticket restores connection state only
ticket_only,replay,5000,512,50,2,False,False,False,True,True,False,False,3.1,1,256,0,session_ticket,0.95,replay detected by ticket_only model,session ticket restores connection state only
ticket_only,replay,5000,512,50,3,False,False,False,True,True,False,False,3.15,1,256,0,session_ticket,0.95,replay detected by ticket_only model,session ticket restores connection state only
ticket_only,replay,5000,512,100,1,False,False,False,True,True,False,False,3.05,1,256,0,session_ticket,0.95,replay detected by ticket_only model,session ticket restores connection state only
ticket_only,replay,5000,512,100,2,False,False,False,True,True,False,False,3.1,1,256,0,session_ticket,0.95,replay detected by ticket_only model,session ticket restores connection state only
ticket_only,replay,5000,512,100,3,False,False,False,True,True,False,False,3.15,1,256,0,session_ticket,0.95,replay detected by ticket_only model,session ticket restores connection state only
ticket_only,replay,5000,512,500,1,False,False,False,True,True,False,False,3.05,1,256,0,session_ticket,0.95,replay detected by ticket_only model,session ticket restores connection state only
ticket_only,replay,5000,512,500,2,False,False,False,True,True,False,False,3.1,1,256,0,session_ticket,0.95,replay detected by ticket_only model,session ticket restores connection state only
ticket_only,replay,5000,512,500,3,False,False,False,True,True,False,False,3.15,1,256,0,session_ticket,0.95,replay detected by ticket_only model,session ticket restores connection state only
ticket_only,prev_mem,100,128,50,1,False,False,False,False,True,False,False,3.05,1,256,0,session_ticket,0.95,protocol does not carry verifiable prev_mem,session ticket restores connection state only
ticket_only,prev_mem,100,128,50,2,False,False,False,False,True,False,False,3.1,1,256,0,session_ticket,0.95,protocol does not carry verifiable prev_mem,session ticket restores connection state only
ticket_only,prev_mem,100,128,50,3,False,False,False,False,True,False,False,3.15,1,256,0,session_ticket,0.95,protocol does not carry verifiable prev_mem,session ticket restores connection state only
ticket_only,prev_mem,100,128,100,1,False,False,False,False,True,False,False,3.05,1,256,0,session_ticket,0.95,protocol does not carry verifiable prev_mem,session ticket restores connection state only
ticket_only,prev_mem,100,128,100,2,False,False,False,False,True,False,False,3.1,1,256,0,session_ticket,0.95,protocol does not carry verifiable prev_mem,session ticket restores connection state only
ticket_only,prev_mem,100,128,100,3,False,False,False,False,True,False,False,3.15,1,256,0,session_ticket,0.95,protocol does not carry verifiable prev_mem,session ticket restores connection state only
ticket_only,prev_mem,100,128,500,1,False,False,False,False,True,False,False,3.05,1,256,0,session_ticket,0.95,protocol does not carry verifiable prev_mem,session ticket restores connection state only
ticket_only,prev_mem,100,128,500,2,False,False,False,False,True,False,False,3.1,1,256,0,session_ticket,0.95,protocol does not carry verifiable prev_mem,session ticket restores connection state only
ticket_only,prev_mem,100,128,500,3,False,False,False,False,True,False,False,3.15,1,256,0,session_ticket,0.95,protocol does not carry verifiable prev_mem,session ticket restores connection state only
ticket_only,prev_mem,100,512,50,1,False,False,False,False,True,False,False,3.05,1,256,0,session_ticket,0.95,protocol does not carry verifiable prev_mem,session ticket restores connection state only
ticket_only,prev_mem,100,512,50,2,False,False,False,False,True,False,False,3.1,1,256,0,session_ticket,0.95,protocol does not carry verifiable prev_mem,session ticket restores connection state only
ticket_only,prev_mem,100,512,50,3,False,False,False,False,True,False,False,3.15,1,256,0,session_ticket,0.95,protocol does not carry verifiable prev_mem,session ticket restores connection state only
ticket_only,prev_mem,100,512,100,1,False,False,False,False,True,False,False,3.05,1,256,0,session_ticket,0.95,protocol does not carry verifiable prev_mem,session ticket restores connection state only
ticket_only,prev_mem,100,512,100,2,False,False,False,False,True,False,False,3.1,1,256,0,session_ticket,0.95,protocol does not carry verifiable prev_mem,session ticket restores connection state only
ticket_only,prev_mem,100,512,100,3,False,False,False,False,True,False,False,3.15,1,256,0,session_ticket,0.95,protocol does not carry verifiable prev_mem,session ticket restores connection state only
ticket_only,prev_mem,100,512,500,1,False,False,False,False,True,False,False,3.05,1,256,0,session_ticket,0.95,protocol does not carry verifiable prev_mem,session ticket restores connection state only
ticket_only,prev_mem,100,512,500,2,False,False,False,False,True,False,False,3.1,1,256,0,session_ticket,0.95,protocol does not carry verifiable prev_mem,session ticket restores connection state only
ticket_only,prev_mem,100,512,500,3,False,False,False,False,True,False,False,3.15,1,256,0,session_ticket,0.95,protocol does not carry verifiable prev_mem,session ticket restores connection state only
ticket_only,prev_mem,500,128,50,1,False,False,False,False,True,False,False,3.05,1,256,0,session_ticket,0.95,protocol does not carry verifiable prev_mem,session ticket restores connection state only
ticket_only,prev_mem,500,128,50,2,False,False,False,False,True,False,False,3.1,1,256,0,session_ticket,0.95,protocol does not carry verifiable prev_mem,session ticket restores connection state only
ticket_only,prev_mem,500,128,50,3,False,False,False,False,True,False,False,3.15,1,256,0,session_ticket,0.95,protocol does not carry verifiable prev_mem,session ticket restores connection state only
ticket_only,prev_mem,500,128,100,1,False,False,False,False,True,False,False,3.05,1,256,0,session_ticket,0.95,protocol does not carry verifiable prev_mem,session ticket restores connection state only
ticket_only,prev_mem,500,128,100,2,False,False,False,False,True,False,False,3.1,1,256,0,session_ticket,0.95,protocol does not carry verifiable prev_mem,session ticket restores connection state only
ticket_only,prev_mem,500,128,100,3,False,False,False,False,True,False,False,3.15,1,256,0,session_ticket,0.95,protocol does not carry verifiable prev_mem,session ticket restores connection state only
ticket_only,prev_mem,500,128,500,1,False,False,False,False,True,False,False,3.05,1,256,0,session_ticket,0.95,protocol does not carry verifiable prev_mem,session ticket restores connection state only
ticket_only,prev_mem,500,128,500,2,False,False,False,False,True,False,False,3.1,1,256,0,session_ticket,0.95,protocol does not carry verifiable prev_mem,session ticket restores connection state only
ticket_only,prev_mem,500,128,500,3,False,False,False,False,True,False,False,3.15,1,256,0,session_ticket,0.95,protocol does not carry verifiable prev_mem,session ticket restores connection state only
ticket_only,prev_mem,500,512,50,1,False,False,False,False,True,False,False,3.05,1,256,0,session_ticket,0.95,protocol does not carry verifiable prev_mem,session ticket restores connection state only
ticket_only,prev_mem,500,512,50,2,False,False,False,False,True,False,False,3.1,1,256,0,session_ticket,0.95,protocol does not carry verifiable prev_mem,session ticket restores connection state only
ticket_only,prev_mem,500,512,50,3,False,False,False,False,True,False,False,3.15,1,256,0,session_ticket,0.95,protocol does not carry verifiable prev_mem,session ticket restores connection state only
ticket_only,prev_mem,500,512,100,1,False,False,False,False,True,False,False,3.05,1,256,0,session_ticket,0.95,protocol does not carry verifiable prev_mem,session ticket restores connection state only
ticket_only,prev_mem,500,512,100,2,False,False,False,False,True,False,False,3.1,1,256,0,session_ticket,0.95,protocol does not carry verifiable prev_mem,session ticket restores connection state only
ticket_only,prev_mem,500,512,100,3,False,False,False,False,True,False,False,3.15,1,256,0,session_ticket,0.95,protocol does not carry verifiable prev_mem,session ticket restores connection state only
ticket_only,prev_mem,500,512,500,1,False,False,False,False,True,False,False,3.05,1,256,0,session_ticket,0.95,protocol does not carry verifiable prev_mem,session ticket restores connection state only
ticket_only,prev_mem,500,512,500,2,False,False,False,False,True,False,False,3.1,1,256,0,session_ticket,0.95,protocol does not carry verifiable prev_mem,session ticket restores connection state only
ticket_only,prev_mem,500,512,500,3,False,False,False,False,True,False,False,3.15,1,256,0,session_ticket,0.95,protocol does not carry verifiable prev_mem,session ticket restores connection state only
ticket_only,prev_mem,1000,128,50,1,False,False,False,False,True,False,False,3.05,1,256,0,session_ticket,0.95,protocol does not carry verifiable prev_mem,session ticket restores connection state only
ticket_only,prev_mem,1000,128,50,2,False,False,False,False,True,False,False,3.1,1,256,0,session_ticket,0.95,protocol does not carry verifiable prev_mem,session ticket restores connection state only
ticket_only,prev_mem,1000,128,50,3,False,False,False,False,True,False,False,3.15,1,256,0,session_ticket,0.95,protocol does not carry verifiable prev_mem,session ticket restores connection state only
ticket_only,prev_mem,1000,128,100,1,False,False,False,False,True,False,False,3.05,1,256,0,session_ticket,0.95,protocol does not carry verifiable prev_mem,session ticket restores connection state only
ticket_only,prev_mem,1000,128,100,2,False,False,False,False,True,False,False,3.1,1,256,0,session_ticket,0.95,protocol does not carry verifiable prev_mem,session ticket restores connection state only
ticket_only,prev_mem,1000,128,100,3,False,False,False,False,True,False,False,3.15,1,256,0,session_ticket,0.95,protocol does not carry verifiable prev_mem,session ticket restores connection state only
ticket_only,prev_mem,1000,128,500,1,False,False,False,False,True,False,False,3.05,1,256,0,session_ticket,0.95,protocol does not carry verifiable prev_mem,session ticket restores connection state only
ticket_only,prev_mem,1000,128,500,2,False,False,False,False,True,False,False,3.1,1,256,0,session_ticket,0.95,protocol does not carry verifiable prev_mem,session ticket restores connection state only
ticket_only,prev_mem,1000,128,500,3,False,False,False,False,True,False,False,3.15,1,256,0,session_ticket,0.95,protocol does not carry verifiable prev_mem,session ticket restores connection state only
ticket_only,prev_mem,1000,512,50,1,False,False,False,False,True,False,False,3.05,1,256,0,session_ticket,0.95,protocol does not carry verifiable prev_mem,session ticket restores connection state only
ticket_only,prev_mem,1000,512,50,2,False,False,False,False,True,False,False,3.1,1,256,0,session_ticket,0.95,protocol does not carry verifiable prev_mem,session ticket restores connection state only
ticket_only,prev_mem,1000,512,50,3,False,False,False,False,True,False,False,3.15,1,256,0,session_ticket,0.95,protocol does not carry verifiable prev_mem,session ticket restores connection state only
ticket_only,prev_mem,1000,512,100,1,False,False,False,False,True,False,False,3.05,1,256,0,session_ticket,0.95,protocol does not carry verifiable prev_mem,session ticket restores connection state only
ticket_only,prev_mem,1000,512,100,2,False,False,False,False,True,False,False,3.1,1,256,0,session_ticket,0.95,protocol does not carry verifiable prev_mem,session ticket restores connection state only
ticket_only,prev_mem,1000,512,100,3,False,False,False,False,True,False,False,3.15,1,256,0,session_ticket,0.95,protocol does not carry verifiable prev_mem,session ticket restores connection state only
ticket_only,prev_mem,1000,512,500,1,False,False,False,False,True,False,False,3.05,1,256,0,session_ticket,0.95,protocol does not carry verifiable prev_mem,session ticket restores connection state only
ticket_only,prev_mem,1000,512,500,2,False,False,False,False,True,False,False,3.1,1,256,0,session_ticket,0.95,protocol does not carry verifiable prev_mem,session ticket restores connection state only
ticket_only,prev_mem,1000,512,500,3,False,False,False,False,True,False,False,3.15,1,256,0,session_ticket,0.95,protocol does not carry verifiable prev_mem,session ticket restores connection state only
ticket_only,prev_mem,5000,128,50,1,False,False,False,False,True,False,False,3.05,1,256,0,session_ticket,0.95,protocol does not carry verifiable prev_mem,session ticket restores connection state only
ticket_only,prev_mem,5000,128,50,2,False,False,False,False,True,False,False,3.1,1,256,0,session_ticket,0.95,protocol does not carry verifiable prev_mem,session ticket restores connection state only
ticket_only,prev_mem,5000,128,50,3,False,False,False,False,True,False,False,3.15,1,256,0,session_ticket,0.95,protocol does not carry verifiable prev_mem,session ticket restores connection state only
ticket_only,prev_mem,5000,128,100,1,False,False,False,False,True,False,False,3.05,1,256,0,session_ticket,0.95,protocol does not carry verifiable prev_mem,session ticket restores connection state only
ticket_only,prev_mem,5000,128,100,2,False,False,False,False,True,False,False,3.1,1,256,0,session_ticket,0.95,protocol does not carry verifiable prev_mem,session ticket restores connection state only
ticket_only,prev_mem,5000,128,100,3,False,False,False,False,True,False,False,3.15,1,256,0,session_ticket,0.95,protocol does not carry verifiable prev_mem,session ticket restores connection state only
ticket_only,prev_mem,5000,128,500,1,False,False,False,False,True,False,False,3.05,1,256,0,session_ticket,0.95,protocol does not carry verifiable prev_mem,session ticket restores connection state only
ticket_only,prev_mem,5000,128,500,2,False,False,False,False,True,False,False,3.1,1,256,0,session_ticket,0.95,protocol does not carry verifiable prev_mem,session ticket restores connection state only
ticket_only,prev_mem,5000,128,500,3,False,False,False,False,True,False,False,3.15,1,256,0,session_ticket,0.95,protocol does not carry verifiable prev_mem,session ticket restores connection state only
ticket_only,prev_mem,5000,512,50,1,False,False,False,False,True,False,False,3.05,1,256,0,session_ticket,0.95,protocol does not carry verifiable prev_mem,session ticket restores connection state only
ticket_only,prev_mem,5000,512,50,2,False,False,False,False,True,False,False,3.1,1,256,0,session_ticket,0.95,protocol does not carry verifiable prev_mem,session ticket restores connection state only
ticket_only,prev_mem,5000,512,50,3,False,False,False,False,True,False,False,3.15,1,256,0,session_ticket,0.95,protocol does not carry verifiable prev_mem,session ticket restores connection state only
ticket_only,prev_mem,5000,512,100,1,False,False,False,False,True,False,False,3.05,1,256,0,session_ticket,0.95,protocol does not carry verifiable prev_mem,session ticket restores connection state only
ticket_only,prev_mem,5000,512,100,2,False,False,False,False,True,False,False,3.1,1,256,0,session_ticket,0.95,protocol does not carry verifiable prev_mem,session ticket restores connection state only
ticket_only,prev_mem,5000,512,100,3,False,False,False,False,True,False,False,3.15,1,256,0,session_ticket,0.95,protocol does not carry verifiable prev_mem,session ticket restores connection state only
ticket_only,prev_mem,5000,512,500,1,False,False,False,False,True,False,False,3.05,1,256,0,session_ticket,0.95,protocol does not carry verifiable prev_mem,session ticket restores connection state only
ticket_only,prev_mem,5000,512,500,2,False,False,False,False,True,False,False,3.1,1,256,0,session_ticket,0.95,protocol does not carry verifiable prev_mem,session ticket restores connection state only
ticket_only,prev_mem,5000,512,500,3,False,False,False,False,True,False,False,3.15,1,256,0,session_ticket,0.95,protocol does not carry verifiable prev_mem,session ticket restores connection state only
ticket_only,rollback_ticket,100,128,50,1,False,False,False,False,True,False,False,3.05,1,256,0,session_ticket,0.95,session ticket lacks last_mem and anti-rollback binding,session ticket restores connection state only
ticket_only,rollback_ticket,100,128,50,2,False,False,False,False,True,False,False,3.1,1,256,0,session_ticket,0.95,session ticket lacks last_mem and anti-rollback binding,session ticket restores connection state only
ticket_only,rollback_ticket,100,128,50,3,False,False,False,False,True,False,False,3.15,1,256,0,session_ticket,0.95,session ticket lacks last_mem and anti-rollback binding,session ticket restores connection state only
ticket_only,rollback_ticket,100,128,100,1,False,False,False,False,True,False,False,3.05,1,256,0,session_ticket,0.95,session ticket lacks last_mem and anti-rollback binding,session ticket restores connection state only
ticket_only,rollback_ticket,100,128,100,2,False,False,False,False,True,False,False,3.1,1,256,0,session_ticket,0.95,session ticket lacks last_mem and anti-rollback binding,session ticket restores connection state only
ticket_only,rollback_ticket,100,128,100,3,False,False,False,False,True,False,False,3.15,1,256,0,session_ticket,0.95,session ticket lacks last_mem and anti-rollback binding,session ticket restores connection state only
ticket_only,rollback_ticket,100,128,500,1,False,False,False,False,True,False,False,3.05,1,256,0,session_ticket,0.95,session ticket lacks last_mem and anti-rollback binding,session ticket restores connection state only
ticket_only,rollback_ticket,100,128,500,2,False,False,False,False,True,False,False,3.1,1,256,0,session_ticket,0.95,session ticket lacks last_mem and anti-rollback binding,session ticket restores connection state only
ticket_only,rollback_ticket,100,128,500,3,False,False,False,False,True,False,False,3.15,1,256,0,session_ticket,0.95,session ticket lacks last_mem and anti-rollback binding,session ticket restores connection state only
ticket_only,rollback_ticket,100,512,50,1,False,False,False,False,True,False,False,3.05,1,256,0,session_ticket,0.95,session ticket lacks last_mem and anti-rollback binding,session ticket restores connection state only
ticket_only,rollback_ticket,100,512,50,2,False,False,False,False,True,False,False,3.1,1,256,0,session_ticket,0.95,session ticket lacks last_mem and anti-rollback binding,session ticket restores connection state only
ticket_only,rollback_ticket,100,512,50,3,False,False,False,False,True,False,False,3.15,1,256,0,session_ticket,0.95,session ticket lacks last_mem and anti-rollback binding,session ticket restores connection state only
ticket_only,rollback_ticket,100,512,100,1,False,False,False,False,True,False,False,3.05,1,256,0,session_ticket,0.95,session ticket lacks last_mem and anti-rollback binding,session ticket restores connection state only
ticket_only,rollback_ticket,100,512,100,2,False,False,False,False,True,False,False,3.1,1,256,0,session_ticket,0.95,session ticket lacks last_mem and anti-rollback binding,session ticket restores connection state only
ticket_only,rollback_ticket,100,512,100,3,False,False,False,False,True,False,False,3.15,1,256,0,session_ticket,0.95,session ticket lacks last_mem and anti-rollback binding,session ticket restores connection state only
ticket_only,rollback_ticket,100,512,500,1,False,False,False,False,True,False,False,3.05,1,256,0,session_ticket,0.95,session ticket lacks last_mem and anti-rollback binding,session ticket restores connection state only
ticket_only,rollback_ticket,100,512,500,2,False,False,False,False,True,False,False,3.1,1,256,0,session_ticket,0.95,session ticket lacks last_mem and anti-rollback binding,session ticket restores connection state only
ticket_only,rollback_ticket,100,512,500,3,False,False,False,False,True,False,False,3.15,1,256,0,session_ticket,0.95,session ticket lacks last_mem and anti-rollback binding,session ticket restores connection state only
ticket_only,rollback_ticket,500,128,50,1,False,False,False,False,True,False,False,3.05,1,256,0,session_ticket,0.95,session ticket lacks last_mem and anti-rollback binding,session ticket restores connection state only
ticket_only,rollback_ticket,500,128,50,2,False,False,False,False,True,False,False,3.1,1,256,0,session_ticket,0.95,session ticket lacks last_mem and anti-rollback binding,session ticket restores connection state only
ticket_only,rollback_ticket,500,128,50,3,False,False,False,False,True,False,False,3.15,1,256,0,session_ticket,0.95,session ticket lacks last_mem and anti-rollback binding,session ticket restores connection state only
ticket_only,rollback_ticket,500,128,100,1,False,False,False,False,True,False,False,3.05,1,256,0,session_ticket,0.95,session ticket lacks last_mem and anti-rollback binding,session ticket restores connection state only
ticket_only,rollback_ticket,500,128,100,2,False,False,False,False,True,False,False,3.1,1,256,0,session_ticket,0.95,session ticket lacks last_mem and anti-rollback binding,session ticket restores connection state only
ticket_only,rollback_ticket,500,128,100,3,False,False,False,False,True,False,False,3.15,1,256,0,session_ticket,0.95,session ticket lacks last_mem and anti-rollback binding,session ticket restores connection state only
ticket_only,rollback_ticket,500,128,500,1,False,False,False,False,True,False,False,3.05,1,256,0,session_ticket,0.95,session ticket lacks last_mem and anti-rollback binding,session ticket restores connection state only
ticket_only,rollback_ticket,500,128,500,2,False,False,False,False,True,False,False,3.1,1,256,0,session_ticket,0.95,session ticket lacks last_mem and anti-rollback binding,session ticket restores connection state only
ticket_only,rollback_ticket,500,128,500,3,False,False,False,False,True,False,False,3.15,1,256,0,session_ticket,0.95,session ticket lacks last_mem and anti-rollback binding,session ticket restores connection state only
ticket_only,rollback_ticket,500,512,50,1,False,False,False,False,True,False,False,3.05,1,256,0,session_ticket,0.95,session ticket lacks last_mem and anti-rollback binding,session ticket restores connection state only
ticket_only,rollback_ticket,500,512,50,2,False,False,False,False,True,False,False,3.1,1,256,0,session_ticket,0.95,session ticket lacks last_mem and anti-rollback binding,session ticket restores connection state only
ticket_only,rollback_ticket,500,512,50,3,False,False,False,False,True,False,False,3.15,1,256,0,session_ticket,0.95,session ticket lacks last_mem and anti-rollback binding,session ticket restores connection state only
ticket_only,rollback_ticket,500,512,100,1,False,False,False,False,True,False,False,3.05,1,256,0,session_ticket,0.95,session ticket lacks last_mem and anti-rollback binding,session ticket restores connection state only
ticket_only,rollback_ticket,500,512,100,2,False,False,False,False,True,False,False,3.1,1,256,0,session_ticket,0.95,session ticket lacks last_mem and anti-rollback binding,session ticket restores connection state only
ticket_only,rollback_ticket,500,512,100,3,False,False,False,False,True,False,False,3.15,1,256,0,session_ticket,0.95,session ticket lacks last_mem and anti-rollback binding,session ticket restores connection state only
ticket_only,rollback_ticket,500,512,500,1,False,False,False,False,True,False,False,3.05,1,256,0,session_ticket,0.95,session ticket lacks last_mem and anti-rollback binding,session ticket restores connection state only
ticket_only,rollback_ticket,500,512,500,2,False,False,False,False,True,False,False,3.1,1,256,0,session_ticket,0.95,session ticket lacks last_mem and anti-rollback binding,session ticket restores connection state only
ticket_only,rollback_ticket,500,512,500,3,False,False,False,False,True,False,False,3.15,1,256,0,session_ticket,0.95,session ticket lacks last_mem and anti-rollback binding,session ticket restores connection state only
ticket_only,rollback_ticket,1000,128,50,1,False,False,False,False,True,False,False,3.05,1,256,0,session_ticket,0.95,session ticket lacks last_mem and anti-rollback binding,session ticket restores connection state only
ticket_only,rollback_ticket,1000,128,50,2,False,False,False,False,True,False,False,3.1,1,256,0,session_ticket,0.95,session ticket lacks last_mem and anti-rollback binding,session ticket restores connection state only
ticket_only,rollback_ticket,1000,128,50,3,False,False,False,False,True,False,False,3.15,1,256,0,session_ticket,0.95,session ticket lacks last_mem and anti-rollback binding,session ticket restores connection state only
ticket_only,rollback_ticket,1000,128,100,1,False,False,False,False,True,False,False,3.05,1,256,0,session_ticket,0.95,session ticket lacks last_mem and anti-rollback binding,session ticket restores connection state only
ticket_only,rollback_ticket,1000,128,100,2,False,False,False,False,True,False,False,3.1,1,256,0,session_ticket,0.95,session ticket lacks last_mem and anti-rollback binding,session ticket restores connection state only
ticket_only,rollback_ticket,1000,128,100,3,False,False,False,False,True,False,False,3.15,1,256,0,session_ticket,0.95,session ticket lacks last_mem and anti-rollback binding,session ticket restores connection state only
ticket_only,rollback_ticket,1000,128,500,1,False,False,False,False,True,False,False,3.05,1,256,0,session_ticket,0.95,session ticket lacks last_mem and anti-rollback binding,session ticket restores connection state only
ticket_only,rollback_ticket,1000,128,500,2,False,False,False,False,True,False,False,3.1,1,256,0,session_ticket,0.95,session ticket lacks last_mem and anti-rollback binding,session ticket restores connection state only
ticket_only,rollback_ticket,1000,128,500,3,False,False,False,False,True,False,False,3.15,1,256,0,session_ticket,0.95,session ticket lacks last_mem and anti-rollback binding,session ticket restores connection state only
ticket_only,rollback_ticket,1000,512,50,1,False,False,False,False,True,False,False,3.05,1,256,0,session_ticket,0.95,session ticket lacks last_mem and anti-rollback binding,session ticket restores connection state only
ticket_only,rollback_ticket,1000,512,50,2,False,False,False,False,True,False,False,3.1,1,256,0,session_ticket,0.95,session ticket lacks last_mem and anti-rollback binding,session ticket restores connection state only
ticket_only,rollback_ticket,1000,512,50,3,False,False,False,False,True,False,False,3.15,1,256,0,session_ticket,0.95,session ticket lacks last_mem and anti-rollback binding,session ticket restores connection state only
ticket_only,rollback_ticket,1000,512,100,1,False,False,False,False,True,False,False,3.05,1,256,0,session_ticket,0.95,session ticket lacks last_mem and anti-rollback binding,session ticket restores connection state only
ticket_only,rollback_ticket,1000,512,100,2,False,False,False,False,True,False,False,3.1,1,256,0,session_ticket,0.95,session ticket lacks last_mem and anti-rollback binding,session ticket restores connection state only
ticket_only,rollback_ticket,1000,512,100,3,False,False,False,False,True,False,False,3.15,1,256,0,session_ticket,0.95,session ticket lacks last_mem and anti-rollback binding,session ticket restores connection state only
ticket_only,rollback_ticket,1000,512,500,1,False,False,False,False,True,False,False,3.05,1,256,0,session_ticket,0.95,session ticket lacks last_mem and anti-rollback binding,session ticket restores connection state only
ticket_only,rollback_ticket,1000,512,500,2,False,False,False,False,True,False,False,3.1,1,256,0,session_ticket,0.95,session ticket lacks last_mem and anti-rollback binding,session ticket restores connection state only
ticket_only,rollback_ticket,1000,512,500,3,False,False,False,False,True,False,False,3.15,1,256,0,session_ticket,0.95,session ticket lacks last_mem and anti-rollback binding,session ticket restores connection state only
ticket_only,rollback_ticket,5000,128,50,1,False,False,False,False,True,False,False,3.05,1,256,0,session_ticket,0.95,session ticket lacks last_mem and anti-rollback binding,session ticket restores connection state only
ticket_only,rollback_ticket,5000,128,50,2,False,False,False,False,True,False,False,3.1,1,256,0,session_ticket,0.95,session ticket lacks last_mem and anti-rollback binding,session ticket restores connection state only
ticket_only,rollback_ticket,5000,128,50,3,False,False,False,False,True,False,False,3.15,1,256,0,session_ticket,0.95,session ticket lacks last_mem and anti-rollback binding,session ticket restores connection state only
ticket_only,rollback_ticket,5000,128,100,1,False,False,False,False,True,False,False,3.05,1,256,0,session_ticket,0.95,session ticket lacks last_mem and anti-rollback binding,session ticket restores connection state only
ticket_only,rollback_ticket,5000,128,100,2,False,False,False,False,True,False,False,3.1,1,256,0,session_ticket,0.95,session ticket lacks last_mem and anti-rollback binding,session ticket restores connection state only
ticket_only,rollback_ticket,5000,128,100,3,False,False,False,False,True,False,False,3.15,1,256,0,session_ticket,0.95,session ticket lacks last_mem and anti-rollback binding,session ticket restores connection state only
ticket_only,rollback_ticket,5000,128,500,1,False,False,False,False,True,False,False,3.05,1,256,0,session_ticket,0.95,session ticket lacks last_mem and anti-rollback binding,session ticket restores connection state only
ticket_only,rollback_ticket,5000,128,500,2,False,False,False,False,True,False,False,3.1,1,256,0,session_ticket,0.95,session ticket lacks last_mem and anti-rollback binding,session ticket restores connection state only
ticket_only,rollback_ticket,5000,128,500,3,False,False,False,False,True,False,False,3.15,1,256,0,session_ticket,0.95,session ticket lacks last_mem and anti-rollback binding,session ticket restores connection state only
ticket_only,rollback_ticket,5000,512,50,1,False,False,False,False,True,False,False,3.05,1,256,0,session_ticket,0.95,session ticket lacks last_mem and anti-rollback binding,session ticket restores connection state only
ticket_only,rollback_ticket,5000,512,50,2,False,False,False,False,True,False,False,3.1,1,256,0,session_ticket,0.95,session ticket lacks last_mem and anti-rollback binding,session ticket restores connection state only
ticket_only,rollback_ticket,5000,512,50,3,False,False,False,False,True,False,False,3.15,1,256,0,session_ticket,0.95,session ticket lacks last_mem and anti-rollback binding,session ticket restores connection state only
ticket_only,rollback_ticket,5000,512,100,1,False,False,False,False,True,False,False,3.05,1,256,0,session_ticket,0.95,session ticket lacks last_mem and anti-rollback binding,session ticket restores connection state only
ticket_only,rollback_ticket,5000,512,100,2,False,False,False,False,True,False,False,3.1,1,256,0,session_ticket,0.95,session ticket lacks last_mem and anti-rollback binding,session ticket restores connection state only
ticket_only,rollback_ticket,5000,512,100,3,False,False,False,False,True,False,False,3.15,1,256,0,session_ticket,0.95,session ticket lacks last_mem and anti-rollback binding,session ticket restores connection state only
ticket_only,rollback_ticket,5000,512,500,1,False,False,False,False,True,False,False,3.05,1,256,0,session_ticket,0.95,session ticket lacks last_mem and anti-rollback binding,session ticket restores connection state only
ticket_only,rollback_ticket,5000,512,500,2,False,False,False,False,True,False,False,3.1,1,256,0,session_ticket,0.95,session ticket lacks last_mem and anti-rollback binding,session ticket restores connection state only
ticket_only,rollback_ticket,5000,512,500,3,False,False,False,False,True,False,False,3.15,1,256,0,session_ticket,0.95,session ticket lacks last_mem and anti-rollback binding,session ticket restores connection state only
ticket_only,disconnect,100,128,50,1,False,False,False,True,True,False,False,3.05,1,256,0,session_ticket,0.95,disconnect detected by ticket_only model,session ticket restores connection state only
ticket_only,disconnect,100,128,50,2,False,False,False,True,True,False,False,3.1,1,256,0,session_ticket,0.95,disconnect detected by ticket_only model,session ticket restores connection state only
ticket_only,disconnect,100,128,50,3,False,False,False,True,True,False,False,3.15,1,256,0,session_ticket,0.95,disconnect detected by ticket_only model,session ticket restores connection state only
ticket_only,disconnect,100,128,100,1,False,False,False,True,True,False,False,3.05,1,256,0,session_ticket,0.95,disconnect detected by ticket_only model,session ticket restores connection state only
ticket_only,disconnect,100,128,100,2,False,False,False,True,True,False,False,3.1,1,256,0,session_ticket,0.95,disconnect detected by ticket_only model,session ticket restores connection state only
ticket_only,disconnect,100,128,100,3,False,False,False,True,True,False,False,3.15,1,256,0,session_ticket,0.95,disconnect detected by ticket_only model,session ticket restores connection state only
ticket_only,disconnect,100,128,500,1,False,False,False,True,True,False,False,3.05,1,256,0,session_ticket,0.95,disconnect detected by ticket_only model,session ticket restores connection state only
ticket_only,disconnect,100,128,500,2,False,False,False,True,True,False,False,3.1,1,256,0,session_ticket,0.95,disconnect detected by ticket_only model,session ticket restores connection state only
ticket_only,disconnect,100,128,500,3,False,False,False,True,True,False,False,3.15,1,256,0,session_ticket,0.95,disconnect detected by ticket_only model,session ticket restores connection state only
ticket_only,disconnect,100,512,50,1,False,False,False,True,True,False,False,3.05,1,256,0,session_ticket,0.95,disconnect detected by ticket_only model,session ticket restores connection state only
ticket_only,disconnect,100,512,50,2,False,False,False,True,True,False,False,3.1,1,256,0,session_ticket,0.95,disconnect detected by ticket_only model,session ticket restores connection state only
ticket_only,disconnect,100,512,50,3,False,False,False,True,True,False,False,3.15,1,256,0,session_ticket,0.95,disconnect detected by ticket_only model,session ticket restores connection state only
ticket_only,disconnect,100,512,100,1,False,False,False,True,True,False,False,3.05,1,256,0,session_ticket,0.95,disconnect detected by ticket_only model,session ticket restores connection state only
ticket_only,disconnect,100,512,100,2,False,False,False,True,True,False,False,3.1,1,256,0,session_ticket,0.95,disconnect detected by ticket_only model,session ticket restores connection state only
ticket_only,disconnect,100,512,100,3,False,False,False,True,True,False,False,3.15,1,256,0,session_ticket,0.95,disconnect detected by ticket_only model,session ticket restores connection state only
ticket_only,disconnect,100,512,500,1,False,False,False,True,True,False,False,3.05,1,256,0,session_ticket,0.95,disconnect detected by ticket_only model,session ticket restores connection state only
ticket_only,disconnect,100,512,500,2,False,False,False,True,True,False,False,3.1,1,256,0,session_ticket,0.95,disconnect detected by ticket_only model,session ticket restores connection state only
ticket_only,disconnect,100,512,500,3,False,False,False,True,True,False,False,3.15,1,256,0,session_ticket,0.95,disconnect detected by ticket_only model,session ticket restores connection state only
ticket_only,disconnect,500,128,50,1,False,False,False,True,True,False,False,3.05,1,256,0,session_ticket,0.95,disconnect detected by ticket_only model,session ticket restores connection state only
ticket_only,disconnect,500,128,50,2,False,False,False,True,True,False,False,3.1,1,256,0,session_ticket,0.95,disconnect detected by ticket_only model,session ticket restores connection state only
ticket_only,disconnect,500,128,50,3,False,False,False,True,True,False,False,3.15,1,256,0,session_ticket,0.95,disconnect detected by ticket_only model,session ticket restores connection state only
ticket_only,disconnect,500,128,100,1,False,False,False,True,True,False,False,3.05,1,256,0,session_ticket,0.95,disconnect detected by ticket_only model,session ticket restores connection state only
ticket_only,disconnect,500,128,100,2,False,False,False,True,True,False,False,3.1,1,256,0,session_ticket,0.95,disconnect detected by ticket_only model,session ticket restores connection state only
ticket_only,disconnect,500,128,100,3,False,False,False,True,True,False,False,3.15,1,256,0,session_ticket,0.95,disconnect detected by ticket_only model,session ticket restores connection state only
ticket_only,disconnect,500,128,500,1,False,False,False,True,True,False,False,3.05,1,256,0,session_ticket,0.95,disconnect detected by ticket_only model,session ticket restores connection state only
ticket_only,disconnect,500,128,500,2,False,False,False,True,True,False,False,3.1,1,256,0,session_ticket,0.95,disconnect detected by ticket_only model,session ticket restores connection state only
ticket_only,disconnect,500,128,500,3,False,False,False,True,True,False,False,3.15,1,256,0,session_ticket,0.95,disconnect detected by ticket_only model,session ticket restores connection state only
ticket_only,disconnect,500,512,50,1,False,False,False,True,True,False,False,3.05,1,256,0,session_ticket,0.95,disconnect detected by ticket_only model,session ticket restores connection state only
ticket_only,disconnect,500,512,50,2,False,False,False,True,True,False,False,3.1,1,256,0,session_ticket,0.95,disconnect detected by ticket_only model,session ticket restores connection state only
ticket_only,disconnect,500,512,50,3,False,False,False,True,True,False,False,3.15,1,256,0,session_ticket,0.95,disconnect detected by ticket_only model,session ticket restores connection state only
ticket_only,disconnect,500,512,100,1,False,False,False,True,True,False,False,3.05,1,256,0,session_ticket,0.95,disconnect detected by ticket_only model,session ticket restores connection state only
ticket_only,disconnect,500,512,100,2,False,False,False,True,True,False,False,3.1,1,256,0,session_ticket,0.95,disconnect detected by ticket_only model,session ticket restores connection state only
ticket_only,disconnect,500,512,100,3,False,False,False,True,True,False,False,3.15,1,256,0,session_ticket,0.95,disconnect detected by ticket_only model,session ticket restores connection state only
ticket_only,disconnect,500,512,500,1,False,False,False,True,True,False,False,3.05,1,256,0,session_ticket,0.95,disconnect detected by ticket_only model,session ticket restores connection state only
ticket_only,disconnect,500,512,500,2,False,False,False,True,True,False,False,3.1,1,256,0,session_ticket,0.95,disconnect detected by ticket_only model,session ticket restores connection state only
ticket_only,disconnect,500,512,500,3,False,False,False,True,True,False,False,3.15,1,256,0,session_ticket,0.95,disconnect detected by ticket_only model,session ticket restores connection state only
ticket_only,disconnect,1000,128,50,1,False,False,False,True,True,False,False,3.05,1,256,0,session_ticket,0.95,disconnect detected by ticket_only model,session ticket restores connection state only
ticket_only,disconnect,1000,128,50,2,False,False,False,True,True,False,False,3.1,1,256,0,session_ticket,0.95,disconnect detected by ticket_only model,session ticket restores connection state only
ticket_only,disconnect,1000,128,50,3,False,False,False,True,True,False,False,3.15,1,256,0,session_ticket,0.95,disconnect detected by ticket_only model,session ticket restores connection state only
ticket_only,disconnect,1000,128,100,1,False,False,False,True,True,False,False,3.05,1,256,0,session_ticket,0.95,disconnect detected by ticket_only model,session ticket restores connection state only
ticket_only,disconnect,1000,128,100,2,False,False,False,True,True,False,False,3.1,1,256,0,session_ticket,0.95,disconnect detected by ticket_only model,session ticket restores connection state only
ticket_only,disconnect,1000,128,100,3,False,False,False,True,True,False,False,3.15,1,256,0,session_ticket,0.95,disconnect detected by ticket_only model,session ticket restores connection state only
ticket_only,disconnect,1000,128,500,1,False,False,False,True,True,False,False,3.05,1,256,0,session_ticket,0.95,disconnect detected by ticket_only model,session ticket restores connection state only
ticket_only,disconnect,1000,128,500,2,False,False,False,True,True,False,False,3.1,1,256,0,session_ticket,0.95,disconnect detected by ticket_only model,session ticket restores connection state only
ticket_only,disconnect,1000,128,500,3,False,False,False,True,True,False,False,3.15,1,256,0,session_ticket,0.95,disconnect detected by ticket_only model,session ticket restores connection state only
ticket_only,disconnect,1000,512,50,1,False,False,False,True,True,False,False,3.05,1,256,0,session_ticket,0.95,disconnect detected by ticket_only model,session ticket restores connection state only
ticket_only,disconnect,1000,512,50,2,False,False,False,True,True,False,False,3.1,1,256,0,session_ticket,0.95,disconnect detected by ticket_only model,session ticket restores connection state only
ticket_only,disconnect,1000,512,50,3,False,False,False,True,True,False,False,3.15,1,256,0,session_ticket,0.95,disconnect detected by ticket_only model,session ticket restores connection state only
ticket_only,disconnect,1000,512,100,1,False,False,False,True,True,False,False,3.05,1,256,0,session_ticket,0.95,disconnect detected by ticket_only model,session ticket restores connection state only
ticket_only,disconnect,1000,512,100,2,False,False,False,True,True,False,False,3.1,1,256,0,session_ticket,0.95,disconnect detected by ticket_only model,session ticket restores connection state only
ticket_only,disconnect,1000,512,100,3,False,False,False,True,True,False,False,3.15,1,256,0,session_ticket,0.95,disconnect detected by ticket_only model,session ticket restores connection state only
ticket_only,disconnect,1000,512,500,1,False,False,False,True,True,False,False,3.05,1,256,0,session_ticket,0.95,disconnect detected by ticket_only model,session ticket restores connection state only
ticket_only,disconnect,1000,512,500,2,False,False,False,True,True,False,False,3.1,1,256,0,session_ticket,0.95,disconnect detected by ticket_only model,session ticket restores connection state only
ticket_only,disconnect,1000,512,500,3,False,False,False,True,True,False,False,3.15,1,256,0,session_ticket,0.95,disconnect detected by ticket_only model,session ticket restores connection state only
ticket_only,disconnect,5000,128,50,1,False,False,False,True,True,False,False,3.05,1,256,0,session_ticket,0.95,disconnect detected by ticket_only model,session ticket restores connection state only
ticket_only,disconnect,5000,128,50,2,False,False,False,True,True,False,False,3.1,1,256,0,session_ticket,0.95,disconnect detected by ticket_only model,session ticket restores connection state only
ticket_only,disconnect,5000,128,50,3,False,False,False,True,True,False,False,3.15,1,256,0,session_ticket,0.95,disconnect detected by ticket_only model,session ticket restores connection state only
ticket_only,disconnect,5000,128,100,1,False,False,False,True,True,False,False,3.05,1,256,0,session_ticket,0.95,disconnect detected by ticket_only model,session ticket restores connection state only
ticket_only,disconnect,5000,128,100,2,False,False,False,True,True,False,False,3.1,1,256,0,session_ticket,0.95,disconnect detected by ticket_only model,session ticket restores connection state only
ticket_only,disconnect,5000,128,100,3,False,False,False,True,True,False,False,3.15,1,256,0,session_ticket,0.95,disconnect detected by ticket_only model,session ticket restores connection state only
ticket_only,disconnect,5000,128,500,1,False,False,False,True,True,False,False,3.05,1,256,0,session_ticket,0.95,disconnect detected by ticket_only model,session ticket restores connection state only
ticket_only,disconnect,5000,128,500,2,False,False,False,True,True,False,False,3.1,1,256,0,session_ticket,0.95,disconnect detected by ticket_only model,session ticket restores connection state only
ticket_only,disconnect,5000,128,500,3,False,False,False,True,True,False,False,3.15,1,256,0,session_ticket,0.95,disconnect detected by ticket_only model,session ticket restores connection state only
ticket_only,disconnect,5000,512,50,1,False,False,False,True,True,False,False,3.05,1,256,0,session_ticket,0.95,disconnect detected by ticket_only model,session ticket restores connection state only
ticket_only,disconnect,5000,512,50,2,False,False,False,True,True,False,False,3.1,1,256,0,session_ticket,0.95,disconnect detected by ticket_only model,session ticket restores connection state only
ticket_only,disconnect,5000,512,50,3,False,False,False,True,True,False,False,3.15,1,256,0,session_ticket,0.95,disconnect detected by ticket_only model,session ticket restores connection state only
ticket_only,disconnect,5000,512,100,1,False,False,False,True,True,False,False,3.05,1,256,0,session_ticket,0.95,disconnect detected by ticket_only model,session ticket restores connection state only
ticket_only,disconnect,5000,512,100,2,False,False,False,True,True,False,False,3.1,1,256,0,session_ticket,0.95,disconnect detected by ticket_only model,session ticket restores connection state only
ticket_only,disconnect,5000,512,100,3,False,False,False,True,True,False,False,3.15,1,256,0,session_ticket,0.95,disconnect detected by ticket_only model,session ticket restores connection state only
ticket_only,disconnect,5000,512,500,1,False,False,False,True,True,False,False,3.05,1,256,0,session_ticket,0.95,disconnect detected by ticket_only model,session ticket restores connection state only
ticket_only,disconnect,5000,512,500,2,False,False,False,True,True,False,False,3.1,1,256,0,session_ticket,0.95,disconnect detected by ticket_only model,session ticket restores connection state only
ticket_only,disconnect,5000,512,500,3,False,False,False,True,True,False,False,3.15,1,256,0,session_ticket,0.95,disconnect detected by ticket_only model,session ticket restores connection state only
gmcp_r,drop,100,128,50,1,True,True,True,True,True,True,True,3.13,21,2432,20,memory_ticket_checkpoint,0.88,drop detected by gmcp_r model,MemoryTicket returns trusted last_seq and last_mem
gmcp_r,drop,100,128,50,2,True,True,True,True,True,True,True,3.18,21,2432,20,memory_ticket_checkpoint,0.88,drop detected by gmcp_r model,MemoryTicket returns trusted last_seq and last_mem
gmcp_r,drop,100,128,50,3,True,True,True,True,True,True,True,3.23,21,2432,20,memory_ticket_checkpoint,0.88,drop detected by gmcp_r model,MemoryTicket returns trusted last_seq and last_mem
gmcp_r,drop,100,128,100,1,True,True,True,True,True,True,True,3.33,71,7232,70,memory_ticket_checkpoint,0.865,drop detected by gmcp_r model,MemoryTicket returns trusted last_seq and last_mem
gmcp_r,drop,100,128,100,2,True,True,True,True,True,True,True,3.38,71,7232,70,memory_ticket_checkpoint,0.865,drop detected by gmcp_r model,MemoryTicket returns trusted last_seq and last_mem
gmcp_r,drop,100,128,100,3,True,True,True,True,True,True,True,3.43,71,7232,70,memory_ticket_checkpoint,0.865,drop detected by gmcp_r model,MemoryTicket returns trusted last_seq and last_mem
gmcp_r,drop,100,128,500,1,True,True,True,True,True,True,True,3.33,71,7232,70,memory_ticket_checkpoint,0.893,drop detected by gmcp_r model,MemoryTicket returns trusted last_seq and last_mem
gmcp_r,drop,100,128,500,2,True,True,True,True,True,True,True,3.38,71,7232,70,memory_ticket_checkpoint,0.893,drop detected by gmcp_r model,MemoryTicket returns trusted last_seq and last_mem
gmcp_r,drop,100,128,500,3,True,True,True,True,True,True,True,3.43,71,7232,70,memory_ticket_checkpoint,0.893,drop detected by gmcp_r model,MemoryTicket returns trusted last_seq and last_mem
gmcp_r,drop,100,512,50,1,True,True,True,True,True,True,True,3.13,21,2432,20,memory_ticket_checkpoint,0.88,drop detected by gmcp_r model,MemoryTicket returns trusted last_seq and last_mem
gmcp_r,drop,100,512,50,2,True,True,True,True,True,True,True,3.18,21,2432,20,memory_ticket_checkpoint,0.88,drop detected by gmcp_r model,MemoryTicket returns trusted last_seq and last_mem
gmcp_r,drop,100,512,50,3,True,True,True,True,True,True,True,3.23,21,2432,20,memory_ticket_checkpoint,0.88,drop detected by gmcp_r model,MemoryTicket returns trusted last_seq and last_mem
gmcp_r,drop,100,512,100,1,True,True,True,True,True,True,True,3.33,71,7232,70,memory_ticket_checkpoint,0.865,drop detected by gmcp_r model,MemoryTicket returns trusted last_seq and last_mem
gmcp_r,drop,100,512,100,2,True,True,True,True,True,True,True,3.38,71,7232,70,memory_ticket_checkpoint,0.865,drop detected by gmcp_r model,MemoryTicket returns trusted last_seq and last_mem
gmcp_r,drop,100,512,100,3,True,True,True,True,True,True,True,3.43,71,7232,70,memory_ticket_checkpoint,0.865,drop detected by gmcp_r model,MemoryTicket returns trusted last_seq and last_mem
gmcp_r,drop,100,512,500,1,True,True,True,True,True,True,True,3.33,71,7232,70,memory_ticket_checkpoint,0.893,drop detected by gmcp_r model,MemoryTicket returns trusted last_seq and last_mem
gmcp_r,drop,100,512,500,2,True,True,True,True,True,True,True,3.38,71,7232,70,memory_ticket_checkpoint,0.893,drop detected by gmcp_r model,MemoryTicket returns trusted last_seq and last_mem
gmcp_r,drop,100,512,500,3,True,True,True,True,True,True,True,3.43,71,7232,70,memory_ticket_checkpoint,0.893,drop detected by gmcp_r model,MemoryTicket returns trusted last_seq and last_mem
gmcp_r,drop,500,128,50,1,True,True,True,True,True,True,True,3.05,1,512,0,memory_ticket_checkpoint,0.9,drop detected by gmcp_r model,MemoryTicket returns trusted last_seq and last_mem
gmcp_r,drop,500,128,50,2,True,True,True,True,True,True,True,3.1,1,512,0,memory_ticket_checkpoint,0.9,drop detected by gmcp_r model,MemoryTicket returns trusted last_seq and last_mem
gmcp_r,drop,500,128,50,3,True,True,True,True,True,True,True,3.15,1,512,0,memory_ticket_checkpoint,0.9,drop detected by gmcp_r model,MemoryTicket returns trusted last_seq and last_mem
gmcp_r,drop,500,128,100,1,True,True,True,True,True,True,True,3.25,51,5312,50,memory_ticket_checkpoint,0.875,drop detected by gmcp_r model,MemoryTicket returns trusted last_seq and last_mem
gmcp_r,drop,500,128,100,2,True,True,True,True,True,True,True,3.3,51,5312,50,memory_ticket_checkpoint,0.875,drop detected by gmcp_r model,MemoryTicket returns trusted last_seq and last_mem
gmcp_r,drop,500,128,100,3,True,True,True,True,True,True,True,3.35,51,5312,50,memory_ticket_checkpoint,0.875,drop detected by gmcp_r model,MemoryTicket returns trusted last_seq and last_mem
gmcp_r,drop,500,128,500,1,True,True,True,True,True,True,True,4.45,351,34112,350,memory_ticket_checkpoint,0.865,drop detected by gmcp_r model,MemoryTicket returns trusted last_seq and last_mem
gmcp_r,drop,500,128,500,2,True,True,True,True,True,True,True,4.5,351,34112,350,memory_ticket_checkpoint,0.865,drop detected by gmcp_r model,MemoryTicket returns trusted last_seq and last_mem
gmcp_r,drop,500,128,500,3,True,True,True,True,True,True,True,4.55,351,34112,350,memory_ticket_checkpoint,0.865,drop detected by gmcp_r model,MemoryTicket returns trusted last_seq and last_mem
gmcp_r,drop,500,512,50,1,True,True,True,True,True,True,True,3.05,1,512,0,memory_ticket_checkpoint,0.9,drop detected by gmcp_r model,MemoryTicket returns trusted last_seq and last_mem
gmcp_r,drop,500,512,50,2,True,True,True,True,True,True,True,3.1,1,512,0,memory_ticket_checkpoint,0.9,drop detected by gmcp_r model,MemoryTicket returns trusted last_seq and last_mem
gmcp_r,drop,500,512,50,3,True,True,True,True,True,True,True,3.15,1,512,0,memory_ticket_checkpoint,0.9,drop detected by gmcp_r model,MemoryTicket returns trusted last_seq and last_mem
gmcp_r,drop,500,512,100,1,True,True,True,True,True,True,True,3.25,51,5312,50,memory_ticket_checkpoint,0.875,drop detected by gmcp_r model,MemoryTicket returns trusted last_seq and last_mem
gmcp_r,drop,500,512,100,2,True,True,True,True,True,True,True,3.3,51,5312,50,memory_ticket_checkpoint,0.875,drop detected by gmcp_r model,MemoryTicket returns trusted last_seq and last_mem
gmcp_r,drop,500,512,100,3,True,True,True,True,True,True,True,3.35,51,5312,50,memory_ticket_checkpoint,0.875,drop detected by gmcp_r model,MemoryTicket returns trusted last_seq and last_mem
gmcp_r,drop,500,512,500,1,True,True,True,True,True,True,True,4.45,351,34112,350,memory_ticket_checkpoint,0.865,drop detected by gmcp_r model,MemoryTicket returns trusted last_seq and last_mem
gmcp_r,drop,500,512,500,2,True,True,True,True,True,True,True,4.5,351,34112,350,memory_ticket_checkpoint,0.865,drop detected by gmcp_r model,MemoryTicket returns trusted last_seq and last_mem
gmcp_r,drop,500,512,500,3,True,True,True,True,True,True,True,4.55,351,34112,350,memory_ticket_checkpoint,0.865,drop detected by gmcp_r model,MemoryTicket returns trusted last_seq and last_mem
gmcp_r,drop,1000,128,50,1,True,True,True,True,True,True,True,3.05,1,512,0,memory_ticket_checkpoint,0.9,drop detected by gmcp_r model,MemoryTicket returns trusted last_seq and last_mem
gmcp_r,drop,1000,128,50,2,True,True,True,True,True,True,True,3.1,1,512,0,memory_ticket_checkpoint,0.9,drop detected by gmcp_r model,MemoryTicket returns trusted last_seq and last_mem
gmcp_r,drop,1000,128,50,3,True,True,True,True,True,True,True,3.15,1,512,0,memory_ticket_checkpoint,0.9,drop detected by gmcp_r model,MemoryTicket returns trusted last_seq and last_mem
gmcp_r,drop,1000,128,100,1,True,True,True,True,True,True,True,3.05,1,512,0,memory_ticket_checkpoint,0.9,drop detected by gmcp_r model,MemoryTicket returns trusted last_seq and last_mem
gmcp_r,drop,1000,128,100,2,True,True,True,True,True,True,True,3.1,1,512,0,memory_ticket_checkpoint,0.9,drop detected by gmcp_r model,MemoryTicket returns trusted last_seq and last_mem
gmcp_r,drop,1000,128,100,3,True,True,True,True,True,True,True,3.15,1,512,0,memory_ticket_checkpoint,0.9,drop detected by gmcp_r model,MemoryTicket returns trusted last_seq and last_mem
gmcp_r,drop,1000,128,500,1,True,True,True,True,True,True,True,3.85,201,19712,200,memory_ticket_checkpoint,0.88,drop detected by gmcp_r model,MemoryTicket returns trusted last_seq and last_mem
gmcp_r,drop,1000,128,500,2,True,True,True,True,True,True,True,3.9,201,19712,200,memory_ticket_checkpoint,0.88,drop detected by gmcp_r model,MemoryTicket returns trusted last_seq and last_mem
gmcp_r,drop,1000,128,500,3,True,True,True,True,True,True,True,3.95,201,19712,200,memory_ticket_checkpoint,0.88,drop detected by gmcp_r model,MemoryTicket returns trusted last_seq and last_mem
gmcp_r,drop,1000,512,50,1,True,True,True,True,True,True,True,3.05,1,512,0,memory_ticket_checkpoint,0.9,drop detected by gmcp_r model,MemoryTicket returns trusted last_seq and last_mem
gmcp_r,drop,1000,512,50,2,True,True,True,True,True,True,True,3.1,1,512,0,memory_ticket_checkpoint,0.9,drop detected by gmcp_r model,MemoryTicket returns trusted last_seq and last_mem
gmcp_r,drop,1000,512,50,3,True,True,True,True,True,True,True,3.15,1,512,0,memory_ticket_checkpoint,0.9,drop detected by gmcp_r model,MemoryTicket returns trusted last_seq and last_mem
gmcp_r,drop,1000,512,100,1,True,True,True,True,True,True,True,3.05,1,512,0,memory_ticket_checkpoint,0.9,drop detected by gmcp_r model,MemoryTicket returns trusted last_seq and last_mem
gmcp_r,drop,1000,512,100,2,True,True,True,True,True,True,True,3.1,1,512,0,memory_ticket_checkpoint,0.9,drop detected by gmcp_r model,MemoryTicket returns trusted last_seq and last_mem
gmcp_r,drop,1000,512,100,3,True,True,True,True,True,True,True,3.15,1,512,0,memory_ticket_checkpoint,0.9,drop detected by gmcp_r model,MemoryTicket returns trusted last_seq and last_mem
gmcp_r,drop,1000,512,500,1,True,True,True,True,True,True,True,3.85,201,19712,200,memory_ticket_checkpoint,0.88,drop detected by gmcp_r model,MemoryTicket returns trusted last_seq and last_mem
gmcp_r,drop,1000,512,500,2,True,True,True,True,True,True,True,3.9,201,19712,200,memory_ticket_checkpoint,0.88,drop detected by gmcp_r model,MemoryTicket returns trusted last_seq and last_mem
gmcp_r,drop,1000,512,500,3,True,True,True,True,True,True,True,3.95,201,19712,200,memory_ticket_checkpoint,0.88,drop detected by gmcp_r model,MemoryTicket returns trusted last_seq and last_mem
gmcp_r,drop,5000,128,50,1,True,True,True,True,True,True,True,3.05,1,512,0,memory_ticket_checkpoint,0.9,drop detected by gmcp_r model,MemoryTicket returns trusted last_seq and last_mem
gmcp_r,drop,5000,128,50,2,True,True,True,True,True,True,True,3.1,1,512,0,memory_ticket_checkpoint,0.9,drop detected by gmcp_r model,MemoryTicket returns trusted last_seq and last_mem
gmcp_r,drop,5000,128,50,3,True,True,True,True,True,True,True,3.15,1,512,0,memory_ticket_checkpoint,0.9,drop detected by gmcp_r model,MemoryTicket returns trusted last_seq and last_mem
gmcp_r,drop,5000,128,100,1,True,True,True,True,True,True,True,3.05,1,512,0,memory_ticket_checkpoint,0.9,drop detected by gmcp_r model,MemoryTicket returns trusted last_seq and last_mem
gmcp_r,drop,5000,128,100,2,True,True,True,True,True,True,True,3.1,1,512,0,memory_ticket_checkpoint,0.9,drop detected by gmcp_r model,MemoryTicket returns trusted last_seq and last_mem
gmcp_r,drop,5000,128,100,3,True,True,True,True,True,True,True,3.15,1,512,0,memory_ticket_checkpoint,0.9,drop detected by gmcp_r model,MemoryTicket returns trusted last_seq and last_mem
gmcp_r,drop,5000,128,500,1,True,True,True,True,True,True,True,3.05,1,512,0,memory_ticket_checkpoint,0.9,drop detected by gmcp_r model,MemoryTicket returns trusted last_seq and last_mem
gmcp_r,drop,5000,128,500,2,True,True,True,True,True,True,True,3.1,1,512,0,memory_ticket_checkpoint,0.9,drop detected by gmcp_r model,MemoryTicket returns trusted last_seq and last_mem
gmcp_r,drop,5000,128,500,3,True,True,True,True,True,True,True,3.15,1,512,0,memory_ticket_checkpoint,0.9,drop detected by gmcp_r model,MemoryTicket returns trusted last_seq and last_mem
gmcp_r,drop,5000,512,50,1,True,True,True,True,True,True,True,3.05,1,512,0,memory_ticket_checkpoint,0.9,drop detected by gmcp_r model,MemoryTicket returns trusted last_seq and last_mem
gmcp_r,drop,5000,512,50,2,True,True,True,True,True,True,True,3.1,1,512,0,memory_ticket_checkpoint,0.9,drop detected by gmcp_r model,MemoryTicket returns trusted last_seq and last_mem
gmcp_r,drop,5000,512,50,3,True,True,True,True,True,True,True,3.15,1,512,0,memory_ticket_checkpoint,0.9,drop detected by gmcp_r model,MemoryTicket returns trusted last_seq and last_mem
gmcp_r,drop,5000,512,100,1,True,True,True,True,True,True,True,3.05,1,512,0,memory_ticket_checkpoint,0.9,drop detected by gmcp_r model,MemoryTicket returns trusted last_seq and last_mem
gmcp_r,drop,5000,512,100,2,True,True,True,True,True,True,True,3.1,1,512,0,memory_ticket_checkpoint,0.9,drop detected by gmcp_r model,MemoryTicket returns trusted last_seq and last_mem
gmcp_r,drop,5000,512,100,3,True,True,True,True,True,True,True,3.15,1,512,0,memory_ticket_checkpoint,0.9,drop detected by gmcp_r model,MemoryTicket returns trusted last_seq and last_mem
gmcp_r,drop,5000,512,500,1,True,True,True,True,True,True,True,3.05,1,512,0,memory_ticket_checkpoint,0.9,drop detected by gmcp_r model,MemoryTicket returns trusted last_seq and last_mem
gmcp_r,drop,5000,512,500,2,True,True,True,True,True,True,True,3.1,1,512,0,memory_ticket_checkpoint,0.9,drop detected by gmcp_r model,MemoryTicket returns trusted last_seq and last_mem
gmcp_r,drop,5000,512,500,3,True,True,True,True,True,True,True,3.15,1,512,0,memory_ticket_checkpoint,0.9,drop detected by gmcp_r model,MemoryTicket returns trusted last_seq and last_mem
gmcp_r,modify,100,128,50,1,True,True,True,True,True,True,True,3.13,21,2432,20,memory_ticket_checkpoint,0.88,modify detected by gmcp_r model,MemoryTicket returns trusted last_seq and last_mem
gmcp_r,modify,100,128,50,2,True,True,True,True,True,True,True,3.18,21,2432,20,memory_ticket_checkpoint,0.88,modify detected by gmcp_r model,MemoryTicket returns trusted last_seq and last_mem
gmcp_r,modify,100,128,50,3,True,True,True,True,True,True,True,3.23,21,2432,20,memory_ticket_checkpoint,0.88,modify detected by gmcp_r model,MemoryTicket returns trusted last_seq and last_mem
gmcp_r,modify,100,128,100,1,True,True,True,True,True,True,True,3.33,71,7232,70,memory_ticket_checkpoint,0.865,modify detected by gmcp_r model,MemoryTicket returns trusted last_seq and last_mem
gmcp_r,modify,100,128,100,2,True,True,True,True,True,True,True,3.38,71,7232,70,memory_ticket_checkpoint,0.865,modify detected by gmcp_r model,MemoryTicket returns trusted last_seq and last_mem
gmcp_r,modify,100,128,100,3,True,True,True,True,True,True,True,3.43,71,7232,70,memory_ticket_checkpoint,0.865,modify detected by gmcp_r model,MemoryTicket returns trusted last_seq and last_mem
gmcp_r,modify,100,128,500,1,True,True,True,True,True,True,True,3.33,71,7232,70,memory_ticket_checkpoint,0.893,modify detected by gmcp_r model,MemoryTicket returns trusted last_seq and last_mem
gmcp_r,modify,100,128,500,2,True,True,True,True,True,True,True,3.38,71,7232,70,memory_ticket_checkpoint,0.893,modify detected by gmcp_r model,MemoryTicket returns trusted last_seq and last_mem
gmcp_r,modify,100,128,500,3,True,True,True,True,True,True,True,3.43,71,7232,70,memory_ticket_checkpoint,0.893,modify detected by gmcp_r model,MemoryTicket returns trusted last_seq and last_mem
gmcp_r,modify,100,512,50,1,True,True,True,True,True,True,True,3.13,21,2432,20,memory_ticket_checkpoint,0.88,modify detected by gmcp_r model,MemoryTicket returns trusted last_seq and last_mem
gmcp_r,modify,100,512,50,2,True,True,True,True,True,True,True,3.18,21,2432,20,memory_ticket_checkpoint,0.88,modify detected by gmcp_r model,MemoryTicket returns trusted last_seq and last_mem
gmcp_r,modify,100,512,50,3,True,True,True,True,True,True,True,3.23,21,2432,20,memory_ticket_checkpoint,0.88,modify detected by gmcp_r model,MemoryTicket returns trusted last_seq and last_mem
gmcp_r,modify,100,512,100,1,True,True,True,True,True,True,True,3.33,71,7232,70,memory_ticket_checkpoint,0.865,modify detected by gmcp_r model,MemoryTicket returns trusted last_seq and last_mem
gmcp_r,modify,100,512,100,2,True,True,True,True,True,True,True,3.38,71,7232,70,memory_ticket_checkpoint,0.865,modify detected by gmcp_r model,MemoryTicket returns trusted last_seq and last_mem
gmcp_r,modify,100,512,100,3,True,True,True,True,True,True,True,3.43,71,7232,70,memory_ticket_checkpoint,0.865,modify detected by gmcp_r model,MemoryTicket returns trusted last_seq and last_mem
gmcp_r,modify,100,512,500,1,True,True,True,True,True,True,True,3.33,71,7232,70,memory_ticket_checkpoint,0.893,modify detected by gmcp_r model,MemoryTicket returns trusted last_seq and last_mem
gmcp_r,modify,100,512,500,2,True,True,True,True,True,True,True,3.38,71,7232,70,memory_ticket_checkpoint,0.893,modify detected by gmcp_r model,MemoryTicket returns trusted last_seq and last_mem
gmcp_r,modify,100,512,500,3,True,True,True,True,True,True,True,3.43,71,7232,70,memory_ticket_checkpoint,0.893,modify detected by gmcp_r model,MemoryTicket returns trusted last_seq and last_mem
gmcp_r,modify,500,128,50,1,True,True,True,True,True,True,True,3.05,1,512,0,memory_ticket_checkpoint,0.9,modify detected by gmcp_r model,MemoryTicket returns trusted last_seq and last_mem
gmcp_r,modify,500,128,50,2,True,True,True,True,True,True,True,3.1,1,512,0,memory_ticket_checkpoint,0.9,modify detected by gmcp_r model,MemoryTicket returns trusted last_seq and last_mem
gmcp_r,modify,500,128,50,3,True,True,True,True,True,True,True,3.15,1,512,0,memory_ticket_checkpoint,0.9,modify detected by gmcp_r model,MemoryTicket returns trusted last_seq and last_mem
gmcp_r,modify,500,128,100,1,True,True,True,True,True,True,True,3.25,51,5312,50,memory_ticket_checkpoint,0.875,modify detected by gmcp_r model,MemoryTicket returns trusted last_seq and last_mem
gmcp_r,modify,500,128,100,2,True,True,True,True,True,True,True,3.3,51,5312,50,memory_ticket_checkpoint,0.875,modify detected by gmcp_r model,MemoryTicket returns trusted last_seq and last_mem
gmcp_r,modify,500,128,100,3,True,True,True,True,True,True,True,3.35,51,5312,50,memory_ticket_checkpoint,0.875,modify detected by gmcp_r model,MemoryTicket returns trusted last_seq and last_mem
gmcp_r,modify,500,128,500,1,True,True,True,True,True,True,True,4.45,351,34112,350,memory_ticket_checkpoint,0.865,modify detected by gmcp_r model,MemoryTicket returns trusted last_seq and last_mem
gmcp_r,modify,500,128,500,2,True,True,True,True,True,True,True,4.5,351,34112,350,memory_ticket_checkpoint,0.865,modify detected by gmcp_r model,MemoryTicket returns trusted last_seq and last_mem
gmcp_r,modify,500,128,500,3,True,True,True,True,True,True,True,4.55,351,34112,350,memory_ticket_checkpoint,0.865,modify detected by gmcp_r model,MemoryTicket returns trusted last_seq and last_mem
gmcp_r,modify,500,512,50,1,True,True,True,True,True,True,True,3.05,1,512,0,memory_ticket_checkpoint,0.9,modify detected by gmcp_r model,MemoryTicket returns trusted last_seq and last_mem
gmcp_r,modify,500,512,50,2,True,True,True,True,True,True,True,3.1,1,512,0,memory_ticket_checkpoint,0.9,modify detected by gmcp_r model,MemoryTicket returns trusted last_seq and last_mem
gmcp_r,modify,500,512,50,3,True,True,True,True,True,True,True,3.15,1,512,0,memory_ticket_checkpoint,0.9,modify detected by gmcp_r model,MemoryTicket returns trusted last_seq and last_mem
gmcp_r,modify,500,512,100,1,True,True,True,True,True,True,True,3.25,51,5312,50,memory_ticket_checkpoint,0.875,modify detected by gmcp_r model,MemoryTicket returns trusted last_seq and last_mem
gmcp_r,modify,500,512,100,2,True,True,True,True,True,True,True,3.3,51,5312,50,memory_ticket_checkpoint,0.875,modify detected by gmcp_r model,MemoryTicket returns trusted last_seq and last_mem
gmcp_r,modify,500,512,100,3,True,True,True,True,True,True,True,3.35,51,5312,50,memory_ticket_checkpoint,0.875,modify detected by gmcp_r model,MemoryTicket returns trusted last_seq and last_mem
gmcp_r,modify,500,512,500,1,True,True,True,True,True,True,True,4.45,351,34112,350,memory_ticket_checkpoint,0.865,modify detected by gmcp_r model,MemoryTicket returns trusted last_seq and last_mem
gmcp_r,modify,500,512,500,2,True,True,True,True,True,True,True,4.5,351,34112,350,memory_ticket_checkpoint,0.865,modify detected by gmcp_r model,MemoryTicket returns trusted last_seq and last_mem
gmcp_r,modify,500,512,500,3,True,True,True,True,True,True,True,4.55,351,34112,350,memory_ticket_checkpoint,0.865,modify detected by gmcp_r model,MemoryTicket returns trusted last_seq and last_mem
gmcp_r,modify,1000,128,50,1,True,True,True,True,True,True,True,3.05,1,512,0,memory_ticket_checkpoint,0.9,modify detected by gmcp_r model,MemoryTicket returns trusted last_seq and last_mem
gmcp_r,modify,1000,128,50,2,True,True,True,True,True,True,True,3.1,1,512,0,memory_ticket_checkpoint,0.9,modify detected by gmcp_r model,MemoryTicket returns trusted last_seq and last_mem
gmcp_r,modify,1000,128,50,3,True,True,True,True,True,True,True,3.15,1,512,0,memory_ticket_checkpoint,0.9,modify detected by gmcp_r model,MemoryTicket returns trusted last_seq and last_mem
gmcp_r,modify,1000,128,100,1,True,True,True,True,True,True,True,3.05,1,512,0,memory_ticket_checkpoint,0.9,modify detected by gmcp_r model,MemoryTicket returns trusted last_seq and last_mem
gmcp_r,modify,1000,128,100,2,True,True,True,True,True,True,True,3.1,1,512,0,memory_ticket_checkpoint,0.9,modify detected by gmcp_r model,MemoryTicket returns trusted last_seq and last_mem
gmcp_r,modify,1000,128,100,3,True,True,True,True,True,True,True,3.15,1,512,0,memory_ticket_checkpoint,0.9,modify detected by gmcp_r model,MemoryTicket returns trusted last_seq and last_mem
gmcp_r,modify,1000,128,500,1,True,True,True,True,True,True,True,3.85,201,19712,200,memory_ticket_checkpoint,0.88,modify detected by gmcp_r model,MemoryTicket returns trusted last_seq and last_mem
gmcp_r,modify,1000,128,500,2,True,True,True,True,True,True,True,3.9,201,19712,200,memory_ticket_checkpoint,0.88,modify detected by gmcp_r model,MemoryTicket returns trusted last_seq and last_mem
gmcp_r,modify,1000,128,500,3,True,True,True,True,True,True,True,3.95,201,19712,200,memory_ticket_checkpoint,0.88,modify detected by gmcp_r model,MemoryTicket returns trusted last_seq and last_mem
gmcp_r,modify,1000,512,50,1,True,True,True,True,True,True,True,3.05,1,512,0,memory_ticket_checkpoint,0.9,modify detected by gmcp_r model,MemoryTicket returns trusted last_seq and last_mem
gmcp_r,modify,1000,512,50,2,True,True,True,True,True,True,True,3.1,1,512,0,memory_ticket_checkpoint,0.9,modify detected by gmcp_r model,MemoryTicket returns trusted last_seq and last_mem
gmcp_r,modify,1000,512,50,3,True,True,True,True,True,True,True,3.15,1,512,0,memory_ticket_checkpoint,0.9,modify detected by gmcp_r model,MemoryTicket returns trusted last_seq and last_mem
gmcp_r,modify,1000,512,100,1,True,True,True,True,True,True,True,3.05,1,512,0,memory_ticket_checkpoint,0.9,modify detected by gmcp_r model,MemoryTicket returns trusted last_seq and last_mem
gmcp_r,modify,1000,512,100,2,True,True,True,True,True,True,True,3.1,1,512,0,memory_ticket_checkpoint,0.9,modify detected by gmcp_r model,MemoryTicket returns trusted last_seq and last_mem
gmcp_r,modify,1000,512,100,3,True,True,True,True,True,True,True,3.15,1,512,0,memory_ticket_checkpoint,0.9,modify detected by gmcp_r model,MemoryTicket returns trusted last_seq and last_mem
gmcp_r,modify,1000,512,500,1,True,True,True,True,True,True,True,3.85,201,19712,200,memory_ticket_checkpoint,0.88,modify detected by gmcp_r model,MemoryTicket returns trusted last_seq and last_mem
gmcp_r,modify,1000,512,500,2,True,True,True,True,True,True,True,3.9,201,19712,200,memory_ticket_checkpoint,0.88,modify detected by gmcp_r model,MemoryTicket returns trusted last_seq and last_mem
gmcp_r,modify,1000,512,500,3,True,True,True,True,True,True,True,3.95,201,19712,200,memory_ticket_checkpoint,0.88,modify detected by gmcp_r model,MemoryTicket returns trusted last_seq and last_mem
gmcp_r,modify,5000,128,50,1,True,True,True,True,True,True,True,3.05,1,512,0,memory_ticket_checkpoint,0.9,modify detected by gmcp_r model,MemoryTicket returns trusted last_seq and last_mem
gmcp_r,modify,5000,128,50,2,True,True,True,True,True,True,True,3.1,1,512,0,memory_ticket_checkpoint,0.9,modify detected by gmcp_r model,MemoryTicket returns trusted last_seq and last_mem
gmcp_r,modify,5000,128,50,3,True,True,True,True,True,True,True,3.15,1,512,0,memory_ticket_checkpoint,0.9,modify detected by gmcp_r model,MemoryTicket returns trusted last_seq and last_mem
gmcp_r,modify,5000,128,100,1,True,True,True,True,True,True,True,3.05,1,512,0,memory_ticket_checkpoint,0.9,modify detected by gmcp_r model,MemoryTicket returns trusted last_seq and last_mem
gmcp_r,modify,5000,128,100,2,True,True,True,True,True,True,True,3.1,1,512,0,memory_ticket_checkpoint,0.9,modify detected by gmcp_r model,MemoryTicket returns trusted last_seq and last_mem
gmcp_r,modify,5000,128,100,3,True,True,True,True,True,True,True,3.15,1,512,0,memory_ticket_checkpoint,0.9,modify detected by gmcp_r model,MemoryTicket returns trusted last_seq and last_mem
gmcp_r,modify,5000,128,500,1,True,True,True,True,True,True,True,3.05,1,512,0,memory_ticket_checkpoint,0.9,modify detected by gmcp_r model,MemoryTicket returns trusted last_seq and last_mem
gmcp_r,modify,5000,128,500,2,True,True,True,True,True,True,True,3.1,1,512,0,memory_ticket_checkpoint,0.9,modify detected by gmcp_r model,MemoryTicket returns trusted last_seq and last_mem
gmcp_r,modify,5000,128,500,3,True,True,True,True,True,True,True,3.15,1,512,0,memory_ticket_checkpoint,0.9,modify detected by gmcp_r model,MemoryTicket returns trusted last_seq and last_mem
gmcp_r,modify,5000,512,50,1,True,True,True,True,True,True,True,3.05,1,512,0,memory_ticket_checkpoint,0.9,modify detected by gmcp_r model,MemoryTicket returns trusted last_seq and last_mem
gmcp_r,modify,5000,512,50,2,True,True,True,True,True,True,True,3.1,1,512,0,memory_ticket_checkpoint,0.9,modify detected by gmcp_r model,MemoryTicket returns trusted last_seq and last_mem
gmcp_r,modify,5000,512,50,3,True,True,True,True,True,True,True,3.15,1,512,0,memory_ticket_checkpoint,0.9,modify detected by gmcp_r model,MemoryTicket returns trusted last_seq and last_mem
gmcp_r,modify,5000,512,100,1,True,True,True,True,True,True,True,3.05,1,512,0,memory_ticket_checkpoint,0.9,modify detected by gmcp_r model,MemoryTicket returns trusted last_seq and last_mem
gmcp_r,modify,5000,512,100,2,True,True,True,True,True,True,True,3.1,1,512,0,memory_ticket_checkpoint,0.9,modify detected by gmcp_r model,MemoryTicket returns trusted last_seq and last_mem
gmcp_r,modify,5000,512,100,3,True,True,True,True,True,True,True,3.15,1,512,0,memory_ticket_checkpoint,0.9,modify detected by gmcp_r model,MemoryTicket returns trusted last_seq and last_mem
gmcp_r,modify,5000,512,500,1,True,True,True,True,True,True,True,3.05,1,512,0,memory_ticket_checkpoint,0.9,modify detected by gmcp_r model,MemoryTicket returns trusted last_seq and last_mem
gmcp_r,modify,5000,512,500,2,True,True,True,True,True,True,True,3.1,1,512,0,memory_ticket_checkpoint,0.9,modify detected by gmcp_r model,MemoryTicket returns trusted last_seq and last_mem
gmcp_r,modify,5000,512,500,3,True,True,True,True,True,True,True,3.15,1,512,0,memory_ticket_checkpoint,0.9,modify detected by gmcp_r model,MemoryTicket returns trusted last_seq and last_mem
gmcp_r,replay,100,128,50,1,True,True,True,True,True,True,True,3.13,21,2432,20,memory_ticket_checkpoint,0.88,replay detected by gmcp_r model,MemoryTicket returns trusted last_seq and last_mem
gmcp_r,replay,100,128,50,2,True,True,True,True,True,True,True,3.18,21,2432,20,memory_ticket_checkpoint,0.88,replay detected by gmcp_r model,MemoryTicket returns trusted last_seq and last_mem
gmcp_r,replay,100,128,50,3,True,True,True,True,True,True,True,3.23,21,2432,20,memory_ticket_checkpoint,0.88,replay detected by gmcp_r model,MemoryTicket returns trusted last_seq and last_mem
gmcp_r,replay,100,128,100,1,True,True,True,True,True,True,True,3.33,71,7232,70,memory_ticket_checkpoint,0.865,replay detected by gmcp_r model,MemoryTicket returns trusted last_seq and last_mem
gmcp_r,replay,100,128,100,2,True,True,True,True,True,True,True,3.38,71,7232,70,memory_ticket_checkpoint,0.865,replay detected by gmcp_r model,MemoryTicket returns trusted last_seq and last_mem
gmcp_r,replay,100,128,100,3,True,True,True,True,True,True,True,3.43,71,7232,70,memory_ticket_checkpoint,0.865,replay detected by gmcp_r model,MemoryTicket returns trusted last_seq and last_mem
gmcp_r,replay,100,128,500,1,True,True,True,True,True,True,True,3.33,71,7232,70,memory_ticket_checkpoint,0.893,replay detected by gmcp_r model,MemoryTicket returns trusted last_seq and last_mem
gmcp_r,replay,100,128,500,2,True,True,True,True,True,True,True,3.38,71,7232,70,memory_ticket_checkpoint,0.893,replay detected by gmcp_r model,MemoryTicket returns trusted last_seq and last_mem
gmcp_r,replay,100,128,500,3,True,True,True,True,True,True,True,3.43,71,7232,70,memory_ticket_checkpoint,0.893,replay detected by gmcp_r model,MemoryTicket returns trusted last_seq and last_mem
gmcp_r,replay,100,512,50,1,True,True,True,True,True,True,True,3.13,21,2432,20,memory_ticket_checkpoint,0.88,replay detected by gmcp_r model,MemoryTicket returns trusted last_seq and last_mem
gmcp_r,replay,100,512,50,2,True,True,True,True,True,True,True,3.18,21,2432,20,memory_ticket_checkpoint,0.88,replay detected by gmcp_r model,MemoryTicket returns trusted last_seq and last_mem
gmcp_r,replay,100,512,50,3,True,True,True,True,True,True,True,3.23,21,2432,20,memory_ticket_checkpoint,0.88,replay detected by gmcp_r model,MemoryTicket returns trusted last_seq and last_mem
gmcp_r,replay,100,512,100,1,True,True,True,True,True,True,True,3.33,71,7232,70,memory_ticket_checkpoint,0.865,replay detected by gmcp_r model,MemoryTicket returns trusted last_seq and last_mem
gmcp_r,replay,100,512,100,2,True,True,True,True,True,True,True,3.38,71,7232,70,memory_ticket_checkpoint,0.865,replay detected by gmcp_r model,MemoryTicket returns trusted last_seq and last_mem
gmcp_r,replay,100,512,100,3,True,True,True,True,True,True,True,3.43,71,7232,70,memory_ticket_checkpoint,0.865,replay detected by gmcp_r model,MemoryTicket returns trusted last_seq and last_mem
gmcp_r,replay,100,512,500,1,True,True,True,True,True,True,True,3.33,71,7232,70,memory_ticket_checkpoint,0.893,replay detected by gmcp_r model,MemoryTicket returns trusted last_seq and last_mem
gmcp_r,replay,100,512,500,2,True,True,True,True,True,True,True,3.38,71,7232,70,memory_ticket_checkpoint,0.893,replay detected by gmcp_r model,MemoryTicket returns trusted last_seq and last_mem
gmcp_r,replay,100,512,500,3,True,True,True,True,True,True,True,3.43,71,7232,70,memory_ticket_checkpoint,0.893,replay detected by gmcp_r model,MemoryTicket returns trusted last_seq and last_mem
gmcp_r,replay,500,128,50,1,True,True,True,True,True,True,True,3.05,1,512,0,memory_ticket_checkpoint,0.9,replay detected by gmcp_r model,MemoryTicket returns trusted last_seq and last_mem
gmcp_r,replay,500,128,50,2,True,True,True,True,True,True,True,3.1,1,512,0,memory_ticket_checkpoint,0.9,replay detected by gmcp_r model,MemoryTicket returns trusted last_seq and last_mem
gmcp_r,replay,500,128,50,3,True,True,True,True,True,True,True,3.15,1,512,0,memory_ticket_checkpoint,0.9,replay detected by gmcp_r model,MemoryTicket returns trusted last_seq and last_mem
gmcp_r,replay,500,128,100,1,True,True,True,True,True,True,True,3.25,51,5312,50,memory_ticket_checkpoint,0.875,replay detected by gmcp_r model,MemoryTicket returns trusted last_seq and last_mem
gmcp_r,replay,500,128,100,2,True,True,True,True,True,True,True,3.3,51,5312,50,memory_ticket_checkpoint,0.875,replay detected by gmcp_r model,MemoryTicket returns trusted last_seq and last_mem
gmcp_r,replay,500,128,100,3,True,True,True,True,True,True,True,3.35,51,5312,50,memory_ticket_checkpoint,0.875,replay detected by gmcp_r model,MemoryTicket returns trusted last_seq and last_mem
gmcp_r,replay,500,128,500,1,True,True,True,True,True,True,True,4.45,351,34112,350,memory_ticket_checkpoint,0.865,replay detected by gmcp_r model,MemoryTicket returns trusted last_seq and last_mem
gmcp_r,replay,500,128,500,2,True,True,True,True,True,True,True,4.5,351,34112,350,memory_ticket_checkpoint,0.865,replay detected by gmcp_r model,MemoryTicket returns trusted last_seq and last_mem
gmcp_r,replay,500,128,500,3,True,True,True,True,True,True,True,4.55,351,34112,350,memory_ticket_checkpoint,0.865,replay detected by gmcp_r model,MemoryTicket returns trusted last_seq and last_mem
gmcp_r,replay,500,512,50,1,True,True,True,True,True,True,True,3.05,1,512,0,memory_ticket_checkpoint,0.9,replay detected by gmcp_r model,MemoryTicket returns trusted last_seq and last_mem
gmcp_r,replay,500,512,50,2,True,True,True,True,True,True,True,3.1,1,512,0,memory_ticket_checkpoint,0.9,replay detected by gmcp_r model,MemoryTicket returns trusted last_seq and last_mem
gmcp_r,replay,500,512,50,3,True,True,True,True,True,True,True,3.15,1,512,0,memory_ticket_checkpoint,0.9,replay detected by gmcp_r model,MemoryTicket returns trusted last_seq and last_mem
gmcp_r,replay,500,512,100,1,True,True,True,True,True,True,True,3.25,51,5312,50,memory_ticket_checkpoint,0.875,replay detected by gmcp_r model,MemoryTicket returns trusted last_seq and last_mem
gmcp_r,replay,500,512,100,2,True,True,True,True,True,True,True,3.3,51,5312,50,memory_ticket_checkpoint,0.875,replay detected by gmcp_r model,MemoryTicket returns trusted last_seq and last_mem
gmcp_r,replay,500,512,100,3,True,True,True,True,True,True,True,3.35,51,5312,50,memory_ticket_checkpoint,0.875,replay detected by gmcp_r model,MemoryTicket returns trusted last_seq and last_mem
gmcp_r,replay,500,512,500,1,True,True,True,True,True,True,True,4.45,351,34112,350,memory_ticket_checkpoint,0.865,replay detected by gmcp_r model,MemoryTicket returns trusted last_seq and last_mem
gmcp_r,replay,500,512,500,2,True,True,True,True,True,True,True,4.5,351,34112,350,memory_ticket_checkpoint,0.865,replay detected by gmcp_r model,MemoryTicket returns trusted last_seq and last_mem
gmcp_r,replay,500,512,500,3,True,True,True,True,True,True,True,4.55,351,34112,350,memory_ticket_checkpoint,0.865,replay detected by gmcp_r model,MemoryTicket returns trusted last_seq and last_mem
gmcp_r,replay,1000,128,50,1,True,True,True,True,True,True,True,3.05,1,512,0,memory_ticket_checkpoint,0.9,replay detected by gmcp_r model,MemoryTicket returns trusted last_seq and last_mem
gmcp_r,replay,1000,128,50,2,True,True,True,True,True,True,True,3.1,1,512,0,memory_ticket_checkpoint,0.9,replay detected by gmcp_r model,MemoryTicket returns trusted last_seq and last_mem
gmcp_r,replay,1000,128,50,3,True,True,True,True,True,True,True,3.15,1,512,0,memory_ticket_checkpoint,0.9,replay detected by gmcp_r model,MemoryTicket returns trusted last_seq and last_mem
gmcp_r,replay,1000,128,100,1,True,True,True,True,True,True,True,3.05,1,512,0,memory_ticket_checkpoint,0.9,replay detected by gmcp_r model,MemoryTicket returns trusted last_seq and last_mem
gmcp_r,replay,1000,128,100,2,True,True,True,True,True,True,True,3.1,1,512,0,memory_ticket_checkpoint,0.9,replay detected by gmcp_r model,MemoryTicket returns trusted last_seq and last_mem
gmcp_r,replay,1000,128,100,3,True,True,True,True,True,True,True,3.15,1,512,0,memory_ticket_checkpoint,0.9,replay detected by gmcp_r model,MemoryTicket returns trusted last_seq and last_mem
gmcp_r,replay,1000,128,500,1,True,True,True,True,True,True,True,3.85,201,19712,200,memory_ticket_checkpoint,0.88,replay detected by gmcp_r model,MemoryTicket returns trusted last_seq and last_mem
gmcp_r,replay,1000,128,500,2,True,True,True,True,True,True,True,3.9,201,19712,200,memory_ticket_checkpoint,0.88,replay detected by gmcp_r model,MemoryTicket returns trusted last_seq and last_mem
gmcp_r,replay,1000,128,500,3,True,True,True,True,True,True,True,3.95,201,19712,200,memory_ticket_checkpoint,0.88,replay detected by gmcp_r model,MemoryTicket returns trusted last_seq and last_mem
gmcp_r,replay,1000,512,50,1,True,True,True,True,True,True,True,3.05,1,512,0,memory_ticket_checkpoint,0.9,replay detected by gmcp_r model,MemoryTicket returns trusted last_seq and last_mem
gmcp_r,replay,1000,512,50,2,True,True,True,True,True,True,True,3.1,1,512,0,memory_ticket_checkpoint,0.9,replay detected by gmcp_r model,MemoryTicket returns trusted last_seq and last_mem
gmcp_r,replay,1000,512,50,3,True,True,True,True,True,True,True,3.15,1,512,0,memory_ticket_checkpoint,0.9,replay detected by gmcp_r model,MemoryTicket returns trusted last_seq and last_mem
gmcp_r,replay,1000,512,100,1,True,True,True,True,True,True,True,3.05,1,512,0,memory_ticket_checkpoint,0.9,replay detected by gmcp_r model,MemoryTicket returns trusted last_seq and last_mem
gmcp_r,replay,1000,512,100,2,True,True,True,True,True,True,True,3.1,1,512,0,memory_ticket_checkpoint,0.9,replay detected by gmcp_r model,MemoryTicket returns trusted last_seq and last_mem
gmcp_r,replay,1000,512,100,3,True,True,True,True,True,True,True,3.15,1,512,0,memory_ticket_checkpoint,0.9,replay detected by gmcp_r model,MemoryTicket returns trusted last_seq and last_mem
gmcp_r,replay,1000,512,500,1,True,True,True,True,True,True,True,3.85,201,19712,200,memory_ticket_checkpoint,0.88,replay detected by gmcp_r model,MemoryTicket returns trusted last_seq and last_mem
gmcp_r,replay,1000,512,500,2,True,True,True,True,True,True,True,3.9,201,19712,200,memory_ticket_checkpoint,0.88,replay detected by gmcp_r model,MemoryTicket returns trusted last_seq and last_mem
gmcp_r,replay,1000,512,500,3,True,True,True,True,True,True,True,3.95,201,19712,200,memory_ticket_checkpoint,0.88,replay detected by gmcp_r model,MemoryTicket returns trusted last_seq and last_mem
gmcp_r,replay,5000,128,50,1,True,True,True,True,True,True,True,3.05,1,512,0,memory_ticket_checkpoint,0.9,replay detected by gmcp_r model,MemoryTicket returns trusted last_seq and last_mem
gmcp_r,replay,5000,128,50,2,True,True,True,True,True,True,True,3.1,1,512,0,memory_ticket_checkpoint,0.9,replay detected by gmcp_r model,MemoryTicket returns trusted last_seq and last_mem
gmcp_r,replay,5000,128,50,3,True,True,True,True,True,True,True,3.15,1,512,0,memory_ticket_checkpoint,0.9,replay detected by gmcp_r model,MemoryTicket returns trusted last_seq and last_mem
gmcp_r,replay,5000,128,100,1,True,True,True,True,True,True,True,3.05,1,512,0,memory_ticket_checkpoint,0.9,replay detected by gmcp_r model,MemoryTicket returns trusted last_seq and last_mem
gmcp_r,replay,5000,128,100,2,True,True,True,True,True,True,True,3.1,1,512,0,memory_ticket_checkpoint,0.9,replay detected by gmcp_r model,MemoryTicket returns trusted last_seq and last_mem
gmcp_r,replay,5000,128,100,3,True,True,True,True,True,True,True,3.15,1,512,0,memory_ticket_checkpoint,0.9,replay detected by gmcp_r model,MemoryTicket returns trusted last_seq and last_mem
gmcp_r,replay,5000,128,500,1,True,True,True,True,True,True,True,3.05,1,512,0,memory_ticket_checkpoint,0.9,replay detected by gmcp_r model,MemoryTicket returns trusted last_seq and last_mem
gmcp_r,replay,5000,128,500,2,True,True,True,True,True,True,True,3.1,1,512,0,memory_ticket_checkpoint,0.9,replay detected by gmcp_r model,MemoryTicket returns trusted last_seq and last_mem
gmcp_r,replay,5000,128,500,3,True,True,True,True,True,True,True,3.15,1,512,0,memory_ticket_checkpoint,0.9,replay detected by gmcp_r model,MemoryTicket returns trusted last_seq and last_mem
gmcp_r,replay,5000,512,50,1,True,True,True,True,True,True,True,3.05,1,512,0,memory_ticket_checkpoint,0.9,replay detected by gmcp_r model,MemoryTicket returns trusted last_seq and last_mem
gmcp_r,replay,5000,512,50,2,True,True,True,True,True,True,True,3.1,1,512,0,memory_ticket_checkpoint,0.9,replay detected by gmcp_r model,MemoryTicket returns trusted last_seq and last_mem
gmcp_r,replay,5000,512,50,3,True,True,True,True,True,True,True,3.15,1,512,0,memory_ticket_checkpoint,0.9,replay detected by gmcp_r model,MemoryTicket returns trusted last_seq and last_mem
gmcp_r,replay,5000,512,100,1,True,True,True,True,True,True,True,3.05,1,512,0,memory_ticket_checkpoint,0.9,replay detected by gmcp_r model,MemoryTicket returns trusted last_seq and last_mem
gmcp_r,replay,5000,512,100,2,True,True,True,True,True,True,True,3.1,1,512,0,memory_ticket_checkpoint,0.9,replay detected by gmcp_r model,MemoryTicket returns trusted last_seq and last_mem
gmcp_r,replay,5000,512,100,3,True,True,True,True,True,True,True,3.15,1,512,0,memory_ticket_checkpoint,0.9,replay detected by gmcp_r model,MemoryTicket returns trusted last_seq and last_mem
gmcp_r,replay,5000,512,500,1,True,True,True,True,True,True,True,3.05,1,512,0,memory_ticket_checkpoint,0.9,replay detected by gmcp_r model,MemoryTicket returns trusted last_seq and last_mem
gmcp_r,replay,5000,512,500,2,True,True,True,True,True,True,True,3.1,1,512,0,memory_ticket_checkpoint,0.9,replay detected by gmcp_r model,MemoryTicket returns trusted last_seq and last_mem
gmcp_r,replay,5000,512,500,3,True,True,True,True,True,True,True,3.15,1,512,0,memory_ticket_checkpoint,0.9,replay detected by gmcp_r model,MemoryTicket returns trusted last_seq and last_mem
gmcp_r,prev_mem,100,128,50,1,True,True,True,True,True,True,True,3.13,21,2432,20,memory_ticket_checkpoint,0.88,prev_mem detected by gmcp_r model,MemoryTicket returns trusted last_seq and last_mem
gmcp_r,prev_mem,100,128,50,2,True,True,True,True,True,True,True,3.18,21,2432,20,memory_ticket_checkpoint,0.88,prev_mem detected by gmcp_r model,MemoryTicket returns trusted last_seq and last_mem
gmcp_r,prev_mem,100,128,50,3,True,True,True,True,True,True,True,3.23,21,2432,20,memory_ticket_checkpoint,0.88,prev_mem detected by gmcp_r model,MemoryTicket returns trusted last_seq and last_mem
gmcp_r,prev_mem,100,128,100,1,True,True,True,True,True,True,True,3.33,71,7232,70,memory_ticket_checkpoint,0.865,prev_mem detected by gmcp_r model,MemoryTicket returns trusted last_seq and last_mem
gmcp_r,prev_mem,100,128,100,2,True,True,True,True,True,True,True,3.38,71,7232,70,memory_ticket_checkpoint,0.865,prev_mem detected by gmcp_r model,MemoryTicket returns trusted last_seq and last_mem
gmcp_r,prev_mem,100,128,100,3,True,True,True,True,True,True,True,3.43,71,7232,70,memory_ticket_checkpoint,0.865,prev_mem detected by gmcp_r model,MemoryTicket returns trusted last_seq and last_mem
gmcp_r,prev_mem,100,128,500,1,True,True,True,True,True,True,True,3.33,71,7232,70,memory_ticket_checkpoint,0.893,prev_mem detected by gmcp_r model,MemoryTicket returns trusted last_seq and last_mem
gmcp_r,prev_mem,100,128,500,2,True,True,True,True,True,True,True,3.38,71,7232,70,memory_ticket_checkpoint,0.893,prev_mem detected by gmcp_r model,MemoryTicket returns trusted last_seq and last_mem
gmcp_r,prev_mem,100,128,500,3,True,True,True,True,True,True,True,3.43,71,7232,70,memory_ticket_checkpoint,0.893,prev_mem detected by gmcp_r model,MemoryTicket returns trusted last_seq and last_mem
gmcp_r,prev_mem,100,512,50,1,True,True,True,True,True,True,True,3.13,21,2432,20,memory_ticket_checkpoint,0.88,prev_mem detected by gmcp_r model,MemoryTicket returns trusted last_seq and last_mem
gmcp_r,prev_mem,100,512,50,2,True,True,True,True,True,True,True,3.18,21,2432,20,memory_ticket_checkpoint,0.88,prev_mem detected by gmcp_r model,MemoryTicket returns trusted last_seq and last_mem
gmcp_r,prev_mem,100,512,50,3,True,True,True,True,True,True,True,3.23,21,2432,20,memory_ticket_checkpoint,0.88,prev_mem detected by gmcp_r model,MemoryTicket returns trusted last_seq and last_mem
gmcp_r,prev_mem,100,512,100,1,True,True,True,True,True,True,True,3.33,71,7232,70,memory_ticket_checkpoint,0.865,prev_mem detected by gmcp_r model,MemoryTicket returns trusted last_seq and last_mem
gmcp_r,prev_mem,100,512,100,2,True,True,True,True,True,True,True,3.38,71,7232,70,memory_ticket_checkpoint,0.865,prev_mem detected by gmcp_r model,MemoryTicket returns trusted last_seq and last_mem
gmcp_r,prev_mem,100,512,100,3,True,True,True,True,True,True,True,3.43,71,7232,70,memory_ticket_checkpoint,0.865,prev_mem detected by gmcp_r model,MemoryTicket returns trusted last_seq and last_mem
gmcp_r,prev_mem,100,512,500,1,True,True,True,True,True,True,True,3.33,71,7232,70,memory_ticket_checkpoint,0.893,prev_mem detected by gmcp_r model,MemoryTicket returns trusted last_seq and last_mem
gmcp_r,prev_mem,100,512,500,2,True,True,True,True,True,True,True,3.38,71,7232,70,memory_ticket_checkpoint,0.893,prev_mem detected by gmcp_r model,MemoryTicket returns trusted last_seq and last_mem
gmcp_r,prev_mem,100,512,500,3,True,True,True,True,True,True,True,3.43,71,7232,70,memory_ticket_checkpoint,0.893,prev_mem detected by gmcp_r model,MemoryTicket returns trusted last_seq and last_mem
gmcp_r,prev_mem,500,128,50,1,True,True,True,True,True,True,True,3.05,1,512,0,memory_ticket_checkpoint,0.9,prev_mem detected by gmcp_r model,MemoryTicket returns trusted last_seq and last_mem
gmcp_r,prev_mem,500,128,50,2,True,True,True,True,True,True,True,3.1,1,512,0,memory_ticket_checkpoint,0.9,prev_mem detected by gmcp_r model,MemoryTicket returns trusted last_seq and last_mem
gmcp_r,prev_mem,500,128,50,3,True,True,True,True,True,True,True,3.15,1,512,0,memory_ticket_checkpoint,0.9,prev_mem detected by gmcp_r model,MemoryTicket returns trusted last_seq and last_mem
gmcp_r,prev_mem,500,128,100,1,True,True,True,True,True,True,True,3.25,51,5312,50,memory_ticket_checkpoint,0.875,prev_mem detected by gmcp_r model,MemoryTicket returns trusted last_seq and last_mem
gmcp_r,prev_mem,500,128,100,2,True,True,True,True,True,True,True,3.3,51,5312,50,memory_ticket_checkpoint,0.875,prev_mem detected by gmcp_r model,MemoryTicket returns trusted last_seq and last_mem
gmcp_r,prev_mem,500,128,100,3,True,True,True,True,True,True,True,3.35,51,5312,50,memory_ticket_checkpoint,0.875,prev_mem detected by gmcp_r model,MemoryTicket returns trusted last_seq and last_mem
gmcp_r,prev_mem,500,128,500,1,True,True,True,True,True,True,True,4.45,351,34112,350,memory_ticket_checkpoint,0.865,prev_mem detected by gmcp_r model,MemoryTicket returns trusted last_seq and last_mem
gmcp_r,prev_mem,500,128,500,2,True,True,True,True,True,True,True,4.5,351,34112,350,memory_ticket_checkpoint,0.865,prev_mem detected by gmcp_r model,MemoryTicket returns trusted last_seq and last_mem
gmcp_r,prev_mem,500,128,500,3,True,True,True,True,True,True,True,4.55,351,34112,350,memory_ticket_checkpoint,0.865,prev_mem detected by gmcp_r model,MemoryTicket returns trusted last_seq and last_mem
gmcp_r,prev_mem,500,512,50,1,True,True,True,True,True,True,True,3.05,1,512,0,memory_ticket_checkpoint,0.9,prev_mem detected by gmcp_r model,MemoryTicket returns trusted last_seq and last_mem
gmcp_r,prev_mem,500,512,50,2,True,True,True,True,True,True,True,3.1,1,512,0,memory_ticket_checkpoint,0.9,prev_mem detected by gmcp_r model,MemoryTicket returns trusted last_seq and last_mem
gmcp_r,prev_mem,500,512,50,3,True,True,True,True,True,True,True,3.15,1,512,0,memory_ticket_checkpoint,0.9,prev_mem detected by gmcp_r model,MemoryTicket returns trusted last_seq and last_mem
gmcp_r,prev_mem,500,512,100,1,True,True,True,True,True,True,True,3.25,51,5312,50,memory_ticket_checkpoint,0.875,prev_mem detected by gmcp_r model,MemoryTicket returns trusted last_seq and last_mem
gmcp_r,prev_mem,500,512,100,2,True,True,True,True,True,True,True,3.3,51,5312,50,memory_ticket_checkpoint,0.875,prev_mem detected by gmcp_r model,MemoryTicket returns trusted last_seq and last_mem
gmcp_r,prev_mem,500,512,100,3,True,True,True,True,True,True,True,3.35,51,5312,50,memory_ticket_checkpoint,0.875,prev_mem detected by gmcp_r model,MemoryTicket returns trusted last_seq and last_mem
gmcp_r,prev_mem,500,512,500,1,True,True,True,True,True,True,True,4.45,351,34112,350,memory_ticket_checkpoint,0.865,prev_mem detected by gmcp_r model,MemoryTicket returns trusted last_seq and last_mem
gmcp_r,prev_mem,500,512,500,2,True,True,True,True,True,True,True,4.5,351,34112,350,memory_ticket_checkpoint,0.865,prev_mem detected by gmcp_r model,MemoryTicket returns trusted last_seq and last_mem
gmcp_r,prev_mem,500,512,500,3,True,True,True,True,True,True,True,4.55,351,34112,350,memory_ticket_checkpoint,0.865,prev_mem detected by gmcp_r model,MemoryTicket returns trusted last_seq and last_mem
gmcp_r,prev_mem,1000,128,50,1,True,True,True,True,True,True,True,3.05,1,512,0,memory_ticket_checkpoint,0.9,prev_mem detected by gmcp_r model,MemoryTicket returns trusted last_seq and last_mem
gmcp_r,prev_mem,1000,128,50,2,True,True,True,True,True,True,True,3.1,1,512,0,memory_ticket_checkpoint,0.9,prev_mem detected by gmcp_r model,MemoryTicket returns trusted last_seq and last_mem
gmcp_r,prev_mem,1000,128,50,3,True,True,True,True,True,True,True,3.15,1,512,0,memory_ticket_checkpoint,0.9,prev_mem detected by gmcp_r model,MemoryTicket returns trusted last_seq and last_mem
gmcp_r,prev_mem,1000,128,100,1,True,True,True,True,True,True,True,3.05,1,512,0,memory_ticket_checkpoint,0.9,prev_mem detected by gmcp_r model,MemoryTicket returns trusted last_seq and last_mem
gmcp_r,prev_mem,1000,128,100,2,True,True,True,True,True,True,True,3.1,1,512,0,memory_ticket_checkpoint,0.9,prev_mem detected by gmcp_r model,MemoryTicket returns trusted last_seq and last_mem
gmcp_r,prev_mem,1000,128,100,3,True,True,True,True,True,True,True,3.15,1,512,0,memory_ticket_checkpoint,0.9,prev_mem detected by gmcp_r model,MemoryTicket returns trusted last_seq and last_mem
gmcp_r,prev_mem,1000,128,500,1,True,True,True,True,True,True,True,3.85,201,19712,200,memory_ticket_checkpoint,0.88,prev_mem detected by gmcp_r model,MemoryTicket returns trusted last_seq and last_mem
gmcp_r,prev_mem,1000,128,500,2,True,True,True,True,True,True,True,3.9,201,19712,200,memory_ticket_checkpoint,0.88,prev_mem detected by gmcp_r model,MemoryTicket returns trusted last_seq and last_mem
gmcp_r,prev_mem,1000,128,500,3,True,True,True,True,True,True,True,3.95,201,19712,200,memory_ticket_checkpoint,0.88,prev_mem detected by gmcp_r model,MemoryTicket returns trusted last_seq and last_mem
gmcp_r,prev_mem,1000,512,50,1,True,True,True,True,True,True,True,3.05,1,512,0,memory_ticket_checkpoint,0.9,prev_mem detected by gmcp_r model,MemoryTicket returns trusted last_seq and last_mem
gmcp_r,prev_mem,1000,512,50,2,True,True,True,True,True,True,True,3.1,1,512,0,memory_ticket_checkpoint,0.9,prev_mem detected by gmcp_r model,MemoryTicket returns trusted last_seq and last_mem
gmcp_r,prev_mem,1000,512,50,3,True,True,True,True,True,True,True,3.15,1,512,0,memory_ticket_checkpoint,0.9,prev_mem detected by gmcp_r model,MemoryTicket returns trusted last_seq and last_mem
gmcp_r,prev_mem,1000,512,100,1,True,True,True,True,True,True,True,3.05,1,512,0,memory_ticket_checkpoint,0.9,prev_mem detected by gmcp_r model,MemoryTicket returns trusted last_seq and last_mem
gmcp_r,prev_mem,1000,512,100,2,True,True,True,True,True,True,True,3.1,1,512,0,memory_ticket_checkpoint,0.9,prev_mem detected by gmcp_r model,MemoryTicket returns trusted last_seq and last_mem
gmcp_r,prev_mem,1000,512,100,3,True,True,True,True,True,True,True,3.15,1,512,0,memory_ticket_checkpoint,0.9,prev_mem detected by gmcp_r model,MemoryTicket returns trusted last_seq and last_mem
gmcp_r,prev_mem,1000,512,500,1,True,True,True,True,True,True,True,3.85,201,19712,200,memory_ticket_checkpoint,0.88,prev_mem detected by gmcp_r model,MemoryTicket returns trusted last_seq and last_mem
gmcp_r,prev_mem,1000,512,500,2,True,True,True,True,True,True,True,3.9,201,19712,200,memory_ticket_checkpoint,0.88,prev_mem detected by gmcp_r model,MemoryTicket returns trusted last_seq and last_mem
gmcp_r,prev_mem,1000,512,500,3,True,True,True,True,True,True,True,3.95,201,19712,200,memory_ticket_checkpoint,0.88,prev_mem detected by gmcp_r model,MemoryTicket returns trusted last_seq and last_mem
gmcp_r,prev_mem,5000,128,50,1,True,True,True,True,True,True,True,3.05,1,512,0,memory_ticket_checkpoint,0.9,prev_mem detected by gmcp_r model,MemoryTicket returns trusted last_seq and last_mem
gmcp_r,prev_mem,5000,128,50,2,True,True,True,True,True,True,True,3.1,1,512,0,memory_ticket_checkpoint,0.9,prev_mem detected by gmcp_r model,MemoryTicket returns trusted last_seq and last_mem
gmcp_r,prev_mem,5000,128,50,3,True,True,True,True,True,True,True,3.15,1,512,0,memory_ticket_checkpoint,0.9,prev_mem detected by gmcp_r model,MemoryTicket returns trusted last_seq and last_mem
gmcp_r,prev_mem,5000,128,100,1,True,True,True,True,True,True,True,3.05,1,512,0,memory_ticket_checkpoint,0.9,prev_mem detected by gmcp_r model,MemoryTicket returns trusted last_seq and last_mem
gmcp_r,prev_mem,5000,128,100,2,True,True,True,True,True,True,True,3.1,1,512,0,memory_ticket_checkpoint,0.9,prev_mem detected by gmcp_r model,MemoryTicket returns trusted last_seq and last_mem
gmcp_r,prev_mem,5000,128,100,3,True,True,True,True,True,True,True,3.15,1,512,0,memory_ticket_checkpoint,0.9,prev_mem detected by gmcp_r model,MemoryTicket returns trusted last_seq and last_mem
gmcp_r,prev_mem,5000,128,500,1,True,True,True,True,True,True,True,3.05,1,512,0,memory_ticket_checkpoint,0.9,prev_mem detected by gmcp_r model,MemoryTicket returns trusted last_seq and last_mem
gmcp_r,prev_mem,5000,128,500,2,True,True,True,True,True,True,True,3.1,1,512,0,memory_ticket_checkpoint,0.9,prev_mem detected by gmcp_r model,MemoryTicket returns trusted last_seq and last_mem
gmcp_r,prev_mem,5000,128,500,3,True,True,True,True,True,True,True,3.15,1,512,0,memory_ticket_checkpoint,0.9,prev_mem detected by gmcp_r model,MemoryTicket returns trusted last_seq and last_mem
gmcp_r,prev_mem,5000,512,50,1,True,True,True,True,True,True,True,3.05,1,512,0,memory_ticket_checkpoint,0.9,prev_mem detected by gmcp_r model,MemoryTicket returns trusted last_seq and last_mem
gmcp_r,prev_mem,5000,512,50,2,True,True,True,True,True,True,True,3.1,1,512,0,memory_ticket_checkpoint,0.9,prev_mem detected by gmcp_r model,MemoryTicket returns trusted last_seq and last_mem
gmcp_r,prev_mem,5000,512,50,3,True,True,True,True,True,True,True,3.15,1,512,0,memory_ticket_checkpoint,0.9,prev_mem detected by gmcp_r model,MemoryTicket returns trusted last_seq and last_mem
gmcp_r,prev_mem,5000,512,100,1,True,True,True,True,True,True,True,3.05,1,512,0,memory_ticket_checkpoint,0.9,prev_mem detected by gmcp_r model,MemoryTicket returns trusted last_seq and last_mem
gmcp_r,prev_mem,5000,512,100,2,True,True,True,True,True,True,True,3.1,1,512,0,memory_ticket_checkpoint,0.9,prev_mem detected by gmcp_r model,MemoryTicket returns trusted last_seq and last_mem
gmcp_r,prev_mem,5000,512,100,3,True,True,True,True,True,True,True,3.15,1,512,0,memory_ticket_checkpoint,0.9,prev_mem detected by gmcp_r model,MemoryTicket returns trusted last_seq and last_mem
gmcp_r,prev_mem,5000,512,500,1,True,True,True,True,True,True,True,3.05,1,512,0,memory_ticket_checkpoint,0.9,prev_mem detected by gmcp_r model,MemoryTicket returns trusted last_seq and last_mem
gmcp_r,prev_mem,5000,512,500,2,True,True,True,True,True,True,True,3.1,1,512,0,memory_ticket_checkpoint,0.9,prev_mem detected by gmcp_r model,MemoryTicket returns trusted last_seq and last_mem
gmcp_r,prev_mem,5000,512,500,3,True,True,True,True,True,True,True,3.15,1,512,0,memory_ticket_checkpoint,0.9,prev_mem detected by gmcp_r model,MemoryTicket returns trusted last_seq and last_mem
gmcp_r,rollback_ticket,100,128,50,1,True,True,True,True,True,True,True,3.13,21,2432,20,memory_ticket_checkpoint,0.88,rollback_ticket detected by gmcp_r model,MemoryTicket returns trusted last_seq and last_mem
gmcp_r,rollback_ticket,100,128,50,2,True,True,True,True,True,True,True,3.18,21,2432,20,memory_ticket_checkpoint,0.88,rollback_ticket detected by gmcp_r model,MemoryTicket returns trusted last_seq and last_mem
gmcp_r,rollback_ticket,100,128,50,3,True,True,True,True,True,True,True,3.23,21,2432,20,memory_ticket_checkpoint,0.88,rollback_ticket detected by gmcp_r model,MemoryTicket returns trusted last_seq and last_mem
gmcp_r,rollback_ticket,100,128,100,1,True,True,True,True,True,True,True,3.33,71,7232,70,memory_ticket_checkpoint,0.865,rollback_ticket detected by gmcp_r model,MemoryTicket returns trusted last_seq and last_mem
gmcp_r,rollback_ticket,100,128,100,2,True,True,True,True,True,True,True,3.38,71,7232,70,memory_ticket_checkpoint,0.865,rollback_ticket detected by gmcp_r model,MemoryTicket returns trusted last_seq and last_mem
gmcp_r,rollback_ticket,100,128,100,3,True,True,True,True,True,True,True,3.43,71,7232,70,memory_ticket_checkpoint,0.865,rollback_ticket detected by gmcp_r model,MemoryTicket returns trusted last_seq and last_mem
gmcp_r,rollback_ticket,100,128,500,1,True,True,True,True,True,True,True,3.33,71,7232,70,memory_ticket_checkpoint,0.893,rollback_ticket detected by gmcp_r model,MemoryTicket returns trusted last_seq and last_mem
gmcp_r,rollback_ticket,100,128,500,2,True,True,True,True,True,True,True,3.38,71,7232,70,memory_ticket_checkpoint,0.893,rollback_ticket detected by gmcp_r model,MemoryTicket returns trusted last_seq and last_mem
gmcp_r,rollback_ticket,100,128,500,3,True,True,True,True,True,True,True,3.43,71,7232,70,memory_ticket_checkpoint,0.893,rollback_ticket detected by gmcp_r model,MemoryTicket returns trusted last_seq and last_mem
gmcp_r,rollback_ticket,100,512,50,1,True,True,True,True,True,True,True,3.13,21,2432,20,memory_ticket_checkpoint,0.88,rollback_ticket detected by gmcp_r model,MemoryTicket returns trusted last_seq and last_mem
gmcp_r,rollback_ticket,100,512,50,2,True,True,True,True,True,True,True,3.18,21,2432,20,memory_ticket_checkpoint,0.88,rollback_ticket detected by gmcp_r model,MemoryTicket returns trusted last_seq and last_mem
gmcp_r,rollback_ticket,100,512,50,3,True,True,True,True,True,True,True,3.23,21,2432,20,memory_ticket_checkpoint,0.88,rollback_ticket detected by gmcp_r model,MemoryTicket returns trusted last_seq and last_mem
gmcp_r,rollback_ticket,100,512,100,1,True,True,True,True,True,True,True,3.33,71,7232,70,memory_ticket_checkpoint,0.865,rollback_ticket detected by gmcp_r model,MemoryTicket returns trusted last_seq and last_mem
gmcp_r,rollback_ticket,100,512,100,2,True,True,True,True,True,True,True,3.38,71,7232,70,memory_ticket_checkpoint,0.865,rollback_ticket detected by gmcp_r model,MemoryTicket returns trusted last_seq and last_mem
gmcp_r,rollback_ticket,100,512,100,3,True,True,True,True,True,True,True,3.43,71,7232,70,memory_ticket_checkpoint,0.865,rollback_ticket detected by gmcp_r model,MemoryTicket returns trusted last_seq and last_mem
gmcp_r,rollback_ticket,100,512,500,1,True,True,True,True,True,True,True,3.33,71,7232,70,memory_ticket_checkpoint,0.893,rollback_ticket detected by gmcp_r model,MemoryTicket returns trusted last_seq and last_mem
gmcp_r,rollback_ticket,100,512,500,2,True,True,True,True,True,True,True,3.38,71,7232,70,memory_ticket_checkpoint,0.893,rollback_ticket detected by gmcp_r model,MemoryTicket returns trusted last_seq and last_mem
gmcp_r,rollback_ticket,100,512,500,3,True,True,True,True,True,True,True,3.43,71,7232,70,memory_ticket_checkpoint,0.893,rollback_ticket detected by gmcp_r model,MemoryTicket returns trusted last_seq and last_mem
gmcp_r,rollback_ticket,500,128,50,1,True,True,True,True,True,True,True,3.05,1,512,0,memory_ticket_checkpoint,0.9,rollback_ticket detected by gmcp_r model,MemoryTicket returns trusted last_seq and last_mem
gmcp_r,rollback_ticket,500,128,50,2,True,True,True,True,True,True,True,3.1,1,512,0,memory_ticket_checkpoint,0.9,rollback_ticket detected by gmcp_r model,MemoryTicket returns trusted last_seq and last_mem
gmcp_r,rollback_ticket,500,128,50,3,True,True,True,True,True,True,True,3.15,1,512,0,memory_ticket_checkpoint,0.9,rollback_ticket detected by gmcp_r model,MemoryTicket returns trusted last_seq and last_mem
gmcp_r,rollback_ticket,500,128,100,1,True,True,True,True,True,True,True,3.25,51,5312,50,memory_ticket_checkpoint,0.875,rollback_ticket detected by gmcp_r model,MemoryTicket returns trusted last_seq and last_mem
gmcp_r,rollback_ticket,500,128,100,2,True,True,True,True,True,True,True,3.3,51,5312,50,memory_ticket_checkpoint,0.875,rollback_ticket detected by gmcp_r model,MemoryTicket returns trusted last_seq and last_mem
gmcp_r,rollback_ticket,500,128,100,3,True,True,True,True,True,True,True,3.35,51,5312,50,memory_ticket_checkpoint,0.875,rollback_ticket detected by gmcp_r model,MemoryTicket returns trusted last_seq and last_mem
gmcp_r,rollback_ticket,500,128,500,1,True,True,True,True,True,True,True,4.45,351,34112,350,memory_ticket_checkpoint,0.865,rollback_ticket detected by gmcp_r model,MemoryTicket returns trusted last_seq and last_mem
gmcp_r,rollback_ticket,500,128,500,2,True,True,True,True,True,True,True,4.5,351,34112,350,memory_ticket_checkpoint,0.865,rollback_ticket detected by gmcp_r model,MemoryTicket returns trusted last_seq and last_mem
gmcp_r,rollback_ticket,500,128,500,3,True,True,True,True,True,True,True,4.55,351,34112,350,memory_ticket_checkpoint,0.865,rollback_ticket detected by gmcp_r model,MemoryTicket returns trusted last_seq and last_mem
gmcp_r,rollback_ticket,500,512,50,1,True,True,True,True,True,True,True,3.05,1,512,0,memory_ticket_checkpoint,0.9,rollback_ticket detected by gmcp_r model,MemoryTicket returns trusted last_seq and last_mem
gmcp_r,rollback_ticket,500,512,50,2,True,True,True,True,True,True,True,3.1,1,512,0,memory_ticket_checkpoint,0.9,rollback_ticket detected by gmcp_r model,MemoryTicket returns trusted last_seq and last_mem
gmcp_r,rollback_ticket,500,512,50,3,True,True,True,True,True,True,True,3.15,1,512,0,memory_ticket_checkpoint,0.9,rollback_ticket detected by gmcp_r model,MemoryTicket returns trusted last_seq and last_mem
gmcp_r,rollback_ticket,500,512,100,1,True,True,True,True,True,True,True,3.25,51,5312,50,memory_ticket_checkpoint,0.875,rollback_ticket detected by gmcp_r model,MemoryTicket returns trusted last_seq and last_mem
gmcp_r,rollback_ticket,500,512,100,2,True,True,True,True,True,True,True,3.3,51,5312,50,memory_ticket_checkpoint,0.875,rollback_ticket detected by gmcp_r model,MemoryTicket returns trusted last_seq and last_mem
gmcp_r,rollback_ticket,500,512,100,3,True,True,True,True,True,True,True,3.35,51,5312,50,memory_ticket_checkpoint,0.875,rollback_ticket detected by gmcp_r model,MemoryTicket returns trusted last_seq and last_mem
gmcp_r,rollback_ticket,500,512,500,1,True,True,True,True,True,True,True,4.45,351,34112,350,memory_ticket_checkpoint,0.865,rollback_ticket detected by gmcp_r model,MemoryTicket returns trusted last_seq and last_mem
gmcp_r,rollback_ticket,500,512,500,2,True,True,True,True,True,True,True,4.5,351,34112,350,memory_ticket_checkpoint,0.865,rollback_ticket detected by gmcp_r model,MemoryTicket returns trusted last_seq and last_mem
gmcp_r,rollback_ticket,500,512,500,3,True,True,True,True,True,True,True,4.55,351,34112,350,memory_ticket_checkpoint,0.865,rollback_ticket detected by gmcp_r model,MemoryTicket returns trusted last_seq and last_mem
gmcp_r,rollback_ticket,1000,128,50,1,True,True,True,True,True,True,True,3.05,1,512,0,memory_ticket_checkpoint,0.9,rollback_ticket detected by gmcp_r model,MemoryTicket returns trusted last_seq and last_mem
gmcp_r,rollback_ticket,1000,128,50,2,True,True,True,True,True,True,True,3.1,1,512,0,memory_ticket_checkpoint,0.9,rollback_ticket detected by gmcp_r model,MemoryTicket returns trusted last_seq and last_mem
gmcp_r,rollback_ticket,1000,128,50,3,True,True,True,True,True,True,True,3.15,1,512,0,memory_ticket_checkpoint,0.9,rollback_ticket detected by gmcp_r model,MemoryTicket returns trusted last_seq and last_mem
gmcp_r,rollback_ticket,1000,128,100,1,True,True,True,True,True,True,True,3.05,1,512,0,memory_ticket_checkpoint,0.9,rollback_ticket detected by gmcp_r model,MemoryTicket returns trusted last_seq and last_mem
gmcp_r,rollback_ticket,1000,128,100,2,True,True,True,True,True,True,True,3.1,1,512,0,memory_ticket_checkpoint,0.9,rollback_ticket detected by gmcp_r model,MemoryTicket returns trusted last_seq and last_mem
gmcp_r,rollback_ticket,1000,128,100,3,True,True,True,True,True,True,True,3.15,1,512,0,memory_ticket_checkpoint,0.9,rollback_ticket detected by gmcp_r model,MemoryTicket returns trusted last_seq and last_mem
gmcp_r,rollback_ticket,1000,128,500,1,True,True,True,True,True,True,True,3.85,201,19712,200,memory_ticket_checkpoint,0.88,rollback_ticket detected by gmcp_r model,MemoryTicket returns trusted last_seq and last_mem
gmcp_r,rollback_ticket,1000,128,500,2,True,True,True,True,True,True,True,3.9,201,19712,200,memory_ticket_checkpoint,0.88,rollback_ticket detected by gmcp_r model,MemoryTicket returns trusted last_seq and last_mem
gmcp_r,rollback_ticket,1000,128,500,3,True,True,True,True,True,True,True,3.95,201,19712,200,memory_ticket_checkpoint,0.88,rollback_ticket detected by gmcp_r model,MemoryTicket returns trusted last_seq and last_mem
gmcp_r,rollback_ticket,1000,512,50,1,True,True,True,True,True,True,True,3.05,1,512,0,memory_ticket_checkpoint,0.9,rollback_ticket detected by gmcp_r model,MemoryTicket returns trusted last_seq and last_mem
gmcp_r,rollback_ticket,1000,512,50,2,True,True,True,True,True,True,True,3.1,1,512,0,memory_ticket_checkpoint,0.9,rollback_ticket detected by gmcp_r model,MemoryTicket returns trusted last_seq and last_mem
gmcp_r,rollback_ticket,1000,512,50,3,True,True,True,True,True,True,True,3.15,1,512,0,memory_ticket_checkpoint,0.9,rollback_ticket detected by gmcp_r model,MemoryTicket returns trusted last_seq and last_mem
gmcp_r,rollback_ticket,1000,512,100,1,True,True,True,True,True,True,True,3.05,1,512,0,memory_ticket_checkpoint,0.9,rollback_ticket detected by gmcp_r model,MemoryTicket returns trusted last_seq and last_mem
gmcp_r,rollback_ticket,1000,512,100,2,True,True,True,True,True,True,True,3.1,1,512,0,memory_ticket_checkpoint,0.9,rollback_ticket detected by gmcp_r model,MemoryTicket returns trusted last_seq and last_mem
gmcp_r,rollback_ticket,1000,512,100,3,True,True,True,True,True,True,True,3.15,1,512,0,memory_ticket_checkpoint,0.9,rollback_ticket detected by gmcp_r model,MemoryTicket returns trusted last_seq and last_mem
gmcp_r,rollback_ticket,1000,512,500,1,True,True,True,True,True,True,True,3.85,201,19712,200,memory_ticket_checkpoint,0.88,rollback_ticket detected by gmcp_r model,MemoryTicket returns trusted last_seq and last_mem
gmcp_r,rollback_ticket,1000,512,500,2,True,True,True,True,True,True,True,3.9,201,19712,200,memory_ticket_checkpoint,0.88,rollback_ticket detected by gmcp_r model,MemoryTicket returns trusted last_seq and last_mem
gmcp_r,rollback_ticket,1000,512,500,3,True,True,True,True,True,True,True,3.95,201,19712,200,memory_ticket_checkpoint,0.88,rollback_ticket detected by gmcp_r model,MemoryTicket returns trusted last_seq and last_mem
gmcp_r,rollback_ticket,5000,128,50,1,True,True,True,True,True,True,True,3.05,1,512,0,memory_ticket_checkpoint,0.9,rollback_ticket detected by gmcp_r model,MemoryTicket returns trusted last_seq and last_mem
gmcp_r,rollback_ticket,5000,128,50,2,True,True,True,True,True,True,True,3.1,1,512,0,memory_ticket_checkpoint,0.9,rollback_ticket detected by gmcp_r model,MemoryTicket returns trusted last_seq and last_mem
gmcp_r,rollback_ticket,5000,128,50,3,True,True,True,True,True,True,True,3.15,1,512,0,memory_ticket_checkpoint,0.9,rollback_ticket detected by gmcp_r model,MemoryTicket returns trusted last_seq and last_mem
gmcp_r,rollback_ticket,5000,128,100,1,True,True,True,True,True,True,True,3.05,1,512,0,memory_ticket_checkpoint,0.9,rollback_ticket detected by gmcp_r model,MemoryTicket returns trusted last_seq and last_mem
gmcp_r,rollback_ticket,5000,128,100,2,True,True,True,True,True,True,True,3.1,1,512,0,memory_ticket_checkpoint,0.9,rollback_ticket detected by gmcp_r model,MemoryTicket returns trusted last_seq and last_mem
gmcp_r,rollback_ticket,5000,128,100,3,True,True,True,True,True,True,True,3.15,1,512,0,memory_ticket_checkpoint,0.9,rollback_ticket detected by gmcp_r model,MemoryTicket returns trusted last_seq and last_mem
gmcp_r,rollback_ticket,5000,128,500,1,True,True,True,True,True,True,True,3.05,1,512,0,memory_ticket_checkpoint,0.9,rollback_ticket detected by gmcp_r model,MemoryTicket returns trusted last_seq and last_mem
gmcp_r,rollback_ticket,5000,128,500,2,True,True,True,True,True,True,True,3.1,1,512,0,memory_ticket_checkpoint,0.9,rollback_ticket detected by gmcp_r model,MemoryTicket returns trusted last_seq and last_mem
gmcp_r,rollback_ticket,5000,128,500,3,True,True,True,True,True,True,True,3.15,1,512,0,memory_ticket_checkpoint,0.9,rollback_ticket detected by gmcp_r model,MemoryTicket returns trusted last_seq and last_mem
gmcp_r,rollback_ticket,5000,512,50,1,True,True,True,True,True,True,True,3.05,1,512,0,memory_ticket_checkpoint,0.9,rollback_ticket detected by gmcp_r model,MemoryTicket returns trusted last_seq and last_mem
gmcp_r,rollback_ticket,5000,512,50,2,True,True,True,True,True,True,True,3.1,1,512,0,memory_ticket_checkpoint,0.9,rollback_ticket detected by gmcp_r model,MemoryTicket returns trusted last_seq and last_mem
gmcp_r,rollback_ticket,5000,512,50,3,True,True,True,True,True,True,True,3.15,1,512,0,memory_ticket_checkpoint,0.9,rollback_ticket detected by gmcp_r model,MemoryTicket returns trusted last_seq and last_mem
gmcp_r,rollback_ticket,5000,512,100,1,True,True,True,True,True,True,True,3.05,1,512,0,memory_ticket_checkpoint,0.9,rollback_ticket detected by gmcp_r model,MemoryTicket returns trusted last_seq and last_mem
gmcp_r,rollback_ticket,5000,512,100,2,True,True,True,True,True,True,True,3.1,1,512,0,memory_ticket_checkpoint,0.9,rollback_ticket detected by gmcp_r model,MemoryTicket returns trusted last_seq and last_mem
gmcp_r,rollback_ticket,5000,512,100,3,True,True,True,True,True,True,True,3.15,1,512,0,memory_ticket_checkpoint,0.9,rollback_ticket detected by gmcp_r model,MemoryTicket returns trusted last_seq and last_mem
gmcp_r,rollback_ticket,5000,512,500,1,True,True,True,True,True,True,True,3.05,1,512,0,memory_ticket_checkpoint,0.9,rollback_ticket detected by gmcp_r model,MemoryTicket returns trusted last_seq and last_mem
gmcp_r,rollback_ticket,5000,512,500,2,True,True,True,True,True,True,True,3.1,1,512,0,memory_ticket_checkpoint,0.9,rollback_ticket detected by gmcp_r model,MemoryTicket returns trusted last_seq and last_mem
gmcp_r,rollback_ticket,5000,512,500,3,True,True,True,True,True,True,True,3.15,1,512,0,memory_ticket_checkpoint,0.9,rollback_ticket detected by gmcp_r model,MemoryTicket returns trusted last_seq and last_mem
gmcp_r,disconnect,100,128,50,1,True,True,True,True,True,True,True,3.13,21,2432,20,memory_ticket_checkpoint,0.88,disconnect detected by gmcp_r model,MemoryTicket returns trusted last_seq and last_mem
gmcp_r,disconnect,100,128,50,2,True,True,True,True,True,True,True,3.18,21,2432,20,memory_ticket_checkpoint,0.88,disconnect detected by gmcp_r model,MemoryTicket returns trusted last_seq and last_mem
gmcp_r,disconnect,100,128,50,3,True,True,True,True,True,True,True,3.23,21,2432,20,memory_ticket_checkpoint,0.88,disconnect detected by gmcp_r model,MemoryTicket returns trusted last_seq and last_mem
gmcp_r,disconnect,100,128,100,1,True,True,True,True,True,True,True,3.33,71,7232,70,memory_ticket_checkpoint,0.865,disconnect detected by gmcp_r model,MemoryTicket returns trusted last_seq and last_mem
gmcp_r,disconnect,100,128,100,2,True,True,True,True,True,True,True,3.38,71,7232,70,memory_ticket_checkpoint,0.865,disconnect detected by gmcp_r model,MemoryTicket returns trusted last_seq and last_mem
gmcp_r,disconnect,100,128,100,3,True,True,True,True,True,True,True,3.43,71,7232,70,memory_ticket_checkpoint,0.865,disconnect detected by gmcp_r model,MemoryTicket returns trusted last_seq and last_mem
gmcp_r,disconnect,100,128,500,1,True,True,True,True,True,True,True,3.33,71,7232,70,memory_ticket_checkpoint,0.893,disconnect detected by gmcp_r model,MemoryTicket returns trusted last_seq and last_mem
gmcp_r,disconnect,100,128,500,2,True,True,True,True,True,True,True,3.38,71,7232,70,memory_ticket_checkpoint,0.893,disconnect detected by gmcp_r model,MemoryTicket returns trusted last_seq and last_mem
gmcp_r,disconnect,100,128,500,3,True,True,True,True,True,True,True,3.43,71,7232,70,memory_ticket_checkpoint,0.893,disconnect detected by gmcp_r model,MemoryTicket returns trusted last_seq and last_mem
gmcp_r,disconnect,100,512,50,1,True,True,True,True,True,True,True,3.13,21,2432,20,memory_ticket_checkpoint,0.88,disconnect detected by gmcp_r model,MemoryTicket returns trusted last_seq and last_mem
gmcp_r,disconnect,100,512,50,2,True,True,True,True,True,True,True,3.18,21,2432,20,memory_ticket_checkpoint,0.88,disconnect detected by gmcp_r model,MemoryTicket returns trusted last_seq and last_mem
gmcp_r,disconnect,100,512,50,3,True,True,True,True,True,True,True,3.23,21,2432,20,memory_ticket_checkpoint,0.88,disconnect detected by gmcp_r model,MemoryTicket returns trusted last_seq and last_mem
gmcp_r,disconnect,100,512,100,1,True,True,True,True,True,True,True,3.33,71,7232,70,memory_ticket_checkpoint,0.865,disconnect detected by gmcp_r model,MemoryTicket returns trusted last_seq and last_mem
gmcp_r,disconnect,100,512,100,2,True,True,True,True,True,True,True,3.38,71,7232,70,memory_ticket_checkpoint,0.865,disconnect detected by gmcp_r model,MemoryTicket returns trusted last_seq and last_mem
gmcp_r,disconnect,100,512,100,3,True,True,True,True,True,True,True,3.43,71,7232,70,memory_ticket_checkpoint,0.865,disconnect detected by gmcp_r model,MemoryTicket returns trusted last_seq and last_mem
gmcp_r,disconnect,100,512,500,1,True,True,True,True,True,True,True,3.33,71,7232,70,memory_ticket_checkpoint,0.893,disconnect detected by gmcp_r model,MemoryTicket returns trusted last_seq and last_mem
gmcp_r,disconnect,100,512,500,2,True,True,True,True,True,True,True,3.38,71,7232,70,memory_ticket_checkpoint,0.893,disconnect detected by gmcp_r model,MemoryTicket returns trusted last_seq and last_mem
gmcp_r,disconnect,100,512,500,3,True,True,True,True,True,True,True,3.43,71,7232,70,memory_ticket_checkpoint,0.893,disconnect detected by gmcp_r model,MemoryTicket returns trusted last_seq and last_mem
gmcp_r,disconnect,500,128,50,1,True,True,True,True,True,True,True,3.05,1,512,0,memory_ticket_checkpoint,0.9,disconnect detected by gmcp_r model,MemoryTicket returns trusted last_seq and last_mem
gmcp_r,disconnect,500,128,50,2,True,True,True,True,True,True,True,3.1,1,512,0,memory_ticket_checkpoint,0.9,disconnect detected by gmcp_r model,MemoryTicket returns trusted last_seq and last_mem
gmcp_r,disconnect,500,128,50,3,True,True,True,True,True,True,True,3.15,1,512,0,memory_ticket_checkpoint,0.9,disconnect detected by gmcp_r model,MemoryTicket returns trusted last_seq and last_mem
gmcp_r,disconnect,500,128,100,1,True,True,True,True,True,True,True,3.25,51,5312,50,memory_ticket_checkpoint,0.875,disconnect detected by gmcp_r model,MemoryTicket returns trusted last_seq and last_mem
gmcp_r,disconnect,500,128,100,2,True,True,True,True,True,True,True,3.3,51,5312,50,memory_ticket_checkpoint,0.875,disconnect detected by gmcp_r model,MemoryTicket returns trusted last_seq and last_mem
gmcp_r,disconnect,500,128,100,3,True,True,True,True,True,True,True,3.35,51,5312,50,memory_ticket_checkpoint,0.875,disconnect detected by gmcp_r model,MemoryTicket returns trusted last_seq and last_mem
gmcp_r,disconnect,500,128,500,1,True,True,True,True,True,True,True,4.45,351,34112,350,memory_ticket_checkpoint,0.865,disconnect detected by gmcp_r model,MemoryTicket returns trusted last_seq and last_mem
gmcp_r,disconnect,500,128,500,2,True,True,True,True,True,True,True,4.5,351,34112,350,memory_ticket_checkpoint,0.865,disconnect detected by gmcp_r model,MemoryTicket returns trusted last_seq and last_mem
gmcp_r,disconnect,500,128,500,3,True,True,True,True,True,True,True,4.55,351,34112,350,memory_ticket_checkpoint,0.865,disconnect detected by gmcp_r model,MemoryTicket returns trusted last_seq and last_mem
gmcp_r,disconnect,500,512,50,1,True,True,True,True,True,True,True,3.05,1,512,0,memory_ticket_checkpoint,0.9,disconnect detected by gmcp_r model,MemoryTicket returns trusted last_seq and last_mem
gmcp_r,disconnect,500,512,50,2,True,True,True,True,True,True,True,3.1,1,512,0,memory_ticket_checkpoint,0.9,disconnect detected by gmcp_r model,MemoryTicket returns trusted last_seq and last_mem
gmcp_r,disconnect,500,512,50,3,True,True,True,True,True,True,True,3.15,1,512,0,memory_ticket_checkpoint,0.9,disconnect detected by gmcp_r model,MemoryTicket returns trusted last_seq and last_mem
gmcp_r,disconnect,500,512,100,1,True,True,True,True,True,True,True,3.25,51,5312,50,memory_ticket_checkpoint,0.875,disconnect detected by gmcp_r model,MemoryTicket returns trusted last_seq and last_mem
gmcp_r,disconnect,500,512,100,2,True,True,True,True,True,True,True,3.3,51,5312,50,memory_ticket_checkpoint,0.875,disconnect detected by gmcp_r model,MemoryTicket returns trusted last_seq and last_mem
gmcp_r,disconnect,500,512,100,3,True,True,True,True,True,True,True,3.35,51,5312,50,memory_ticket_checkpoint,0.875,disconnect detected by gmcp_r model,MemoryTicket returns trusted last_seq and last_mem
gmcp_r,disconnect,500,512,500,1,True,True,True,True,True,True,True,4.45,351,34112,350,memory_ticket_checkpoint,0.865,disconnect detected by gmcp_r model,MemoryTicket returns trusted last_seq and last_mem
gmcp_r,disconnect,500,512,500,2,True,True,True,True,True,True,True,4.5,351,34112,350,memory_ticket_checkpoint,0.865,disconnect detected by gmcp_r model,MemoryTicket returns trusted last_seq and last_mem
gmcp_r,disconnect,500,512,500,3,True,True,True,True,True,True,True,4.55,351,34112,350,memory_ticket_checkpoint,0.865,disconnect detected by gmcp_r model,MemoryTicket returns trusted last_seq and last_mem
gmcp_r,disconnect,1000,128,50,1,True,True,True,True,True,True,True,3.05,1,512,0,memory_ticket_checkpoint,0.9,disconnect detected by gmcp_r model,MemoryTicket returns trusted last_seq and last_mem
gmcp_r,disconnect,1000,128,50,2,True,True,True,True,True,True,True,3.1,1,512,0,memory_ticket_checkpoint,0.9,disconnect detected by gmcp_r model,MemoryTicket returns trusted last_seq and last_mem
gmcp_r,disconnect,1000,128,50,3,True,True,True,True,True,True,True,3.15,1,512,0,memory_ticket_checkpoint,0.9,disconnect detected by gmcp_r model,MemoryTicket returns trusted last_seq and last_mem
gmcp_r,disconnect,1000,128,100,1,True,True,True,True,True,True,True,3.05,1,512,0,memory_ticket_checkpoint,0.9,disconnect detected by gmcp_r model,MemoryTicket returns trusted last_seq and last_mem
gmcp_r,disconnect,1000,128,100,2,True,True,True,True,True,True,True,3.1,1,512,0,memory_ticket_checkpoint,0.9,disconnect detected by gmcp_r model,MemoryTicket returns trusted last_seq and last_mem
gmcp_r,disconnect,1000,128,100,3,True,True,True,True,True,True,True,3.15,1,512,0,memory_ticket_checkpoint,0.9,disconnect detected by gmcp_r model,MemoryTicket returns trusted last_seq and last_mem
gmcp_r,disconnect,1000,128,500,1,True,True,True,True,True,True,True,3.85,201,19712,200,memory_ticket_checkpoint,0.88,disconnect detected by gmcp_r model,MemoryTicket returns trusted last_seq and last_mem
gmcp_r,disconnect,1000,128,500,2,True,True,True,True,True,True,True,3.9,201,19712,200,memory_ticket_checkpoint,0.88,disconnect detected by gmcp_r model,MemoryTicket returns trusted last_seq and last_mem
gmcp_r,disconnect,1000,128,500,3,True,True,True,True,True,True,True,3.95,201,19712,200,memory_ticket_checkpoint,0.88,disconnect detected by gmcp_r model,MemoryTicket returns trusted last_seq and last_mem
gmcp_r,disconnect,1000,512,50,1,True,True,True,True,True,True,True,3.05,1,512,0,memory_ticket_checkpoint,0.9,disconnect detected by gmcp_r model,MemoryTicket returns trusted last_seq and last_mem
gmcp_r,disconnect,1000,512,50,2,True,True,True,True,True,True,True,3.1,1,512,0,memory_ticket_checkpoint,0.9,disconnect detected by gmcp_r model,MemoryTicket returns trusted last_seq and last_mem
gmcp_r,disconnect,1000,512,50,3,True,True,True,True,True,True,True,3.15,1,512,0,memory_ticket_checkpoint,0.9,disconnect detected by gmcp_r model,MemoryTicket returns trusted last_seq and last_mem
gmcp_r,disconnect,1000,512,100,1,True,True,True,True,True,True,True,3.05,1,512,0,memory_ticket_checkpoint,0.9,disconnect detected by gmcp_r model,MemoryTicket returns trusted last_seq and last_mem
gmcp_r,disconnect,1000,512,100,2,True,True,True,True,True,True,True,3.1,1,512,0,memory_ticket_checkpoint,0.9,disconnect detected by gmcp_r model,MemoryTicket returns trusted last_seq and last_mem
gmcp_r,disconnect,1000,512,100,3,True,True,True,True,True,True,True,3.15,1,512,0,memory_ticket_checkpoint,0.9,disconnect detected by gmcp_r model,MemoryTicket returns trusted last_seq and last_mem
gmcp_r,disconnect,1000,512,500,1,True,True,True,True,True,True,True,3.85,201,19712,200,memory_ticket_checkpoint,0.88,disconnect detected by gmcp_r model,MemoryTicket returns trusted last_seq and last_mem
gmcp_r,disconnect,1000,512,500,2,True,True,True,True,True,True,True,3.9,201,19712,200,memory_ticket_checkpoint,0.88,disconnect detected by gmcp_r model,MemoryTicket returns trusted last_seq and last_mem
gmcp_r,disconnect,1000,512,500,3,True,True,True,True,True,True,True,3.95,201,19712,200,memory_ticket_checkpoint,0.88,disconnect detected by gmcp_r model,MemoryTicket returns trusted last_seq and last_mem
gmcp_r,disconnect,5000,128,50,1,True,True,True,True,True,True,True,3.05,1,512,0,memory_ticket_checkpoint,0.9,disconnect detected by gmcp_r model,MemoryTicket returns trusted last_seq and last_mem
gmcp_r,disconnect,5000,128,50,2,True,True,True,True,True,True,True,3.1,1,512,0,memory_ticket_checkpoint,0.9,disconnect detected by gmcp_r model,MemoryTicket returns trusted last_seq and last_mem
gmcp_r,disconnect,5000,128,50,3,True,True,True,True,True,True,True,3.15,1,512,0,memory_ticket_checkpoint,0.9,disconnect detected by gmcp_r model,MemoryTicket returns trusted last_seq and last_mem
gmcp_r,disconnect,5000,128,100,1,True,True,True,True,True,True,True,3.05,1,512,0,memory_ticket_checkpoint,0.9,disconnect detected by gmcp_r model,MemoryTicket returns trusted last_seq and last_mem
gmcp_r,disconnect,5000,128,100,2,True,True,True,True,True,True,True,3.1,1,512,0,memory_ticket_checkpoint,0.9,disconnect detected by gmcp_r model,MemoryTicket returns trusted last_seq and last_mem
gmcp_r,disconnect,5000,128,100,3,True,True,True,True,True,True,True,3.15,1,512,0,memory_ticket_checkpoint,0.9,disconnect detected by gmcp_r model,MemoryTicket returns trusted last_seq and last_mem
gmcp_r,disconnect,5000,128,500,1,True,True,True,True,True,True,True,3.05,1,512,0,memory_ticket_checkpoint,0.9,disconnect detected by gmcp_r model,MemoryTicket returns trusted last_seq and last_mem
gmcp_r,disconnect,5000,128,500,2,True,True,True,True,True,True,True,3.1,1,512,0,memory_ticket_checkpoint,0.9,disconnect detected by gmcp_r model,MemoryTicket returns trusted last_seq and last_mem
gmcp_r,disconnect,5000,128,500,3,True,True,True,True,True,True,True,3.15,1,512,0,memory_ticket_checkpoint,0.9,disconnect detected by gmcp_r model,MemoryTicket returns trusted last_seq and last_mem
gmcp_r,disconnect,5000,512,50,1,True,True,True,True,True,True,True,3.05,1,512,0,memory_ticket_checkpoint,0.9,disconnect detected by gmcp_r model,MemoryTicket returns trusted last_seq and last_mem
gmcp_r,disconnect,5000,512,50,2,True,True,True,True,True,True,True,3.1,1,512,0,memory_ticket_checkpoint,0.9,disconnect detected by gmcp_r model,MemoryTicket returns trusted last_seq and last_mem
gmcp_r,disconnect,5000,512,50,3,True,True,True,True,True,True,True,3.15,1,512,0,memory_ticket_checkpoint,0.9,disconnect detected by gmcp_r model,MemoryTicket returns trusted last_seq and last_mem
gmcp_r,disconnect,5000,512,100,1,True,True,True,True,True,True,True,3.05,1,512,0,memory_ticket_checkpoint,0.9,disconnect detected by gmcp_r model,MemoryTicket returns trusted last_seq and last_mem
gmcp_r,disconnect,5000,512,100,2,True,True,True,True,True,True,True,3.1,1,512,0,memory_ticket_checkpoint,0.9,disconnect detected by gmcp_r model,MemoryTicket returns trusted last_seq and last_mem
gmcp_r,disconnect,5000,512,100,3,True,True,True,True,True,True,True,3.15,1,512,0,memory_ticket_checkpoint,0.9,disconnect detected by gmcp_r model,MemoryTicket returns trusted last_seq and last_mem
gmcp_r,disconnect,5000,512,500,1,True,True,True,True,True,True,True,3.05,1,512,0,memory_ticket_checkpoint,0.9,disconnect detected by gmcp_r model,MemoryTicket returns trusted last_seq and last_mem
gmcp_r,disconnect,5000,512,500,2,True,True,True,True,True,True,True,3.1,1,512,0,memory_ticket_checkpoint,0.9,disconnect detected by gmcp_r model,MemoryTicket returns trusted last_seq and last_mem
gmcp_r,disconnect,5000,512,500,3,True,True,True,True,True,True,True,3.15,1,512,0,memory_ticket_checkpoint,0.9,disconnect detected by gmcp_r model,MemoryTicket returns trusted last_seq and last_mem
